age,job,marital,education,default,housing,loan,contact,month,day_of_week,campaign,pdays,previous,poutcome,emp.var.rate,cons.price.idx,cons.conf.idx,euribor3m,nr.employed,probability,rank
34,admin.,single,university.degree,no,yes,yes,cellular,mar,tue,1,3,2,success,-1.8,93.369,-34.8,0.652,5008.7,0.9341116,1
61,admin.,married,unknown,no,no,no,cellular,may,thu,3,9,2,success,-1.8,93.876,-40.0,0.699,5008.7,0.92489874,2
77,retired,married,basic.4y,no,unknown,unknown,cellular,jul,tue,2,3,1,success,-1.7,94.215,-40.3,0.893,4991.6,0.91732895,3
69,retired,married,high.school,no,no,no,cellular,may,wed,1,10,1,success,-1.8,93.876,-40.0,0.697,5008.7,0.9092031,4
65,management,married,unknown,no,no,no,cellular,dec,wed,2,9,1,success,-3.0,92.713,-33.0,0.715,5023.5,0.90490836,5
48,housemaid,married,professional.course,no,no,no,cellular,jul,wed,3,6,1,success,-1.7,94.215,-40.3,0.896,4991.6,0.8977085,6
92,retired,married,unknown,no,yes,no,cellular,may,thu,1,6,2,success,-1.8,93.876,-40.0,0.683,5008.7,0.8971248,7
48,admin.,married,university.degree,no,yes,yes,cellular,apr,thu,1,6,2,success,-1.8,93.749,-34.6,0.644,5008.7,0.8826376,8
38,admin.,married,high.school,no,no,no,cellular,jul,thu,2,10,2,success,-1.7,94.215,-40.3,0.782,4991.6,0.8800069,9
52,management,married,university.degree,no,no,no,cellular,may,fri,2,9,1,success,-1.8,93.876,-40.0,0.684,5008.7,0.86561686,10
42,admin.,single,high.school,no,no,no,cellular,sep,wed,1,14,1,success,-1.1,94.199,-37.5,0.88,4963.6,0.8640218,11
24,student,single,high.school,no,yes,yes,cellular,sep,wed,2,6,2,success,-1.1,94.199,-37.5,0.876,4963.6,0.86106676,12
33,admin.,married,university.degree,no,yes,no,cellular,nov,tue,2,3,3,success,-3.4,92.649,-30.1,0.715,5017.5,0.8527787,13
68,retired,divorced,basic.4y,no,yes,no,cellular,mar,tue,2,11,1,success,-1.8,93.369,-34.8,0.635,5008.7,0.8481563,14
82,retired,divorced,basic.4y,no,no,no,cellular,apr,mon,1,6,2,success,-1.8,93.749,-34.6,0.643,5008.7,0.84607565,15
30,student,single,unknown,no,yes,no,cellular,mar,tue,1,9,1,success,-1.8,93.369,-34.8,0.637,5008.7,0.8406904,16
49,admin.,married,high.school,unknown,no,no,cellular,oct,wed,1,6,3,success,-1.1,94.601,-49.5,0.985,4963.6,0.8310747,17
36,technician,married,high.school,no,no,no,telephone,oct,wed,1,999,0,nonexistent,-0.1,93.798,-40.4,4.936,5195.8,0.82906157,18
24,admin.,single,university.degree,no,no,no,cellular,sep,tue,1,3,1,success,-3.4,92.379,-29.8,0.77,5017.5,0.81810945,19
30,technician,married,professional.course,no,yes,no,cellular,oct,mon,1,9,2,success,-1.1,94.601,-49.5,1.032,4963.6,0.81248903,20
36,management,married,university.degree,no,no,yes,cellular,nov,wed,3,3,3,success,-3.4,92.649,-30.1,0.715,5017.5,0.8087095,21
65,retired,married,high.school,no,yes,yes,cellular,oct,fri,2,12,1,success,-1.1,94.601,-49.5,1.029,4963.6,0.80477536,22
38,technician,married,professional.course,no,yes,no,cellular,mar,fri,2,10,1,success,-1.8,92.843,-50.0,1.726,5099.1,0.80282813,23
54,admin.,married,high.school,no,no,no,cellular,oct,wed,2,6,2,success,-1.1,94.601,-49.5,0.985,4963.6,0.7968617,24
33,admin.,single,university.degree,no,yes,no,cellular,oct,thu,1,3,3,success,-1.1,94.601,-49.5,1.025,4963.6,0.7959624,25
72,retired,married,basic.4y,no,no,no,cellular,sep,fri,1,3,2,success,-3.4,92.379,-29.8,0.803,5017.5,0.79256755,26
37,admin.,single,high.school,no,yes,no,telephone,oct,wed,1,999,0,nonexistent,-0.1,93.798,-40.4,4.936,5195.8,0.7908444,27
57,blue-collar,married,basic.4y,no,no,yes,cellular,jul,wed,2,999,0,nonexistent,-1.7,94.215,-40.3,0.896,4991.6,0.7852435,28
80,retired,married,illiterate,unknown,yes,yes,cellular,aug,tue,1,6,1,success,-2.9,92.201,-31.4,0.883,5076.2,0.783303,29
81,unknown,divorced,unknown,unknown,yes,no,cellular,nov,mon,1,999,1,failure,-3.4,92.649,-30.1,0.715,5017.5,0.7801075,30
81,unknown,divorced,unknown,unknown,yes,no,cellular,nov,mon,1,999,1,failure,-3.4,92.649,-30.1,0.715,5017.5,0.7801075,31
78,retired,divorced,unknown,no,no,no,cellular,jun,thu,1,999,0,nonexistent,-1.7,94.055,-39.8,0.729,4991.6,0.77640885,32
42,technician,married,professional.course,no,yes,yes,cellular,oct,mon,1,6,1,success,-1.1,94.601,-49.5,1.0,4963.6,0.77031004,33
47,services,divorced,university.degree,no,yes,yes,cellular,may,tue,1,15,3,failure,-1.8,93.876,-40.0,0.688,5008.7,0.76406467,34
20,student,single,high.school,no,yes,no,cellular,nov,wed,1,7,1,success,-3.4,92.649,-30.1,0.715,5017.5,0.75970054,35
33,admin.,married,university.degree,no,no,no,cellular,oct,fri,1,999,0,nonexistent,-0.1,93.798,-40.4,4.76,5195.8,0.7527385,36
36,self-employed,single,university.degree,no,yes,no,telephone,oct,thu,1,999,0,nonexistent,-0.1,93.798,-40.4,4.794,5195.8,0.7468906,37
26,management,single,university.degree,no,yes,no,cellular,oct,tue,1,6,1,success,-3.4,92.431,-26.9,0.728,5017.5,0.74258816,38
19,student,single,basic.6y,no,no,no,cellular,mar,tue,1,999,0,nonexistent,-1.8,92.843,-50.0,1.556,5099.1,0.7342293,39
62,technician,married,unknown,no,no,no,cellular,jul,mon,2,999,2,failure,-1.7,94.215,-40.3,0.827,4991.6,0.7271614,40
62,blue-collar,married,high.school,no,yes,no,cellular,jun,mon,4,4,3,success,-1.7,94.055,-39.8,0.754,4991.6,0.7113288,41
24,student,single,unknown,no,yes,no,cellular,aug,fri,1,6,1,success,-2.9,92.201,-31.4,0.849,5076.2,0.70744365,42
33,housemaid,married,high.school,no,no,no,telephone,oct,tue,1,999,0,nonexistent,-0.1,93.798,-40.4,4.968,5195.8,0.7068935,43
29,admin.,single,high.school,no,no,no,telephone,oct,thu,2,6,1,success,-1.1,94.601,-49.5,1.025,4963.6,0.7067121,44
36,admin.,married,university.degree,no,yes,no,cellular,apr,thu,1,0,1,success,-1.8,93.075,-47.1,1.365,5099.1,0.7064344,45
61,retired,married,basic.4y,no,yes,no,cellular,aug,fri,1,15,1,success,-2.9,92.201,-31.4,0.849,5076.2,0.7028447,46
51,services,married,basic.6y,no,no,no,cellular,apr,thu,1,2,1,success,-1.8,93.075,-47.1,1.365,5099.1,0.7008159,47
88,retired,divorced,basic.4y,no,yes,no,cellular,mar,wed,3,999,0,nonexistent,-1.8,92.843,-50.0,1.663,5099.1,0.6985147,48
26,technician,single,professional.course,no,yes,no,cellular,jun,tue,2,3,1,success,-2.9,92.963,-40.8,1.262,5076.2,0.6982049,49
51,admin.,divorced,high.school,no,yes,yes,cellular,nov,tue,2,6,4,failure,-1.1,94.767,-50.8,1.049,4963.6,0.68755037,50
29,services,single,high.school,no,no,no,cellular,jun,wed,2,3,1,success,-2.9,92.963,-40.8,1.26,5076.2,0.68298423,51
65,retired,married,basic.4y,no,yes,no,cellular,mar,tue,1,999,0,nonexistent,-1.8,93.369,-34.8,0.646,5008.7,0.68254495,52
66,retired,married,professional.course,no,no,no,cellular,mar,tue,1,999,0,nonexistent,-1.8,93.369,-34.8,0.655,5008.7,0.68059444,53
85,retired,single,professional.course,no,no,no,cellular,mar,fri,7,7,2,success,-1.8,93.369,-34.8,0.653,5008.7,0.6736519,54
32,technician,married,professional.course,no,no,no,cellular,oct,wed,1,999,0,nonexistent,-1.1,94.601,-49.5,0.959,4963.6,0.6579028,55
61,management,married,university.degree,no,no,no,cellular,may,wed,2,999,1,failure,-1.8,93.876,-40.0,0.682,5008.7,0.65740556,56
38,admin.,single,basic.9y,no,no,no,cellular,may,thu,2,999,0,nonexistent,-1.8,93.876,-40.0,0.699,5008.7,0.6542713,57
43,admin.,married,university.degree,no,yes,no,cellular,jun,wed,2,3,1,success,-2.9,92.963,-40.8,1.26,5076.2,0.65421736,58
33,technician,married,professional.course,no,no,no,cellular,sep,wed,1,999,0,nonexistent,-1.1,94.199,-37.5,0.879,4963.6,0.65154266,59
66,retired,married,high.school,no,unknown,unknown,cellular,mar,tue,3,999,1,failure,-1.8,93.369,-34.8,0.646,5008.7,0.6477842,60
28,admin.,married,high.school,no,no,yes,cellular,may,wed,2,999,0,nonexistent,-1.8,93.876,-40.0,0.697,5008.7,0.64368165,61
29,admin.,single,high.school,no,no,no,cellular,jul,tue,1,999,0,nonexistent,-1.7,94.215,-40.3,0.797,4991.6,0.6375855,62
69,entrepreneur,married,high.school,no,no,no,cellular,jun,wed,2,999,0,nonexistent,-2.9,92.963,-40.8,1.26,5076.2,0.6356562,63
52,admin.,married,university.degree,no,yes,no,cellular,may,thu,2,999,0,nonexistent,-1.8,93.876,-40.0,0.677,5008.7,0.62110734,64
26,technician,single,university.degree,no,no,no,cellular,oct,wed,1,999,0,nonexistent,-1.1,94.601,-49.5,0.959,4963.6,0.60918415,65
52,admin.,married,university.degree,no,yes,no,cellular,aug,wed,1,999,0,nonexistent,-1.7,94.027,-38.3,0.9,4991.6,0.5916709,66
88,retired,divorced,basic.4y,no,yes,no,cellular,oct,wed,1,999,0,nonexistent,-3.4,92.431,-26.9,0.735,5017.5,0.5873289,67
37,admin.,married,university.degree,no,yes,no,cellular,nov,fri,1,999,0,nonexistent,-1.1,94.767,-50.8,1.04,4963.6,0.5863679,68
78,retired,married,basic.4y,no,yes,no,cellular,apr,tue,1,999,0,nonexistent,-1.8,93.075,-47.1,1.405,5099.1,0.57892525,69
77,retired,divorced,professional.course,no,no,no,cellular,aug,mon,1,999,0,nonexistent,-1.7,94.027,-38.3,0.898,4991.6,0.5738368,70
63,housemaid,married,basic.4y,no,yes,no,telephone,aug,mon,1,6,2,failure,-2.9,92.201,-31.4,0.884,5076.2,0.573781,71
32,self-employed,single,university.degree,no,yes,no,cellular,jul,thu,1,14,1,success,-2.9,92.469,-33.6,1.072,5076.2,0.57198244,72
26,technician,divorced,university.degree,no,yes,no,cellular,jun,tue,1,3,1,success,-2.9,92.963,-40.8,1.262,5076.2,0.5703856,73
29,self-employed,married,university.degree,no,yes,no,cellular,mar,wed,3,999,0,nonexistent,-1.8,92.843,-50.0,1.663,5099.1,0.5678692,74
71,housemaid,married,basic.4y,no,yes,no,cellular,nov,tue,2,999,0,nonexistent,-3.4,92.649,-30.1,0.715,5017.5,0.5671848,75
38,technician,married,university.degree,no,no,no,cellular,mar,tue,2,999,2,failure,-1.8,92.843,-50.0,1.687,5099.1,0.56536263,76
58,housemaid,single,professional.course,no,no,yes,cellular,apr,thu,1,999,0,nonexistent,-1.8,93.749,-34.6,0.64,5008.7,0.5648034,77
27,technician,single,university.degree,no,no,no,cellular,oct,wed,2,999,0,nonexistent,-1.1,94.601,-49.5,1.043,4963.6,0.5645949,78
33,technician,single,professional.course,no,yes,no,cellular,mar,tue,1,999,0,nonexistent,-1.8,93.369,-34.8,0.646,5008.7,0.56136465,79
51,blue-collar,married,basic.6y,no,yes,no,cellular,apr,wed,2,999,0,nonexistent,-1.8,93.075,-47.1,1.372,5099.1,0.5551795,80
30,technician,married,university.degree,no,yes,yes,cellular,jul,mon,4,999,0,nonexistent,-1.7,94.215,-40.3,0.87,4991.6,0.5538161,81
35,admin.,married,high.school,no,yes,no,cellular,mar,tue,3,999,0,nonexistent,-1.8,92.843,-50.0,1.799,5099.1,0.5525985,82
27,admin.,single,university.degree,no,no,no,cellular,mar,tue,1,999,0,nonexistent,-1.8,93.369,-34.8,0.637,5008.7,0.5478256,83
31,technician,married,professional.course,no,yes,no,cellular,jun,tue,3,11,2,failure,-2.9,92.963,-40.8,1.252,5076.2,0.5474494,84
70,retired,married,unknown,no,no,no,telephone,mar,mon,2,7,2,success,-1.8,93.369,-34.8,0.639,5008.7,0.5462228,85
61,admin.,married,high.school,no,yes,no,cellular,apr,tue,1,999,1,failure,-1.8,93.749,-34.6,0.638,5008.7,0.5451379,86
21,management,single,university.degree,no,unknown,unknown,cellular,jun,tue,1,999,0,nonexistent,-2.9,92.963,-40.8,1.262,5076.2,0.5415443,87
35,admin.,married,professional.course,no,yes,no,cellular,may,mon,2,3,1,success,-1.8,92.893,-46.2,1.354,5099.1,0.5405653,88
53,management,divorced,university.degree,no,no,no,cellular,jun,mon,1,999,0,nonexistent,-1.7,94.055,-39.8,0.754,4991.6,0.5382375,89
37,unemployed,married,university.degree,no,yes,no,cellular,mar,tue,1,999,0,nonexistent,-1.8,92.843,-50.0,1.614,5099.1,0.537702,90
35,management,divorced,university.degree,no,yes,yes,cellular,jun,tue,2,12,2,success,-1.7,94.055,-39.8,0.723,4991.6,0.5363841,91
61,management,married,professional.course,no,no,no,cellular,sep,tue,1,999,0,nonexistent,-1.1,94.199,-37.5,0.877,4963.6,0.5315079,92
63,retired,married,professional.course,no,yes,no,cellular,may,mon,1,999,0,nonexistent,-1.8,93.876,-40.0,0.685,5008.7,0.5310682,93
29,admin.,married,university.degree,no,yes,no,cellular,jul,mon,3,999,0,nonexistent,-1.7,94.215,-40.3,0.87,4991.6,0.5300181,94
29,services,married,high.school,no,no,no,cellular,oct,tue,1,999,1,failure,-3.4,92.431,-26.9,0.728,5017.5,0.52952987,95
67,retired,married,basic.4y,no,no,no,telephone,nov,mon,1,999,0,nonexistent,-3.4,92.649,-30.1,0.714,5017.5,0.52568823,96
78,retired,divorced,basic.6y,no,no,no,cellular,oct,fri,2,999,0,nonexistent,-3.4,92.431,-26.9,0.72,5017.5,0.52546996,97
28,admin.,single,high.school,no,yes,no,cellular,mar,fri,2,999,0,nonexistent,-1.8,92.843,-50.0,1.531,5099.1,0.5247786,98
56,unknown,married,basic.4y,no,no,no,cellular,oct,tue,1,2,2,success,-3.4,92.431,-26.9,0.744,5017.5,0.52017605,99
28,admin.,single,high.school,no,yes,no,cellular,mar,thu,4,999,0,nonexistent,-1.8,92.843,-50.0,1.538,5099.1,0.5193155,100
26,student,single,high.school,no,yes,no,cellular,aug,fri,2,6,2,failure,-2.9,92.201,-31.4,0.825,5076.2,0.5103693,101
33,admin.,single,university.degree,no,yes,yes,cellular,mar,tue,1,999,0,nonexistent,-1.8,92.843,-50.0,1.614,5099.1,0.5092523,102
32,admin.,single,university.degree,no,yes,no,cellular,dec,tue,2,999,0,nonexistent,-3.0,92.713,-33.0,0.707,5023.5,0.50245386,103
26,management,single,university.degree,no,yes,no,cellular,mar,thu,1,999,0,nonexistent,-1.8,92.843,-50.0,1.65,5099.1,0.50232047,104
45,admin.,single,university.degree,no,unknown,unknown,cellular,nov,tue,3,999,1,failure,-3.4,92.649,-30.1,0.715,5017.5,0.5015382,105
47,blue-collar,married,basic.9y,no,no,no,cellular,jun,tue,1,999,0,nonexistent,-1.7,94.055,-39.8,0.713,4991.6,0.5012249,106
26,technician,single,basic.9y,no,yes,no,cellular,sep,thu,1,999,1,failure,-1.1,94.199,-37.5,0.879,4963.6,0.49986818,107
34,technician,single,university.degree,no,no,no,cellular,oct,fri,1,999,0,nonexistent,-3.4,92.431,-26.9,0.72,5017.5,0.49931642,108
74,retired,married,unknown,no,yes,yes,cellular,oct,wed,1,999,0,nonexistent,-3.4,92.431,-26.9,0.742,5017.5,0.49732673,109
40,admin.,married,university.degree,no,no,no,cellular,nov,thu,1,999,0,nonexistent,-3.4,92.649,-30.1,0.714,5017.5,0.4945699,110
30,housemaid,single,university.degree,no,no,no,cellular,sep,thu,2,999,0,nonexistent,-1.1,94.199,-37.5,0.878,4963.6,0.49349236,111
26,student,single,high.school,no,no,no,cellular,mar,thu,1,999,0,nonexistent,-1.8,92.843,-50.0,1.538,5099.1,0.49296176,112
27,student,single,basic.9y,no,yes,no,cellular,aug,wed,1,999,0,nonexistent,-1.7,94.027,-38.3,0.9,4991.6,0.4877382,113
54,retired,married,basic.4y,no,no,yes,cellular,oct,thu,2,999,0,nonexistent,-3.4,92.431,-26.9,0.722,5017.5,0.48121205,114
57,admin.,single,high.school,no,unknown,unknown,telephone,oct,tue,1,999,0,nonexistent,-3.4,92.431,-26.9,0.737,5017.5,0.4808061,115
32,management,single,university.degree,no,yes,no,cellular,mar,tue,1,999,0,nonexistent,-1.8,92.843,-50.0,1.687,5099.1,0.47599024,116
20,student,single,unknown,no,yes,no,cellular,jun,wed,1,999,0,nonexistent,-2.9,92.963,-40.8,1.26,5076.2,0.47273555,117
64,housemaid,married,unknown,no,yes,no,telephone,may,wed,3,999,0,nonexistent,-1.8,93.876,-40.0,0.697,5008.7,0.47244188,118
24,blue-collar,single,basic.9y,no,no,no,cellular,oct,mon,1,6,1,success,-1.1,94.601,-49.5,0.977,4963.6,0.4720765,119
31,unemployed,single,high.school,no,yes,no,cellular,jun,thu,3,999,0,nonexistent,-1.7,94.055,-39.8,0.742,4991.6,0.46803635,120
60,housemaid,married,basic.4y,no,yes,no,cellular,jun,tue,3,999,1,failure,-1.7,94.055,-39.8,0.723,4991.6,0.4673586,121
48,technician,divorced,university.degree,no,yes,no,cellular,apr,thu,1,999,0,nonexistent,-1.8,93.075,-47.1,1.365,5099.1,0.46729392,122
47,admin.,single,university.degree,no,no,no,cellular,nov,tue,1,999,0,nonexistent,-3.4,92.649,-30.1,0.72,5017.5,0.46719632,123
39,technician,single,university.degree,unknown,yes,no,cellular,oct,fri,1,999,0,nonexistent,-3.4,92.431,-26.9,0.72,5017.5,0.46677512,124
35,blue-collar,married,basic.9y,no,yes,no,telephone,oct,tue,1,999,0,nonexistent,-0.1,93.798,-40.4,4.968,5195.8,0.46258873,125
43,admin.,married,high.school,no,no,yes,cellular,dec,mon,2,8,2,failure,-3.0,92.713,-33.0,0.717,5023.5,0.46008533,126
30,admin.,single,university.degree,no,no,no,cellular,apr,thu,1,999,0,nonexistent,-1.8,93.075,-47.1,1.365,5099.1,0.45994398,127
30,admin.,single,university.degree,no,no,no,cellular,apr,thu,1,999,0,nonexistent,-1.8,93.075,-47.1,1.365,5099.1,0.45994398,128
21,student,single,high.school,no,yes,yes,cellular,aug,tue,1,999,0,nonexistent,-2.9,92.201,-31.4,0.884,5076.2,0.45664734,129
25,unemployed,married,high.school,no,no,no,cellular,jun,thu,2,999,0,nonexistent,-2.9,92.963,-40.8,1.26,5076.2,0.4537372,130
35,admin.,married,university.degree,no,yes,no,cellular,apr,mon,1,999,0,nonexistent,-1.8,93.749,-34.6,0.642,5008.7,0.45045125,131
23,student,single,unknown,no,no,no,cellular,jul,tue,1,999,2,failure,-1.7,94.215,-40.3,0.893,4991.6,0.44906232,132
54,admin.,married,university.degree,no,yes,yes,cellular,nov,tue,1,999,0,nonexistent,-3.4,92.649,-30.1,0.72,5017.5,0.44835103,133
27,admin.,single,university.degree,no,yes,yes,cellular,sep,wed,1,999,0,nonexistent,-3.4,92.379,-29.8,0.781,5017.5,0.44824627,134
58,technician,married,basic.9y,no,yes,no,cellular,aug,mon,1,999,0,nonexistent,-1.7,94.027,-38.3,0.904,4991.6,0.443172,135
30,admin.,single,high.school,no,no,no,telephone,aug,thu,1,22,1,success,-1.7,94.027,-38.3,0.899,4991.6,0.44086373,136
45,technician,married,university.degree,no,yes,no,cellular,nov,wed,1,999,0,nonexistent,-3.4,92.649,-30.1,0.715,5017.5,0.43991023,137
26,admin.,single,university.degree,no,no,yes,cellular,jun,thu,1,999,0,nonexistent,-2.9,92.963,-40.8,1.26,5076.2,0.43960646,138
35,admin.,married,university.degree,no,yes,no,cellular,mar,mon,4,999,0,nonexistent,-1.8,92.843,-50.0,1.811,5099.1,0.43841785,139
24,student,single,high.school,no,no,yes,cellular,apr,thu,1,999,0,nonexistent,-1.8,93.075,-47.1,1.365,5099.1,0.43820164,140
20,student,single,unknown,no,yes,yes,cellular,apr,tue,2,999,0,nonexistent,-1.8,93.075,-47.1,1.405,5099.1,0.4364452,141
59,retired,divorced,basic.4y,no,no,yes,cellular,jul,mon,3,999,2,failure,-1.7,94.215,-40.3,0.827,4991.6,0.43417284,142
49,unemployed,married,high.school,no,no,no,cellular,sep,wed,1,999,0,nonexistent,-3.4,92.379,-29.8,0.768,5017.5,0.4325762,143
46,technician,married,unknown,no,no,no,cellular,apr,thu,1,999,0,nonexistent,-1.8,93.075,-47.1,1.365,5099.1,0.43102834,144
28,student,single,high.school,no,yes,no,cellular,jun,fri,3,999,0,nonexistent,-2.9,92.963,-40.8,1.268,5076.2,0.4192205,145
36,unemployed,married,professional.course,no,yes,no,cellular,apr,thu,7,999,0,nonexistent,-1.8,93.749,-34.6,0.659,5008.7,0.4186162,146
24,technician,single,professional.course,no,no,no,cellular,jun,tue,2,999,1,failure,-2.9,92.963,-40.8,1.262,5076.2,0.4171452,147
29,technician,single,professional.course,no,no,yes,telephone,sep,thu,2,18,1,success,-1.1,94.199,-37.5,0.879,4963.6,0.41177335,148
26,admin.,single,high.school,no,no,no,cellular,aug,wed,4,999,0,nonexistent,-2.9,92.201,-31.4,0.854,5076.2,0.40970966,149
31,admin.,single,high.school,no,no,no,cellular,jun,wed,3,999,0,nonexistent,-2.9,92.963,-40.8,1.26,5076.2,0.40860984,150
24,admin.,single,university.degree,no,yes,no,cellular,aug,thu,1,999,0,nonexistent,-2.9,92.201,-31.4,0.851,5076.2,0.4080888,151
26,technician,single,professional.course,no,yes,no,cellular,jun,wed,1,999,0,nonexistent,-2.9,92.963,-40.8,1.26,5076.2,0.40724376,152
32,admin.,single,professional.course,no,yes,yes,cellular,mar,tue,1,999,0,nonexistent,-1.8,92.843,-50.0,1.614,5099.1,0.40643695,153
44,unemployed,married,high.school,no,yes,no,cellular,aug,thu,1,3,1,success,-2.9,92.201,-31.4,0.873,5076.2,0.40433747,154
25,services,divorced,high.school,no,yes,yes,cellular,jun,thu,2,999,0,nonexistent,-2.9,92.963,-40.8,1.26,5076.2,0.39994538,155
37,admin.,single,university.degree,no,yes,no,cellular,oct,fri,2,999,0,nonexistent,-3.4,92.431,-26.9,0.72,5017.5,0.39982483,156
49,admin.,single,university.degree,no,no,no,cellular,apr,thu,1,999,0,nonexistent,-1.8,93.075,-47.1,1.365,5099.1,0.39649335,157
41,technician,divorced,university.degree,no,yes,no,cellular,aug,fri,1,999,1,failure,-1.7,94.027,-38.3,0.905,4991.6,0.39591175,158
80,retired,divorced,high.school,no,yes,no,cellular,oct,thu,1,999,0,nonexistent,-3.4,92.431,-26.9,0.722,5017.5,0.39544064,159
31,technician,married,professional.course,no,yes,no,cellular,apr,thu,1,999,0,nonexistent,-1.8,93.075,-47.1,1.365,5099.1,0.39315698,160
69,retired,married,university.degree,no,yes,no,cellular,apr,thu,1,999,0,nonexistent,-1.8,93.075,-47.1,1.365,5099.1,0.3920344,161
42,admin.,married,high.school,no,yes,yes,telephone,oct,fri,1,999,0,nonexistent,-0.1,93.798,-40.4,5.045,5195.8,0.39096984,162
50,admin.,married,university.degree,no,no,no,cellular,jul,thu,1,999,0,nonexistent,-2.9,92.469,-33.6,1.072,5076.2,0.39080343,163
26,unemployed,single,university.degree,no,yes,no,cellular,apr,tue,1,999,0,nonexistent,-1.8,93.075,-47.1,1.423,5099.1,0.3894766,164
48,admin.,married,university.degree,no,no,no,cellular,dec,mon,2,999,0,nonexistent,-3.0,92.713,-33.0,0.717,5023.5,0.38932207,165
45,housemaid,single,basic.4y,no,yes,no,cellular,sep,mon,1,999,0,nonexistent,-3.4,92.379,-29.8,0.797,5017.5,0.38695985,166
43,admin.,married,university.degree,no,no,no,cellular,apr,thu,1,999,0,nonexistent,-1.8,93.075,-47.1,1.365,5099.1,0.38509,167
32,admin.,single,high.school,no,no,no,cellular,apr,thu,1,999,0,nonexistent,-1.8,93.075,-47.1,1.365,5099.1,0.38242623,168
31,admin.,single,university.degree,no,yes,no,cellular,apr,thu,1,999,0,nonexistent,-1.8,93.075,-47.1,1.365,5099.1,0.38227838,169
42,admin.,single,university.degree,no,yes,no,cellular,aug,mon,2,999,0,nonexistent,-1.7,94.027,-38.3,0.898,4991.6,0.38114202,170
59,services,single,high.school,no,yes,no,cellular,mar,fri,2,999,0,nonexistent,-1.8,93.369,-34.8,0.636,5008.7,0.38074455,171
80,retired,married,basic.4y,no,no,no,cellular,oct,tue,2,999,0,nonexistent,-3.4,92.431,-26.9,0.742,5017.5,0.37997302,172
38,admin.,married,high.school,no,yes,yes,cellular,apr,thu,1,999,0,nonexistent,-1.8,93.075,-47.1,1.365,5099.1,0.3796949,173
27,admin.,single,university.degree,no,no,no,cellular,may,fri,1,3,1,success,-1.8,92.893,-46.2,1.259,5099.1,0.37821907,174
45,blue-collar,single,basic.9y,no,yes,no,cellular,aug,wed,1,4,1,success,-2.9,92.201,-31.4,0.879,5076.2,0.3771015,175
28,management,single,university.degree,no,yes,no,cellular,sep,tue,1,999,0,nonexistent,-3.4,92.379,-29.8,0.819,5017.5,0.37404838,176
75,retired,married,basic.9y,no,no,no,cellular,oct,mon,1,999,0,nonexistent,-3.4,92.431,-26.9,0.743,5017.5,0.3725315,177
27,services,single,university.degree,no,no,no,cellular,mar,mon,6,999,1,failure,-1.8,93.369,-34.8,0.652,5008.7,0.37169608,178
51,services,married,high.school,no,no,no,cellular,may,tue,1,999,1,failure,-1.8,93.876,-40.0,0.668,5008.7,0.3708373,179
25,technician,married,professional.course,no,yes,no,cellular,jun,tue,4,999,1,failure,-2.9,92.963,-40.8,1.252,5076.2,0.37014166,180
49,unemployed,married,high.school,no,yes,no,cellular,sep,wed,1,999,0,nonexistent,-3.4,92.379,-29.8,0.768,5017.5,0.37000883,181
71,retired,married,university.degree,no,no,no,cellular,apr,mon,1,999,0,nonexistent,-1.8,93.075,-47.1,1.405,5099.1,0.3693418,182
54,admin.,married,university.degree,no,yes,no,cellular,mar,mon,1,999,0,nonexistent,-1.8,92.843,-50.0,1.56,5099.1,0.3687334,183
37,admin.,married,university.degree,no,yes,no,cellular,sep,wed,2,999,0,nonexistent,-3.4,92.379,-29.8,0.813,5017.5,0.36766276,184
23,admin.,single,university.degree,no,yes,no,cellular,jul,wed,1,999,2,failure,-1.7,94.215,-40.3,0.881,4991.6,0.36536607,185
49,technician,married,professional.course,no,yes,no,cellular,aug,tue,1,999,1,failure,-2.9,92.201,-31.4,0.883,5076.2,0.36478537,186
34,services,single,high.school,no,no,yes,cellular,jun,tue,1,999,0,nonexistent,-2.9,92.963,-40.8,1.262,5076.2,0.36420438,187
56,entrepreneur,married,university.degree,no,yes,no,cellular,apr,thu,1,999,0,nonexistent,-1.8,93.075,-47.1,1.365,5099.1,0.36235908,188
34,technician,married,professional.course,no,no,no,cellular,jun,thu,1,999,0,nonexistent,-2.9,92.963,-40.8,1.26,5076.2,0.3615011,189
46,technician,married,professional.course,no,yes,no,cellular,aug,fri,6,999,1,failure,-2.9,92.201,-31.4,0.869,5076.2,0.35983586,190
63,technician,married,unknown,no,yes,no,cellular,dec,mon,2,999,1,failure,-3.0,92.713,-33.0,0.715,5023.5,0.35899028,191
36,technician,married,professional.course,no,yes,no,cellular,aug,thu,2,999,1,failure,-2.9,92.201,-31.4,0.873,5076.2,0.3584268,192
26,student,single,unknown,no,no,no,cellular,sep,thu,1,999,1,failure,-3.4,92.379,-29.8,0.809,5017.5,0.35801524,193
26,student,single,university.degree,no,no,no,telephone,dec,mon,1,999,0,nonexistent,-3.0,92.713,-33.0,0.709,5023.5,0.3566663,194
45,admin.,single,high.school,no,no,no,cellular,sep,fri,1,999,0,nonexistent,-3.4,92.379,-29.8,0.803,5017.5,0.35614622,195
57,entrepreneur,married,basic.4y,no,yes,no,cellular,jun,wed,1,999,0,nonexistent,-2.9,92.963,-40.8,1.26,5076.2,0.35560855,196
50,admin.,single,high.school,no,yes,no,telephone,dec,fri,2,999,0,nonexistent,-3.0,92.713,-33.0,0.718,5023.5,0.35520378,197
33,admin.,married,university.degree,no,yes,no,cellular,jun,tue,1,999,0,nonexistent,-2.9,92.963,-40.8,1.262,5076.2,0.35516626,198
58,retired,married,high.school,no,no,no,cellular,aug,tue,4,999,0,nonexistent,-2.9,92.201,-31.4,0.838,5076.2,0.35485736,199
40,services,married,high.school,unknown,no,no,cellular,jun,wed,1,999,0,nonexistent,-2.9,92.963,-40.8,1.26,5076.2,0.35338774,200
58,retired,married,high.school,no,no,no,cellular,aug,tue,2,999,0,nonexistent,-2.9,92.201,-31.4,0.838,5076.2,0.35301203,201
28,admin.,single,university.degree,no,yes,no,cellular,jun,mon,1,999,0,nonexistent,-2.9,92.963,-40.8,1.266,5076.2,0.3519864,202
26,admin.,single,university.degree,no,no,yes,cellular,jul,tue,4,999,0,nonexistent,-2.9,92.469,-33.6,0.908,5076.2,0.3511468,203
38,technician,married,professional.course,no,yes,no,cellular,apr,mon,2,999,0,nonexistent,-1.8,93.075,-47.1,1.392,5099.1,0.3481241,204
36,admin.,married,university.degree,no,yes,no,cellular,sep,fri,1,999,0,nonexistent,-3.4,92.379,-29.8,0.773,5017.5,0.34804794,205
40,self-employed,single,university.degree,no,no,yes,cellular,jun,wed,4,999,0,nonexistent,-2.9,92.963,-40.8,1.244,5076.2,0.34753013,206
46,admin.,married,high.school,no,no,no,cellular,apr,thu,1,999,0,nonexistent,-1.8,93.075,-47.1,1.365,5099.1,0.34542587,207
42,admin.,single,university.degree,no,no,no,cellular,jul,wed,2,999,0,nonexistent,-2.9,92.469,-33.6,1.029,5076.2,0.3446096,208
25,admin.,single,university.degree,no,no,yes,cellular,aug,thu,1,999,0,nonexistent,-2.9,92.201,-31.4,0.873,5076.2,0.34442654,209
28,technician,single,university.degree,no,no,no,cellular,mar,mon,2,999,0,nonexistent,-1.8,92.843,-50.0,1.811,5099.1,0.3430424,210
29,technician,single,university.degree,no,yes,no,cellular,dec,mon,2,999,0,nonexistent,-3.0,92.713,-33.0,0.709,5023.5,0.3410737,211
24,student,single,high.school,no,no,no,cellular,aug,thu,1,999,0,nonexistent,-2.9,92.201,-31.4,0.883,5076.2,0.34050938,212
30,technician,single,university.degree,no,yes,no,cellular,apr,fri,1,999,1,failure,-1.8,93.075,-47.1,1.4,5099.1,0.33923382,213
29,housemaid,single,university.degree,no,no,no,cellular,nov,mon,1,999,0,nonexistent,-3.4,92.649,-30.1,0.715,5017.5,0.33848667,214
32,student,married,high.school,no,no,no,cellular,apr,thu,2,999,0,nonexistent,-1.8,93.075,-47.1,1.365,5099.1,0.33783373,215
53,housemaid,married,high.school,no,yes,no,cellular,jun,thu,2,999,0,nonexistent,-2.9,92.963,-40.8,1.26,5076.2,0.33504972,216
34,technician,married,university.degree,no,yes,no,cellular,jun,tue,1,999,0,nonexistent,-2.9,92.963,-40.8,1.262,5076.2,0.33481488,217
54,self-employed,married,university.degree,no,no,no,cellular,oct,thu,3,999,0,nonexistent,-1.1,94.601,-49.5,0.987,4963.6,0.33463213,218
45,unemployed,married,basic.9y,no,no,no,cellular,jun,mon,2,999,0,nonexistent,-2.9,92.963,-40.8,1.266,5076.2,0.33444947,219
33,admin.,married,high.school,no,no,no,cellular,aug,tue,1,999,1,failure,-2.9,92.201,-31.4,0.859,5076.2,0.33245108,220
81,retired,married,basic.6y,no,no,no,cellular,aug,thu,2,4,1,success,-2.9,92.201,-31.4,0.873,5076.2,0.3312718,221
27,services,married,university.degree,no,no,no,cellular,may,tue,2,3,1,success,-1.8,92.893,-46.2,1.266,5099.1,0.33023742,222
49,admin.,divorced,university.degree,no,no,no,cellular,apr,thu,1,999,0,nonexistent,-1.8,93.075,-47.1,1.365,5099.1,0.32849517,223
76,retired,married,basic.4y,no,yes,no,cellular,aug,thu,1,999,0,nonexistent,-2.9,92.201,-31.4,0.883,5076.2,0.3282405,224
82,retired,married,university.degree,no,yes,yes,cellular,oct,tue,1,999,1,failure,-3.4,92.431,-26.9,0.744,5017.5,0.3276301,225
46,entrepreneur,married,university.degree,no,yes,no,cellular,jul,thu,1,999,0,nonexistent,-2.9,92.469,-33.6,1.072,5076.2,0.32580483,226
79,retired,married,basic.9y,no,no,no,cellular,sep,tue,1,999,1,failure,-3.4,92.379,-29.8,0.819,5017.5,0.32395568,227
35,technician,married,university.degree,no,yes,no,cellular,oct,wed,1,999,0,nonexistent,-3.4,92.431,-26.9,0.742,5017.5,0.32332212,228
23,technician,married,professional.course,no,yes,yes,cellular,oct,thu,2,999,0,nonexistent,-3.4,92.431,-26.9,0.722,5017.5,0.3231359,229
34,housemaid,single,basic.4y,no,no,no,cellular,jun,mon,1,999,0,nonexistent,-2.9,92.963,-40.8,1.26,5076.2,0.32269266,230
51,admin.,divorced,high.school,no,yes,no,cellular,aug,tue,1,999,1,failure,-2.9,92.201,-31.4,0.838,5076.2,0.32237074,231
54,management,married,university.degree,no,yes,no,cellular,jun,wed,1,999,0,nonexistent,-2.9,92.963,-40.8,1.26,5076.2,0.32174113,232
48,blue-collar,married,basic.4y,no,no,yes,cellular,may,thu,2,1,1,success,-1.8,92.893,-46.2,1.327,5099.1,0.32139775,233
40,unemployed,married,basic.9y,no,no,no,cellular,jun,mon,3,999,1,failure,-2.9,92.963,-40.8,1.26,5076.2,0.32082298,234
29,admin.,single,university.degree,no,yes,no,cellular,apr,mon,4,999,0,nonexistent,-1.8,93.749,-34.6,0.643,5008.7,0.31948707,235
34,admin.,married,university.degree,no,yes,no,cellular,aug,fri,1,999,0,nonexistent,-2.9,92.201,-31.4,0.881,5076.2,0.31465498,236
42,management,single,university.degree,no,yes,no,cellular,oct,mon,1,999,0,nonexistent,-3.4,92.431,-26.9,0.743,5017.5,0.3137095,237
31,admin.,single,university.degree,no,no,no,cellular,aug,tue,1,999,0,nonexistent,-2.9,92.201,-31.4,0.883,5076.2,0.3105392,238
30,services,single,high.school,no,no,no,cellular,aug,mon,2,999,0,nonexistent,-2.9,92.201,-31.4,0.861,5076.2,0.30788776,239
34,admin.,married,university.degree,no,yes,no,cellular,aug,tue,1,999,0,nonexistent,-2.9,92.201,-31.4,0.859,5076.2,0.3074214,240
42,admin.,single,university.degree,no,yes,yes,cellular,jul,wed,1,999,0,nonexistent,-2.9,92.469,-33.6,1.029,5076.2,0.30658892,241
37,blue-collar,married,basic.4y,no,yes,no,cellular,apr,wed,1,5,1,success,-1.8,93.075,-47.1,1.445,5099.1,0.3054781,242
40,admin.,married,university.degree,no,yes,no,cellular,jul,tue,1,999,0,nonexistent,-2.9,92.469,-33.6,1.044,5076.2,0.30539963,243
21,student,single,unknown,no,no,no,cellular,sep,thu,1,999,1,failure,-1.1,94.199,-37.5,0.878,4963.6,0.30325437,244
41,services,single,university.degree,no,yes,no,cellular,aug,fri,1,999,0,nonexistent,-2.9,92.201,-31.4,0.881,5076.2,0.3015097,245
51,services,married,high.school,no,no,yes,cellular,nov,mon,2,3,4,success,-1.1,94.767,-50.8,1.05,4963.6,0.30127063,246
33,technician,single,university.degree,no,yes,no,cellular,jul,thu,2,999,0,nonexistent,-2.9,92.469,-33.6,1.018,5076.2,0.30102438,247
40,admin.,married,university.degree,no,no,no,cellular,aug,wed,2,999,1,failure,-2.9,92.201,-31.4,0.884,5076.2,0.30043256,248
65,retired,married,basic.4y,no,no,no,cellular,oct,fri,5,999,0,nonexistent,-3.4,92.431,-26.9,0.72,5017.5,0.29862043,249
28,blue-collar,single,basic.9y,no,no,no,cellular,apr,mon,1,999,0,nonexistent,-1.8,93.075,-47.1,1.392,5099.1,0.29796922,250
33,blue-collar,single,basic.4y,no,yes,no,cellular,apr,thu,1,999,0,nonexistent,-1.8,93.075,-47.1,1.365,5099.1,0.29625973,251
26,student,single,high.school,no,no,no,cellular,aug,wed,3,999,3,failure,-1.7,94.027,-38.3,0.894,4991.6,0.29563323,252
27,student,single,university.degree,no,yes,no,cellular,aug,fri,2,999,0,nonexistent,-2.9,92.201,-31.4,0.825,5076.2,0.2926742,253
36,management,married,university.degree,no,yes,no,cellular,aug,fri,1,999,0,nonexistent,-2.9,92.201,-31.4,0.881,5076.2,0.28964773,254
44,admin.,married,university.degree,no,yes,no,cellular,sep,thu,1,999,0,nonexistent,-3.4,92.379,-29.8,0.809,5017.5,0.2894432,255
70,retired,married,professional.course,no,no,no,cellular,aug,fri,3,999,1,failure,-2.9,92.201,-31.4,0.869,5076.2,0.28902578,256
59,admin.,divorced,professional.course,no,no,no,cellular,aug,tue,1,999,1,failure,-2.9,92.201,-31.4,0.883,5076.2,0.2888895,257
39,admin.,married,high.school,unknown,yes,no,cellular,mar,tue,1,999,0,nonexistent,-1.8,92.843,-50.0,1.51,5099.1,0.28817144,258
28,student,single,high.school,no,yes,yes,cellular,jul,mon,1,999,2,failure,-1.7,94.215,-40.3,0.827,4991.6,0.28808263,259
34,management,married,university.degree,no,no,no,cellular,aug,thu,1,999,0,nonexistent,-2.9,92.201,-31.4,0.873,5076.2,0.28729403,260
39,unemployed,married,high.school,no,no,no,cellular,aug,thu,3,999,0,nonexistent,-2.9,92.201,-31.4,0.873,5076.2,0.28716597,261
33,blue-collar,married,high.school,no,yes,no,cellular,jun,mon,2,999,0,nonexistent,-2.9,92.963,-40.8,1.281,5076.2,0.28704685,262
31,admin.,single,university.degree,no,no,no,cellular,jun,mon,3,999,1,failure,-2.9,92.963,-40.8,1.281,5076.2,0.28701508,263
32,admin.,single,university.degree,no,yes,no,cellular,aug,tue,3,999,0,nonexistent,1.4,93.444,-36.1,4.968,5228.1,0.28336912,264
36,admin.,married,university.degree,no,no,no,cellular,oct,wed,2,999,0,nonexistent,-3.4,92.431,-26.9,0.742,5017.5,0.28109875,265
35,blue-collar,single,basic.9y,no,no,no,cellular,aug,wed,3,999,1,failure,-2.9,92.201,-31.4,0.879,5076.2,0.27866435,266
32,student,married,high.school,no,no,no,telephone,sep,wed,5,999,0,nonexistent,-3.4,92.379,-29.8,0.781,5017.5,0.2783041,267
56,entrepreneur,married,university.degree,no,yes,no,cellular,sep,thu,2,999,0,nonexistent,-3.4,92.379,-29.8,0.778,5017.5,0.27734035,268
50,management,married,basic.9y,no,no,no,cellular,oct,mon,2,6,2,failure,-3.4,92.431,-26.9,0.731,5017.5,0.2764657,269
40,admin.,married,high.school,no,no,no,cellular,aug,thu,2,999,0,nonexistent,-2.9,92.201,-31.4,0.873,5076.2,0.2761111,270
43,technician,single,university.degree,no,no,no,cellular,jul,thu,1,999,0,nonexistent,-2.9,92.469,-33.6,1.072,5076.2,0.2743003,271
44,admin.,divorced,high.school,no,no,no,cellular,oct,thu,1,999,0,nonexistent,-3.4,92.431,-26.9,0.74,5017.5,0.27329332,272
24,admin.,single,university.degree,no,yes,no,cellular,jun,wed,7,999,1,failure,-2.9,92.963,-40.8,1.244,5076.2,0.27192637,273
21,student,single,basic.4y,no,no,no,cellular,mar,mon,2,999,0,nonexistent,-1.8,92.843,-50.0,1.52,5099.1,0.27082917,274
32,technician,married,high.school,no,no,yes,cellular,jun,fri,4,999,1,failure,-2.9,92.963,-40.8,1.224,5076.2,0.2684637,275
71,admin.,married,basic.4y,no,yes,no,cellular,aug,thu,1,999,2,failure,-1.7,94.027,-38.3,0.899,4991.6,0.26800779,276
54,housemaid,married,high.school,no,yes,yes,cellular,apr,thu,1,999,1,failure,-1.8,93.075,-47.1,1.365,5099.1,0.2677491,277
29,unemployed,divorced,high.school,no,no,no,cellular,oct,mon,2,999,0,nonexistent,-3.4,92.431,-26.9,0.743,5017.5,0.26693842,278
60,retired,married,professional.course,no,yes,no,cellular,sep,thu,1,999,1,failure,-3.4,92.379,-29.8,0.809,5017.5,0.26584768,279
31,student,single,unknown,no,no,no,cellular,aug,mon,2,999,1,failure,-1.7,94.027,-38.3,0.898,4991.6,0.26373523,280
63,retired,married,unknown,no,yes,yes,cellular,sep,tue,1,999,1,failure,-3.4,92.379,-29.8,0.788,5017.5,0.2624585,281
44,technician,single,professional.course,no,yes,no,cellular,jul,tue,2,999,0,nonexistent,-2.9,92.469,-33.6,1.044,5076.2,0.26133788,282
30,admin.,married,university.degree,no,no,no,cellular,apr,thu,3,999,0,nonexistent,-1.8,93.075,-47.1,1.483,5099.1,0.26046583,283
42,management,married,university.degree,no,yes,yes,cellular,oct,mon,1,999,0,nonexistent,-3.4,92.431,-26.9,0.731,5017.5,0.2586847,284
25,services,single,high.school,no,yes,no,telephone,jul,thu,2,999,2,failure,-1.7,94.215,-40.3,0.81,4991.6,0.2549546,285
63,blue-collar,married,basic.4y,no,yes,yes,cellular,aug,fri,3,999,0,nonexistent,-2.9,92.201,-31.4,0.869,5076.2,0.25373283,286
46,admin.,married,high.school,no,no,no,telephone,apr,thu,1,999,0,nonexistent,-1.8,93.075,-47.1,1.365,5099.1,0.25031957,287
45,unemployed,married,basic.9y,no,yes,no,cellular,jun,mon,1,999,1,failure,-2.9,92.963,-40.8,1.266,5076.2,0.24978727,288
59,admin.,married,high.school,no,yes,no,cellular,apr,thu,3,999,1,failure,-1.8,93.075,-47.1,1.365,5099.1,0.24964353,289
33,management,married,university.degree,no,yes,no,telephone,mar,thu,1,999,0,nonexistent,-1.8,92.843,-50.0,1.757,5099.1,0.24731645,290
40,self-employed,single,university.degree,unknown,yes,no,cellular,apr,thu,1,999,0,nonexistent,-1.8,93.075,-47.1,1.365,5099.1,0.24667127,291
39,admin.,married,university.degree,no,no,no,cellular,apr,wed,1,999,0,nonexistent,-1.8,93.075,-47.1,1.405,5099.1,0.2466464,292
58,admin.,married,professional.course,no,yes,no,cellular,apr,thu,4,999,2,failure,-1.8,93.749,-34.6,0.644,5008.7,0.24644351,293
56,entrepreneur,married,university.degree,no,no,no,cellular,apr,thu,1,999,1,failure,-1.8,93.075,-47.1,1.365,5099.1,0.24313892,294
69,retired,married,high.school,no,no,no,cellular,sep,fri,1,999,0,nonexistent,-3.4,92.379,-29.8,0.773,5017.5,0.24161345,295
25,admin.,single,high.school,no,no,no,cellular,apr,fri,2,999,0,nonexistent,-1.8,93.075,-47.1,1.405,5099.1,0.24141352,296
30,admin.,married,university.degree,no,yes,no,cellular,apr,thu,1,999,1,failure,-1.8,93.075,-47.1,1.365,5099.1,0.23995012,297
29,admin.,single,university.degree,no,yes,no,telephone,apr,tue,3,999,0,nonexistent,-1.8,93.075,-47.1,1.423,5099.1,0.23766996,298
32,student,married,professional.course,no,yes,no,cellular,aug,mon,2,999,0,nonexistent,-2.9,92.201,-31.4,0.884,5076.2,0.23715793,299
64,unemployed,married,university.degree,no,yes,no,cellular,aug,tue,1,999,2,failure,-2.9,92.201,-31.4,0.884,5076.2,0.23443341,300
25,technician,single,basic.9y,no,no,no,telephone,jun,fri,2,999,0,nonexistent,-2.9,92.963,-40.8,1.268,5076.2,0.23197968,301
30,blue-collar,single,professional.course,no,no,no,cellular,may,tue,1,999,1,failure,-1.8,93.876,-40.0,0.668,5008.7,0.23191352,302
26,blue-collar,married,basic.9y,no,no,no,cellular,apr,thu,2,999,0,nonexistent,-1.8,93.075,-47.1,1.41,5099.1,0.22619978,303
28,self-employed,married,university.degree,no,yes,no,cellular,apr,thu,1,999,0,nonexistent,-1.8,93.075,-47.1,1.41,5099.1,0.2257384,304
27,technician,single,university.degree,no,yes,no,cellular,jul,mon,3,999,0,nonexistent,-2.9,92.469,-33.6,0.944,5076.2,0.2254252,305
52,blue-collar,married,basic.4y,no,no,no,cellular,apr,wed,1,999,0,nonexistent,-1.8,93.075,-47.1,1.415,5099.1,0.22497644,306
35,housemaid,single,university.degree,no,no,yes,cellular,may,mon,4,999,0,nonexistent,-1.8,92.893,-46.2,1.354,5099.1,0.22346379,307
49,management,divorced,university.degree,no,no,no,cellular,nov,wed,2,6,1,success,-0.1,93.2,-42.0,4.12,5195.8,0.21964465,308
20,technician,single,professional.course,no,yes,no,telephone,jun,tue,1,999,1,failure,-1.7,94.055,-39.8,0.702,4991.6,0.2171636,309
34,admin.,married,university.degree,no,yes,no,cellular,may,mon,1,2,1,success,-1.8,92.893,-46.2,1.264,5099.1,0.21696882,310
29,technician,single,unknown,no,no,no,cellular,apr,mon,2,999,0,nonexistent,-1.8,93.075,-47.1,1.405,5099.1,0.21432354,311
27,services,single,university.degree,no,yes,no,cellular,apr,thu,1,999,0,nonexistent,-1.8,93.075,-47.1,1.41,5099.1,0.21354774,312
79,retired,married,basic.9y,no,no,no,cellular,may,tue,1,999,2,failure,-1.8,93.876,-40.0,0.668,5008.7,0.21349065,313
39,technician,married,unknown,no,yes,yes,cellular,may,fri,1,12,1,success,-1.8,92.893,-46.2,1.25,5099.1,0.21231109,314
33,admin.,married,university.degree,no,yes,no,cellular,may,fri,2,999,3,failure,-1.8,93.876,-40.0,0.699,5008.7,0.21124631,315
58,unemployed,married,basic.4y,unknown,yes,no,cellular,mar,thu,4,999,0,nonexistent,-1.8,92.843,-50.0,1.538,5099.1,0.21002589,316
68,retired,married,university.degree,no,yes,yes,cellular,may,wed,2,999,0,nonexistent,-1.8,92.893,-46.2,1.27,5099.1,0.20996653,317
32,technician,married,university.degree,no,yes,no,cellular,aug,tue,3,999,0,nonexistent,1.4,93.444,-36.1,4.968,5228.1,0.20827754,318
50,admin.,married,university.degree,no,yes,yes,telephone,apr,thu,3,999,0,nonexistent,-1.8,93.075,-47.1,1.406,5099.1,0.20778733,319
41,unemployed,married,basic.9y,no,no,yes,cellular,apr,mon,1,9,1,success,-1.8,93.075,-47.1,1.466,5099.1,0.20699663,320
51,admin.,married,university.degree,no,no,no,telephone,jun,mon,3,999,0,nonexistent,-2.9,92.963,-40.8,1.215,5076.2,0.20653896,321
64,housemaid,married,basic.4y,no,yes,no,cellular,nov,mon,1,999,0,nonexistent,-3.4,92.649,-30.1,0.722,5017.5,0.20348401,322
52,admin.,married,university.degree,no,yes,yes,cellular,jun,wed,4,999,3,failure,-1.7,94.055,-39.8,0.767,4991.6,0.2034144,323
66,retired,married,basic.6y,no,yes,no,cellular,aug,thu,1,999,0,nonexistent,-2.9,92.201,-31.4,0.851,5076.2,0.20022704,324
25,services,single,high.school,no,no,no,cellular,oct,mon,1,999,2,failure,-1.1,94.601,-49.5,0.977,4963.6,0.20011485,325
28,admin.,single,university.degree,no,no,no,cellular,may,mon,3,999,0,nonexistent,-1.8,92.893,-46.2,1.354,5099.1,0.19964498,326
50,technician,married,unknown,no,no,no,cellular,may,tue,1,999,0,nonexistent,-1.8,92.893,-46.2,1.344,5099.1,0.19831589,327
26,services,married,basic.9y,no,no,yes,cellular,may,tue,1,999,0,nonexistent,-1.8,92.893,-46.2,1.291,5099.1,0.19689187,328
50,management,married,university.degree,no,yes,yes,cellular,apr,fri,1,999,0,nonexistent,-1.8,93.075,-47.1,1.405,5099.1,0.19529782,329
47,admin.,divorced,high.school,no,yes,no,telephone,jun,mon,1,999,0,nonexistent,-1.7,94.055,-39.8,0.711,4991.6,0.19475773,330
33,housemaid,unknown,university.degree,no,yes,no,cellular,apr,thu,1,999,0,nonexistent,-1.8,93.075,-47.1,1.483,5099.1,0.19407992,331
31,admin.,divorced,university.degree,no,yes,yes,cellular,mar,mon,2,999,1,failure,-1.8,92.843,-50.0,1.56,5099.1,0.1937638,332
36,admin.,unknown,university.degree,no,no,no,cellular,aug,wed,1,999,0,nonexistent,1.4,93.444,-36.1,4.965,5228.1,0.18454431,333
43,blue-collar,single,high.school,no,no,yes,telephone,may,thu,1,999,0,nonexistent,-1.8,93.876,-40.0,0.699,5008.7,0.18441968,334
30,technician,married,professional.course,no,no,no,cellular,may,wed,2,999,0,nonexistent,-1.8,92.893,-46.2,1.27,5099.1,0.1825899,335
38,technician,single,high.school,no,no,no,telephone,jun,wed,1,999,0,nonexistent,-1.7,94.055,-39.8,0.715,4991.6,0.18204199,336
21,student,single,high.school,no,yes,no,cellular,may,tue,2,999,0,nonexistent,-1.8,92.893,-46.2,1.266,5099.1,0.18157715,337
53,management,married,high.school,no,yes,no,cellular,may,mon,3,999,0,nonexistent,-1.8,92.893,-46.2,1.354,5099.1,0.17975917,338
57,technician,married,university.degree,no,no,no,cellular,apr,mon,2,999,0,nonexistent,-1.8,93.075,-47.1,1.405,5099.1,0.17825729,339
26,student,single,unknown,no,yes,yes,cellular,may,thu,1,999,0,nonexistent,-1.8,92.893,-46.2,1.266,5099.1,0.17785096,340
39,admin.,married,high.school,no,yes,no,cellular,apr,wed,2,999,0,nonexistent,-1.8,93.075,-47.1,1.498,5099.1,0.17734341,341
31,blue-collar,single,basic.9y,no,yes,yes,cellular,jul,fri,2,999,0,nonexistent,1.4,93.918,-42.7,4.957,5228.1,0.17551102,342
60,housemaid,married,university.degree,no,yes,no,cellular,nov,mon,3,999,0,nonexistent,-3.4,92.649,-30.1,0.722,5017.5,0.17535682,343
48,admin.,married,university.degree,unknown,yes,no,cellular,aug,tue,3,999,0,nonexistent,1.4,93.444,-36.1,4.968,5228.1,0.17530026,344
78,retired,divorced,high.school,no,no,no,cellular,sep,thu,1,999,2,failure,-1.1,94.199,-37.5,0.884,4963.6,0.17290294,345
29,management,single,high.school,no,yes,no,cellular,apr,thu,2,999,1,failure,-1.8,93.075,-47.1,1.365,5099.1,0.17261524,346
28,blue-collar,single,high.school,no,yes,no,telephone,apr,thu,1,999,0,nonexistent,-1.8,93.075,-47.1,1.483,5099.1,0.17226088,347
34,technician,married,professional.course,no,no,no,telephone,mar,mon,6,6,1,success,-1.8,93.369,-34.8,0.646,5008.7,0.17172144,348
33,services,single,basic.9y,no,yes,no,cellular,apr,thu,2,999,0,nonexistent,-1.8,93.075,-47.1,1.41,5099.1,0.17171033,349
34,management,married,university.degree,no,yes,yes,telephone,jun,wed,1,999,0,nonexistent,-2.9,92.963,-40.8,1.26,5076.2,0.16899377,350
30,services,single,high.school,no,no,no,cellular,may,mon,2,999,0,nonexistent,-1.8,92.893,-46.2,1.244,5099.1,0.16805682,351
29,admin.,single,high.school,no,no,yes,cellular,may,fri,1,999,0,nonexistent,-1.8,92.893,-46.2,1.25,5099.1,0.16721787,352
57,retired,married,basic.6y,no,yes,no,cellular,may,thu,1,6,2,success,-1.8,92.893,-46.2,1.327,5099.1,0.16647716,353
31,admin.,married,university.degree,no,yes,no,cellular,nov,thu,2,5,1,success,-0.1,93.2,-42.0,4.076,5195.8,0.16516739,354
34,services,divorced,high.school,no,yes,yes,cellular,may,fri,2,999,0,nonexistent,-1.8,92.893,-46.2,1.25,5099.1,0.16444221,355
26,student,single,university.degree,no,no,yes,cellular,may,mon,1,999,0,nonexistent,-1.8,92.893,-46.2,1.264,5099.1,0.16258718,356
36,admin.,married,high.school,no,yes,no,telephone,jul,tue,7,999,0,nonexistent,-2.9,92.469,-33.6,0.937,5076.2,0.1620146,357
38,admin.,married,high.school,no,no,no,telephone,jul,tue,1,999,1,failure,-1.7,94.215,-40.3,0.876,4991.6,0.16121434,358
47,admin.,divorced,high.school,no,yes,no,cellular,may,mon,4,999,1,failure,-1.8,92.893,-46.2,1.264,5099.1,0.16025831,359
38,admin.,single,university.degree,no,unknown,unknown,cellular,apr,mon,2,999,0,nonexistent,-1.8,93.075,-47.1,1.405,5099.1,0.15890749,360
34,services,single,high.school,no,no,no,telephone,jun,tue,2,999,0,nonexistent,-2.9,92.963,-40.8,1.262,5076.2,0.15797405,361
30,services,married,high.school,no,yes,no,cellular,may,wed,2,999,0,nonexistent,-1.8,92.893,-46.2,1.281,5099.1,0.1568655,362
37,admin.,married,university.degree,no,yes,no,telephone,jun,fri,1,999,0,nonexistent,-2.9,92.963,-40.8,1.268,5076.2,0.15560178,363
41,self-employed,married,basic.9y,no,no,yes,cellular,aug,fri,3,999,0,nonexistent,1.4,93.444,-36.1,4.964,5228.1,0.15507564,364
45,services,married,high.school,no,yes,yes,cellular,may,thu,3,999,0,nonexistent,-1.8,92.893,-46.2,1.27,5099.1,0.1549723,365
35,unemployed,married,university.degree,no,no,no,cellular,may,wed,2,999,0,nonexistent,-1.8,92.893,-46.2,1.27,5099.1,0.15493117,366
45,entrepreneur,divorced,university.degree,no,unknown,unknown,cellular,may,fri,2,999,0,nonexistent,-1.8,92.893,-46.2,1.25,5099.1,0.1546499,367
34,student,single,unknown,no,yes,no,cellular,nov,thu,1,999,2,failure,-1.1,94.767,-50.8,1.031,4963.6,0.15370141,368
37,blue-collar,married,basic.6y,no,no,no,cellular,oct,thu,5,999,0,nonexistent,-3.4,92.431,-26.9,0.74,5017.5,0.15339082,369
36,technician,married,university.degree,no,yes,yes,cellular,may,mon,1,999,0,nonexistent,-1.8,92.893,-46.2,1.264,5099.1,0.15255672,370
58,admin.,single,university.degree,no,yes,no,cellular,may,tue,1,999,0,nonexistent,-1.8,92.893,-46.2,1.344,5099.1,0.15153027,371
25,admin.,single,high.school,no,no,no,cellular,may,mon,4,999,0,nonexistent,-1.8,92.893,-46.2,1.244,5099.1,0.15121011,372
31,blue-collar,married,basic.4y,no,no,no,cellular,may,wed,1,999,0,nonexistent,-1.8,92.893,-46.2,1.27,5099.1,0.15083702,373
24,admin.,single,high.school,no,yes,no,cellular,apr,tue,1,999,1,failure,-1.8,93.075,-47.1,1.423,5099.1,0.15076607,374
30,blue-collar,single,basic.9y,no,no,yes,cellular,may,thu,1,999,0,nonexistent,-1.8,92.893,-46.2,1.327,5099.1,0.1503686,375
29,unemployed,single,university.degree,no,yes,no,telephone,jun,tue,1,999,0,nonexistent,-1.7,94.055,-39.8,0.713,4991.6,0.14930288,376
31,admin.,single,university.degree,no,yes,no,cellular,apr,mon,3,999,0,nonexistent,-1.8,93.075,-47.1,1.405,5099.1,0.14709924,377
57,blue-collar,married,basic.9y,unknown,no,no,cellular,jul,fri,1,999,0,nonexistent,1.4,93.918,-42.7,4.957,5228.1,0.14527813,378
42,admin.,married,university.degree,no,yes,no,cellular,aug,tue,2,999,0,nonexistent,1.4,93.444,-36.1,4.968,5228.1,0.14468443,379
31,services,married,high.school,no,yes,no,cellular,may,mon,2,999,0,nonexistent,-1.8,92.893,-46.2,1.244,5099.1,0.14325643,380
46,admin.,divorced,high.school,no,yes,no,telephone,oct,fri,1,999,0,nonexistent,-0.1,93.798,-40.4,5.045,5195.8,0.1414891,381
25,technician,single,professional.course,no,unknown,unknown,cellular,may,mon,2,999,0,nonexistent,-1.8,92.893,-46.2,1.244,5099.1,0.14144237,382
30,student,single,professional.course,no,no,no,telephone,sep,tue,2,999,0,nonexistent,-1.1,94.199,-37.5,0.88,4963.6,0.14084363,383
36,unknown,single,basic.6y,unknown,no,no,telephone,jun,wed,3,999,0,nonexistent,1.4,94.465,-41.8,4.959,5228.1,0.14059554,384
51,admin.,divorced,university.degree,no,no,no,cellular,may,tue,1,999,0,nonexistent,-1.8,92.893,-46.2,1.266,5099.1,0.14040077,385
39,self-employed,married,basic.9y,no,no,no,cellular,aug,tue,4,999,0,nonexistent,1.4,93.444,-36.1,4.966,5228.1,0.13928512,386
23,student,single,high.school,no,yes,no,cellular,may,wed,1,999,0,nonexistent,-1.8,92.893,-46.2,1.281,5099.1,0.13805647,387
32,services,single,high.school,no,no,no,cellular,may,wed,2,999,0,nonexistent,-1.8,92.893,-46.2,1.281,5099.1,0.13697992,388
41,admin.,married,university.degree,no,no,no,cellular,apr,fri,1,999,0,nonexistent,-1.8,93.075,-47.1,1.405,5099.1,0.13668108,389
37,blue-collar,single,basic.6y,no,yes,no,cellular,apr,fri,2,999,0,nonexistent,-1.8,93.075,-47.1,1.405,5099.1,0.13655876,390
34,services,married,professional.course,no,yes,no,cellular,may,mon,2,999,0,nonexistent,-1.8,92.893,-46.2,1.354,5099.1,0.13578963,391
32,admin.,divorced,high.school,no,unknown,unknown,cellular,jul,thu,4,999,0,nonexistent,1.4,93.918,-42.7,4.968,5228.1,0.13501813,392
36,management,married,university.degree,no,yes,no,cellular,may,mon,6,999,0,nonexistent,-1.8,92.893,-46.2,1.354,5099.1,0.1345705,393
34,blue-collar,married,basic.6y,no,no,no,cellular,may,thu,3,999,0,nonexistent,-1.8,92.893,-46.2,1.266,5099.1,0.13327278,394
37,management,married,university.degree,no,no,no,cellular,apr,mon,1,999,0,nonexistent,-1.8,93.075,-47.1,1.405,5099.1,0.13219479,395
31,admin.,married,university.degree,no,no,no,cellular,may,tue,1,999,0,nonexistent,-1.8,92.893,-46.2,1.266,5099.1,0.13122828,396
37,technician,married,university.degree,no,no,no,cellular,may,tue,1,999,0,nonexistent,-1.8,92.893,-46.2,1.344,5099.1,0.13117942,397
32,services,divorced,high.school,unknown,yes,no,cellular,may,fri,4,999,0,nonexistent,-1.8,92.893,-46.2,1.25,5099.1,0.13087127,398
33,admin.,married,university.degree,no,yes,no,cellular,may,wed,1,999,0,nonexistent,-1.8,92.893,-46.2,1.281,5099.1,0.13059857,399
44,admin.,married,unknown,no,no,no,cellular,apr,wed,4,999,1,failure,-1.8,93.075,-47.1,1.498,5099.1,0.12923443,400
30,technician,married,basic.9y,no,yes,no,cellular,may,thu,4,999,0,nonexistent,-1.8,92.893,-46.2,1.266,5099.1,0.12887211,401
27,admin.,married,high.school,no,no,yes,cellular,may,thu,4,999,0,nonexistent,-1.8,92.893,-46.2,1.266,5099.1,0.12861447,402
27,self-employed,single,university.degree,no,no,no,telephone,oct,fri,3,999,0,nonexistent,-1.1,94.601,-49.5,1.029,4963.6,0.12784852,403
47,entrepreneur,married,university.degree,no,no,no,cellular,may,fri,2,999,0,nonexistent,-1.8,92.893,-46.2,1.25,5099.1,0.1278397,404
57,retired,divorced,university.degree,no,yes,no,telephone,nov,tue,1,999,0,nonexistent,-0.1,93.2,-42.0,4.7,5195.8,0.12779413,405
32,technician,single,university.degree,unknown,yes,no,cellular,may,fri,3,999,0,nonexistent,-1.8,92.893,-46.2,1.25,5099.1,0.12750378,406
32,admin.,married,university.degree,no,no,no,telephone,nov,thu,1,999,0,nonexistent,-0.1,93.2,-42.0,4.592,5195.8,0.12722155,407
39,technician,single,university.degree,no,yes,no,cellular,may,fri,1,999,0,nonexistent,-1.8,92.893,-46.2,1.259,5099.1,0.12671456,408
29,admin.,married,high.school,no,yes,no,cellular,may,mon,2,999,0,nonexistent,-1.8,92.893,-46.2,1.244,5099.1,0.12648441,409
19,student,single,basic.9y,no,yes,no,telephone,aug,mon,2,999,0,nonexistent,-2.9,92.201,-31.4,0.884,5076.2,0.12590268,410
53,admin.,married,university.degree,no,yes,no,cellular,apr,fri,1,999,0,nonexistent,-1.8,93.075,-47.1,1.405,5099.1,0.12577327,411
31,entrepreneur,divorced,basic.4y,no,no,no,cellular,nov,tue,1,5,1,success,-0.1,93.2,-42.0,4.153,5195.8,0.12554833,412
47,entrepreneur,married,university.degree,no,no,no,cellular,aug,tue,3,999,0,nonexistent,1.4,93.444,-36.1,4.968,5228.1,0.1254383,413
52,services,married,basic.6y,no,yes,no,cellular,apr,mon,1,999,0,nonexistent,-1.8,93.075,-47.1,1.405,5099.1,0.124565184,414
37,blue-collar,married,basic.6y,no,no,no,cellular,may,tue,3,999,0,nonexistent,-1.8,92.893,-46.2,1.344,5099.1,0.12371419,415
40,services,married,high.school,no,yes,no,cellular,apr,tue,2,999,0,nonexistent,-1.8,93.075,-47.1,1.453,5099.1,0.12289737,416
23,blue-collar,single,high.school,no,yes,no,cellular,jul,wed,1,999,0,nonexistent,1.4,93.918,-42.7,4.957,5228.1,0.122634,417
38,services,married,basic.9y,no,yes,no,cellular,apr,thu,2,999,0,nonexistent,-1.8,93.075,-47.1,1.41,5099.1,0.12107585,418
60,admin.,married,high.school,no,no,yes,telephone,may,mon,2,999,0,nonexistent,-1.8,92.893,-46.2,1.264,5099.1,0.120512165,419
29,entrepreneur,single,basic.9y,no,no,no,cellular,jul,mon,3,999,0,nonexistent,1.4,93.918,-42.7,4.962,5228.1,0.119394094,420
57,admin.,married,basic.9y,no,no,no,cellular,may,thu,1,999,0,nonexistent,-1.8,92.893,-46.2,1.266,5099.1,0.11862672,421
32,technician,single,university.degree,no,yes,no,cellular,aug,wed,3,999,0,nonexistent,1.4,93.444,-36.1,4.965,5228.1,0.11859899,422
50,blue-collar,divorced,basic.4y,no,yes,no,cellular,may,tue,4,999,0,nonexistent,-1.8,92.893,-46.2,1.291,5099.1,0.118008465,423
39,blue-collar,married,basic.6y,no,no,no,cellular,apr,fri,2,999,0,nonexistent,-1.8,93.075,-47.1,1.479,5099.1,0.117367774,424
32,technician,married,university.degree,no,yes,no,cellular,may,wed,1,999,0,nonexistent,-1.8,92.893,-46.2,1.281,5099.1,0.11715836,425
32,admin.,married,university.degree,no,no,no,cellular,may,thu,4,999,0,nonexistent,-1.8,92.893,-46.2,1.266,5099.1,0.11658269,426
55,retired,married,high.school,no,yes,no,cellular,may,tue,1,999,0,nonexistent,-1.8,92.893,-46.2,1.266,5099.1,0.11656429,427
28,blue-collar,married,basic.9y,no,yes,no,cellular,may,tue,1,999,0,nonexistent,-1.8,92.893,-46.2,1.266,5099.1,0.1163422,428
33,self-employed,single,university.degree,no,no,no,cellular,may,wed,2,999,0,nonexistent,-1.8,92.893,-46.2,1.281,5099.1,0.1163361,429
24,services,single,high.school,no,no,no,cellular,may,fri,4,999,1,failure,-1.8,92.893,-46.2,1.25,5099.1,0.11612341,430
36,blue-collar,divorced,basic.6y,no,yes,no,cellular,apr,mon,1,999,0,nonexistent,-1.8,93.075,-47.1,1.405,5099.1,0.115844846,431
26,blue-collar,single,high.school,no,yes,no,cellular,jul,fri,1,999,0,nonexistent,1.4,93.918,-42.7,4.957,5228.1,0.11533091,432
33,technician,married,high.school,no,yes,yes,cellular,aug,wed,4,999,0,nonexistent,1.4,93.444,-36.1,4.967,5228.1,0.115294926,433
53,admin.,married,professional.course,no,yes,no,cellular,apr,mon,3,999,0,nonexistent,-1.8,93.075,-47.1,1.405,5099.1,0.11470616,434
31,admin.,married,university.degree,no,no,no,cellular,may,mon,4,999,0,nonexistent,-1.8,92.893,-46.2,1.244,5099.1,0.11428265,435
33,technician,married,professional.course,no,yes,no,cellular,may,mon,3,999,0,nonexistent,-1.8,92.893,-46.2,1.244,5099.1,0.11378037,436
36,blue-collar,married,basic.9y,no,yes,no,cellular,apr,thu,3,999,2,failure,-1.8,93.075,-47.1,1.435,5099.1,0.11325528,437
28,blue-collar,single,university.degree,unknown,no,no,cellular,may,wed,2,999,0,nonexistent,-1.8,92.893,-46.2,1.281,5099.1,0.11323798,438
28,admin.,married,high.school,no,yes,no,cellular,may,wed,3,999,0,nonexistent,-1.8,92.893,-46.2,1.334,5099.1,0.11278973,439
53,blue-collar,married,basic.4y,no,yes,no,cellular,apr,fri,2,999,0,nonexistent,-1.8,93.075,-47.1,1.405,5099.1,0.11248597,440
48,services,divorced,high.school,no,yes,yes,cellular,apr,mon,1,999,0,nonexistent,-1.8,93.075,-47.1,1.405,5099.1,0.11217601,441
42,services,married,basic.9y,no,no,no,cellular,may,fri,2,999,1,failure,-1.8,92.893,-46.2,1.25,5099.1,0.11208831,442
33,blue-collar,married,basic.9y,no,yes,no,cellular,may,tue,1,999,0,nonexistent,-1.8,92.893,-46.2,1.266,5099.1,0.11197887,443
25,services,married,basic.9y,no,no,no,cellular,jul,wed,2,999,0,nonexistent,1.4,93.918,-42.7,4.957,5228.1,0.11155275,444
38,blue-collar,married,basic.4y,no,no,no,cellular,apr,tue,1,999,0,nonexistent,-1.8,93.075,-47.1,1.453,5099.1,0.11146233,445
54,blue-collar,married,basic.9y,no,no,no,cellular,may,thu,3,999,0,nonexistent,-1.8,92.893,-46.2,1.266,5099.1,0.11096758,446
41,blue-collar,single,basic.9y,no,no,no,cellular,may,fri,1,999,0,nonexistent,-1.8,92.893,-46.2,1.25,5099.1,0.11085579,447
44,blue-collar,divorced,basic.4y,no,no,no,cellular,may,wed,2,999,0,nonexistent,-1.8,92.893,-46.2,1.281,5099.1,0.1108078,448
54,self-employed,married,basic.9y,unknown,yes,no,cellular,aug,thu,3,999,0,nonexistent,1.4,93.444,-36.1,4.968,5228.1,0.110764235,449
33,blue-collar,married,basic.9y,no,no,no,cellular,may,wed,1,999,0,nonexistent,-1.8,92.893,-46.2,1.281,5099.1,0.11022651,450
46,entrepreneur,married,professional.course,no,no,yes,cellular,apr,fri,2,999,0,nonexistent,-1.8,93.075,-47.1,1.405,5099.1,0.1100348,451
33,technician,single,professional.course,no,yes,no,cellular,may,wed,1,999,1,failure,-1.8,92.893,-46.2,1.281,5099.1,0.109873176,452
40,technician,single,professional.course,no,yes,no,cellular,apr,mon,1,999,0,nonexistent,-1.8,93.075,-47.1,1.405,5099.1,0.10936771,453
36,self-employed,single,university.degree,no,yes,no,cellular,jul,wed,3,999,0,nonexistent,1.4,93.918,-42.7,4.963,5228.1,0.109341085,454
34,self-employed,single,university.degree,no,yes,no,cellular,apr,mon,2,999,0,nonexistent,-1.8,93.075,-47.1,1.405,5099.1,0.10883528,455
48,services,married,unknown,no,no,no,cellular,may,mon,2,999,0,nonexistent,-1.8,92.893,-46.2,1.244,5099.1,0.108327426,456
36,student,single,unknown,unknown,yes,no,cellular,may,mon,2,999,0,nonexistent,-1.8,92.893,-46.2,1.244,5099.1,0.1076827,457
50,technician,married,basic.6y,unknown,no,no,cellular,may,tue,3,999,1,failure,-1.8,92.893,-46.2,1.291,5099.1,0.10762821,458
42,self-employed,divorced,basic.6y,unknown,yes,no,cellular,jul,tue,3,999,0,nonexistent,1.4,93.918,-42.7,4.961,5228.1,0.10752009,459
32,management,married,university.degree,no,no,yes,cellular,may,mon,1,999,0,nonexistent,-1.8,92.893,-46.2,1.244,5099.1,0.10689625,460
31,technician,single,university.degree,no,yes,no,cellular,aug,tue,5,999,0,nonexistent,1.4,93.444,-36.1,4.966,5228.1,0.10680051,461
35,admin.,divorced,high.school,no,yes,no,cellular,may,wed,1,999,0,nonexistent,-1.8,92.893,-46.2,1.281,5099.1,0.106376015,462
34,unknown,married,basic.4y,no,yes,no,cellular,apr,thu,1,999,0,nonexistent,-1.8,93.075,-47.1,1.406,5099.1,0.10631013,463
41,admin.,married,basic.6y,no,no,no,cellular,apr,fri,2,999,1,failure,-1.8,93.075,-47.1,1.479,5099.1,0.106262885,464
48,services,married,high.school,no,yes,no,cellular,may,mon,2,999,0,nonexistent,-1.8,92.893,-46.2,1.244,5099.1,0.106111564,465
37,blue-collar,married,professional.course,no,no,no,cellular,may,mon,1,999,0,nonexistent,-1.8,92.893,-46.2,1.244,5099.1,0.106053255,466
29,services,single,professional.course,no,yes,yes,cellular,aug,thu,3,999,0,nonexistent,1.4,93.444,-36.1,4.968,5228.1,0.10602385,467
27,admin.,single,high.school,no,no,no,cellular,apr,thu,1,999,1,failure,-1.8,93.075,-47.1,1.41,5099.1,0.10580785,468
33,entrepreneur,married,university.degree,no,no,no,cellular,aug,wed,7,999,0,nonexistent,1.4,93.444,-36.1,4.967,5228.1,0.105690874,469
52,self-employed,divorced,university.degree,no,yes,no,cellular,may,fri,1,999,0,nonexistent,-1.8,92.893,-46.2,1.25,5099.1,0.10564607,470
31,self-employed,married,basic.9y,no,no,no,cellular,jul,wed,1,999,0,nonexistent,1.4,93.918,-42.7,4.957,5228.1,0.10545138,471
34,blue-collar,single,basic.9y,no,no,no,cellular,apr,fri,1,1,1,success,-1.8,93.075,-47.1,1.479,5099.1,0.10535185,472
58,management,single,university.degree,no,no,yes,cellular,may,fri,1,999,0,nonexistent,-1.8,92.893,-46.2,1.313,5099.1,0.10527947,473
52,blue-collar,married,basic.9y,no,yes,no,cellular,may,fri,3,999,0,nonexistent,-1.8,92.893,-46.2,1.25,5099.1,0.10498692,474
32,technician,married,high.school,no,no,no,cellular,may,wed,3,999,1,failure,-1.8,92.893,-46.2,1.281,5099.1,0.10391777,475
30,admin.,single,university.degree,no,no,no,cellular,aug,tue,2,999,0,nonexistent,1.4,93.444,-36.1,4.968,5228.1,0.10381484,476
54,blue-collar,married,basic.4y,unknown,no,no,cellular,jul,fri,1,999,0,nonexistent,1.4,93.918,-42.7,4.957,5228.1,0.10379118,477
42,services,married,university.degree,no,yes,no,cellular,apr,mon,4,999,0,nonexistent,-1.8,93.075,-47.1,1.405,5099.1,0.10362656,478
39,entrepreneur,married,high.school,no,no,no,cellular,apr,fri,2,999,0,nonexistent,-1.8,93.075,-47.1,1.479,5099.1,0.10303249,479
30,unemployed,single,unknown,no,yes,no,cellular,nov,wed,2,999,0,nonexistent,-0.1,93.2,-42.0,4.12,5195.8,0.10292754,480
34,technician,divorced,basic.9y,no,yes,no,cellular,apr,fri,1,999,0,nonexistent,-1.8,93.075,-47.1,1.405,5099.1,0.10270501,481
41,self-employed,married,basic.9y,no,no,no,cellular,jul,fri,2,999,0,nonexistent,1.4,93.918,-42.7,4.963,5228.1,0.102701046,482
29,services,married,high.school,no,yes,no,cellular,may,tue,2,999,0,nonexistent,-1.8,92.893,-46.2,1.291,5099.1,0.102514334,483
30,admin.,single,basic.9y,no,no,no,cellular,may,tue,1,999,0,nonexistent,-1.8,92.893,-46.2,1.291,5099.1,0.10232006,484
32,technician,married,university.degree,no,yes,no,cellular,aug,tue,2,999,0,nonexistent,1.4,93.444,-36.1,4.966,5228.1,0.10230757,485
32,admin.,single,university.degree,unknown,yes,no,cellular,may,mon,4,999,1,failure,-1.8,92.893,-46.2,1.264,5099.1,0.1022626,486
34,services,married,high.school,no,yes,no,cellular,may,fri,1,999,1,failure,-1.8,92.893,-46.2,1.25,5099.1,0.10118683,487
35,management,married,university.degree,no,yes,no,cellular,nov,fri,9,999,0,nonexistent,-0.1,93.2,-42.0,4.021,5195.8,0.10106068,488
31,admin.,married,university.degree,no,yes,no,cellular,jul,wed,3,999,0,nonexistent,1.4,93.918,-42.7,4.957,5228.1,0.10098663,489
38,services,divorced,high.school,no,yes,no,cellular,may,fri,2,999,1,failure,-1.8,92.893,-46.2,1.25,5099.1,0.10068356,490
31,blue-collar,single,basic.9y,no,no,no,cellular,may,wed,4,999,0,nonexistent,-1.8,92.893,-46.2,1.334,5099.1,0.10041969,491
50,unemployed,unknown,basic.9y,no,yes,yes,cellular,nov,thu,1,999,0,nonexistent,-0.1,93.2,-42.0,4.076,5195.8,0.10026408,492
27,admin.,married,university.degree,no,yes,no,cellular,jul,fri,1,999,0,nonexistent,1.4,93.918,-42.7,4.957,5228.1,0.10010987,493
29,admin.,single,high.school,no,yes,yes,cellular,aug,thu,1,999,0,nonexistent,1.4,93.444,-36.1,4.968,5228.1,0.10008395,494
59,services,married,high.school,no,yes,no,cellular,apr,tue,3,999,1,failure,-1.8,93.075,-47.1,1.453,5099.1,0.10005765,495
46,management,married,university.degree,no,no,no,cellular,jul,mon,3,999,0,nonexistent,1.4,93.918,-42.7,4.96,5228.1,0.09993268,496
30,admin.,single,university.degree,no,no,no,cellular,nov,thu,2,999,0,nonexistent,-0.1,93.2,-42.0,4.076,5195.8,0.09932702,497
32,technician,single,high.school,no,yes,no,cellular,aug,mon,3,999,0,nonexistent,1.4,93.444,-36.1,4.965,5228.1,0.099307396,498
32,technician,single,high.school,no,yes,no,cellular,aug,mon,3,999,0,nonexistent,1.4,93.444,-36.1,4.965,5228.1,0.099307396,499
39,blue-collar,single,basic.9y,no,no,no,cellular,may,mon,2,999,0,nonexistent,-1.8,92.893,-46.2,1.299,5099.1,0.09927231,500
28,admin.,single,high.school,unknown,no,no,cellular,may,thu,2,999,0,nonexistent,-1.8,92.893,-46.2,1.327,5099.1,0.09926173,501
26,technician,single,professional.course,no,no,yes,cellular,jul,wed,2,999,0,nonexistent,1.4,93.918,-42.7,4.957,5228.1,0.0991701,502
27,services,single,high.school,unknown,no,no,cellular,may,fri,5,999,0,nonexistent,-1.8,92.893,-46.2,1.25,5099.1,0.098832496,503
55,blue-collar,married,illiterate,no,yes,no,cellular,jul,tue,3,999,0,nonexistent,1.4,93.918,-42.7,4.961,5228.1,0.0988056,504
41,technician,single,high.school,no,yes,no,cellular,may,mon,3,999,0,nonexistent,-1.8,92.893,-46.2,1.244,5099.1,0.09857422,505
38,technician,single,professional.course,no,yes,no,cellular,may,thu,4,999,0,nonexistent,-1.8,92.893,-46.2,1.266,5099.1,0.098343335,506
28,services,married,high.school,no,no,no,cellular,jul,wed,1,999,0,nonexistent,1.4,93.918,-42.7,4.957,5228.1,0.09755662,507
26,admin.,single,university.degree,no,yes,no,cellular,may,mon,3,999,1,failure,-1.8,92.893,-46.2,1.244,5099.1,0.09731395,508
26,services,single,high.school,no,yes,no,cellular,may,thu,2,999,0,nonexistent,-1.8,92.893,-46.2,1.327,5099.1,0.09726604,509
35,management,single,university.degree,no,yes,no,cellular,may,fri,1,999,1,failure,-1.8,92.893,-46.2,1.25,5099.1,0.0972315,510
39,blue-collar,single,unknown,no,yes,yes,cellular,may,fri,3,999,0,nonexistent,-1.8,92.893,-46.2,1.25,5099.1,0.09716895,511
33,admin.,single,university.degree,unknown,no,yes,cellular,apr,fri,1,999,0,nonexistent,-1.8,93.075,-47.1,1.405,5099.1,0.097115286,512
26,blue-collar,married,basic.9y,no,no,yes,telephone,jul,fri,2,999,0,nonexistent,1.4,93.918,-42.7,4.957,5228.1,0.09677717,513
37,services,married,basic.6y,no,yes,no,cellular,may,tue,1,999,0,nonexistent,-1.8,92.893,-46.2,1.344,5099.1,0.09676293,514
30,student,single,high.school,no,yes,no,cellular,apr,mon,6,999,1,failure,-1.8,93.075,-47.1,1.405,5099.1,0.09666325,515
38,student,single,university.degree,no,no,no,telephone,jun,mon,4,999,0,nonexistent,1.4,94.465,-41.8,4.865,5228.1,0.09661488,516
42,blue-collar,single,basic.6y,no,no,no,cellular,may,tue,1,999,0,nonexistent,-1.8,92.893,-46.2,1.291,5099.1,0.09630753,517
50,management,divorced,university.degree,no,no,no,cellular,jul,mon,2,999,0,nonexistent,1.4,93.918,-42.7,4.962,5228.1,0.09605765,518
55,retired,married,basic.9y,unknown,unknown,unknown,cellular,jul,wed,1,999,0,nonexistent,1.4,93.918,-42.7,4.962,5228.1,0.09552912,519
54,entrepreneur,married,high.school,no,yes,no,cellular,may,fri,1,999,1,failure,-1.8,92.893,-46.2,1.25,5099.1,0.09542342,520
51,blue-collar,married,basic.9y,unknown,yes,no,cellular,may,fri,1,999,1,failure,-1.8,92.893,-46.2,1.25,5099.1,0.0949811,521
54,retired,divorced,professional.course,no,no,no,cellular,nov,mon,1,999,0,nonexistent,-0.1,93.2,-42.0,4.191,5195.8,0.09478872,522
46,services,married,basic.6y,no,yes,no,cellular,aug,fri,5,999,0,nonexistent,1.4,93.444,-36.1,4.966,5228.1,0.09477295,523
38,management,married,university.degree,no,no,no,telephone,may,wed,1,999,0,nonexistent,-1.8,92.893,-46.2,1.27,5099.1,0.09471245,524
29,blue-collar,single,basic.6y,no,yes,yes,cellular,apr,thu,1,999,1,failure,-1.8,93.075,-47.1,1.41,5099.1,0.09449042,525
31,admin.,single,high.school,no,yes,yes,cellular,jul,mon,4,999,0,nonexistent,1.4,93.918,-42.7,4.96,5228.1,0.094379984,526
31,technician,married,professional.course,no,no,yes,telephone,jun,fri,6,999,0,nonexistent,1.4,94.465,-41.8,4.959,5228.1,0.094301514,527
29,technician,married,university.degree,no,yes,no,cellular,nov,thu,1,999,0,nonexistent,-0.1,93.2,-42.0,4.592,5195.8,0.09397595,528
42,technician,married,professional.course,no,yes,no,cellular,may,thu,2,999,0,nonexistent,-1.8,92.893,-46.2,1.266,5099.1,0.09353244,529
45,blue-collar,married,basic.9y,no,yes,no,cellular,apr,fri,1,999,0,nonexistent,-1.8,93.075,-47.1,1.405,5099.1,0.093480386,530
36,self-employed,divorced,professional.course,unknown,yes,yes,cellular,jul,tue,4,999,0,nonexistent,1.4,93.918,-42.7,4.961,5228.1,0.09340854,531
25,technician,single,professional.course,no,yes,no,cellular,jul,thu,5,999,0,nonexistent,1.4,93.918,-42.7,4.958,5228.1,0.0934024,532
38,blue-collar,single,basic.6y,unknown,no,no,cellular,may,fri,1,999,0,nonexistent,-1.8,92.893,-46.2,1.313,5099.1,0.09334395,533
40,self-employed,married,basic.9y,no,yes,yes,cellular,apr,mon,4,999,0,nonexistent,-1.8,93.075,-47.1,1.405,5099.1,0.09327616,534
54,admin.,married,university.degree,no,yes,no,cellular,aug,tue,3,999,0,nonexistent,1.4,93.444,-36.1,4.966,5228.1,0.093242995,535
48,blue-collar,married,basic.9y,no,no,no,cellular,apr,fri,1,999,0,nonexistent,-1.8,93.075,-47.1,1.405,5099.1,0.09320577,536
29,services,married,basic.9y,no,yes,no,cellular,jul,fri,2,999,0,nonexistent,1.4,93.918,-42.7,4.963,5228.1,0.09312608,537
31,services,married,basic.9y,no,no,no,cellular,apr,mon,2,999,0,nonexistent,-1.8,93.075,-47.1,1.405,5099.1,0.093048505,538
34,entrepreneur,married,university.degree,no,yes,yes,telephone,apr,fri,1,999,0,nonexistent,-1.8,93.075,-47.1,1.405,5099.1,0.09217254,539
35,management,married,university.degree,no,no,no,cellular,nov,fri,1,999,0,nonexistent,-0.1,93.2,-42.0,4.021,5195.8,0.0921632,540
32,services,married,high.school,no,no,no,cellular,apr,fri,1,999,0,nonexistent,-1.8,93.075,-47.1,1.479,5099.1,0.09212626,541
45,admin.,married,basic.9y,no,no,no,cellular,aug,thu,5,999,0,nonexistent,1.4,93.444,-36.1,4.968,5228.1,0.09164326,542
36,management,married,university.degree,unknown,no,no,telephone,aug,fri,4,999,0,nonexistent,1.4,93.444,-36.1,4.964,5228.1,0.09117262,543
32,technician,single,unknown,no,yes,yes,cellular,may,fri,2,999,1,failure,-1.8,92.893,-46.2,1.25,5099.1,0.09107717,544
29,admin.,single,university.degree,no,no,no,cellular,nov,wed,4,999,0,nonexistent,-0.1,93.2,-42.0,4.12,5195.8,0.09052565,545
57,management,married,basic.4y,unknown,no,yes,cellular,jul,thu,1,999,0,nonexistent,1.4,93.918,-42.7,4.963,5228.1,0.09046813,546
40,blue-collar,married,basic.9y,no,yes,no,cellular,may,thu,2,999,0,nonexistent,-1.8,92.893,-46.2,1.266,5099.1,0.09045054,547
46,blue-collar,married,high.school,no,no,yes,cellular,may,tue,1,999,0,nonexistent,-1.8,92.893,-46.2,1.344,5099.1,0.09036736,548
29,admin.,married,high.school,no,no,no,cellular,jul,thu,3,999,0,nonexistent,1.4,93.918,-42.7,4.968,5228.1,0.09023606,549
25,services,single,basic.9y,no,yes,no,cellular,jul,wed,1,999,0,nonexistent,1.4,93.918,-42.7,4.963,5228.1,0.0898452,550
50,blue-collar,married,basic.6y,no,yes,no,cellular,aug,fri,4,999,0,nonexistent,1.4,93.444,-36.1,4.966,5228.1,0.08980281,551
31,admin.,single,high.school,no,no,no,cellular,nov,fri,1,999,0,nonexistent,-0.1,93.2,-42.0,4.021,5195.8,0.08977329,552
31,blue-collar,single,basic.9y,unknown,no,yes,telephone,jun,fri,2,999,0,nonexistent,1.4,94.465,-41.8,4.959,5228.1,0.089746445,553
35,admin.,single,university.degree,no,no,no,cellular,jul,mon,4,999,0,nonexistent,1.4,93.918,-42.7,4.962,5228.1,0.08944334,554
24,admin.,married,unknown,no,yes,no,cellular,jul,wed,2,999,0,nonexistent,1.4,93.918,-42.7,4.963,5228.1,0.089239664,555
30,services,single,high.school,no,yes,no,cellular,jul,fri,2,999,0,nonexistent,1.4,93.918,-42.7,4.963,5228.1,0.089213274,556
28,admin.,married,high.school,no,yes,no,cellular,jul,thu,3,999,0,nonexistent,1.4,93.918,-42.7,4.962,5228.1,0.089034855,557
50,blue-collar,divorced,high.school,no,yes,yes,cellular,jul,mon,2,999,0,nonexistent,1.4,93.918,-42.7,4.96,5228.1,0.08885567,558
31,unemployed,single,professional.course,no,yes,no,cellular,nov,wed,1,0,1,success,-0.1,93.2,-42.0,4.12,5195.8,0.08858935,559
36,admin.,single,university.degree,no,no,no,cellular,may,tue,3,999,0,nonexistent,-1.8,92.893,-46.2,1.291,5099.1,0.08845972,560
31,blue-collar,married,high.school,no,no,no,cellular,jul,wed,2,999,0,nonexistent,1.4,93.918,-42.7,4.963,5228.1,0.088315144,561
33,admin.,married,basic.9y,no,yes,yes,cellular,jul,mon,3,999,0,nonexistent,1.4,93.918,-42.7,4.96,5228.1,0.08825324,562
27,admin.,single,university.degree,no,no,no,cellular,jul,wed,2,999,0,nonexistent,1.4,93.918,-42.7,4.962,5228.1,0.088211134,563
35,admin.,married,university.degree,no,yes,no,cellular,jul,tue,4,999,0,nonexistent,1.4,93.918,-42.7,4.961,5228.1,0.08796538,564
37,technician,divorced,basic.9y,no,yes,no,cellular,apr,mon,1,999,1,failure,-1.8,93.075,-47.1,1.466,5099.1,0.087956734,565
31,technician,single,university.degree,no,yes,no,cellular,may,mon,2,999,0,nonexistent,-1.8,92.893,-46.2,1.299,5099.1,0.08790396,566
29,technician,married,professional.course,no,yes,no,cellular,jul,wed,2,999,0,nonexistent,1.4,93.918,-42.7,4.962,5228.1,0.08786291,567
34,technician,single,professional.course,no,no,no,cellular,may,tue,2,999,1,failure,-1.8,92.893,-46.2,1.344,5099.1,0.0878548,568
27,student,single,high.school,no,no,no,telephone,oct,tue,1,999,0,nonexistent,-1.1,94.601,-49.5,0.982,4963.6,0.08774748,569
59,retired,married,university.degree,unknown,yes,yes,cellular,jul,wed,16,999,0,nonexistent,1.4,93.918,-42.7,4.957,5228.1,0.08761161,570
32,services,married,basic.9y,no,no,no,cellular,jul,tue,1,999,0,nonexistent,1.4,93.918,-42.7,4.962,5228.1,0.08714636,571
30,management,married,university.degree,no,yes,no,telephone,sep,wed,1,999,0,nonexistent,-1.1,94.199,-37.5,0.886,4963.6,0.08641013,572
36,admin.,single,university.degree,no,no,no,cellular,nov,wed,1,999,0,nonexistent,-0.1,93.2,-42.0,4.12,5195.8,0.08624415,573
30,admin.,single,high.school,no,no,no,cellular,may,mon,1,999,0,nonexistent,-1.8,92.893,-46.2,1.299,5099.1,0.08617519,574
27,admin.,married,high.school,no,no,no,cellular,may,thu,1,999,0,nonexistent,-1.8,92.893,-46.2,1.327,5099.1,0.0860892,575
30,admin.,divorced,high.school,no,no,no,cellular,nov,thu,3,999,0,nonexistent,-0.1,93.2,-42.0,4.076,5195.8,0.08608877,576
33,admin.,single,university.degree,no,yes,no,cellular,may,wed,2,999,0,nonexistent,-1.8,92.893,-46.2,1.334,5099.1,0.08594346,577
37,blue-collar,married,basic.6y,unknown,no,no,cellular,jul,wed,1,999,0,nonexistent,1.4,93.918,-42.7,4.962,5228.1,0.085943066,578
31,self-employed,single,high.school,no,no,yes,cellular,jul,tue,2,999,0,nonexistent,1.4,93.918,-42.7,4.961,5228.1,0.085571304,579
43,blue-collar,divorced,basic.9y,unknown,yes,no,cellular,may,fri,4,999,0,nonexistent,-1.8,92.893,-46.2,1.25,5099.1,0.08552966,580
30,blue-collar,single,basic.9y,no,yes,no,cellular,may,thu,3,999,1,failure,-1.8,92.893,-46.2,1.266,5099.1,0.085382424,581
36,admin.,single,university.degree,no,no,no,cellular,nov,wed,2,999,0,nonexistent,-0.1,93.2,-42.0,4.12,5195.8,0.08537611,582
37,admin.,single,high.school,no,no,no,cellular,apr,thu,1,999,1,failure,-1.8,93.075,-47.1,1.41,5099.1,0.08534041,583
48,services,married,basic.6y,no,no,no,cellular,jul,wed,6,999,0,nonexistent,1.4,93.918,-42.7,4.963,5228.1,0.08533882,584
43,blue-collar,married,basic.4y,no,yes,no,cellular,may,thu,3,999,0,nonexistent,-1.8,92.893,-46.2,1.266,5099.1,0.08528434,585
37,blue-collar,married,basic.9y,no,no,yes,cellular,apr,fri,2,999,0,nonexistent,-1.8,93.075,-47.1,1.405,5099.1,0.085132204,586
36,self-employed,married,basic.9y,unknown,no,no,cellular,aug,thu,2,999,0,nonexistent,1.4,93.444,-36.1,4.964,5228.1,0.085034885,587
33,blue-collar,married,basic.4y,no,no,no,cellular,may,tue,4,999,0,nonexistent,-1.8,92.893,-46.2,1.291,5099.1,0.08487228,588
58,retired,married,basic.4y,unknown,no,no,cellular,jul,wed,2,999,0,nonexistent,1.4,93.918,-42.7,4.963,5228.1,0.084780365,589
29,admin.,single,basic.9y,no,no,no,cellular,jul,thu,1,999,0,nonexistent,1.4,93.918,-42.7,4.958,5228.1,0.084116,590
34,admin.,divorced,university.degree,no,no,no,cellular,nov,fri,1,999,0,nonexistent,-0.1,93.2,-42.0,4.021,5195.8,0.08390206,591
41,admin.,married,high.school,no,no,yes,cellular,jul,mon,4,999,0,nonexistent,1.4,93.918,-42.7,4.96,5228.1,0.083741084,592
39,technician,single,professional.course,no,no,no,cellular,may,wed,3,999,0,nonexistent,-1.8,92.893,-46.2,1.334,5099.1,0.08351376,593
34,admin.,married,high.school,unknown,no,no,cellular,jul,wed,2,999,0,nonexistent,1.4,93.918,-42.7,4.957,5228.1,0.08349846,594
31,blue-collar,married,basic.4y,unknown,yes,yes,telephone,jun,thu,3,999,0,nonexistent,1.4,94.465,-41.8,4.955,5228.1,0.08341169,595
35,blue-collar,married,basic.6y,no,no,no,cellular,may,thu,2,999,0,nonexistent,-1.8,92.893,-46.2,1.327,5099.1,0.08323733,596
33,technician,divorced,high.school,no,yes,no,cellular,may,tue,2,999,0,nonexistent,-1.8,92.893,-46.2,1.291,5099.1,0.08300115,597
45,blue-collar,married,basic.4y,no,yes,no,cellular,aug,wed,5,999,0,nonexistent,1.4,93.444,-36.1,4.967,5228.1,0.08292479,598
44,technician,married,professional.course,no,no,no,cellular,aug,tue,6,999,0,nonexistent,1.4,93.444,-36.1,4.965,5228.1,0.082909234,599
54,blue-collar,married,professional.course,unknown,yes,yes,cellular,aug,tue,6,999,0,nonexistent,1.4,93.444,-36.1,4.966,5228.1,0.0828428,600
45,services,divorced,basic.9y,no,no,no,cellular,apr,mon,1,999,0,nonexistent,-1.8,93.075,-47.1,1.405,5099.1,0.082842164,601
43,services,married,high.school,no,yes,no,cellular,may,tue,2,999,0,nonexistent,-1.8,92.893,-46.2,1.291,5099.1,0.0826176,602
49,blue-collar,married,basic.6y,unknown,no,no,cellular,may,tue,1,999,1,failure,-1.8,92.893,-46.2,1.344,5099.1,0.08248988,603
54,technician,married,high.school,no,no,no,cellular,apr,mon,3,999,2,failure,-1.8,93.075,-47.1,1.405,5099.1,0.0824275,604
38,technician,married,university.degree,no,no,no,telephone,may,tue,2,999,0,nonexistent,-1.8,92.893,-46.2,1.344,5099.1,0.08240946,605
45,admin.,married,university.degree,no,yes,yes,cellular,may,tue,1,999,0,nonexistent,-1.8,92.893,-46.2,1.291,5099.1,0.08236192,606
25,blue-collar,single,basic.9y,no,yes,yes,cellular,jul,tue,1,999,0,nonexistent,1.4,93.918,-42.7,4.962,5228.1,0.082209304,607
34,admin.,married,university.degree,unknown,yes,no,cellular,aug,tue,1,999,0,nonexistent,1.4,93.444,-36.1,4.968,5228.1,0.08216055,608
25,admin.,single,high.school,no,no,no,cellular,jul,wed,2,999,0,nonexistent,1.4,93.918,-42.7,4.963,5228.1,0.08185474,609
41,blue-collar,married,basic.6y,no,yes,no,cellular,may,wed,1,999,0,nonexistent,-1.8,92.893,-46.2,1.334,5099.1,0.0818396,610
38,entrepreneur,divorced,university.degree,no,yes,no,cellular,jul,fri,2,999,0,nonexistent,1.4,93.918,-42.7,4.957,5228.1,0.081746146,611
41,self-employed,married,basic.9y,no,yes,no,cellular,jul,fri,2,999,0,nonexistent,1.4,93.918,-42.7,4.962,5228.1,0.081568,612
36,technician,married,university.degree,no,no,no,cellular,jul,mon,2,999,0,nonexistent,1.4,93.918,-42.7,4.96,5228.1,0.08149466,613
32,technician,single,professional.course,no,no,no,cellular,may,wed,2,999,0,nonexistent,-1.8,92.893,-46.2,1.334,5099.1,0.08138966,614
33,management,married,university.degree,no,no,no,cellular,jul,thu,7,999,0,nonexistent,1.4,93.918,-42.7,4.958,5228.1,0.081315875,615
44,blue-collar,married,basic.6y,no,yes,no,cellular,may,wed,1,999,0,nonexistent,-1.8,92.893,-46.2,1.334,5099.1,0.081289716,616
29,services,single,high.school,no,no,no,cellular,apr,fri,2,999,1,failure,-1.8,93.075,-47.1,1.405,5099.1,0.08120297,617
58,self-employed,married,university.degree,no,yes,no,cellular,aug,fri,3,999,0,nonexistent,1.4,93.444,-36.1,4.966,5228.1,0.08108853,618
28,blue-collar,single,basic.9y,unknown,no,no,cellular,may,thu,3,999,1,failure,-1.8,92.893,-46.2,1.266,5099.1,0.08062477,619
57,services,married,high.school,unknown,no,no,cellular,may,wed,2,999,0,nonexistent,-1.8,92.893,-46.2,1.281,5099.1,0.08058373,620
30,admin.,married,university.degree,no,yes,no,cellular,nov,thu,3,999,0,nonexistent,-0.1,93.2,-42.0,4.076,5195.8,0.08057074,621
59,retired,married,basic.9y,no,no,yes,telephone,jun,thu,2,999,0,nonexistent,1.4,94.465,-41.8,4.955,5228.1,0.08031035,622
33,services,single,basic.6y,no,unknown,unknown,telephone,jun,wed,4,999,0,nonexistent,1.4,94.465,-41.8,4.959,5228.1,0.08019304,623
59,retired,married,university.degree,no,yes,no,cellular,aug,tue,10,999,0,nonexistent,1.4,93.444,-36.1,4.965,5228.1,0.08011515,624
35,services,single,high.school,unknown,no,no,cellular,jul,tue,1,999,0,nonexistent,1.4,93.918,-42.7,4.961,5228.1,0.07994302,625
40,entrepreneur,married,university.degree,no,no,no,cellular,jul,wed,3,999,0,nonexistent,1.4,93.918,-42.7,4.963,5228.1,0.079911955,626
46,blue-collar,single,basic.6y,unknown,yes,no,cellular,jul,mon,1,999,0,nonexistent,1.4,93.918,-42.7,4.96,5228.1,0.079530455,627
31,entrepreneur,single,university.degree,no,no,no,cellular,nov,thu,1,999,0,nonexistent,-0.1,93.2,-42.0,4.076,5195.8,0.07948229,628
39,admin.,married,university.degree,no,yes,no,cellular,aug,thu,3,999,0,nonexistent,1.4,93.444,-36.1,4.968,5228.1,0.079436615,629
50,admin.,married,professional.course,no,no,no,cellular,jul,tue,3,999,0,nonexistent,1.4,93.918,-42.7,4.961,5228.1,0.079348594,630
51,technician,married,professional.course,no,yes,no,cellular,aug,tue,4,999,0,nonexistent,1.4,93.444,-36.1,4.966,5228.1,0.07920446,631
39,services,married,high.school,no,no,no,cellular,jul,wed,1,999,0,nonexistent,1.4,93.918,-42.7,4.963,5228.1,0.07917376,632
49,blue-collar,single,high.school,no,yes,no,cellular,may,mon,3,999,0,nonexistent,-1.8,92.893,-46.2,1.299,5099.1,0.07907271,633
38,technician,single,basic.6y,no,no,no,cellular,nov,wed,1,999,0,nonexistent,-0.1,93.2,-42.0,4.12,5195.8,0.07900811,634
50,self-employed,married,professional.course,no,no,no,cellular,jul,thu,7,999,0,nonexistent,1.4,93.918,-42.7,4.968,5228.1,0.0787995,635
39,blue-collar,married,basic.6y,no,no,no,cellular,may,fri,1,999,0,nonexistent,-1.8,92.893,-46.2,1.313,5099.1,0.07876043,636
48,self-employed,married,university.degree,no,no,no,telephone,jun,fri,3,999,0,nonexistent,1.4,94.465,-41.8,4.967,5228.1,0.07872787,637
35,technician,married,high.school,no,no,no,cellular,aug,tue,1,999,0,nonexistent,1.4,93.444,-36.1,4.966,5228.1,0.078689,638
32,management,single,university.degree,no,no,no,telephone,jul,mon,8,999,0,nonexistent,1.4,93.918,-42.7,4.96,5228.1,0.078672186,639
35,technician,single,basic.9y,no,yes,yes,cellular,nov,wed,1,999,0,nonexistent,-0.1,93.2,-42.0,4.12,5195.8,0.07864845,640
40,self-employed,married,university.degree,no,yes,no,cellular,jul,wed,5,999,0,nonexistent,1.4,93.918,-42.7,4.963,5228.1,0.07863606,641
33,admin.,single,university.degree,no,yes,no,cellular,nov,thu,2,999,0,nonexistent,-0.1,93.2,-42.0,4.076,5195.8,0.07862001,642
59,entrepreneur,married,basic.4y,no,yes,no,cellular,jul,thu,3,999,0,nonexistent,1.4,93.918,-42.7,4.962,5228.1,0.07839911,643
38,housemaid,divorced,university.degree,no,yes,no,cellular,may,wed,3,999,1,failure,-1.8,92.893,-46.2,1.281,5099.1,0.078386,644
30,blue-collar,divorced,basic.9y,no,yes,no,cellular,jul,tue,2,999,0,nonexistent,1.4,93.918,-42.7,4.961,5228.1,0.07829009,645
26,services,single,university.degree,no,yes,no,cellular,may,thu,1,999,0,nonexistent,-1.8,92.893,-46.2,1.327,5099.1,0.07826368,646
31,blue-collar,divorced,high.school,no,yes,no,cellular,may,wed,1,999,1,failure,-1.8,92.893,-46.2,1.281,5099.1,0.078235514,647
26,admin.,single,university.degree,no,yes,no,cellular,jul,wed,5,999,0,nonexistent,1.4,93.918,-42.7,4.963,5228.1,0.07822113,648
30,management,married,university.degree,no,no,yes,cellular,jul,wed,1,999,0,nonexistent,1.4,93.918,-42.7,4.963,5228.1,0.07816103,649
41,blue-collar,married,basic.6y,no,no,no,cellular,apr,fri,1,999,1,failure,-1.8,93.075,-47.1,1.405,5099.1,0.07810001,650
26,blue-collar,single,basic.9y,no,yes,no,cellular,may,thu,1,999,1,failure,-1.8,92.893,-46.2,1.266,5099.1,0.077975824,651
34,technician,divorced,university.degree,no,no,no,cellular,nov,fri,3,999,0,nonexistent,-0.1,93.2,-42.0,4.021,5195.8,0.07768967,652
43,retired,married,basic.9y,no,yes,no,cellular,jul,tue,3,999,0,nonexistent,1.4,93.918,-42.7,4.961,5228.1,0.077672176,653
36,blue-collar,divorced,basic.9y,no,no,no,cellular,may,wed,1,999,0,nonexistent,-1.8,92.893,-46.2,1.281,5099.1,0.07756638,654
52,admin.,married,university.degree,no,yes,no,cellular,aug,mon,10,999,0,nonexistent,1.4,93.444,-36.1,4.965,5228.1,0.07754026,655
59,housemaid,single,professional.course,no,no,no,cellular,nov,wed,1,999,0,nonexistent,-0.1,93.2,-42.0,4.12,5195.8,0.0774081,656
35,admin.,single,university.degree,no,no,no,cellular,aug,mon,2,999,0,nonexistent,1.4,93.444,-36.1,4.965,5228.1,0.07737673,657
34,blue-collar,married,basic.9y,no,yes,no,cellular,apr,mon,2,999,0,nonexistent,-1.8,93.075,-47.1,1.405,5099.1,0.07731063,658
56,self-employed,married,university.degree,no,no,no,cellular,apr,mon,3,999,1,failure,-1.8,93.075,-47.1,1.405,5099.1,0.07708414,659
27,admin.,single,high.school,no,no,no,cellular,jul,tue,1,999,0,nonexistent,1.4,93.918,-42.7,4.962,5228.1,0.07704549,660
29,student,single,high.school,no,no,yes,telephone,may,mon,1,999,0,nonexistent,1.1,93.994,-36.4,4.857,5191.0,0.076992095,661
47,technician,married,professional.course,no,yes,no,cellular,jul,fri,5,999,0,nonexistent,1.4,93.918,-42.7,4.957,5228.1,0.07677896,662
54,technician,divorced,university.degree,no,yes,no,cellular,may,wed,1,999,1,failure,-1.8,92.893,-46.2,1.334,5099.1,0.07664137,663
50,entrepreneur,married,university.degree,no,no,no,cellular,jul,tue,2,999,0,nonexistent,1.4,93.918,-42.7,4.961,5228.1,0.07661511,664
35,management,married,university.degree,no,no,no,cellular,may,thu,1,999,0,nonexistent,-1.8,92.893,-46.2,1.327,5099.1,0.07651931,665
36,blue-collar,married,basic.9y,no,yes,no,cellular,may,wed,3,999,0,nonexistent,-1.8,92.893,-46.2,1.281,5099.1,0.07637266,666
34,admin.,divorced,university.degree,no,yes,no,cellular,may,tue,4,999,0,nonexistent,-1.8,92.893,-46.2,1.291,5099.1,0.076095626,667
32,admin.,single,university.degree,no,yes,yes,cellular,aug,thu,2,999,0,nonexistent,1.4,93.444,-36.1,4.968,5228.1,0.07599178,668
43,technician,married,basic.9y,no,no,no,cellular,jul,wed,6,999,0,nonexistent,1.4,93.918,-42.7,4.957,5228.1,0.07583465,669
36,admin.,married,university.degree,no,yes,no,cellular,jul,mon,10,999,0,nonexistent,1.4,93.918,-42.7,4.96,5228.1,0.075834416,670
32,technician,married,university.degree,no,yes,no,cellular,jul,thu,6,999,0,nonexistent,1.4,93.918,-42.7,4.968,5228.1,0.07564539,671
33,admin.,married,university.degree,no,yes,yes,cellular,aug,thu,1,999,0,nonexistent,1.4,93.444,-36.1,4.968,5228.1,0.0754733,672
32,management,single,high.school,no,no,no,cellular,jul,fri,2,999,0,nonexistent,1.4,93.918,-42.7,4.963,5228.1,0.07545642,673
51,retired,married,basic.9y,unknown,yes,no,cellular,jul,fri,1,999,0,nonexistent,1.4,93.918,-42.7,4.962,5228.1,0.075354494,674
38,admin.,married,university.degree,no,yes,no,cellular,may,wed,1,999,1,failure,-1.8,92.893,-46.2,1.281,5099.1,0.075306095,675
34,admin.,married,high.school,no,yes,no,cellular,may,tue,3,999,0,nonexistent,-1.8,92.893,-46.2,1.291,5099.1,0.07526374,676
39,admin.,single,university.degree,no,yes,no,cellular,jul,mon,2,999,0,nonexistent,1.4,93.918,-42.7,4.96,5228.1,0.07517862,677
34,technician,divorced,university.degree,no,yes,no,cellular,nov,fri,1,999,0,nonexistent,-0.1,93.2,-42.0,4.021,5195.8,0.07486662,678
57,management,divorced,professional.course,no,yes,no,cellular,nov,fri,1,999,0,nonexistent,-0.1,93.2,-42.0,4.021,5195.8,0.07481421,679
53,admin.,married,university.degree,no,no,no,cellular,aug,wed,5,999,0,nonexistent,1.4,93.444,-36.1,4.967,5228.1,0.07476854,680
57,self-employed,married,basic.4y,no,no,no,telephone,jun,wed,3,999,0,nonexistent,1.4,94.465,-41.8,4.959,5228.1,0.07474882,681
32,admin.,single,high.school,no,no,no,cellular,nov,mon,2,999,2,failure,-1.1,94.767,-50.8,1.048,4963.6,0.074720316,682
54,admin.,divorced,professional.course,no,yes,no,cellular,may,tue,1,999,1,failure,-1.8,92.893,-46.2,1.266,5099.1,0.07453058,683
26,admin.,married,high.school,no,no,no,cellular,jul,thu,1,999,0,nonexistent,1.4,93.918,-42.7,4.963,5228.1,0.074224815,684
31,admin.,married,university.degree,no,no,no,cellular,may,thu,3,999,0,nonexistent,-1.8,92.893,-46.2,1.327,5099.1,0.07416655,685
26,admin.,married,high.school,no,yes,yes,cellular,jul,wed,5,999,0,nonexistent,1.4,93.918,-42.7,4.962,5228.1,0.07410454,686
27,admin.,single,university.degree,no,no,no,cellular,jul,mon,1,999,0,nonexistent,1.4,93.918,-42.7,4.96,5228.1,0.07398261,687
32,admin.,single,university.degree,no,no,yes,cellular,jul,thu,8,999,0,nonexistent,1.4,93.918,-42.7,4.968,5228.1,0.07380723,688
52,admin.,married,university.degree,no,no,yes,cellular,nov,thu,4,999,0,nonexistent,-0.1,93.2,-42.0,4.076,5195.8,0.073373005,689
39,admin.,married,high.school,no,yes,no,cellular,aug,tue,2,999,0,nonexistent,1.4,93.444,-36.1,4.966,5228.1,0.073324926,690
37,management,married,university.degree,unknown,no,no,cellular,aug,wed,2,999,0,nonexistent,1.4,93.444,-36.1,4.967,5228.1,0.07326394,691
32,unknown,single,professional.course,no,no,no,cellular,jul,thu,1,999,0,nonexistent,1.4,93.918,-42.7,4.963,5228.1,0.07303807,692
38,self-employed,married,professional.course,no,no,no,cellular,jul,wed,7,999,0,nonexistent,1.4,93.918,-42.7,4.957,5228.1,0.07286742,693
24,blue-collar,married,professional.course,no,no,no,cellular,jul,tue,10,999,0,nonexistent,1.4,93.918,-42.7,4.961,5228.1,0.072447374,694
24,student,single,university.degree,unknown,yes,no,cellular,jul,thu,3,999,0,nonexistent,1.4,93.918,-42.7,4.958,5228.1,0.07241736,695
33,technician,single,professional.course,no,no,yes,cellular,jul,tue,2,999,0,nonexistent,1.4,93.918,-42.7,4.961,5228.1,0.07236502,696
35,blue-collar,married,university.degree,no,unknown,unknown,cellular,jul,tue,2,999,0,nonexistent,1.4,93.918,-42.7,4.961,5228.1,0.072325595,697
49,management,married,university.degree,unknown,yes,no,cellular,jul,mon,1,999,0,nonexistent,1.4,93.918,-42.7,4.96,5228.1,0.07227207,698
34,admin.,married,high.school,no,no,no,cellular,nov,thu,4,999,0,nonexistent,-0.1,93.2,-42.0,4.076,5195.8,0.07220992,699
56,management,married,university.degree,no,no,no,telephone,apr,fri,2,999,2,failure,-1.8,93.075,-47.1,1.479,5099.1,0.07212802,700
43,admin.,married,university.degree,no,no,no,cellular,jul,tue,2,999,0,nonexistent,1.4,93.918,-42.7,4.962,5228.1,0.07192514,701
37,admin.,married,university.degree,no,no,no,telephone,nov,wed,1,999,0,nonexistent,-0.1,93.2,-42.0,4.12,5195.8,0.07190872,702
48,blue-collar,married,basic.9y,no,yes,no,cellular,aug,tue,1,999,0,nonexistent,1.4,93.444,-36.1,4.966,5228.1,0.071824245,703
36,entrepreneur,married,university.degree,no,yes,no,cellular,jul,wed,2,999,0,nonexistent,1.4,93.918,-42.7,4.963,5228.1,0.07177589,704
28,admin.,single,university.degree,no,yes,no,cellular,jul,fri,2,999,0,nonexistent,1.4,93.918,-42.7,4.963,5228.1,0.071682684,705
40,management,married,university.degree,no,no,no,cellular,jul,tue,2,999,0,nonexistent,1.4,93.918,-42.7,4.961,5228.1,0.07166429,706
41,admin.,divorced,university.degree,no,yes,no,cellular,aug,wed,4,999,0,nonexistent,1.4,93.444,-36.1,4.967,5228.1,0.071576245,707
35,admin.,married,university.degree,no,yes,no,cellular,nov,wed,1,999,0,nonexistent,-0.1,93.2,-42.0,4.12,5195.8,0.071406156,708
39,blue-collar,married,basic.9y,no,no,no,cellular,jul,tue,2,999,0,nonexistent,1.4,93.918,-42.7,4.961,5228.1,0.07131335,709
45,admin.,married,high.school,unknown,yes,no,cellular,aug,tue,1,999,0,nonexistent,1.4,93.444,-36.1,4.966,5228.1,0.07131185,710
33,admin.,married,university.degree,no,unknown,unknown,cellular,aug,fri,2,999,0,nonexistent,1.4,93.444,-36.1,4.966,5228.1,0.071215816,711
32,management,divorced,university.degree,no,yes,yes,cellular,may,tue,2,999,0,nonexistent,-1.8,92.893,-46.2,1.344,5099.1,0.070977286,712
38,blue-collar,married,basic.9y,unknown,no,no,cellular,jul,tue,2,999,0,nonexistent,1.4,93.918,-42.7,4.962,5228.1,0.070741154,713
35,technician,married,university.degree,no,yes,yes,cellular,nov,wed,2,999,0,nonexistent,-0.1,93.2,-42.0,4.12,5195.8,0.07073847,714
37,blue-collar,married,basic.6y,unknown,yes,no,telephone,jun,wed,1,999,0,nonexistent,1.4,94.465,-41.8,4.959,5228.1,0.07064104,715
52,housemaid,married,basic.6y,no,no,no,cellular,aug,tue,1,999,0,nonexistent,1.4,93.444,-36.1,4.966,5228.1,0.07046598,716
33,blue-collar,married,basic.4y,no,yes,no,cellular,jul,wed,2,999,0,nonexistent,1.4,93.918,-42.7,4.963,5228.1,0.070435084,717
35,services,married,high.school,no,yes,no,cellular,may,thu,3,999,1,failure,-1.8,92.893,-46.2,1.266,5099.1,0.070425995,718
29,blue-collar,married,basic.9y,no,yes,no,cellular,may,fri,1,999,0,nonexistent,-1.8,92.893,-46.2,1.313,5099.1,0.070361294,719
46,entrepreneur,married,high.school,no,yes,no,cellular,may,tue,1,999,0,nonexistent,-1.8,92.893,-46.2,1.291,5099.1,0.070353016,720
44,admin.,married,university.degree,no,no,no,cellular,jul,thu,1,999,0,nonexistent,1.4,93.918,-42.7,4.958,5228.1,0.07033975,721
54,management,married,university.degree,no,yes,yes,cellular,may,tue,1,999,1,failure,-1.8,92.893,-46.2,1.344,5099.1,0.07033781,722
48,admin.,married,high.school,unknown,yes,yes,cellular,jul,thu,1,999,0,nonexistent,1.4,93.918,-42.7,4.958,5228.1,0.07026077,723
31,blue-collar,single,high.school,no,yes,no,cellular,nov,thu,1,999,0,nonexistent,-0.1,93.2,-42.0,4.076,5195.8,0.070149995,724
58,management,married,university.degree,no,yes,yes,cellular,nov,tue,2,999,1,failure,-0.1,93.2,-42.0,4.153,5195.8,0.070144415,725
34,blue-collar,married,professional.course,unknown,no,no,cellular,may,wed,2,999,1,failure,-1.8,92.893,-46.2,1.281,5099.1,0.07008227,726
43,services,married,high.school,no,no,no,cellular,jul,mon,1,999,0,nonexistent,1.4,93.918,-42.7,4.962,5228.1,0.070054226,727
49,management,married,university.degree,no,no,no,cellular,aug,mon,5,999,0,nonexistent,1.4,93.444,-36.1,4.965,5228.1,0.070020735,728
33,blue-collar,married,basic.9y,no,yes,no,telephone,jun,wed,1,999,2,failure,-1.7,94.055,-39.8,0.727,4991.6,0.07000142,729
36,technician,married,professional.course,no,no,no,cellular,jul,wed,2,999,0,nonexistent,1.4,93.918,-42.7,4.963,5228.1,0.06999299,730
35,management,married,high.school,no,yes,no,cellular,may,wed,1,999,1,failure,-1.8,92.893,-46.2,1.281,5099.1,0.06989543,731
25,admin.,single,high.school,no,no,yes,cellular,jul,tue,2,999,0,nonexistent,1.4,93.918,-42.7,4.962,5228.1,0.06989389,732
38,technician,married,high.school,no,no,no,cellular,aug,tue,1,999,0,nonexistent,1.4,93.444,-36.1,4.966,5228.1,0.069783196,733
30,technician,single,professional.course,no,yes,no,cellular,may,thu,1,999,0,nonexistent,-1.8,92.893,-46.2,1.327,5099.1,0.06963357,734
36,blue-collar,married,basic.9y,no,no,no,cellular,jul,mon,1,999,0,nonexistent,1.4,93.918,-42.7,4.96,5228.1,0.06949492,735
53,blue-collar,married,basic.4y,unknown,yes,no,cellular,aug,tue,1,999,0,nonexistent,1.4,93.444,-36.1,4.966,5228.1,0.06947137,736
44,services,divorced,high.school,no,yes,yes,cellular,jul,mon,1,999,0,nonexistent,1.4,93.918,-42.7,4.962,5228.1,0.06941033,737
33,technician,single,professional.course,no,yes,no,cellular,may,fri,1,999,0,nonexistent,-1.8,92.893,-46.2,1.313,5099.1,0.06922258,738
30,admin.,married,university.degree,no,no,no,cellular,aug,wed,2,999,0,nonexistent,1.4,93.444,-36.1,4.965,5228.1,0.06913141,739
50,blue-collar,married,basic.6y,unknown,no,no,telephone,jun,wed,1,999,0,nonexistent,1.4,94.465,-41.8,4.959,5228.1,0.06903624,740
60,retired,divorced,high.school,unknown,yes,yes,cellular,jul,tue,2,999,0,nonexistent,1.4,93.918,-42.7,4.961,5228.1,0.06897275,741
31,admin.,single,university.degree,no,no,no,cellular,aug,tue,1,999,0,nonexistent,1.4,93.444,-36.1,4.966,5228.1,0.0689051,742
53,blue-collar,married,basic.4y,unknown,yes,no,cellular,aug,tue,1,999,0,nonexistent,1.4,93.444,-36.1,4.968,5228.1,0.0687424,743
31,blue-collar,divorced,basic.9y,no,yes,no,telephone,jun,thu,2,999,0,nonexistent,1.4,94.465,-41.8,4.866,5228.1,0.06862677,744
35,admin.,married,basic.9y,no,yes,yes,cellular,nov,wed,1,999,0,nonexistent,-0.1,93.2,-42.0,4.12,5195.8,0.06861665,745
39,technician,married,professional.course,no,no,no,cellular,may,thu,2,999,0,nonexistent,-1.8,92.893,-46.2,1.327,5099.1,0.06858114,746
37,unemployed,single,university.degree,no,yes,no,cellular,nov,fri,3,999,0,nonexistent,-0.1,93.2,-42.0,4.021,5195.8,0.06845457,747
35,blue-collar,married,basic.9y,no,yes,no,cellular,nov,fri,2,999,0,nonexistent,-0.1,93.2,-42.0,4.021,5195.8,0.06841709,748
41,blue-collar,married,basic.4y,no,no,no,cellular,apr,thu,1,999,1,failure,-1.8,93.075,-47.1,1.41,5099.1,0.068380035,749
36,admin.,married,university.degree,unknown,yes,no,cellular,jul,tue,3,999,0,nonexistent,1.4,93.918,-42.7,4.961,5228.1,0.068351746,750
24,student,single,high.school,no,no,no,telephone,jun,wed,1,999,0,nonexistent,1.4,94.465,-41.8,4.864,5228.1,0.06828698,751
38,technician,married,professional.course,unknown,no,no,cellular,apr,fri,1,999,2,failure,-1.8,93.075,-47.1,1.405,5099.1,0.06828181,752
32,blue-collar,single,basic.9y,unknown,yes,no,cellular,jul,fri,1,999,0,nonexistent,1.4,93.918,-42.7,4.957,5228.1,0.06823627,753
33,admin.,divorced,high.school,no,yes,no,cellular,jul,mon,2,999,0,nonexistent,1.4,93.918,-42.7,4.96,5228.1,0.06822717,754
39,entrepreneur,married,high.school,no,no,no,telephone,jun,wed,1,999,0,nonexistent,1.4,94.465,-41.8,4.959,5228.1,0.06800804,755
39,admin.,married,university.degree,no,no,no,cellular,nov,wed,1,999,0,nonexistent,-0.1,93.2,-42.0,4.12,5195.8,0.06797116,756
38,blue-collar,single,high.school,no,no,no,cellular,aug,tue,2,999,0,nonexistent,1.4,93.444,-36.1,4.968,5228.1,0.067896694,757
30,technician,single,professional.course,no,no,no,cellular,aug,mon,3,999,0,nonexistent,1.4,93.444,-36.1,4.965,5228.1,0.067659296,758
33,blue-collar,single,basic.4y,no,no,no,cellular,nov,fri,1,999,0,nonexistent,-0.1,93.2,-42.0,4.021,5195.8,0.067619406,759
31,admin.,single,university.degree,no,yes,no,telephone,jun,wed,1,999,0,nonexistent,1.4,94.465,-41.8,4.959,5228.1,0.06750663,760
53,retired,divorced,basic.4y,unknown,no,yes,cellular,jul,tue,3,999,0,nonexistent,1.4,93.918,-42.7,4.961,5228.1,0.06745651,761
43,admin.,married,high.school,no,yes,no,cellular,jul,mon,2,999,0,nonexistent,1.4,93.918,-42.7,4.962,5228.1,0.06734054,762
34,blue-collar,single,basic.6y,no,no,no,cellular,may,mon,2,999,0,nonexistent,-1.8,92.893,-46.2,1.299,5099.1,0.06728743,763
24,admin.,married,university.degree,no,yes,no,cellular,jul,wed,1,999,0,nonexistent,1.4,93.918,-42.7,4.963,5228.1,0.06717593,764
44,self-employed,single,university.degree,no,no,no,telephone,jun,fri,4,999,0,nonexistent,1.4,94.465,-41.8,4.959,5228.1,0.06715594,765
56,management,married,university.degree,no,no,no,cellular,nov,wed,1,999,0,nonexistent,-0.1,93.2,-42.0,4.12,5195.8,0.06712443,766
46,services,married,unknown,no,no,no,cellular,aug,tue,1,999,0,nonexistent,1.4,93.444,-36.1,4.966,5228.1,0.06710642,767
36,technician,single,university.degree,no,no,no,cellular,may,thu,4,999,0,nonexistent,-1.8,92.893,-46.2,1.327,5099.1,0.06701069,768
31,unemployed,single,university.degree,no,yes,no,cellular,aug,tue,2,999,0,nonexistent,1.4,93.444,-36.1,4.966,5228.1,0.06698811,769
38,entrepreneur,married,university.degree,no,no,no,cellular,may,thu,2,999,1,failure,-1.8,92.893,-46.2,1.266,5099.1,0.06692847,770
35,admin.,single,university.degree,no,yes,no,telephone,may,tue,3,999,0,nonexistent,-1.8,92.893,-46.2,1.344,5099.1,0.066908985,771
44,admin.,married,high.school,no,yes,no,cellular,may,wed,1,999,0,nonexistent,-1.8,92.893,-46.2,1.334,5099.1,0.06680364,772
54,retired,married,professional.course,no,yes,no,cellular,jul,fri,1,999,0,nonexistent,1.4,93.918,-42.7,4.962,5228.1,0.06664515,773
36,technician,married,professional.course,no,no,no,cellular,jul,mon,4,999,0,nonexistent,1.4,93.918,-42.7,4.962,5228.1,0.06659448,774
31,services,married,high.school,unknown,no,no,cellular,jul,mon,3,999,0,nonexistent,1.4,93.918,-42.7,4.96,5228.1,0.066581085,775
29,admin.,single,high.school,no,yes,yes,cellular,jul,wed,4,999,0,nonexistent,1.4,93.918,-42.7,4.963,5228.1,0.066408776,776
30,technician,single,professional.course,no,yes,no,cellular,aug,wed,5,999,0,nonexistent,1.4,93.444,-36.1,4.964,5228.1,0.06636798,777
49,admin.,married,university.degree,no,no,no,cellular,jul,fri,2,999,0,nonexistent,1.4,93.918,-42.7,4.962,5228.1,0.066283874,778
41,technician,married,professional.course,no,yes,no,cellular,aug,tue,1,999,0,nonexistent,1.4,93.444,-36.1,4.966,5228.1,0.066263534,779
23,admin.,single,high.school,no,yes,no,cellular,jul,mon,3,999,0,nonexistent,1.4,93.918,-42.7,4.96,5228.1,0.066188395,780
38,self-employed,single,basic.9y,unknown,yes,yes,telephone,jun,fri,5,999,0,nonexistent,1.4,94.465,-41.8,4.959,5228.1,0.06616562,781
31,blue-collar,married,basic.9y,no,yes,no,telephone,jun,wed,4,999,0,nonexistent,1.4,94.465,-41.8,4.962,5228.1,0.066011325,782
33,admin.,single,university.degree,no,no,no,cellular,may,thu,5,999,0,nonexistent,-1.8,92.893,-46.2,1.266,5099.1,0.065949485,783
40,self-employed,married,high.school,no,no,no,cellular,jul,mon,1,999,0,nonexistent,1.4,93.918,-42.7,4.96,5228.1,0.0659035,784
40,management,married,university.degree,no,no,no,cellular,nov,fri,3,999,0,nonexistent,-0.1,93.2,-42.0,4.021,5195.8,0.06590043,785
53,self-employed,married,university.degree,no,yes,no,cellular,jul,mon,3,999,0,nonexistent,1.4,93.918,-42.7,4.962,5228.1,0.06589442,786
60,admin.,married,basic.9y,no,yes,no,cellular,aug,fri,2,999,0,nonexistent,1.4,93.444,-36.1,4.963,5228.1,0.065843955,787
51,blue-collar,married,basic.4y,unknown,yes,no,cellular,jul,wed,2,999,0,nonexistent,1.4,93.918,-42.7,4.962,5228.1,0.06584232,788
26,blue-collar,married,basic.9y,unknown,no,no,cellular,jul,tue,1,999,0,nonexistent,1.4,93.918,-42.7,4.962,5228.1,0.06577366,789
31,admin.,married,high.school,no,no,no,telephone,jun,thu,4,999,0,nonexistent,1.4,94.465,-41.8,4.961,5228.1,0.06567713,790
30,unemployed,married,high.school,no,no,no,cellular,nov,tue,1,999,0,nonexistent,-0.1,93.2,-42.0,4.153,5195.8,0.0655671,791
54,admin.,married,high.school,no,yes,no,cellular,may,thu,1,999,0,nonexistent,-1.8,92.893,-46.2,1.327,5099.1,0.06551733,792
36,entrepreneur,married,basic.6y,unknown,no,no,telephone,jun,wed,5,999,0,nonexistent,1.4,94.465,-41.8,4.864,5228.1,0.06524732,793
30,blue-collar,married,basic.9y,no,yes,no,cellular,may,wed,2,999,0,nonexistent,-1.8,92.893,-46.2,1.334,5099.1,0.06518449,794
52,retired,divorced,professional.course,no,no,no,cellular,jul,tue,2,999,0,nonexistent,1.4,93.918,-42.7,4.961,5228.1,0.06518331,795
38,blue-collar,married,high.school,no,no,no,cellular,jul,tue,1,999,0,nonexistent,1.4,93.918,-42.7,4.962,5228.1,0.06512275,796
31,admin.,single,university.degree,no,yes,no,cellular,jul,tue,1,999,0,nonexistent,1.4,93.918,-42.7,4.961,5228.1,0.06508571,797
30,blue-collar,married,basic.9y,unknown,no,no,cellular,may,wed,1,999,1,failure,-1.8,92.893,-46.2,1.281,5099.1,0.065074325,798
30,technician,married,professional.course,no,yes,no,cellular,jul,fri,2,999,0,nonexistent,1.4,93.918,-42.7,4.957,5228.1,0.06499172,799
49,admin.,married,high.school,no,no,no,cellular,jul,fri,2,999,0,nonexistent,1.4,93.918,-42.7,4.963,5228.1,0.064865366,800
25,services,single,high.school,no,no,no,cellular,jul,mon,2,999,0,nonexistent,1.4,93.918,-42.7,4.96,5228.1,0.064847305,801
54,retired,married,high.school,no,no,no,cellular,nov,tue,1,999,0,nonexistent,-0.1,93.2,-42.0,4.153,5195.8,0.06477112,802
45,services,married,professional.course,no,unknown,unknown,cellular,aug,fri,3,999,0,nonexistent,1.4,93.444,-36.1,4.963,5228.1,0.06467075,803
56,technician,married,professional.course,no,yes,no,cellular,jul,mon,3,999,0,nonexistent,1.4,93.918,-42.7,4.96,5228.1,0.06461667,804
44,management,single,university.degree,unknown,no,no,cellular,nov,fri,2,999,0,nonexistent,-0.1,93.2,-42.0,4.021,5195.8,0.06458419,805
38,admin.,married,high.school,unknown,no,no,cellular,jul,tue,1,999,0,nonexistent,1.4,93.918,-42.7,4.962,5228.1,0.06443468,806
27,technician,single,professional.course,no,no,no,cellular,jul,thu,1,999,0,nonexistent,1.4,93.918,-42.7,4.958,5228.1,0.064318776,807
33,services,single,basic.6y,unknown,yes,no,telephone,may,wed,1,999,0,nonexistent,1.1,93.994,-36.4,4.859,5191.0,0.06424842,808
39,admin.,married,high.school,unknown,no,no,cellular,jul,thu,2,999,0,nonexistent,1.4,93.918,-42.7,4.958,5228.1,0.064245254,809
30,admin.,married,high.school,no,no,no,telephone,jun,thu,3,999,0,nonexistent,1.4,94.465,-41.8,4.961,5228.1,0.06417768,810
48,management,divorced,university.degree,unknown,no,no,cellular,may,thu,2,999,1,failure,-1.8,92.893,-46.2,1.266,5099.1,0.064109735,811
38,management,divorced,university.degree,no,no,yes,cellular,apr,mon,1,999,1,failure,-1.8,93.075,-47.1,1.405,5099.1,0.06409456,812
32,admin.,single,university.degree,no,no,no,cellular,nov,tue,1,999,0,nonexistent,-0.1,93.2,-42.0,4.153,5195.8,0.064055316,813
27,admin.,married,university.degree,no,no,no,cellular,aug,tue,4,999,0,nonexistent,1.4,93.444,-36.1,4.963,5228.1,0.06401247,814
35,technician,married,professional.course,no,no,no,cellular,aug,mon,2,999,0,nonexistent,1.4,93.444,-36.1,4.965,5228.1,0.06400458,815
40,admin.,single,high.school,no,no,no,cellular,nov,wed,2,999,0,nonexistent,-0.1,93.2,-42.0,4.12,5195.8,0.06398882,816
44,admin.,married,university.degree,no,yes,no,cellular,jul,tue,2,999,0,nonexistent,1.4,93.918,-42.7,4.961,5228.1,0.063912295,817
31,services,single,high.school,no,yes,no,cellular,nov,thu,2,999,0,nonexistent,-0.1,93.2,-42.0,4.076,5195.8,0.06389894,818
56,retired,married,professional.course,no,yes,no,cellular,aug,mon,5,999,0,nonexistent,1.4,93.444,-36.1,4.965,5228.1,0.06387027,819
37,entrepreneur,married,university.degree,unknown,no,no,cellular,nov,mon,1,999,0,nonexistent,-0.1,93.2,-42.0,4.191,5195.8,0.06373621,820
51,management,married,university.degree,unknown,no,no,cellular,jul,thu,2,999,0,nonexistent,1.4,93.918,-42.7,4.962,5228.1,0.06368761,821
50,self-employed,married,university.degree,no,no,no,telephone,jun,fri,2,999,0,nonexistent,1.4,94.465,-41.8,4.967,5228.1,0.06361115,822
30,admin.,single,university.degree,no,no,no,cellular,aug,mon,2,999,0,nonexistent,1.4,93.444,-36.1,4.965,5228.1,0.06341948,823
45,services,married,high.school,unknown,yes,yes,cellular,aug,mon,2,999,0,nonexistent,1.4,93.444,-36.1,4.965,5228.1,0.06340568,824
38,entrepreneur,married,basic.9y,no,yes,no,cellular,jul,fri,2,999,0,nonexistent,1.4,93.918,-42.7,4.963,5228.1,0.06339825,825
36,housemaid,married,basic.4y,no,yes,no,cellular,apr,wed,7,999,0,nonexistent,-1.8,93.075,-47.1,1.415,5099.1,0.06329464,826
41,management,married,high.school,no,yes,no,cellular,jul,tue,3,999,0,nonexistent,1.4,93.918,-42.7,4.961,5228.1,0.062991135,827
52,blue-collar,married,basic.4y,no,no,no,cellular,aug,wed,2,999,0,nonexistent,1.4,93.444,-36.1,4.965,5228.1,0.06298855,828
46,blue-collar,married,basic.9y,no,yes,no,cellular,jul,mon,2,999,0,nonexistent,1.4,93.918,-42.7,4.96,5228.1,0.062939994,829
38,blue-collar,single,basic.9y,no,no,no,cellular,may,wed,2,999,1,failure,-1.8,92.893,-46.2,1.281,5099.1,0.062898174,830
45,admin.,married,university.degree,no,no,no,cellular,aug,mon,1,999,0,nonexistent,1.4,93.444,-36.1,4.965,5228.1,0.06288381,831
30,blue-collar,single,high.school,no,yes,no,cellular,jul,tue,6,999,0,nonexistent,1.4,93.918,-42.7,4.961,5228.1,0.06279342,832
35,entrepreneur,married,basic.6y,no,yes,no,telephone,jun,tue,2,999,0,nonexistent,1.4,94.465,-41.8,4.961,5228.1,0.062695816,833
35,technician,married,university.degree,no,yes,yes,telephone,may,fri,2,999,0,nonexistent,-1.8,92.893,-46.2,1.259,5099.1,0.06259337,834
31,blue-collar,single,basic.9y,no,yes,no,cellular,may,mon,2,999,1,failure,-1.8,92.893,-46.2,1.244,5099.1,0.06250401,835
33,blue-collar,married,basic.4y,unknown,no,no,cellular,nov,thu,1,999,0,nonexistent,-0.1,93.2,-42.0,4.076,5195.8,0.062483553,836
42,services,single,high.school,no,no,no,cellular,apr,fri,3,999,1,failure,-1.8,93.075,-47.1,1.405,5099.1,0.062481556,837
46,admin.,married,professional.course,no,no,no,cellular,apr,fri,1,999,1,failure,-1.8,93.075,-47.1,1.405,5099.1,0.06245266,838
32,unemployed,divorced,high.school,no,no,no,cellular,nov,wed,1,999,0,nonexistent,-0.1,93.2,-42.0,4.12,5195.8,0.062392436,839
31,technician,married,university.degree,no,no,no,cellular,nov,wed,3,999,0,nonexistent,-0.1,93.2,-42.0,4.12,5195.8,0.0623653,840
55,admin.,married,unknown,unknown,yes,no,cellular,aug,thu,4,999,0,nonexistent,1.4,93.444,-36.1,4.968,5228.1,0.062332544,841
39,admin.,single,high.school,no,no,no,cellular,jul,mon,7,999,0,nonexistent,1.4,93.918,-42.7,4.962,5228.1,0.062331595,842
55,technician,married,university.degree,no,yes,yes,cellular,may,thu,2,999,1,failure,-1.8,92.893,-46.2,1.327,5099.1,0.06228851,843
42,technician,single,high.school,no,no,no,cellular,jul,wed,2,999,0,nonexistent,1.4,93.918,-42.7,4.963,5228.1,0.06227327,844
43,admin.,married,university.degree,no,no,no,cellular,nov,wed,1,999,0,nonexistent,-0.1,93.2,-42.0,4.12,5195.8,0.06226509,845
48,admin.,married,university.degree,no,no,no,cellular,nov,thu,2,999,0,nonexistent,-0.1,93.2,-42.0,4.076,5195.8,0.06225199,846
42,management,married,university.degree,no,yes,no,cellular,may,mon,1,999,0,nonexistent,-1.8,92.893,-46.2,1.299,5099.1,0.06221703,847
54,management,married,university.degree,no,yes,no,cellular,jul,wed,3,999,0,nonexistent,1.4,93.918,-42.7,4.962,5228.1,0.062201783,848
22,blue-collar,married,basic.9y,no,yes,no,cellular,jul,thu,1,999,0,nonexistent,1.4,93.918,-42.7,4.962,5228.1,0.062194552,849
34,admin.,divorced,university.degree,no,no,no,cellular,aug,wed,1,999,0,nonexistent,1.4,93.444,-36.1,4.965,5228.1,0.062191643,850
27,self-employed,single,university.degree,no,yes,yes,telephone,jun,wed,1,999,0,nonexistent,1.4,94.465,-41.8,4.864,5228.1,0.062171232,851
44,blue-collar,married,basic.9y,no,no,no,cellular,may,fri,1,999,0,nonexistent,-1.8,92.893,-46.2,1.313,5099.1,0.062008698,852
50,retired,single,university.degree,no,no,no,cellular,nov,fri,5,999,1,failure,-0.1,93.2,-42.0,4.021,5195.8,0.061958294,853
32,technician,married,professional.course,no,no,no,cellular,jul,mon,2,999,0,nonexistent,1.4,93.918,-42.7,4.96,5228.1,0.061951093,854
48,services,single,high.school,no,yes,no,cellular,apr,fri,2,999,1,failure,-1.8,93.075,-47.1,1.405,5099.1,0.061947145,855
36,technician,single,university.degree,unknown,no,no,cellular,aug,tue,1,999,0,nonexistent,1.4,93.444,-36.1,4.966,5228.1,0.061904818,856
30,admin.,single,high.school,no,no,yes,cellular,nov,fri,2,999,1,failure,-0.1,93.2,-42.0,4.021,5195.8,0.06182598,857
37,admin.,single,university.degree,no,no,no,telephone,jun,fri,11,999,0,nonexistent,1.4,94.465,-41.8,4.959,5228.1,0.061745316,858
38,management,married,professional.course,no,no,no,cellular,nov,thu,1,999,0,nonexistent,-0.1,93.2,-42.0,4.076,5195.8,0.061707933,859
53,admin.,married,university.degree,no,yes,no,cellular,aug,mon,3,999,0,nonexistent,1.4,93.444,-36.1,4.965,5228.1,0.06169476,860
33,technician,married,professional.course,no,no,no,cellular,aug,thu,3,999,0,nonexistent,1.4,93.444,-36.1,4.962,5228.1,0.061623015,861
30,blue-collar,single,basic.4y,no,yes,no,cellular,jul,tue,2,999,0,nonexistent,1.4,93.918,-42.7,4.961,5228.1,0.061598312,862
31,technician,single,university.degree,no,yes,no,cellular,aug,wed,1,999,0,nonexistent,1.4,93.444,-36.1,4.967,5228.1,0.061554153,863
28,services,single,high.school,no,no,no,telephone,jun,tue,3,999,0,nonexistent,1.4,94.465,-41.8,4.961,5228.1,0.06154114,864
28,admin.,single,university.degree,no,no,yes,cellular,jul,fri,2,999,0,nonexistent,1.4,93.918,-42.7,4.963,5228.1,0.06153324,865
58,blue-collar,divorced,unknown,no,yes,no,telephone,jun,wed,1,999,0,nonexistent,1.4,94.465,-41.8,4.864,5228.1,0.061506327,866
29,blue-collar,married,high.school,unknown,no,no,telephone,jun,thu,2,999,0,nonexistent,1.4,94.465,-41.8,4.958,5228.1,0.06141866,867
44,admin.,married,high.school,no,no,no,cellular,aug,mon,1,999,0,nonexistent,1.4,93.444,-36.1,4.965,5228.1,0.061390262,868
24,admin.,single,high.school,no,no,yes,cellular,jul,tue,5,999,0,nonexistent,1.4,93.918,-42.7,4.961,5228.1,0.06134912,869
36,entrepreneur,married,university.degree,no,yes,no,cellular,jul,wed,8,999,0,nonexistent,1.4,93.918,-42.7,4.963,5228.1,0.061306447,870
47,blue-collar,married,unknown,no,yes,no,cellular,may,mon,1,999,0,nonexistent,-1.8,92.893,-46.2,1.299,5099.1,0.061301492,871
42,self-employed,married,unknown,no,yes,no,cellular,jul,mon,2,999,0,nonexistent,1.4,93.918,-42.7,4.96,5228.1,0.061288007,872
38,admin.,married,university.degree,no,yes,no,cellular,aug,tue,2,999,0,nonexistent,1.4,93.444,-36.1,4.965,5228.1,0.0610653,873
37,blue-collar,single,basic.6y,unknown,unknown,unknown,telephone,jun,tue,2,999,0,nonexistent,1.4,94.465,-41.8,4.961,5228.1,0.061019108,874
47,admin.,married,university.degree,no,no,no,cellular,aug,mon,1,999,0,nonexistent,1.4,93.444,-36.1,4.965,5228.1,0.06095292,875
29,admin.,single,university.degree,no,yes,no,cellular,may,tue,1,999,1,failure,-1.8,92.893,-46.2,1.344,5099.1,0.06088525,876
30,admin.,divorced,high.school,no,yes,no,cellular,nov,wed,1,999,0,nonexistent,-0.1,93.2,-42.0,4.12,5195.8,0.060839355,877
33,self-employed,married,basic.9y,unknown,no,no,cellular,jul,thu,1,999,0,nonexistent,1.4,93.918,-42.7,4.963,5228.1,0.060839325,878
37,admin.,married,university.degree,no,yes,yes,cellular,may,fri,2,999,0,nonexistent,-1.8,92.893,-46.2,1.313,5099.1,0.060831588,879
46,blue-collar,married,basic.9y,no,yes,no,cellular,jul,mon,1,999,0,nonexistent,1.4,93.918,-42.7,4.96,5228.1,0.060795233,880
38,technician,single,university.degree,no,yes,no,cellular,aug,mon,2,999,0,nonexistent,1.4,93.444,-36.1,4.965,5228.1,0.060731206,881
45,technician,single,university.degree,no,no,no,cellular,may,fri,2,999,1,failure,-1.8,92.893,-46.2,1.313,5099.1,0.06071306,882
50,admin.,divorced,basic.9y,no,yes,yes,cellular,jul,mon,2,999,0,nonexistent,1.4,93.918,-42.7,4.962,5228.1,0.060655393,883
31,blue-collar,married,basic.9y,no,no,no,telephone,jun,tue,2,999,0,nonexistent,1.4,94.465,-41.8,4.864,5228.1,0.06061876,884
38,technician,married,high.school,no,yes,no,cellular,aug,thu,3,999,0,nonexistent,1.4,93.444,-36.1,4.968,5228.1,0.060618743,885
65,retired,married,basic.4y,no,yes,no,telephone,oct,thu,4,999,0,nonexistent,-1.1,94.601,-49.5,0.965,4963.6,0.06057255,886
29,admin.,single,high.school,no,yes,no,cellular,jul,tue,1,999,0,nonexistent,1.4,93.918,-42.7,4.962,5228.1,0.060528927,887
46,admin.,married,university.degree,unknown,yes,yes,cellular,nov,mon,1,999,0,nonexistent,-0.1,93.2,-42.0,4.191,5195.8,0.060496084,888
43,management,married,university.degree,no,yes,yes,cellular,nov,wed,1,999,1,failure,-0.1,93.2,-42.0,4.12,5195.8,0.060398947,889
48,admin.,married,university.degree,no,no,no,cellular,nov,fri,4,999,0,nonexistent,-0.1,93.2,-42.0,4.021,5195.8,0.060382385,890
48,admin.,married,high.school,no,no,yes,cellular,aug,mon,6,999,0,nonexistent,1.4,93.444,-36.1,4.965,5228.1,0.060361613,891
58,retired,married,university.degree,no,no,yes,cellular,aug,tue,1,999,0,nonexistent,1.4,93.444,-36.1,4.966,5228.1,0.060335223,892
37,management,single,university.degree,no,yes,no,cellular,jul,wed,1,999,0,nonexistent,1.4,93.918,-42.7,4.962,5228.1,0.060334843,893
38,technician,married,professional.course,no,yes,no,cellular,jul,mon,2,999,0,nonexistent,1.4,93.918,-42.7,4.96,5228.1,0.06028942,894
40,blue-collar,married,professional.course,no,no,no,cellular,jul,mon,2,999,0,nonexistent,1.4,93.918,-42.7,4.962,5228.1,0.060253363,895
41,admin.,married,university.degree,no,no,no,cellular,aug,wed,4,999,0,nonexistent,1.4,93.444,-36.1,4.964,5228.1,0.06020931,896
47,admin.,married,university.degree,no,yes,no,cellular,aug,wed,3,999,0,nonexistent,1.4,93.444,-36.1,4.964,5228.1,0.060173318,897
44,management,single,university.degree,unknown,yes,no,telephone,may,fri,1,999,0,nonexistent,1.1,93.994,-36.4,4.859,5191.0,0.060173117,898
40,blue-collar,married,basic.9y,no,yes,no,cellular,jul,fri,2,999,0,nonexistent,1.4,93.918,-42.7,4.963,5228.1,0.06017155,899
25,blue-collar,single,basic.9y,no,yes,yes,cellular,may,fri,6,999,0,nonexistent,-1.8,92.893,-46.2,1.313,5099.1,0.0601628,900
53,blue-collar,married,basic.9y,no,yes,no,cellular,jul,tue,3,999,0,nonexistent,1.4,93.918,-42.7,4.961,5228.1,0.060085073,901
32,blue-collar,married,basic.4y,no,yes,yes,cellular,may,wed,1,999,0,nonexistent,-1.8,92.893,-46.2,1.334,5099.1,0.06003709,902
31,admin.,married,professional.course,unknown,yes,no,cellular,aug,fri,1,999,0,nonexistent,1.4,93.444,-36.1,4.966,5228.1,0.05999236,903
33,admin.,single,university.degree,no,yes,no,telephone,jun,wed,1,999,0,nonexistent,1.4,94.465,-41.8,4.959,5228.1,0.059958085,904
41,admin.,divorced,university.degree,no,yes,no,cellular,aug,wed,5,999,0,nonexistent,1.4,93.444,-36.1,4.964,5228.1,0.059869397,905
38,admin.,married,university.degree,no,yes,no,cellular,nov,wed,2,999,0,nonexistent,-0.1,93.2,-42.0,4.12,5195.8,0.059701696,906
38,management,single,university.degree,no,yes,no,telephone,jun,thu,3,999,0,nonexistent,1.4,94.465,-41.8,4.958,5228.1,0.059680812,907
49,blue-collar,divorced,unknown,unknown,no,no,cellular,jul,wed,2,999,0,nonexistent,1.4,93.918,-42.7,4.957,5228.1,0.059607323,908
57,blue-collar,married,basic.9y,unknown,no,no,cellular,jul,tue,3,999,0,nonexistent,1.4,93.918,-42.7,4.961,5228.1,0.059529733,909
46,services,married,high.school,no,no,yes,cellular,jul,mon,1,999,0,nonexistent,1.4,93.918,-42.7,4.96,5228.1,0.05943856,910
38,technician,divorced,high.school,no,yes,no,cellular,aug,mon,2,999,0,nonexistent,1.4,93.444,-36.1,4.965,5228.1,0.059422173,911
36,management,divorced,university.degree,no,yes,no,cellular,jul,tue,1,999,0,nonexistent,1.4,93.918,-42.7,4.961,5228.1,0.059390575,912
52,services,married,high.school,unknown,yes,no,cellular,aug,mon,1,999,0,nonexistent,1.4,93.444,-36.1,4.965,5228.1,0.059275653,913
34,admin.,married,basic.6y,no,yes,yes,cellular,nov,wed,2,999,0,nonexistent,-0.1,93.2,-42.0,4.12,5195.8,0.059248712,914
49,admin.,married,high.school,no,yes,no,cellular,jul,mon,11,999,0,nonexistent,1.4,93.918,-42.7,4.962,5228.1,0.059231088,915
39,services,married,high.school,no,yes,no,telephone,apr,fri,1,999,0,nonexistent,-1.8,93.075,-47.1,1.405,5099.1,0.059202984,916
43,entrepreneur,married,university.degree,no,no,yes,cellular,jul,fri,3,999,0,nonexistent,1.4,93.918,-42.7,4.962,5228.1,0.059184045,917
41,blue-collar,married,basic.9y,unknown,no,no,telephone,jun,fri,6,999,0,nonexistent,1.4,94.465,-41.8,4.967,5228.1,0.05910225,918
40,blue-collar,married,high.school,no,yes,no,cellular,nov,fri,1,999,0,nonexistent,-0.1,93.2,-42.0,4.021,5195.8,0.05907818,919
27,technician,single,university.degree,no,yes,no,cellular,jul,wed,1,999,0,nonexistent,1.4,93.918,-42.7,4.962,5228.1,0.0590286,920
52,management,married,professional.course,no,no,no,cellular,jul,wed,1,999,0,nonexistent,1.4,93.918,-42.7,4.962,5228.1,0.05899815,921
36,technician,divorced,professional.course,no,unknown,unknown,cellular,nov,thu,4,999,0,nonexistent,-0.1,93.2,-42.0,4.076,5195.8,0.058989428,922
47,admin.,married,high.school,unknown,no,yes,cellular,apr,fri,1,999,0,nonexistent,-1.8,93.075,-47.1,1.405,5099.1,0.058868304,923
37,management,married,university.degree,no,no,no,telephone,jun,tue,4,999,0,nonexistent,1.4,94.465,-41.8,4.961,5228.1,0.058775082,924
46,blue-collar,married,basic.9y,no,no,no,cellular,aug,thu,1,999,0,nonexistent,1.4,93.444,-36.1,4.968,5228.1,0.058753595,925
48,entrepreneur,divorced,university.degree,no,yes,no,cellular,nov,thu,2,999,0,nonexistent,-0.1,93.2,-42.0,4.076,5195.8,0.058728512,926
45,services,married,high.school,unknown,no,no,cellular,jul,tue,1,999,0,nonexistent,1.4,93.918,-42.7,4.961,5228.1,0.05871275,927
45,services,divorced,basic.4y,no,no,yes,cellular,apr,thu,1,999,1,failure,-1.8,93.075,-47.1,1.41,5099.1,0.058708616,928
46,management,married,university.degree,no,yes,no,cellular,may,thu,2,999,0,nonexistent,-1.8,92.893,-46.2,1.327,5099.1,0.058707878,929
36,admin.,married,high.school,no,yes,no,cellular,jul,thu,2,999,0,nonexistent,1.4,93.918,-42.7,4.968,5228.1,0.058641255,930
54,blue-collar,divorced,basic.4y,unknown,yes,yes,cellular,jul,thu,1,999,0,nonexistent,1.4,93.918,-42.7,4.963,5228.1,0.058640115,931
33,technician,single,professional.course,no,no,no,cellular,jul,thu,3,999,0,nonexistent,1.4,93.918,-42.7,4.968,5228.1,0.058615476,932
45,admin.,married,high.school,unknown,yes,no,cellular,jul,mon,3,999,0,nonexistent,1.4,93.918,-42.7,4.962,5228.1,0.05849651,933
39,management,married,university.degree,no,no,no,cellular,nov,tue,1,999,0,nonexistent,-0.1,93.2,-42.0,4.153,5195.8,0.05848499,934
48,admin.,divorced,high.school,no,no,no,cellular,nov,fri,1,999,0,nonexistent,-0.1,93.2,-42.0,4.021,5195.8,0.058434807,935
48,technician,married,professional.course,unknown,no,no,cellular,aug,thu,8,999,0,nonexistent,1.4,93.444,-36.1,4.964,5228.1,0.058394484,936
29,technician,single,university.degree,no,yes,yes,telephone,jun,fri,2,999,0,nonexistent,1.4,94.465,-41.8,4.959,5228.1,0.058310576,937
43,services,divorced,high.school,unknown,no,no,cellular,apr,thu,1,999,0,nonexistent,-1.8,93.075,-47.1,1.483,5099.1,0.05830878,938
36,blue-collar,married,basic.9y,unknown,no,no,cellular,jul,thu,1,999,0,nonexistent,1.4,93.918,-42.7,4.963,5228.1,0.058280066,939
50,management,married,university.degree,no,no,no,telephone,jun,fri,5,999,0,nonexistent,1.4,94.465,-41.8,4.967,5228.1,0.058248106,940
32,self-employed,married,university.degree,unknown,no,no,cellular,jul,fri,3,999,0,nonexistent,1.4,93.918,-42.7,4.957,5228.1,0.05822257,941
30,admin.,single,high.school,unknown,no,no,telephone,jun,tue,2,999,0,nonexistent,1.4,94.465,-41.8,4.864,5228.1,0.05812735,942
38,admin.,married,university.degree,no,no,no,cellular,aug,thu,3,999,0,nonexistent,1.4,93.444,-36.1,4.963,5228.1,0.05786299,943
41,admin.,married,university.degree,no,yes,no,cellular,aug,thu,10,999,0,nonexistent,1.4,93.444,-36.1,4.962,5228.1,0.057840057,944
39,blue-collar,married,basic.4y,unknown,no,no,cellular,jul,mon,1,999,0,nonexistent,1.4,93.918,-42.7,4.96,5228.1,0.057784073,945
52,management,married,university.degree,no,yes,no,cellular,nov,thu,1,999,0,nonexistent,-0.1,93.2,-42.0,4.076,5195.8,0.057744376,946
57,services,married,unknown,no,no,no,cellular,nov,fri,2,999,0,nonexistent,-0.1,93.2,-42.0,4.021,5195.8,0.057450805,947
38,blue-collar,single,basic.9y,no,no,no,telephone,jun,wed,2,999,0,nonexistent,1.4,94.465,-41.8,4.959,5228.1,0.057447135,948
40,services,married,basic.9y,no,no,no,cellular,jul,thu,1,999,0,nonexistent,1.4,93.918,-42.7,4.958,5228.1,0.057387073,949
55,technician,married,university.degree,no,no,yes,cellular,aug,wed,1,999,0,nonexistent,1.4,93.444,-36.1,4.967,5228.1,0.057381436,950
47,technician,married,university.degree,no,no,no,cellular,nov,fri,2,999,0,nonexistent,-0.1,93.2,-42.0,4.021,5195.8,0.0573178,951
38,technician,divorced,professional.course,no,yes,no,cellular,aug,fri,1,999,0,nonexistent,1.4,93.444,-36.1,4.966,5228.1,0.057289187,952
29,technician,married,unknown,no,yes,no,cellular,jul,fri,1,999,0,nonexistent,1.4,93.918,-42.7,4.963,5228.1,0.05722911,953
32,blue-collar,married,basic.9y,unknown,no,no,cellular,may,tue,2,999,0,nonexistent,-1.8,92.893,-46.2,1.291,5099.1,0.057191283,954
35,admin.,married,university.degree,unknown,yes,no,cellular,jul,tue,1,999,0,nonexistent,1.4,93.918,-42.7,4.961,5228.1,0.057079185,955
41,blue-collar,married,basic.9y,no,yes,yes,cellular,may,fri,1,999,0,nonexistent,-1.8,92.893,-46.2,1.313,5099.1,0.057066858,956
25,admin.,single,high.school,no,no,no,telephone,may,fri,1,999,0,nonexistent,1.1,93.994,-36.4,4.864,5191.0,0.057014816,957
29,admin.,single,university.degree,no,yes,no,cellular,aug,wed,2,999,0,nonexistent,1.4,93.444,-36.1,4.964,5228.1,0.056985237,958
38,blue-collar,married,basic.6y,unknown,yes,no,telephone,jun,tue,1,999,0,nonexistent,1.4,94.465,-41.8,4.864,5228.1,0.05689044,959
41,services,married,basic.9y,no,no,no,cellular,jul,mon,3,999,0,nonexistent,1.4,93.918,-42.7,4.96,5228.1,0.056835063,960
41,admin.,divorced,high.school,no,yes,no,cellular,nov,fri,2,999,0,nonexistent,-0.1,93.2,-42.0,4.021,5195.8,0.056822862,961
53,self-employed,married,university.degree,no,yes,no,cellular,nov,fri,4,999,0,nonexistent,-0.1,93.2,-42.0,4.021,5195.8,0.05675806,962
49,blue-collar,divorced,unknown,unknown,yes,no,cellular,jul,wed,2,999,0,nonexistent,1.4,93.918,-42.7,4.957,5228.1,0.056745257,963
33,blue-collar,married,basic.9y,no,yes,no,cellular,nov,wed,1,999,0,nonexistent,-0.1,93.2,-42.0,4.12,5195.8,0.056663856,964
54,retired,divorced,university.degree,no,no,yes,cellular,nov,fri,6,999,0,nonexistent,-0.1,93.2,-42.0,4.021,5195.8,0.056510203,965
35,admin.,married,high.school,unknown,no,yes,cellular,jul,mon,2,999,0,nonexistent,1.4,93.918,-42.7,4.962,5228.1,0.05645421,966
44,technician,divorced,professional.course,no,no,no,cellular,may,thu,1,999,1,failure,-1.8,92.893,-46.2,1.327,5099.1,0.05641333,967
57,blue-collar,divorced,basic.6y,unknown,yes,yes,cellular,jul,tue,6,999,0,nonexistent,1.4,93.918,-42.7,4.961,5228.1,0.05641042,968
42,management,married,university.degree,no,yes,no,cellular,nov,wed,2,999,0,nonexistent,-0.1,93.2,-42.0,4.12,5195.8,0.056285083,969
31,admin.,married,university.degree,no,yes,no,telephone,jul,wed,4,999,0,nonexistent,1.4,93.918,-42.7,4.962,5228.1,0.056279812,970
35,blue-collar,married,basic.6y,no,no,no,telephone,jun,tue,1,999,0,nonexistent,1.4,94.465,-41.8,4.961,5228.1,0.05625656,971
37,admin.,married,university.degree,unknown,no,no,cellular,aug,wed,2,999,0,nonexistent,1.4,93.444,-36.1,4.964,5228.1,0.056237537,972
39,technician,married,professional.course,no,no,no,cellular,may,thu,2,999,1,failure,-1.8,92.893,-46.2,1.327,5099.1,0.056230396,973
32,technician,single,professional.course,no,no,no,cellular,jul,thu,1,999,0,nonexistent,1.4,93.918,-42.7,4.968,5228.1,0.05621079,974
38,admin.,divorced,university.degree,no,no,no,cellular,aug,wed,3,999,0,nonexistent,1.4,93.444,-36.1,4.964,5228.1,0.05616597,975
31,blue-collar,married,basic.9y,no,yes,no,telephone,jun,wed,2,999,0,nonexistent,1.4,94.465,-41.8,4.959,5228.1,0.056152564,976
43,admin.,married,high.school,no,yes,no,cellular,jul,thu,1,999,0,nonexistent,1.4,93.918,-42.7,4.962,5228.1,0.056126107,977
39,blue-collar,married,basic.4y,no,no,no,cellular,may,fri,2,999,0,nonexistent,-1.8,92.893,-46.2,1.313,5099.1,0.05611887,978
38,admin.,married,university.degree,no,no,no,cellular,aug,tue,1,999,0,nonexistent,1.4,93.444,-36.1,4.965,5228.1,0.05605736,979
34,blue-collar,married,basic.4y,no,yes,no,cellular,jul,wed,1,999,0,nonexistent,1.4,93.918,-42.7,4.962,5228.1,0.056034066,980
36,blue-collar,married,unknown,no,no,no,cellular,may,thu,2,999,0,nonexistent,-1.8,92.893,-46.2,1.327,5099.1,0.055960547,981
45,services,married,basic.9y,no,no,no,cellular,jul,thu,1,999,0,nonexistent,1.4,93.918,-42.7,4.958,5228.1,0.055914607,982
58,admin.,married,university.degree,no,yes,no,cellular,jul,tue,4,999,0,nonexistent,1.4,93.918,-42.7,4.961,5228.1,0.055842586,983
28,blue-collar,married,unknown,unknown,no,no,telephone,jun,fri,3,999,0,nonexistent,1.4,94.465,-41.8,4.959,5228.1,0.055665817,984
30,technician,single,professional.course,no,no,no,cellular,aug,wed,4,999,0,nonexistent,1.4,93.444,-36.1,4.964,5228.1,0.05557116,985
46,admin.,married,professional.course,no,no,no,cellular,aug,fri,1,999,0,nonexistent,1.4,93.444,-36.1,4.966,5228.1,0.055520203,986
31,services,single,high.school,unknown,no,no,cellular,may,fri,2,999,0,nonexistent,-1.8,92.893,-46.2,1.313,5099.1,0.055480782,987
55,management,married,university.degree,unknown,yes,no,cellular,nov,fri,2,999,0,nonexistent,-0.1,93.2,-42.0,4.021,5195.8,0.055429105,988
57,admin.,married,university.degree,unknown,no,no,cellular,aug,wed,5,999,0,nonexistent,1.4,93.444,-36.1,4.964,5228.1,0.05534538,989
37,management,married,unknown,no,no,no,cellular,nov,thu,2,999,1,failure,-0.1,93.2,-42.0,4.076,5195.8,0.05526465,990
31,admin.,married,university.degree,no,yes,yes,cellular,nov,tue,1,999,0,nonexistent,-0.1,93.2,-42.0,4.153,5195.8,0.05520499,991
31,technician,single,professional.course,no,yes,yes,cellular,may,mon,1,999,0,nonexistent,-1.8,92.893,-46.2,1.299,5099.1,0.055163786,992
31,blue-collar,married,basic.9y,no,yes,no,telephone,jun,tue,3,999,0,nonexistent,1.4,94.465,-41.8,4.864,5228.1,0.055118386,993
51,blue-collar,married,basic.4y,unknown,yes,no,cellular,aug,fri,1,999,0,nonexistent,1.4,93.444,-36.1,4.966,5228.1,0.05506195,994
31,admin.,married,university.degree,unknown,yes,no,cellular,nov,thu,1,999,0,nonexistent,-0.1,93.2,-42.0,4.076,5195.8,0.054998558,995
46,services,divorced,high.school,no,yes,no,cellular,jul,wed,1,999,0,nonexistent,1.4,93.918,-42.7,4.963,5228.1,0.0549018,996
37,services,married,high.school,no,no,no,cellular,aug,tue,3,999,0,nonexistent,1.4,93.444,-36.1,4.963,5228.1,0.054869138,997
46,services,married,basic.9y,unknown,yes,no,cellular,aug,wed,5,999,0,nonexistent,1.4,93.444,-36.1,4.964,5228.1,0.05485215,998
35,admin.,married,high.school,no,no,no,cellular,nov,tue,1,999,0,nonexistent,-0.1,93.2,-42.0,4.153,5195.8,0.054714788,999
47,admin.,married,high.school,unknown,no,no,cellular,jul,tue,3,999,0,nonexistent,1.4,93.918,-42.7,4.961,5228.1,0.054684304,1000
41,admin.,married,basic.9y,unknown,yes,no,cellular,jul,fri,2,999,0,nonexistent,1.4,93.918,-42.7,4.962,5228.1,0.054675546,1001
44,admin.,married,university.degree,unknown,no,no,cellular,nov,fri,4,999,0,nonexistent,-0.1,93.2,-42.0,4.021,5195.8,0.05464099,1002
39,entrepreneur,married,professional.course,no,yes,no,cellular,nov,thu,2,999,0,nonexistent,-0.1,93.2,-42.0,4.076,5195.8,0.05457044,1003
35,blue-collar,married,basic.9y,no,yes,no,cellular,may,fri,2,999,0,nonexistent,-1.8,92.893,-46.2,1.313,5099.1,0.05456529,1004
30,blue-collar,single,high.school,no,no,no,telephone,jul,wed,1,999,0,nonexistent,1.4,93.918,-42.7,4.956,5228.1,0.054520234,1005
28,blue-collar,single,basic.9y,no,yes,yes,cellular,jul,fri,5,999,0,nonexistent,1.4,93.918,-42.7,4.962,5228.1,0.054501247,1006
32,admin.,married,university.degree,no,yes,no,cellular,aug,wed,1,999,0,nonexistent,1.4,93.444,-36.1,4.965,5228.1,0.054476608,1007
50,entrepreneur,married,basic.9y,unknown,no,no,cellular,jul,mon,2,999,0,nonexistent,1.4,93.918,-42.7,4.96,5228.1,0.054473564,1008
53,blue-collar,married,basic.9y,no,no,no,telephone,jun,wed,1,999,0,nonexistent,1.4,94.465,-41.8,4.959,5228.1,0.05438835,1009
26,blue-collar,married,basic.9y,no,no,no,telephone,jun,wed,1,999,0,nonexistent,1.4,94.465,-41.8,4.864,5228.1,0.05437669,1010
43,admin.,married,university.degree,unknown,yes,no,cellular,aug,wed,1,999,0,nonexistent,1.4,93.444,-36.1,4.967,5228.1,0.054133832,1011
55,entrepreneur,married,professional.course,no,yes,no,cellular,nov,thu,3,999,0,nonexistent,-0.1,93.2,-42.0,4.076,5195.8,0.054096416,1012
44,blue-collar,married,basic.9y,no,no,yes,cellular,jul,fri,3,999,0,nonexistent,1.4,93.918,-42.7,4.962,5228.1,0.05408584,1013
45,blue-collar,married,basic.4y,unknown,yes,yes,cellular,aug,mon,1,999,0,nonexistent,1.4,93.444,-36.1,4.965,5228.1,0.0540778,1014
33,blue-collar,married,basic.6y,unknown,no,no,telephone,may,wed,1,999,0,nonexistent,1.1,93.994,-36.4,4.859,5191.0,0.054024946,1015
35,technician,single,university.degree,no,yes,no,cellular,aug,fri,4,999,0,nonexistent,1.4,93.444,-36.1,4.964,5228.1,0.05400711,1016
38,blue-collar,single,basic.4y,no,no,yes,cellular,may,thu,1,999,0,nonexistent,-1.8,92.893,-46.2,1.327,5099.1,0.05397853,1017
46,blue-collar,married,basic.9y,no,yes,yes,cellular,nov,wed,1,999,0,nonexistent,-0.1,93.2,-42.0,4.12,5195.8,0.053952284,1018
39,services,single,high.school,no,yes,no,cellular,jul,thu,5,999,0,nonexistent,1.4,93.918,-42.7,4.968,5228.1,0.053886633,1019
30,technician,married,high.school,no,no,no,telephone,jun,fri,6,999,0,nonexistent,1.4,94.465,-41.8,4.947,5228.1,0.0538252,1020
49,services,married,basic.4y,no,no,no,cellular,aug,thu,2,999,0,nonexistent,1.4,93.444,-36.1,4.963,5228.1,0.05381438,1021
39,technician,married,professional.course,no,yes,no,telephone,jun,wed,3,999,0,nonexistent,1.4,94.465,-41.8,4.959,5228.1,0.053757973,1022
43,admin.,single,high.school,no,no,no,cellular,jul,tue,1,999,0,nonexistent,1.4,93.918,-42.7,4.962,5228.1,0.053712316,1023
39,self-employed,married,university.degree,no,no,no,telephone,jun,mon,3,999,0,nonexistent,1.4,94.465,-41.8,4.961,5228.1,0.053703226,1024
35,admin.,married,university.degree,no,yes,no,cellular,aug,tue,2,999,0,nonexistent,1.4,93.444,-36.1,4.963,5228.1,0.05361291,1025
33,blue-collar,married,basic.9y,unknown,no,yes,cellular,may,tue,2,999,1,failure,-1.8,92.893,-46.2,1.291,5099.1,0.053605385,1026
57,blue-collar,married,basic.6y,unknown,yes,no,cellular,jul,wed,4,999,0,nonexistent,1.4,93.918,-42.7,4.963,5228.1,0.05347709,1027
50,blue-collar,married,basic.6y,unknown,yes,yes,telephone,jun,wed,1,999,0,nonexistent,1.4,94.465,-41.8,4.959,5228.1,0.053396266,1028
44,blue-collar,married,basic.4y,no,yes,no,cellular,jul,thu,1,999,0,nonexistent,1.4,93.918,-42.7,4.962,5228.1,0.053358275,1029
49,technician,married,professional.course,no,no,no,cellular,jul,wed,1,999,0,nonexistent,1.4,93.918,-42.7,4.963,5228.1,0.053340077,1030
47,technician,single,university.degree,no,no,yes,telephone,jun,mon,2,999,0,nonexistent,1.4,94.465,-41.8,4.865,5228.1,0.053338163,1031
32,services,married,high.school,no,no,no,telephone,jun,thu,2,999,0,nonexistent,1.4,94.465,-41.8,4.961,5228.1,0.05328939,1032
42,admin.,married,high.school,unknown,yes,no,cellular,jul,mon,3,999,0,nonexistent,1.4,93.918,-42.7,4.96,5228.1,0.05312384,1033
54,housemaid,divorced,unknown,no,yes,no,telephone,jun,thu,3,999,0,nonexistent,1.4,94.465,-41.8,4.958,5228.1,0.05297086,1034
48,services,married,basic.4y,unknown,yes,no,cellular,aug,tue,1,999,0,nonexistent,1.4,93.444,-36.1,4.965,5228.1,0.052947007,1035
43,services,married,basic.9y,no,no,no,telephone,jun,thu,17,999,0,nonexistent,1.4,94.465,-41.8,4.866,5228.1,0.052849635,1036
36,admin.,single,university.degree,no,no,no,telephone,may,thu,1,999,0,nonexistent,-1.8,92.893,-46.2,1.266,5099.1,0.052813865,1037
29,admin.,single,professional.course,no,yes,no,cellular,may,tue,5,999,0,nonexistent,-1.8,92.893,-46.2,1.291,5099.1,0.05280801,1038
53,admin.,married,university.degree,no,no,no,cellular,aug,wed,3,999,0,nonexistent,1.4,93.444,-36.1,4.964,5228.1,0.05280412,1039
33,admin.,single,high.school,no,yes,no,cellular,may,wed,3,999,1,failure,-1.8,92.893,-46.2,1.334,5099.1,0.05271233,1040
30,admin.,single,university.degree,no,no,no,cellular,aug,thu,2,999,0,nonexistent,1.4,93.444,-36.1,4.962,5228.1,0.052678876,1041
31,services,single,high.school,unknown,yes,no,cellular,nov,mon,3,999,0,nonexistent,-0.1,93.2,-42.0,4.191,5195.8,0.052550692,1042
38,admin.,married,university.degree,no,yes,yes,cellular,aug,mon,3,999,0,nonexistent,1.4,93.444,-36.1,4.965,5228.1,0.052534062,1043
48,technician,divorced,professional.course,no,yes,no,cellular,jul,thu,2,999,0,nonexistent,1.4,93.918,-42.7,4.963,5228.1,0.052499205,1044
43,technician,married,professional.course,unknown,no,no,cellular,aug,tue,2,999,0,nonexistent,1.4,93.444,-36.1,4.966,5228.1,0.052476443,1045
29,admin.,single,university.degree,no,yes,no,cellular,aug,fri,2,999,0,nonexistent,1.4,93.444,-36.1,4.964,5228.1,0.052469853,1046
28,admin.,single,high.school,no,yes,no,telephone,may,fri,1,999,0,nonexistent,1.1,93.994,-36.4,4.859,5191.0,0.052427363,1047
26,technician,single,high.school,no,unknown,unknown,telephone,jun,wed,1,999,0,nonexistent,1.4,94.465,-41.8,4.962,5228.1,0.052374456,1048
54,management,divorced,university.degree,no,yes,yes,cellular,may,wed,2,999,1,failure,-1.8,92.893,-46.2,1.334,5099.1,0.05236035,1049
39,housemaid,married,basic.9y,no,yes,no,cellular,nov,fri,4,999,0,nonexistent,-0.1,93.2,-42.0,4.021,5195.8,0.052357912,1050
52,services,divorced,unknown,unknown,yes,yes,telephone,may,fri,1,999,0,nonexistent,1.1,93.994,-36.4,4.859,5191.0,0.05230122,1051
29,admin.,single,high.school,no,no,no,telephone,may,wed,1,999,0,nonexistent,1.1,93.994,-36.4,4.858,5191.0,0.052276574,1052
44,blue-collar,married,basic.9y,unknown,yes,no,cellular,jul,mon,2,999,0,nonexistent,1.4,93.918,-42.7,4.96,5228.1,0.05216848,1053
34,self-employed,single,university.degree,no,no,no,cellular,jul,wed,1,999,0,nonexistent,1.4,93.918,-42.7,4.963,5228.1,0.05212626,1054
54,admin.,married,university.degree,no,no,yes,cellular,nov,tue,4,999,0,nonexistent,-0.1,93.2,-42.0,4.153,5195.8,0.05211788,1055
38,admin.,married,university.degree,no,no,no,telephone,jun,fri,13,999,0,nonexistent,1.4,94.465,-41.8,4.967,5228.1,0.052086078,1056
41,blue-collar,married,basic.9y,no,yes,no,cellular,jul,thu,1,999,0,nonexistent,1.4,93.918,-42.7,4.963,5228.1,0.05204381,1057
43,blue-collar,married,basic.9y,no,no,no,cellular,jul,tue,5,999,0,nonexistent,1.4,93.918,-42.7,4.961,5228.1,0.052030027,1058
57,blue-collar,married,basic.4y,unknown,no,no,telephone,jun,wed,2,999,0,nonexistent,1.4,94.465,-41.8,4.959,5228.1,0.05201252,1059
30,management,single,university.degree,no,yes,no,telephone,jun,wed,1,999,0,nonexistent,1.4,94.465,-41.8,4.962,5228.1,0.05200112,1060
32,management,married,university.degree,no,yes,no,cellular,aug,wed,1,999,0,nonexistent,1.4,93.444,-36.1,4.965,5228.1,0.051999368,1061
29,admin.,single,university.degree,no,yes,no,cellular,aug,fri,2,999,0,nonexistent,1.4,93.444,-36.1,4.963,5228.1,0.051964965,1062
57,self-employed,married,university.degree,unknown,yes,no,cellular,aug,mon,2,999,0,nonexistent,1.4,93.444,-36.1,4.965,5228.1,0.051912755,1063
46,technician,divorced,professional.course,no,no,no,cellular,jul,tue,4,999,0,nonexistent,1.4,93.918,-42.7,4.961,5228.1,0.05187072,1064
37,blue-collar,married,basic.9y,no,yes,no,cellular,may,wed,1,999,0,nonexistent,-1.8,92.893,-46.2,1.334,5099.1,0.051778983,1065
46,blue-collar,married,high.school,no,no,no,cellular,may,tue,1,999,1,failure,-1.8,92.893,-46.2,1.344,5099.1,0.051778387,1066
35,blue-collar,married,basic.9y,no,yes,no,cellular,nov,wed,2,999,0,nonexistent,-0.1,93.2,-42.0,4.12,5195.8,0.051755495,1067
27,admin.,single,high.school,no,yes,no,telephone,may,wed,1,999,0,nonexistent,1.1,93.994,-36.4,4.859,5191.0,0.051749893,1068
38,services,divorced,high.school,no,yes,no,cellular,jul,thu,4,999,0,nonexistent,1.4,93.918,-42.7,4.958,5228.1,0.05172314,1069
52,blue-collar,divorced,high.school,no,no,no,telephone,jun,wed,2,999,0,nonexistent,1.4,94.465,-41.8,4.959,5228.1,0.051711377,1070
39,blue-collar,divorced,basic.9y,no,yes,no,cellular,may,fri,1,999,0,nonexistent,-1.8,92.893,-46.2,1.313,5099.1,0.051668875,1071
48,admin.,married,high.school,unknown,yes,no,cellular,jul,thu,6,999,0,nonexistent,1.4,93.918,-42.7,4.962,5228.1,0.051642008,1072
50,admin.,married,high.school,no,no,no,telephone,jun,wed,1,999,0,nonexistent,1.4,94.465,-41.8,4.864,5228.1,0.051624123,1073
52,admin.,divorced,university.degree,unknown,no,no,cellular,jul,tue,2,999,0,nonexistent,1.4,93.918,-42.7,4.962,5228.1,0.051622476,1074
38,technician,single,university.degree,no,no,no,telephone,jun,thu,1,999,0,nonexistent,1.4,94.465,-41.8,4.958,5228.1,0.051593922,1075
46,management,married,basic.9y,no,yes,no,cellular,nov,fri,1,999,0,nonexistent,-0.1,93.2,-42.0,4.021,5195.8,0.05153362,1076
44,admin.,married,basic.9y,unknown,yes,yes,cellular,may,thu,1,999,1,failure,-1.8,92.893,-46.2,1.266,5099.1,0.051511783,1077
49,technician,married,professional.course,no,yes,no,cellular,jul,fri,2,999,0,nonexistent,1.4,93.918,-42.7,4.957,5228.1,0.05149649,1078
28,admin.,single,high.school,no,no,no,telephone,jun,tue,5,999,0,nonexistent,1.4,94.465,-41.8,4.864,5228.1,0.051348448,1079
43,admin.,married,university.degree,no,no,no,telephone,jun,thu,2,999,0,nonexistent,1.4,94.465,-41.8,4.961,5228.1,0.051335268,1080
34,blue-collar,single,basic.9y,unknown,no,yes,telephone,may,thu,1,999,0,nonexistent,1.1,93.994,-36.4,4.86,5191.0,0.051308554,1081
32,admin.,married,high.school,no,no,no,cellular,nov,tue,3,999,0,nonexistent,-0.1,93.2,-42.0,4.153,5195.8,0.051279284,1082
32,admin.,married,university.degree,no,yes,no,cellular,aug,tue,3,999,0,nonexistent,1.4,93.444,-36.1,4.963,5228.1,0.051276665,1083
32,admin.,single,university.degree,no,no,no,cellular,aug,wed,3,999,0,nonexistent,1.4,93.444,-36.1,4.964,5228.1,0.05125267,1084
45,self-employed,married,basic.9y,no,yes,no,cellular,jul,wed,1,999,0,nonexistent,1.4,93.918,-42.7,4.962,5228.1,0.051232457,1085
57,blue-collar,married,basic.9y,unknown,yes,no,cellular,aug,wed,1,999,0,nonexistent,1.4,93.444,-36.1,4.965,5228.1,0.051216107,1086
40,admin.,single,high.school,no,yes,no,telephone,nov,thu,2,999,0,nonexistent,-0.1,93.2,-42.0,4.076,5195.8,0.051201534,1087
53,unemployed,single,basic.9y,no,no,no,cellular,nov,fri,2,999,0,nonexistent,-0.1,93.2,-42.0,4.021,5195.8,0.051135216,1088
30,services,single,high.school,no,no,no,cellular,nov,mon,1,999,0,nonexistent,-0.1,93.2,-42.0,4.191,5195.8,0.05101712,1089
40,blue-collar,married,basic.9y,unknown,no,no,cellular,jul,mon,4,999,0,nonexistent,1.4,93.918,-42.7,4.96,5228.1,0.051014826,1090
27,services,married,high.school,no,yes,no,cellular,may,tue,3,999,1,failure,-1.8,92.893,-46.2,1.291,5099.1,0.05100927,1091
31,admin.,divorced,high.school,no,no,no,telephone,jun,fri,3,999,0,nonexistent,1.4,94.465,-41.8,4.959,5228.1,0.05100145,1092
40,blue-collar,married,basic.9y,no,yes,yes,cellular,may,thu,2,999,0,nonexistent,-1.8,92.893,-46.2,1.327,5099.1,0.050953858,1093
38,technician,single,university.degree,no,no,no,telephone,may,wed,3,999,0,nonexistent,1.1,93.994,-36.4,4.859,5191.0,0.050913937,1094
29,services,married,high.school,no,no,no,telephone,jun,wed,2,999,0,nonexistent,1.4,94.465,-41.8,4.864,5228.1,0.05090912,1095
40,technician,married,basic.9y,no,yes,no,cellular,jul,thu,1,999,0,nonexistent,1.4,93.918,-42.7,4.963,5228.1,0.050903495,1096
39,blue-collar,married,basic.4y,no,yes,no,cellular,jul,thu,1,999,0,nonexistent,1.4,93.918,-42.7,4.958,5228.1,0.05083084,1097
35,admin.,married,university.degree,no,no,no,cellular,aug,thu,5,999,0,nonexistent,1.4,93.444,-36.1,4.962,5228.1,0.05082486,1098
30,blue-collar,married,basic.4y,no,yes,no,cellular,may,thu,2,999,0,nonexistent,-1.8,92.893,-46.2,1.327,5099.1,0.05077076,1099
46,admin.,single,university.degree,unknown,yes,no,cellular,jul,thu,1,999,0,nonexistent,1.4,93.918,-42.7,4.958,5228.1,0.050722696,1100
40,blue-collar,married,professional.course,no,no,no,cellular,jul,mon,5,999,0,nonexistent,1.4,93.918,-42.7,4.962,5228.1,0.0507218,1101
41,admin.,married,high.school,no,yes,yes,cellular,jul,mon,3,999,0,nonexistent,1.4,93.918,-42.7,4.962,5228.1,0.050690345,1102
47,technician,divorced,high.school,no,yes,no,cellular,jul,thu,3,999,0,nonexistent,1.4,93.918,-42.7,4.962,5228.1,0.05068285,1103
39,admin.,single,university.degree,no,yes,yes,telephone,jun,mon,2,999,0,nonexistent,1.4,94.465,-41.8,4.865,5228.1,0.05056498,1104
31,technician,single,university.degree,no,no,no,cellular,aug,wed,3,999,0,nonexistent,1.4,93.444,-36.1,4.964,5228.1,0.05053424,1105
59,retired,married,basic.9y,no,yes,no,cellular,aug,mon,1,999,0,nonexistent,1.4,93.444,-36.1,4.965,5228.1,0.050518174,1106
58,management,divorced,university.degree,no,yes,no,cellular,nov,mon,1,999,0,nonexistent,-0.1,93.2,-42.0,4.191,5195.8,0.05049623,1107
34,admin.,married,university.degree,no,no,no,telephone,jun,fri,2,999,0,nonexistent,1.4,94.465,-41.8,4.967,5228.1,0.050466944,1108
43,blue-collar,married,basic.4y,no,no,no,telephone,jun,fri,3,999,0,nonexistent,1.4,94.465,-41.8,4.967,5228.1,0.0504307,1109
28,admin.,married,high.school,no,no,no,telephone,jun,tue,2,999,0,nonexistent,1.4,94.465,-41.8,4.864,5228.1,0.05040155,1110
43,blue-collar,married,basic.9y,unknown,yes,no,cellular,jul,mon,4,999,0,nonexistent,1.4,93.918,-42.7,4.96,5228.1,0.050393425,1111
28,technician,single,professional.course,no,no,no,cellular,jul,thu,5,999,0,nonexistent,1.4,93.918,-42.7,4.968,5228.1,0.05038001,1112
40,admin.,divorced,university.degree,no,no,no,cellular,nov,tue,2,999,0,nonexistent,-0.1,93.2,-42.0,4.153,5195.8,0.050361305,1113
48,blue-collar,married,basic.9y,no,no,no,telephone,jun,wed,1,999,0,nonexistent,1.4,94.465,-41.8,4.959,5228.1,0.05034196,1114
46,management,married,university.degree,no,no,yes,cellular,jul,fri,2,999,0,nonexistent,1.4,93.918,-42.7,4.962,5228.1,0.050148044,1115
44,blue-collar,married,basic.4y,unknown,no,no,cellular,may,fri,3,999,0,nonexistent,-1.8,92.893,-46.2,1.313,5099.1,0.0501346,1116
53,technician,married,professional.course,unknown,no,no,cellular,jul,fri,1,999,0,nonexistent,1.4,93.918,-42.7,4.962,5228.1,0.050130684,1117
46,admin.,married,high.school,no,yes,no,cellular,aug,thu,3,999,0,nonexistent,1.4,93.444,-36.1,4.962,5228.1,0.05002535,1118
57,technician,married,high.school,unknown,no,yes,cellular,aug,fri,1,999,0,nonexistent,1.4,93.444,-36.1,4.966,5228.1,0.049995165,1119
54,blue-collar,single,unknown,no,no,no,cellular,jul,mon,2,999,0,nonexistent,1.4,93.918,-42.7,4.962,5228.1,0.049956102,1120
33,admin.,divorced,university.degree,no,yes,no,cellular,aug,tue,1,999,0,nonexistent,1.4,93.444,-36.1,4.965,5228.1,0.04994591,1121
30,technician,single,professional.course,no,yes,no,telephone,may,wed,1,999,0,nonexistent,1.1,93.994,-36.4,4.859,5191.0,0.049942877,1122
41,blue-collar,married,professional.course,unknown,yes,no,cellular,apr,fri,1,999,0,nonexistent,-1.8,93.075,-47.1,1.405,5099.1,0.04989017,1123
56,blue-collar,divorced,basic.6y,unknown,no,no,cellular,may,wed,1,999,1,failure,-1.8,92.893,-46.2,1.281,5099.1,0.049884558,1124
32,self-employed,married,high.school,no,yes,no,cellular,aug,wed,3,999,0,nonexistent,1.4,93.444,-36.1,4.964,5228.1,0.049881816,1125
29,technician,single,high.school,no,yes,no,cellular,aug,mon,2,999,0,nonexistent,1.4,93.444,-36.1,4.963,5228.1,0.049857095,1126
48,housemaid,married,basic.4y,unknown,yes,yes,cellular,aug,tue,4,999,0,nonexistent,1.4,93.444,-36.1,4.968,5228.1,0.0498443,1127
37,blue-collar,divorced,professional.course,no,yes,no,cellular,nov,thu,1,999,0,nonexistent,-0.1,93.2,-42.0,4.076,5195.8,0.049843814,1128
36,services,married,high.school,unknown,no,no,cellular,may,fri,1,999,0,nonexistent,-1.8,92.893,-46.2,1.313,5099.1,0.049791574,1129
36,services,married,high.school,unknown,no,no,cellular,may,fri,1,999,0,nonexistent,-1.8,92.893,-46.2,1.313,5099.1,0.049791574,1130
51,management,married,unknown,unknown,yes,yes,telephone,jun,mon,3,999,0,nonexistent,1.4,94.465,-41.8,4.865,5228.1,0.04977885,1131
26,admin.,single,high.school,no,yes,yes,telephone,may,fri,3,999,0,nonexistent,1.1,93.994,-36.4,4.857,5191.0,0.04958737,1132
45,blue-collar,married,basic.6y,no,yes,no,telephone,jun,mon,2,999,0,nonexistent,1.4,94.465,-41.8,4.96,5228.1,0.049548823,1133
44,admin.,divorced,high.school,no,yes,no,cellular,jul,thu,2,999,0,nonexistent,1.4,93.918,-42.7,4.968,5228.1,0.049533546,1134
29,admin.,single,university.degree,unknown,no,no,cellular,aug,fri,1,999,0,nonexistent,1.4,93.444,-36.1,4.966,5228.1,0.04946599,1135
36,blue-collar,married,basic.9y,unknown,yes,no,cellular,may,wed,1,999,1,failure,-1.8,92.893,-46.2,1.281,5099.1,0.049450714,1136
40,services,divorced,high.school,no,yes,no,cellular,may,mon,2,999,0,nonexistent,-1.8,92.893,-46.2,1.299,5099.1,0.04940285,1137
47,admin.,married,high.school,unknown,no,no,cellular,aug,thu,8,999,0,nonexistent,1.4,93.444,-36.1,4.962,5228.1,0.049376074,1138
36,blue-collar,married,high.school,unknown,yes,no,cellular,jul,mon,5,999,0,nonexistent,1.4,93.918,-42.7,4.96,5228.1,0.04935324,1139
33,admin.,divorced,university.degree,no,no,yes,cellular,aug,mon,2,999,0,nonexistent,1.4,93.444,-36.1,4.97,5228.1,0.04935102,1140
39,admin.,divorced,high.school,no,yes,no,cellular,jul,tue,5,999,0,nonexistent,1.4,93.918,-42.7,4.961,5228.1,0.04920433,1141
32,services,single,high.school,no,yes,no,telephone,jun,fri,11,999,0,nonexistent,1.4,94.465,-41.8,4.959,5228.1,0.049204286,1142
32,management,married,university.degree,no,no,no,cellular,aug,mon,4,999,0,nonexistent,1.4,93.444,-36.1,4.963,5228.1,0.049187057,1143
35,admin.,married,university.degree,no,no,yes,cellular,aug,thu,1,999,0,nonexistent,1.4,93.444,-36.1,4.964,5228.1,0.049175035,1144
42,entrepreneur,married,professional.course,no,yes,no,cellular,jul,thu,7,999,0,nonexistent,1.4,93.918,-42.7,4.968,5228.1,0.049099844,1145
46,services,divorced,high.school,no,no,no,cellular,apr,mon,2,999,1,failure,-1.8,93.075,-47.1,1.466,5099.1,0.048931323,1146
29,blue-collar,married,basic.6y,no,yes,no,cellular,may,thu,6,999,0,nonexistent,-1.8,92.893,-46.2,1.266,5099.1,0.048922855,1147
49,admin.,married,high.school,no,no,no,cellular,aug,fri,1,999,0,nonexistent,1.4,93.444,-36.1,4.966,5228.1,0.048878692,1148
51,admin.,married,university.degree,unknown,unknown,unknown,cellular,aug,wed,1,999,0,nonexistent,1.4,93.444,-36.1,4.965,5228.1,0.04886732,1149
41,blue-collar,married,basic.4y,unknown,no,no,telephone,jun,wed,1,999,0,nonexistent,1.4,94.465,-41.8,4.864,5228.1,0.048852228,1150
48,services,married,professional.course,unknown,yes,no,cellular,jul,thu,5,999,0,nonexistent,1.4,93.918,-42.7,4.968,5228.1,0.048813146,1151
53,management,married,basic.4y,no,no,no,cellular,nov,wed,2,999,0,nonexistent,-0.1,93.2,-42.0,4.12,5195.8,0.04878295,1152
34,technician,single,professional.course,unknown,yes,no,cellular,jul,mon,4,999,0,nonexistent,1.4,93.918,-42.7,4.96,5228.1,0.048732013,1153
31,blue-collar,married,basic.4y,unknown,yes,no,cellular,jul,wed,1,999,0,nonexistent,1.4,93.918,-42.7,4.963,5228.1,0.048685405,1154
31,blue-collar,married,basic.4y,unknown,yes,no,cellular,jul,wed,1,999,0,nonexistent,1.4,93.918,-42.7,4.963,5228.1,0.048685405,1155
36,admin.,married,high.school,no,no,no,telephone,jun,fri,4,999,0,nonexistent,1.4,94.465,-41.8,4.967,5228.1,0.04854691,1156
33,blue-collar,single,basic.9y,no,yes,yes,cellular,may,thu,2,999,1,failure,-1.8,92.893,-46.2,1.327,5099.1,0.048545636,1157
37,admin.,single,university.degree,unknown,yes,no,telephone,jun,thu,3,999,0,nonexistent,1.4,94.465,-41.8,4.955,5228.1,0.048497424,1158
56,retired,married,basic.4y,no,yes,no,telephone,jun,mon,1,999,0,nonexistent,1.4,94.465,-41.8,4.961,5228.1,0.04844389,1159
31,admin.,single,university.degree,unknown,yes,no,cellular,aug,thu,1,999,0,nonexistent,1.4,93.444,-36.1,4.968,5228.1,0.0484101,1160
57,retired,divorced,basic.9y,no,yes,no,cellular,may,tue,3,999,1,failure,-1.8,92.893,-46.2,1.291,5099.1,0.04836004,1161
22,blue-collar,single,unknown,unknown,unknown,unknown,cellular,jul,mon,2,999,0,nonexistent,1.4,93.918,-42.7,4.96,5228.1,0.04833073,1162
54,entrepreneur,married,university.degree,no,yes,no,telephone,jun,wed,2,999,0,nonexistent,1.4,94.465,-41.8,4.864,5228.1,0.04828671,1163
31,blue-collar,married,basic.4y,no,yes,no,cellular,jul,thu,3,999,0,nonexistent,1.4,93.918,-42.7,4.963,5228.1,0.048266247,1164
41,self-employed,married,university.degree,no,yes,no,cellular,aug,tue,1,999,0,nonexistent,1.4,93.444,-36.1,4.966,5228.1,0.04817809,1165
47,blue-collar,married,basic.6y,no,yes,no,cellular,aug,tue,1,999,0,nonexistent,1.4,93.444,-36.1,4.963,5228.1,0.04817302,1166
25,blue-collar,married,basic.9y,no,yes,no,telephone,jun,wed,2,999,0,nonexistent,1.4,94.465,-41.8,4.962,5228.1,0.04815119,1167
45,admin.,married,unknown,no,no,no,telephone,jun,tue,6,999,0,nonexistent,1.4,94.465,-41.8,4.864,5228.1,0.048119403,1168
41,technician,married,professional.course,no,no,no,cellular,aug,wed,1,999,0,nonexistent,1.4,93.444,-36.1,4.965,5228.1,0.048084144,1169
42,technician,married,professional.course,no,yes,no,cellular,aug,thu,2,999,0,nonexistent,1.4,93.444,-36.1,4.968,5228.1,0.048012313,1170
38,blue-collar,divorced,basic.4y,no,yes,no,cellular,jul,tue,3,999,0,nonexistent,1.4,93.918,-42.7,4.961,5228.1,0.047988594,1171
40,blue-collar,married,basic.6y,no,unknown,unknown,cellular,nov,wed,3,999,0,nonexistent,-0.1,93.2,-42.0,4.12,5195.8,0.047899604,1172
38,admin.,single,high.school,unknown,yes,no,telephone,jun,thu,2,999,0,nonexistent,1.4,94.465,-41.8,4.866,5228.1,0.047876038,1173
52,admin.,married,high.school,no,yes,no,cellular,aug,fri,1,999,0,nonexistent,1.4,93.444,-36.1,4.963,5228.1,0.04785783,1174
46,services,married,unknown,no,no,no,cellular,aug,fri,1,999,0,nonexistent,1.4,93.444,-36.1,4.964,5228.1,0.047816508,1175
44,admin.,divorced,university.degree,no,yes,no,cellular,aug,thu,1,999,0,nonexistent,1.4,93.444,-36.1,4.968,5228.1,0.047797818,1176
38,entrepreneur,divorced,basic.9y,no,no,no,cellular,nov,wed,2,999,0,nonexistent,-0.1,93.2,-42.0,4.12,5195.8,0.04739918,1177
57,housemaid,married,basic.4y,no,yes,no,cellular,aug,wed,1,999,0,nonexistent,1.4,93.444,-36.1,4.964,5228.1,0.047374412,1178
32,technician,single,university.degree,no,yes,no,cellular,aug,mon,1,999,0,nonexistent,1.4,93.444,-36.1,4.965,5228.1,0.047372524,1179
52,management,married,university.degree,no,no,no,telephone,jun,thu,2,999,0,nonexistent,1.4,94.465,-41.8,4.866,5228.1,0.04736571,1180
33,services,single,high.school,no,yes,no,telephone,jun,thu,5,999,0,nonexistent,1.4,94.465,-41.8,4.961,5228.1,0.0472599,1181
29,student,single,university.degree,no,yes,no,cellular,jul,thu,1,999,0,nonexistent,1.4,93.918,-42.7,4.963,5228.1,0.047226645,1182
26,services,single,unknown,no,yes,no,telephone,may,fri,2,999,0,nonexistent,1.1,93.994,-36.4,4.864,5191.0,0.047216237,1183
52,technician,married,professional.course,no,yes,no,cellular,aug,thu,3,999,0,nonexistent,1.4,93.444,-36.1,4.968,5228.1,0.047099084,1184
53,management,married,high.school,no,no,no,cellular,nov,thu,1,999,1,failure,-0.1,93.2,-42.0,4.076,5195.8,0.047097154,1185
34,admin.,divorced,university.degree,no,yes,no,cellular,aug,mon,4,999,0,nonexistent,1.4,93.444,-36.1,4.963,5228.1,0.047035955,1186
21,technician,single,professional.course,no,no,no,telephone,jun,wed,4,999,0,nonexistent,1.4,94.465,-41.8,4.959,5228.1,0.04692817,1187
48,services,married,professional.course,unknown,yes,yes,cellular,jul,wed,2,999,0,nonexistent,1.4,93.918,-42.7,4.963,5228.1,0.046907753,1188
34,admin.,single,university.degree,no,yes,no,cellular,aug,mon,4,999,0,nonexistent,1.4,93.444,-36.1,4.963,5228.1,0.046879258,1189
34,self-employed,single,university.degree,no,yes,no,telephone,jun,fri,2,999,0,nonexistent,1.4,94.465,-41.8,4.959,5228.1,0.0468503,1190
38,technician,single,professional.course,no,yes,no,cellular,jul,thu,1,999,0,nonexistent,1.4,93.918,-42.7,4.962,5228.1,0.046775885,1191
50,admin.,married,university.degree,no,yes,no,telephone,may,fri,4,999,0,nonexistent,1.1,93.994,-36.4,4.864,5191.0,0.0467726,1192
33,admin.,single,university.degree,no,no,no,cellular,may,mon,1,999,1,failure,-1.8,92.893,-46.2,1.299,5099.1,0.04668738,1193
24,entrepreneur,married,university.degree,no,yes,yes,telephone,jun,wed,4,999,0,nonexistent,1.4,94.465,-41.8,4.962,5228.1,0.04667091,1194
40,technician,married,basic.9y,unknown,no,no,cellular,jul,mon,1,999,0,nonexistent,1.4,93.918,-42.7,4.96,5228.1,0.046667933,1195
45,technician,married,university.degree,no,no,no,cellular,nov,wed,2,999,1,failure,-0.1,93.2,-42.0,4.12,5195.8,0.046598833,1196
47,technician,married,professional.course,no,yes,no,cellular,nov,thu,4,999,0,nonexistent,-0.1,93.2,-42.0,4.076,5195.8,0.046485763,1197
34,admin.,married,university.degree,no,no,no,telephone,jul,wed,4,999,0,nonexistent,1.4,93.918,-42.7,4.963,5228.1,0.046404175,1198
32,services,married,basic.6y,unknown,yes,no,telephone,nov,tue,2,999,0,nonexistent,-0.1,93.2,-42.0,4.153,5195.8,0.046390176,1199
31,blue-collar,married,basic.9y,no,yes,yes,telephone,may,wed,1,999,0,nonexistent,1.1,93.994,-36.4,4.859,5191.0,0.046347585,1200
45,housemaid,married,basic.4y,no,no,no,cellular,aug,thu,3,999,0,nonexistent,1.4,93.444,-36.1,4.963,5228.1,0.046323415,1201
55,blue-collar,single,basic.9y,unknown,yes,no,cellular,jul,tue,3,999,0,nonexistent,1.4,93.918,-42.7,4.961,5228.1,0.046291523,1202
25,self-employed,married,professional.course,no,yes,no,telephone,jun,wed,2,999,0,nonexistent,1.4,94.465,-41.8,4.959,5228.1,0.046243925,1203
48,admin.,single,university.degree,no,yes,yes,cellular,jul,mon,7,999,0,nonexistent,1.4,93.918,-42.7,4.962,5228.1,0.046242516,1204
51,technician,married,professional.course,unknown,yes,yes,cellular,aug,mon,1,999,0,nonexistent,1.4,93.444,-36.1,4.965,5228.1,0.046152674,1205
32,technician,married,professional.course,unknown,no,no,cellular,aug,thu,1,999,0,nonexistent,1.4,93.444,-36.1,4.963,5228.1,0.046117842,1206
43,blue-collar,married,basic.9y,no,yes,yes,cellular,jul,tue,2,999,0,nonexistent,1.4,93.918,-42.7,4.961,5228.1,0.046039607,1207
31,technician,married,university.degree,no,no,no,cellular,aug,fri,2,999,0,nonexistent,1.4,93.444,-36.1,4.964,5228.1,0.046032555,1208
53,admin.,married,university.degree,no,no,no,cellular,aug,wed,1,999,0,nonexistent,1.4,93.444,-36.1,4.964,5228.1,0.04600336,1209
37,technician,divorced,professional.course,no,unknown,unknown,cellular,aug,tue,1,999,0,nonexistent,1.4,93.444,-36.1,4.965,5228.1,0.046002418,1210
56,technician,divorced,professional.course,no,no,no,cellular,jul,tue,1,999,0,nonexistent,1.4,93.918,-42.7,4.962,5228.1,0.045885477,1211
51,technician,married,professional.course,no,yes,no,cellular,aug,wed,2,999,0,nonexistent,1.4,93.444,-36.1,4.964,5228.1,0.045854714,1212
29,admin.,married,university.degree,no,no,yes,telephone,jun,thu,1,999,0,nonexistent,1.4,94.465,-41.8,4.961,5228.1,0.04585145,1213
33,technician,single,professional.course,unknown,yes,no,telephone,may,fri,2,999,0,nonexistent,1.1,93.994,-36.4,4.864,5191.0,0.04578475,1214
47,blue-collar,married,basic.4y,no,no,no,cellular,aug,fri,5,999,0,nonexistent,1.4,93.444,-36.1,4.964,5228.1,0.045721106,1215
52,blue-collar,married,basic.9y,no,yes,yes,telephone,jun,fri,2,999,0,nonexistent,1.4,94.465,-41.8,4.959,5228.1,0.045707174,1216
38,admin.,married,high.school,no,yes,yes,cellular,aug,mon,2,999,0,nonexistent,1.4,93.444,-36.1,4.965,5228.1,0.045657206,1217
40,admin.,single,high.school,no,yes,no,telephone,jun,mon,4,999,0,nonexistent,1.4,94.465,-41.8,4.865,5228.1,0.045562174,1218
57,admin.,married,university.degree,unknown,yes,no,cellular,aug,fri,1,999,0,nonexistent,1.4,93.444,-36.1,4.966,5228.1,0.0455471,1219
31,admin.,single,university.degree,no,yes,no,cellular,aug,tue,2,999,0,nonexistent,1.4,93.444,-36.1,4.963,5228.1,0.045546085,1220
53,admin.,divorced,university.degree,no,yes,no,telephone,jun,wed,1,999,0,nonexistent,1.4,94.465,-41.8,4.864,5228.1,0.045511637,1221
39,blue-collar,single,basic.4y,unknown,no,no,telephone,jun,fri,3,999,0,nonexistent,1.4,94.465,-41.8,4.959,5228.1,0.045500576,1222
36,admin.,married,university.degree,no,yes,no,cellular,may,wed,6,999,0,nonexistent,-1.8,92.893,-46.2,1.281,5099.1,0.0454968,1223
32,services,married,basic.9y,no,yes,no,telephone,jul,wed,3,999,0,nonexistent,1.4,93.918,-42.7,4.963,5228.1,0.04549597,1224
24,services,single,high.school,no,yes,no,telephone,may,fri,1,999,0,nonexistent,1.1,93.994,-36.4,4.855,5191.0,0.045424398,1225
51,housemaid,divorced,high.school,no,yes,yes,cellular,jul,thu,1,999,0,nonexistent,1.4,93.918,-42.7,4.962,5228.1,0.045410577,1226
40,admin.,married,high.school,no,no,no,telephone,jun,thu,2,999,0,nonexistent,1.4,94.465,-41.8,4.866,5228.1,0.04536122,1227
40,blue-collar,divorced,unknown,no,yes,no,cellular,jul,tue,6,999,0,nonexistent,1.4,93.918,-42.7,4.961,5228.1,0.045288336,1228
44,blue-collar,married,basic.4y,unknown,yes,no,cellular,aug,thu,3,999,0,nonexistent,1.4,93.444,-36.1,4.963,5228.1,0.04522569,1229
51,management,married,unknown,no,no,no,telephone,nov,mon,1,999,0,nonexistent,-0.1,93.2,-42.0,4.191,5195.8,0.045215108,1230
30,housemaid,married,basic.6y,no,yes,no,cellular,aug,mon,5,999,0,nonexistent,1.4,93.444,-36.1,4.965,5228.1,0.04520739,1231
33,services,single,high.school,no,no,no,telephone,may,thu,2,999,0,nonexistent,1.1,93.994,-36.4,4.86,5191.0,0.045187715,1232
31,management,single,university.degree,no,yes,no,telephone,may,wed,1,999,0,nonexistent,1.1,93.994,-36.4,4.856,5191.0,0.045148276,1233
53,admin.,married,high.school,no,yes,yes,cellular,may,mon,2,999,1,failure,-1.8,92.893,-46.2,1.299,5099.1,0.045117088,1234
47,management,married,university.degree,no,yes,no,cellular,nov,tue,2,999,0,nonexistent,-0.1,93.2,-42.0,4.153,5195.8,0.04500137,1235
56,admin.,divorced,basic.6y,unknown,no,no,cellular,jul,mon,3,999,0,nonexistent,1.4,93.918,-42.7,4.962,5228.1,0.044989105,1236
53,retired,divorced,high.school,no,yes,no,telephone,may,wed,3,999,0,nonexistent,1.1,93.994,-36.4,4.858,5191.0,0.04494109,1237
36,technician,single,professional.course,no,yes,no,cellular,nov,tue,1,999,1,failure,-0.1,93.2,-42.0,4.153,5195.8,0.044935767,1238
28,blue-collar,single,basic.9y,no,no,yes,telephone,may,fri,4,999,0,nonexistent,1.1,93.994,-36.4,4.859,5191.0,0.044832665,1239
37,unemployed,married,university.degree,no,no,yes,telephone,jul,fri,3,999,0,nonexistent,1.4,93.918,-42.7,4.959,5228.1,0.04482929,1240
49,management,married,university.degree,no,yes,no,cellular,nov,tue,1,999,0,nonexistent,-0.1,93.2,-42.0,4.153,5195.8,0.044784747,1241
33,admin.,divorced,high.school,no,yes,no,telephone,may,fri,1,999,0,nonexistent,1.1,93.994,-36.4,4.859,5191.0,0.044728674,1242
50,admin.,married,high.school,unknown,no,no,telephone,jun,wed,1,999,0,nonexistent,1.4,94.465,-41.8,4.864,5228.1,0.044715047,1243
45,blue-collar,married,basic.9y,no,no,no,cellular,nov,fri,2,999,1,failure,-0.1,93.2,-42.0,4.021,5195.8,0.044698082,1244
47,admin.,divorced,university.degree,no,no,no,telephone,jun,wed,4,999,0,nonexistent,1.4,94.465,-41.8,4.864,5228.1,0.04464266,1245
35,admin.,married,university.degree,no,yes,yes,cellular,aug,thu,7,999,0,nonexistent,1.4,93.444,-36.1,4.962,5228.1,0.044614024,1246
32,admin.,single,professional.course,no,yes,yes,telephone,may,fri,4,999,0,nonexistent,-1.8,92.893,-46.2,1.25,5099.1,0.04460023,1247
38,technician,single,professional.course,no,unknown,unknown,cellular,jul,wed,2,999,0,nonexistent,1.4,93.918,-42.7,4.963,5228.1,0.04449099,1248
36,blue-collar,single,basic.4y,no,yes,no,telephone,jun,thu,2,999,0,nonexistent,1.4,94.465,-41.8,4.955,5228.1,0.044470217,1249
41,technician,single,professional.course,no,no,no,cellular,aug,tue,1,999,0,nonexistent,1.4,93.444,-36.1,4.968,5228.1,0.044450417,1250
50,blue-collar,married,basic.4y,unknown,no,no,telephone,jun,thu,1,999,0,nonexistent,1.4,94.465,-41.8,4.958,5228.1,0.044446334,1251
30,technician,married,university.degree,no,no,no,cellular,nov,thu,6,999,0,nonexistent,-0.1,93.2,-42.0,4.076,5195.8,0.044418447,1252
31,technician,married,professional.course,no,yes,no,cellular,aug,thu,1,999,0,nonexistent,1.4,93.444,-36.1,4.964,5228.1,0.044398706,1253
56,admin.,married,unknown,no,yes,no,cellular,aug,fri,4,999,0,nonexistent,1.4,93.444,-36.1,4.964,5228.1,0.044391636,1254
34,housemaid,divorced,basic.6y,no,no,no,telephone,may,fri,3,999,0,nonexistent,1.1,93.994,-36.4,4.864,5191.0,0.04436636,1255
39,technician,married,professional.course,no,yes,no,cellular,aug,thu,1,999,0,nonexistent,1.4,93.444,-36.1,4.968,5228.1,0.04432247,1256
41,blue-collar,married,basic.4y,no,no,yes,telephone,jun,tue,1,999,0,nonexistent,1.4,94.465,-41.8,4.864,5228.1,0.044270203,1257
34,technician,single,professional.course,no,no,no,telephone,may,wed,1,999,0,nonexistent,1.1,93.994,-36.4,4.859,5191.0,0.04424092,1258
29,admin.,single,university.degree,no,no,no,telephone,jun,mon,2,999,0,nonexistent,1.4,94.465,-41.8,4.96,5228.1,0.044199143,1259
34,admin.,single,university.degree,no,no,yes,cellular,aug,mon,3,999,0,nonexistent,1.4,93.444,-36.1,4.97,5228.1,0.0441831,1260
36,services,married,university.degree,no,yes,no,cellular,nov,wed,3,999,0,nonexistent,-0.1,93.2,-42.0,4.12,5195.8,0.044162713,1261
36,management,married,university.degree,no,yes,no,telephone,nov,tue,4,999,0,nonexistent,-0.1,93.2,-42.0,4.153,5195.8,0.044151563,1262
44,admin.,single,university.degree,no,no,no,cellular,aug,fri,1,999,0,nonexistent,1.4,93.444,-36.1,4.966,5228.1,0.0441407,1263
33,blue-collar,divorced,basic.9y,no,yes,no,telephone,jun,thu,1,999,0,nonexistent,1.4,94.465,-41.8,4.958,5228.1,0.04410792,1264
35,technician,single,professional.course,no,yes,yes,cellular,aug,thu,1,999,0,nonexistent,1.4,93.444,-36.1,4.964,5228.1,0.044101804,1265
32,services,married,university.degree,no,no,no,telephone,jul,mon,10,999,0,nonexistent,1.4,93.918,-42.7,4.96,5228.1,0.04407711,1266
49,technician,married,professional.course,no,no,no,cellular,aug,wed,3,999,0,nonexistent,1.4,93.444,-36.1,4.964,5228.1,0.043970928,1267
29,technician,single,professional.course,no,no,no,telephone,may,thu,2,999,0,nonexistent,1.1,93.994,-36.4,4.86,5191.0,0.043933596,1268
48,technician,married,high.school,unknown,yes,yes,cellular,aug,tue,1,999,0,nonexistent,1.4,93.444,-36.1,4.963,5228.1,0.043928932,1269
38,blue-collar,single,unknown,unknown,no,yes,telephone,may,wed,2,999,0,nonexistent,1.1,93.994,-36.4,4.856,5191.0,0.043925848,1270
39,admin.,married,high.school,no,yes,no,telephone,jun,thu,2,999,0,nonexistent,1.4,94.465,-41.8,4.866,5228.1,0.04391197,1271
39,technician,single,professional.course,no,yes,no,cellular,nov,tue,1,999,0,nonexistent,-0.1,93.2,-42.0,4.153,5195.8,0.043889277,1272
36,blue-collar,married,basic.6y,no,no,no,cellular,nov,tue,1,999,1,failure,-0.1,93.2,-42.0,4.153,5195.8,0.04388641,1273
48,blue-collar,married,basic.4y,unknown,yes,no,cellular,aug,thu,1,999,0,nonexistent,1.4,93.444,-36.1,4.968,5228.1,0.04388228,1274
49,blue-collar,married,basic.9y,unknown,yes,no,cellular,aug,thu,1,999,0,nonexistent,1.4,93.444,-36.1,4.963,5228.1,0.043873943,1275
34,blue-collar,single,professional.course,no,no,yes,cellular,jul,mon,3,999,0,nonexistent,1.4,93.918,-42.7,4.962,5228.1,0.043792013,1276
34,housemaid,single,university.degree,no,no,no,telephone,may,fri,2,999,0,nonexistent,1.1,93.994,-36.4,4.864,5191.0,0.04378868,1277
55,retired,divorced,high.school,unknown,yes,no,telephone,may,wed,1,999,0,nonexistent,1.1,93.994,-36.4,4.858,5191.0,0.043709643,1278
24,services,single,high.school,no,no,no,telephone,may,fri,1,999,0,nonexistent,1.1,93.994,-36.4,4.855,5191.0,0.043706246,1279
28,technician,single,professional.course,no,yes,no,telephone,may,thu,2,999,0,nonexistent,1.1,93.994,-36.4,4.86,5191.0,0.04369471,1280
46,admin.,married,university.degree,unknown,no,yes,cellular,aug,mon,4,999,0,nonexistent,1.4,93.444,-36.1,4.965,5228.1,0.043690585,1281
38,blue-collar,married,high.school,unknown,yes,no,telephone,may,fri,2,999,0,nonexistent,1.1,93.994,-36.4,4.864,5191.0,0.043667786,1282
31,management,married,high.school,no,yes,yes,telephone,jun,tue,2,999,0,nonexistent,1.4,94.465,-41.8,4.961,5228.1,0.043654874,1283
26,services,single,high.school,no,yes,no,cellular,jul,wed,8,999,0,nonexistent,1.4,93.918,-42.7,4.963,5228.1,0.0436006,1284
39,student,single,unknown,no,yes,no,telephone,jun,tue,1,999,0,nonexistent,1.4,94.465,-41.8,4.961,5228.1,0.043584615,1285
45,technician,married,university.degree,no,yes,no,telephone,nov,mon,1,999,0,nonexistent,-0.1,93.2,-42.0,4.191,5195.8,0.043548718,1286
41,technician,married,university.degree,no,yes,no,cellular,aug,thu,2,999,0,nonexistent,1.4,93.444,-36.1,4.964,5228.1,0.043539327,1287
30,admin.,single,high.school,no,no,yes,telephone,may,thu,4,999,0,nonexistent,1.1,93.994,-36.4,4.86,5191.0,0.043459304,1288
33,technician,married,high.school,no,yes,no,telephone,may,fri,2,999,0,nonexistent,1.1,93.994,-36.4,4.864,5191.0,0.043447435,1289
44,blue-collar,married,basic.4y,unknown,no,yes,cellular,aug,thu,1,999,0,nonexistent,1.4,93.444,-36.1,4.963,5228.1,0.043439128,1290
52,entrepreneur,divorced,basic.4y,no,no,no,telephone,jun,tue,4,999,0,nonexistent,1.4,94.465,-41.8,4.961,5228.1,0.04333489,1291
41,blue-collar,married,basic.9y,unknown,no,no,telephone,jun,fri,2,999,0,nonexistent,1.4,94.465,-41.8,4.959,5228.1,0.04328521,1292
38,admin.,single,university.degree,no,yes,no,cellular,aug,thu,2,999,0,nonexistent,1.4,93.444,-36.1,4.963,5228.1,0.043243602,1293
33,admin.,married,high.school,no,yes,no,telephone,jun,tue,1,999,0,nonexistent,1.4,94.465,-41.8,4.864,5228.1,0.043159865,1294
37,technician,single,university.degree,no,no,no,cellular,aug,tue,2,999,0,nonexistent,1.4,93.444,-36.1,4.963,5228.1,0.043146692,1295
37,technician,married,university.degree,no,yes,no,telephone,jun,tue,2,999,0,nonexistent,1.4,94.465,-41.8,4.961,5228.1,0.04312571,1296
32,technician,single,high.school,no,yes,no,cellular,aug,fri,2,999,0,nonexistent,1.4,93.444,-36.1,4.963,5228.1,0.043117724,1297
33,technician,married,basic.9y,no,no,no,telephone,jun,mon,1,999,0,nonexistent,1.4,94.465,-41.8,4.961,5228.1,0.043062437,1298
51,services,married,unknown,no,no,yes,cellular,aug,fri,3,999,0,nonexistent,1.4,93.444,-36.1,4.964,5228.1,0.04289915,1299
27,blue-collar,married,basic.9y,unknown,yes,no,cellular,apr,mon,2,999,0,nonexistent,-1.8,93.075,-47.1,1.405,5099.1,0.042856127,1300
25,services,single,high.school,unknown,no,no,telephone,jul,wed,2,999,0,nonexistent,1.4,93.918,-42.7,4.963,5228.1,0.04283705,1301
38,admin.,single,basic.9y,no,no,no,telephone,jun,fri,1,999,0,nonexistent,1.4,94.465,-41.8,4.959,5228.1,0.042800818,1302
26,blue-collar,married,basic.9y,unknown,yes,no,telephone,may,thu,3,999,0,nonexistent,1.1,93.994,-36.4,4.86,5191.0,0.042791303,1303
37,admin.,single,university.degree,no,no,no,cellular,may,fri,2,999,1,failure,-1.8,92.893,-46.2,1.313,5099.1,0.042744726,1304
58,blue-collar,married,unknown,unknown,yes,no,cellular,jul,thu,4,999,0,nonexistent,1.4,93.918,-42.7,4.962,5228.1,0.04273267,1305
42,self-employed,married,university.degree,unknown,unknown,unknown,cellular,may,wed,2,999,1,failure,-1.8,92.893,-46.2,1.334,5099.1,0.04270761,1306
32,technician,single,high.school,no,no,no,telephone,jun,mon,3,999,0,nonexistent,1.4,94.465,-41.8,4.96,5228.1,0.042586133,1307
39,technician,married,professional.course,no,yes,no,telephone,jun,thu,2,999,0,nonexistent,1.4,94.465,-41.8,4.961,5228.1,0.04258396,1308
35,technician,married,professional.course,no,yes,yes,cellular,aug,tue,1,999,0,nonexistent,1.4,93.444,-36.1,4.963,5228.1,0.04254476,1309
29,admin.,married,university.degree,no,no,no,cellular,may,wed,5,999,1,failure,-1.8,92.893,-46.2,1.281,5099.1,0.042528875,1310
42,management,married,high.school,no,yes,no,cellular,aug,tue,1,999,0,nonexistent,1.4,93.444,-36.1,4.963,5228.1,0.04249486,1311
33,blue-collar,single,basic.9y,no,yes,no,cellular,nov,mon,1,999,0,nonexistent,-0.1,93.2,-42.0,4.191,5195.8,0.04243883,1312
49,admin.,married,university.degree,no,yes,no,cellular,apr,mon,6,999,1,failure,-1.8,93.075,-47.1,1.405,5099.1,0.04233554,1313
38,blue-collar,single,basic.9y,unknown,no,no,telephone,may,fri,2,999,0,nonexistent,1.1,93.994,-36.4,4.864,5191.0,0.04229222,1314
35,student,single,university.degree,unknown,no,no,telephone,may,tue,5,999,0,nonexistent,1.1,93.994,-36.4,4.857,5191.0,0.042225685,1315
31,technician,divorced,university.degree,no,no,yes,cellular,aug,fri,1,999,0,nonexistent,1.4,93.444,-36.1,4.963,5228.1,0.04220598,1316
31,admin.,married,university.degree,no,yes,yes,cellular,nov,wed,1,999,1,failure,-0.1,93.2,-42.0,4.12,5195.8,0.04207461,1317
32,blue-collar,married,basic.6y,no,no,no,telephone,jul,mon,6,999,0,nonexistent,1.4,93.918,-42.7,4.96,5228.1,0.042035908,1318
45,entrepreneur,married,basic.9y,unknown,no,no,telephone,jun,fri,1,999,0,nonexistent,1.4,94.465,-41.8,4.959,5228.1,0.041894116,1319
41,technician,single,professional.course,no,yes,no,telephone,jun,wed,1,999,0,nonexistent,1.4,94.465,-41.8,4.962,5228.1,0.041839655,1320
30,blue-collar,married,basic.4y,no,yes,no,cellular,nov,wed,2,999,0,nonexistent,-0.1,93.2,-42.0,4.12,5195.8,0.041839506,1321
30,technician,divorced,professional.course,no,no,no,telephone,jun,mon,2,999,0,nonexistent,1.4,94.465,-41.8,4.96,5228.1,0.041810513,1322
50,entrepreneur,married,university.degree,no,yes,no,cellular,nov,wed,2,999,1,failure,-0.1,93.2,-42.0,4.12,5195.8,0.04176135,1323
32,management,single,university.degree,no,no,no,telephone,may,wed,1,999,0,nonexistent,1.1,93.994,-36.4,4.858,5191.0,0.041662678,1324
48,admin.,divorced,university.degree,no,no,no,telephone,jun,fri,4,999,0,nonexistent,1.4,94.465,-41.8,4.967,5228.1,0.041658442,1325
31,blue-collar,single,high.school,no,unknown,unknown,telephone,may,thu,4,999,0,nonexistent,1.1,93.994,-36.4,4.86,5191.0,0.041648515,1326
29,unemployed,single,university.degree,no,no,no,telephone,may,thu,1,999,0,nonexistent,1.1,93.994,-36.4,4.86,5191.0,0.04156833,1327
57,admin.,single,university.degree,unknown,yes,yes,cellular,aug,wed,1,999,0,nonexistent,1.4,93.444,-36.1,4.965,5228.1,0.04149744,1328
31,admin.,single,university.degree,no,yes,yes,cellular,aug,thu,3,999,0,nonexistent,1.4,93.444,-36.1,4.962,5228.1,0.041467257,1329
38,technician,single,professional.course,no,yes,no,cellular,aug,tue,4,999,0,nonexistent,1.4,93.444,-36.1,4.963,5228.1,0.041427776,1330
32,admin.,single,university.degree,no,no,no,cellular,aug,wed,1,999,0,nonexistent,1.4,93.444,-36.1,4.964,5228.1,0.04141172,1331
38,unemployed,married,basic.9y,unknown,yes,no,telephone,jun,wed,3,999,0,nonexistent,1.4,94.465,-41.8,4.962,5228.1,0.041334733,1332
35,blue-collar,married,basic.9y,no,no,yes,telephone,jun,mon,2,999,0,nonexistent,1.4,94.465,-41.8,4.961,5228.1,0.04132568,1333
52,blue-collar,married,unknown,unknown,yes,no,telephone,jun,thu,3,999,0,nonexistent,1.4,94.465,-41.8,4.866,5228.1,0.04124656,1334
42,blue-collar,married,basic.4y,unknown,no,no,telephone,jun,thu,1,999,0,nonexistent,1.4,94.465,-41.8,4.958,5228.1,0.041128125,1335
39,entrepreneur,married,high.school,no,unknown,unknown,telephone,jun,mon,3,999,0,nonexistent,1.4,94.465,-41.8,4.96,5228.1,0.041099016,1336
55,management,single,basic.4y,no,yes,no,telephone,jun,wed,4,999,0,nonexistent,1.4,94.465,-41.8,4.962,5228.1,0.041029155,1337
40,management,married,basic.6y,no,no,no,cellular,nov,mon,1,999,0,nonexistent,-0.1,93.2,-42.0,4.191,5195.8,0.041028894,1338
58,unemployed,married,basic.9y,no,no,no,telephone,jun,mon,2,999,0,nonexistent,1.4,94.465,-41.8,4.865,5228.1,0.041016728,1339
51,admin.,married,university.degree,no,no,no,cellular,aug,thu,1,999,0,nonexistent,1.4,93.444,-36.1,4.963,5228.1,0.040989026,1340
38,technician,divorced,professional.course,no,yes,no,cellular,aug,fri,2,999,0,nonexistent,1.4,93.444,-36.1,4.963,5228.1,0.0409711,1341
38,technician,divorced,professional.course,no,yes,no,cellular,aug,fri,2,999,0,nonexistent,1.4,93.444,-36.1,4.963,5228.1,0.0409711,1342
42,admin.,married,high.school,unknown,no,no,telephone,jun,tue,2,999,0,nonexistent,1.4,94.465,-41.8,4.961,5228.1,0.04096315,1343
41,technician,single,university.degree,unknown,yes,no,telephone,jun,mon,4,999,0,nonexistent,1.4,94.465,-41.8,4.865,5228.1,0.04093944,1344
36,technician,married,professional.course,unknown,yes,no,cellular,aug,fri,2,999,0,nonexistent,1.4,93.444,-36.1,4.964,5228.1,0.04092335,1345
28,blue-collar,married,basic.9y,no,no,no,telephone,jun,thu,1,999,0,nonexistent,1.4,94.465,-41.8,4.961,5228.1,0.040900607,1346
53,admin.,married,basic.9y,no,no,no,telephone,may,wed,1,999,0,nonexistent,1.1,93.994,-36.4,4.858,5191.0,0.04079537,1347
60,retired,married,university.degree,unknown,no,no,telephone,may,fri,1,999,0,nonexistent,1.1,93.994,-36.4,4.855,5191.0,0.040760446,1348
41,technician,married,professional.course,no,yes,no,cellular,aug,mon,1,999,0,nonexistent,1.4,93.444,-36.1,4.963,5228.1,0.04072572,1349
52,technician,divorced,university.degree,no,no,no,telephone,jun,mon,3,999,0,nonexistent,1.4,94.465,-41.8,4.96,5228.1,0.040695027,1350
33,self-employed,single,university.degree,no,no,no,telephone,jun,thu,1,999,0,nonexistent,1.4,94.465,-41.8,4.961,5228.1,0.04068941,1351
55,blue-collar,married,basic.6y,unknown,unknown,unknown,cellular,jul,thu,1,999,0,nonexistent,1.4,93.918,-42.7,4.962,5228.1,0.040437657,1352
31,admin.,married,university.degree,no,yes,no,cellular,aug,thu,1,999,0,nonexistent,1.4,93.444,-36.1,4.962,5228.1,0.04041028,1353
46,housemaid,married,basic.4y,no,no,no,telephone,may,wed,1,999,0,nonexistent,1.1,93.994,-36.4,4.858,5191.0,0.0403047,1354
32,blue-collar,married,basic.6y,no,yes,no,telephone,may,thu,3,999,0,nonexistent,1.1,93.994,-36.4,4.86,5191.0,0.04025005,1355
33,admin.,married,university.degree,no,yes,no,telephone,nov,fri,3,999,1,failure,-0.1,93.2,-42.0,4.021,5195.8,0.04024529,1356
28,services,single,high.school,no,yes,yes,telephone,may,fri,1,999,0,nonexistent,1.1,93.994,-36.4,4.855,5191.0,0.040152494,1357
46,admin.,single,university.degree,no,yes,yes,cellular,jul,tue,1,999,0,nonexistent,1.4,93.918,-42.7,4.961,5228.1,0.04011756,1358
56,admin.,married,high.school,no,yes,no,telephone,may,fri,2,999,0,nonexistent,1.1,93.994,-36.4,4.864,5191.0,0.04008126,1359
31,management,married,university.degree,no,no,yes,cellular,aug,thu,2,999,0,nonexistent,1.4,93.444,-36.1,4.963,5228.1,0.03996192,1360
40,admin.,single,unknown,unknown,yes,no,telephone,may,thu,1,999,0,nonexistent,1.1,93.994,-36.4,4.86,5191.0,0.039910886,1361
58,admin.,divorced,university.degree,unknown,yes,no,cellular,aug,mon,2,999,0,nonexistent,1.4,93.444,-36.1,4.965,5228.1,0.039905906,1362
42,blue-collar,married,basic.4y,no,yes,no,cellular,may,mon,2,999,0,nonexistent,-1.8,92.893,-46.2,1.299,5099.1,0.03990419,1363
44,admin.,married,high.school,no,no,no,cellular,may,fri,1,999,1,failure,-1.8,92.893,-46.2,1.313,5099.1,0.0398516,1364
53,blue-collar,married,basic.9y,unknown,no,no,telephone,jun,wed,10,999,0,nonexistent,1.4,94.465,-41.8,4.959,5228.1,0.039838586,1365
57,self-employed,married,basic.4y,no,yes,no,telephone,apr,mon,3,999,1,failure,-1.8,93.075,-47.1,1.405,5099.1,0.03977118,1366
30,blue-collar,married,basic.9y,no,yes,no,telephone,may,thu,1,999,0,nonexistent,1.1,93.994,-36.4,4.86,5191.0,0.039768185,1367
52,entrepreneur,married,high.school,no,yes,no,cellular,may,thu,1,999,1,failure,-1.8,92.893,-46.2,1.327,5099.1,0.039752573,1368
39,housemaid,married,basic.4y,no,no,no,cellular,aug,thu,1,999,0,nonexistent,1.4,93.444,-36.1,4.963,5228.1,0.039705366,1369
30,blue-collar,married,unknown,no,no,no,telephone,may,fri,2,999,0,nonexistent,1.1,93.994,-36.4,4.864,5191.0,0.039680175,1370
35,blue-collar,divorced,basic.4y,no,no,no,cellular,nov,thu,4,999,1,failure,-0.1,93.2,-42.0,4.076,5195.8,0.03967001,1371
51,blue-collar,married,basic.9y,unknown,no,no,cellular,aug,fri,1,999,0,nonexistent,1.4,93.444,-36.1,4.963,5228.1,0.0396594,1372
48,admin.,married,basic.9y,unknown,no,yes,telephone,may,mon,1,999,0,nonexistent,1.1,93.994,-36.4,4.858,5191.0,0.03965811,1373
49,technician,married,professional.course,unknown,no,no,cellular,aug,tue,1,999,0,nonexistent,1.4,93.444,-36.1,4.968,5228.1,0.039613407,1374
34,services,married,high.school,no,yes,no,telephone,may,fri,1,999,0,nonexistent,1.1,93.994,-36.4,4.864,5191.0,0.039539352,1375
46,housemaid,married,basic.4y,no,yes,no,cellular,aug,fri,1,999,0,nonexistent,1.4,93.444,-36.1,4.964,5228.1,0.039518602,1376
51,admin.,divorced,university.degree,unknown,no,no,cellular,aug,fri,6,999,0,nonexistent,1.4,93.444,-36.1,4.963,5228.1,0.039490025,1377
51,services,married,high.school,no,no,yes,telephone,jun,mon,1,999,0,nonexistent,1.4,94.465,-41.8,4.865,5228.1,0.03947121,1378
39,admin.,divorced,university.degree,no,yes,yes,cellular,aug,thu,1,999,0,nonexistent,1.4,93.444,-36.1,4.964,5228.1,0.039465297,1379
33,admin.,married,university.degree,no,yes,no,telephone,may,wed,2,999,0,nonexistent,1.1,93.994,-36.4,4.859,5191.0,0.03943731,1380
27,student,single,high.school,unknown,no,no,telephone,jun,fri,1,999,0,nonexistent,1.4,94.465,-41.8,4.967,5228.1,0.039423466,1381
32,admin.,married,university.degree,no,no,no,cellular,aug,thu,1,999,0,nonexistent,1.4,93.444,-36.1,4.963,5228.1,0.03941768,1382
29,technician,single,professional.course,unknown,no,no,cellular,aug,mon,1,999,0,nonexistent,1.4,93.444,-36.1,4.965,5228.1,0.039380357,1383
58,self-employed,married,basic.6y,unknown,yes,no,cellular,aug,thu,5,999,0,nonexistent,1.4,93.444,-36.1,4.962,5228.1,0.03937576,1384
29,services,married,high.school,no,yes,no,telephone,jun,thu,2,999,0,nonexistent,1.4,94.465,-41.8,4.958,5228.1,0.03931376,1385
41,admin.,married,high.school,no,unknown,unknown,telephone,jun,mon,2,999,0,nonexistent,1.4,94.465,-41.8,4.865,5228.1,0.039260108,1386
41,blue-collar,married,basic.6y,unknown,yes,no,telephone,may,fri,1,999,0,nonexistent,1.1,93.994,-36.4,4.857,5191.0,0.039170038,1387
36,blue-collar,married,unknown,no,no,no,cellular,may,thu,4,999,1,failure,-1.8,92.893,-46.2,1.327,5099.1,0.039126478,1388
46,admin.,single,university.degree,unknown,no,no,telephone,jun,tue,1,999,0,nonexistent,1.4,94.465,-41.8,4.864,5228.1,0.03910904,1389
27,student,single,university.degree,no,yes,no,telephone,may,mon,1,999,0,nonexistent,1.1,93.994,-36.4,4.858,5191.0,0.03900398,1390
45,unknown,married,basic.9y,unknown,no,no,cellular,aug,tue,3,999,0,nonexistent,1.4,93.444,-36.1,4.963,5228.1,0.03898563,1391
36,admin.,married,university.degree,unknown,yes,no,cellular,aug,thu,1,999,0,nonexistent,1.4,93.444,-36.1,4.963,5228.1,0.03896374,1392
30,services,married,high.school,no,no,no,telephone,jun,mon,3,999,0,nonexistent,1.4,94.465,-41.8,4.865,5228.1,0.038951512,1393
50,admin.,divorced,high.school,no,no,no,telephone,jun,fri,2,999,0,nonexistent,1.4,94.465,-41.8,4.959,5228.1,0.038920876,1394
43,admin.,married,university.degree,no,no,no,telephone,may,fri,3,999,0,nonexistent,1.1,93.994,-36.4,4.864,5191.0,0.038866322,1395
32,technician,single,university.degree,no,yes,no,cellular,aug,thu,2,999,0,nonexistent,1.4,93.444,-36.1,4.964,5228.1,0.03886031,1396
30,blue-collar,married,basic.4y,no,yes,no,cellular,may,mon,2,999,0,nonexistent,-1.8,92.893,-46.2,1.299,5099.1,0.03883291,1397
37,technician,married,professional.course,no,yes,no,telephone,nov,tue,1,999,0,nonexistent,-0.1,93.2,-42.0,4.153,5195.8,0.03871887,1398
47,blue-collar,married,basic.6y,no,yes,no,telephone,may,fri,1,999,0,nonexistent,1.1,93.994,-36.4,4.857,5191.0,0.038663704,1399
32,technician,divorced,basic.9y,no,yes,yes,cellular,may,wed,3,999,1,failure,-1.8,92.893,-46.2,1.334,5099.1,0.0386348,1400
41,blue-collar,married,basic.4y,no,no,no,telephone,may,wed,1,999,0,nonexistent,1.1,93.994,-36.4,4.859,5191.0,0.038624644,1401
55,retired,married,professional.course,no,no,yes,telephone,jun,tue,4,999,0,nonexistent,1.4,94.465,-41.8,4.961,5228.1,0.038556427,1402
39,admin.,married,university.degree,no,yes,no,cellular,nov,mon,2,999,0,nonexistent,-0.1,93.2,-42.0,4.191,5195.8,0.03855471,1403
47,entrepreneur,married,unknown,unknown,no,no,telephone,jun,fri,2,999,0,nonexistent,1.4,94.465,-41.8,4.967,5228.1,0.03851806,1404
45,blue-collar,married,basic.9y,no,yes,no,telephone,jul,tue,1,999,0,nonexistent,1.4,93.918,-42.7,4.955,5228.1,0.038494676,1405
48,technician,divorced,university.degree,no,yes,yes,cellular,aug,wed,7,999,0,nonexistent,1.4,93.444,-36.1,4.964,5228.1,0.038413845,1406
48,services,married,basic.4y,unknown,yes,yes,cellular,aug,thu,3,999,0,nonexistent,1.4,93.444,-36.1,4.963,5228.1,0.03839415,1407
44,unemployed,married,professional.course,unknown,no,no,cellular,aug,thu,2,999,0,nonexistent,1.4,93.444,-36.1,4.968,5228.1,0.038358092,1408
24,blue-collar,married,basic.9y,unknown,yes,no,telephone,may,fri,2,999,0,nonexistent,1.1,93.994,-36.4,4.864,5191.0,0.038318485,1409
43,blue-collar,married,basic.4y,unknown,no,no,telephone,jun,thu,1,999,0,nonexistent,1.4,94.465,-41.8,4.866,5228.1,0.038296297,1410
36,admin.,married,university.degree,no,no,yes,telephone,may,thu,2,999,0,nonexistent,1.1,93.994,-36.4,4.86,5191.0,0.038275044,1411
58,retired,married,professional.course,unknown,no,no,telephone,jun,fri,5,999,0,nonexistent,1.4,94.465,-41.8,4.959,5228.1,0.03824684,1412
36,blue-collar,married,basic.9y,no,yes,no,cellular,may,thu,1,999,1,failure,-1.8,92.893,-46.2,1.327,5099.1,0.03823076,1413
35,blue-collar,married,basic.9y,unknown,yes,no,telephone,may,thu,2,999,0,nonexistent,1.1,93.994,-36.4,4.86,5191.0,0.038220987,1414
38,blue-collar,married,high.school,unknown,yes,no,cellular,may,tue,2,999,1,failure,-1.8,92.893,-46.2,1.291,5099.1,0.038201798,1415
50,management,single,university.degree,no,yes,yes,telephone,may,fri,1,999,0,nonexistent,1.1,93.994,-36.4,4.855,5191.0,0.03818537,1416
41,blue-collar,married,basic.9y,unknown,yes,no,cellular,apr,fri,2,999,0,nonexistent,-1.8,93.075,-47.1,1.405,5099.1,0.03817397,1417
59,admin.,married,university.degree,no,no,yes,telephone,may,thu,1,999,0,nonexistent,1.1,93.994,-36.4,4.86,5191.0,0.038116354,1418
45,admin.,married,high.school,no,no,no,cellular,nov,mon,1,999,0,nonexistent,-0.1,93.2,-42.0,4.191,5195.8,0.03807718,1419
48,admin.,married,university.degree,unknown,yes,yes,cellular,aug,fri,1,999,0,nonexistent,1.4,93.444,-36.1,4.963,5228.1,0.038068917,1420
47,blue-collar,divorced,basic.9y,no,no,no,telephone,jul,tue,1,999,0,nonexistent,1.4,93.918,-42.7,4.955,5228.1,0.03805833,1421
56,management,married,basic.9y,no,yes,no,telephone,jun,tue,3,999,0,nonexistent,1.4,94.465,-41.8,4.864,5228.1,0.038021818,1422
54,technician,married,university.degree,unknown,no,no,cellular,may,fri,5,999,0,nonexistent,-1.8,92.893,-46.2,1.313,5099.1,0.03801029,1423
50,services,married,basic.6y,no,yes,no,cellular,aug,thu,1,999,0,nonexistent,1.4,93.444,-36.1,4.968,5228.1,0.037937712,1424
27,technician,single,high.school,unknown,no,yes,telephone,may,tue,2,999,0,nonexistent,1.1,93.994,-36.4,4.856,5191.0,0.037827127,1425
58,admin.,divorced,university.degree,unknown,no,no,cellular,aug,mon,2,999,0,nonexistent,1.4,93.444,-36.1,4.965,5228.1,0.037808124,1426
36,admin.,married,university.degree,no,no,yes,telephone,may,fri,3,999,0,nonexistent,-1.8,92.893,-46.2,1.313,5099.1,0.03779779,1427
55,technician,married,professional.course,no,yes,no,cellular,aug,thu,2,999,0,nonexistent,1.4,93.444,-36.1,4.963,5228.1,0.037797313,1428
36,blue-collar,married,unknown,unknown,yes,no,telephone,may,fri,4,999,0,nonexistent,1.1,93.994,-36.4,4.864,5191.0,0.037795473,1429
44,admin.,divorced,university.degree,unknown,yes,yes,telephone,may,tue,1,999,0,nonexistent,1.1,93.994,-36.4,4.856,5191.0,0.03777793,1430
46,technician,married,professional.course,no,no,yes,telephone,jun,mon,1,999,0,nonexistent,1.4,94.465,-41.8,4.865,5228.1,0.03775938,1431
40,blue-collar,married,basic.4y,unknown,yes,no,cellular,jul,thu,1,999,0,nonexistent,1.4,93.918,-42.7,4.963,5228.1,0.037729852,1432
37,admin.,single,high.school,no,yes,no,cellular,jul,tue,11,999,0,nonexistent,1.4,93.918,-42.7,4.961,5228.1,0.037722137,1433
42,services,single,unknown,no,yes,no,telephone,jun,thu,2,999,0,nonexistent,1.4,94.465,-41.8,4.955,5228.1,0.03770697,1434
26,admin.,married,high.school,no,yes,no,telephone,may,thu,3,999,0,nonexistent,1.1,93.994,-36.4,4.86,5191.0,0.03766628,1435
36,technician,single,high.school,no,no,no,cellular,aug,tue,1,999,0,nonexistent,1.4,93.444,-36.1,4.963,5228.1,0.03759825,1436
50,admin.,married,high.school,no,no,no,telephone,jun,tue,1,999,0,nonexistent,1.4,94.465,-41.8,4.864,5228.1,0.037591666,1437
29,management,single,university.degree,no,yes,no,telephone,jul,mon,3,999,0,nonexistent,1.4,93.918,-42.7,4.962,5228.1,0.03756664,1438
41,blue-collar,married,basic.9y,no,no,no,telephone,jun,mon,3,999,0,nonexistent,1.4,94.465,-41.8,4.865,5228.1,0.037541185,1439
33,unemployed,divorced,professional.course,no,no,no,cellular,aug,mon,4,999,0,nonexistent,1.4,93.444,-36.1,4.963,5228.1,0.03752912,1440
48,technician,married,university.degree,no,no,no,cellular,aug,fri,1,999,0,nonexistent,1.4,93.444,-36.1,4.964,5228.1,0.037520733,1441
33,blue-collar,married,basic.6y,no,yes,no,telephone,may,wed,1,999,0,nonexistent,1.1,93.994,-36.4,4.857,5191.0,0.03751584,1442
30,technician,married,university.degree,no,yes,no,telephone,may,fri,6,999,0,nonexistent,1.1,93.994,-36.4,4.864,5191.0,0.03751449,1443
48,entrepreneur,married,unknown,unknown,no,no,telephone,may,fri,2,999,0,nonexistent,1.1,93.994,-36.4,4.864,5191.0,0.037494265,1444
32,technician,married,professional.course,no,no,no,telephone,may,wed,1,999,0,nonexistent,1.1,93.994,-36.4,4.859,5191.0,0.03740188,1445
29,blue-collar,single,basic.4y,unknown,yes,no,telephone,may,thu,3,999,0,nonexistent,-1.8,92.893,-46.2,1.266,5099.1,0.037378952,1446
24,technician,single,basic.6y,no,no,no,telephone,jul,thu,10,999,0,nonexistent,1.4,93.918,-42.7,4.958,5228.1,0.03736744,1447
26,services,single,university.degree,no,yes,no,cellular,may,thu,1,999,1,failure,-1.8,92.893,-46.2,1.327,5099.1,0.03736119,1448
30,blue-collar,married,basic.9y,no,yes,no,telephone,may,wed,1,999,0,nonexistent,1.1,93.994,-36.4,4.859,5191.0,0.03734725,1449
50,services,divorced,high.school,no,no,no,telephone,jun,tue,2,999,0,nonexistent,1.4,94.465,-41.8,4.961,5228.1,0.037345827,1450
28,services,married,high.school,no,no,no,telephone,jul,tue,1,999,0,nonexistent,1.4,93.918,-42.7,4.962,5228.1,0.037304997,1451
32,blue-collar,married,basic.9y,no,yes,yes,telephone,jun,mon,1,999,0,nonexistent,1.4,94.465,-41.8,4.96,5228.1,0.037260454,1452
57,management,married,basic.9y,unknown,yes,no,telephone,may,wed,2,999,0,nonexistent,1.1,93.994,-36.4,4.858,5191.0,0.0372299,1453
46,blue-collar,married,basic.9y,no,no,no,cellular,nov,tue,1,999,0,nonexistent,-0.1,93.2,-42.0,4.153,5195.8,0.037146732,1454
40,services,married,high.school,unknown,yes,no,cellular,apr,mon,1,999,0,nonexistent,-1.8,93.075,-47.1,1.405,5099.1,0.037072327,1455
51,services,divorced,high.school,no,no,no,telephone,nov,tue,1,999,0,nonexistent,-0.1,93.2,-42.0,4.153,5195.8,0.037061743,1456
38,blue-collar,divorced,unknown,no,yes,no,telephone,may,thu,2,999,0,nonexistent,1.1,93.994,-36.4,4.86,5191.0,0.037043903,1457
34,admin.,single,high.school,no,yes,no,telephone,may,wed,1,999,0,nonexistent,1.1,93.994,-36.4,4.856,5191.0,0.03702909,1458
57,retired,divorced,university.degree,unknown,no,no,cellular,aug,thu,5,999,0,nonexistent,1.4,93.444,-36.1,4.962,5228.1,0.036969677,1459
51,admin.,married,university.degree,no,yes,no,cellular,aug,thu,1,999,0,nonexistent,1.4,93.444,-36.1,4.963,5228.1,0.036953915,1460
45,admin.,married,university.degree,no,yes,no,cellular,aug,tue,1,999,0,nonexistent,1.4,93.444,-36.1,4.963,5228.1,0.036951404,1461
58,admin.,married,university.degree,no,no,yes,telephone,may,fri,1,999,0,nonexistent,1.1,93.994,-36.4,4.857,5191.0,0.036934678,1462
53,blue-collar,married,basic.4y,no,no,yes,telephone,jun,mon,2,999,0,nonexistent,1.4,94.465,-41.8,4.961,5228.1,0.03685879,1463
34,admin.,married,high.school,no,no,no,telephone,jun,mon,1,999,0,nonexistent,1.4,94.465,-41.8,4.961,5228.1,0.036847807,1464
47,admin.,married,basic.9y,no,yes,no,telephone,jun,fri,7,999,0,nonexistent,1.4,94.465,-41.8,4.959,5228.1,0.036799405,1465
45,blue-collar,divorced,professional.course,unknown,yes,no,cellular,jul,wed,1,999,0,nonexistent,1.4,93.918,-42.7,4.962,5228.1,0.03674938,1466
39,blue-collar,married,high.school,no,no,yes,cellular,may,fri,1,999,1,failure,-1.8,92.893,-46.2,1.313,5099.1,0.036736436,1467
48,technician,married,professional.course,no,no,no,telephone,nov,mon,1,999,0,nonexistent,-0.1,93.2,-42.0,4.191,5195.8,0.036675077,1468
46,services,married,high.school,no,no,no,cellular,jul,thu,1,999,0,nonexistent,1.4,93.918,-42.7,4.968,5228.1,0.036674418,1469
51,blue-collar,married,basic.9y,no,no,yes,telephone,may,fri,1,999,0,nonexistent,1.1,93.994,-36.4,4.855,5191.0,0.036529396,1470
33,admin.,married,high.school,no,yes,no,telephone,may,fri,1,999,0,nonexistent,1.1,93.994,-36.4,4.855,5191.0,0.036498025,1471
49,services,married,high.school,no,no,no,cellular,aug,mon,1,999,0,nonexistent,1.4,93.444,-36.1,4.97,5228.1,0.036496818,1472
52,management,divorced,university.degree,no,no,no,telephone,jun,thu,1,999,0,nonexistent,1.4,94.465,-41.8,4.866,5228.1,0.036465056,1473
38,management,married,university.degree,no,no,no,telephone,may,fri,2,999,0,nonexistent,1.1,93.994,-36.4,4.859,5191.0,0.03645579,1474
58,self-employed,divorced,unknown,no,yes,no,telephone,may,thu,2,999,0,nonexistent,1.1,93.994,-36.4,4.86,5191.0,0.036451958,1475
39,blue-collar,divorced,basic.9y,no,yes,no,telephone,may,fri,3,999,0,nonexistent,1.1,93.994,-36.4,4.864,5191.0,0.036437374,1476
45,services,married,professional.course,no,yes,yes,cellular,aug,thu,9,999,0,nonexistent,1.4,93.444,-36.1,4.962,5228.1,0.036427666,1477
41,blue-collar,divorced,basic.6y,no,yes,no,telephone,jun,mon,1,999,0,nonexistent,1.4,94.465,-41.8,4.961,5228.1,0.036418233,1478
56,entrepreneur,married,university.degree,unknown,no,no,telephone,jun,thu,1,999,0,nonexistent,1.4,94.465,-41.8,4.958,5228.1,0.036353238,1479
43,management,married,high.school,no,yes,no,telephone,jun,thu,1,999,0,nonexistent,1.4,94.465,-41.8,4.958,5228.1,0.036341514,1480
36,unemployed,married,basic.9y,no,yes,no,cellular,nov,mon,1,999,0,nonexistent,-0.1,93.2,-42.0,4.191,5195.8,0.036328748,1481
36,admin.,married,professional.course,no,yes,yes,cellular,aug,fri,4,999,0,nonexistent,1.4,93.444,-36.1,4.964,5228.1,0.03632133,1482
54,blue-collar,single,basic.4y,no,no,no,telephone,may,thu,3,999,0,nonexistent,1.1,93.994,-36.4,4.86,5191.0,0.036316074,1483
34,blue-collar,married,basic.4y,no,no,no,cellular,nov,tue,2,999,0,nonexistent,-0.1,93.2,-42.0,4.153,5195.8,0.036305126,1484
33,admin.,single,university.degree,no,yes,yes,cellular,aug,tue,6,999,0,nonexistent,1.4,93.444,-36.1,4.963,5228.1,0.036278468,1485
36,blue-collar,married,unknown,unknown,no,no,telephone,may,thu,1,999,0,nonexistent,1.1,93.994,-36.4,4.86,5191.0,0.036264434,1486
44,blue-collar,single,basic.4y,no,yes,no,telephone,may,thu,1,999,0,nonexistent,1.1,93.994,-36.4,4.86,5191.0,0.036232315,1487
58,admin.,divorced,university.degree,no,yes,no,cellular,aug,tue,4,999,0,nonexistent,1.4,93.444,-36.1,4.963,5228.1,0.03623225,1488
34,admin.,married,university.degree,no,no,no,telephone,may,fri,2,999,0,nonexistent,1.1,93.994,-36.4,4.864,5191.0,0.036230884,1489
51,technician,married,professional.course,no,yes,no,cellular,aug,thu,1,999,0,nonexistent,1.4,93.444,-36.1,4.968,5228.1,0.036071323,1490
33,blue-collar,divorced,basic.6y,unknown,yes,no,telephone,may,thu,1,999,0,nonexistent,1.1,93.994,-36.4,4.855,5191.0,0.036051583,1491
39,self-employed,married,high.school,no,yes,no,telephone,may,fri,1,999,0,nonexistent,1.1,93.994,-36.4,4.859,5191.0,0.035997286,1492
36,admin.,single,university.degree,no,yes,no,cellular,aug,tue,1,999,0,nonexistent,1.4,93.444,-36.1,4.963,5228.1,0.0359822,1493
33,blue-collar,married,basic.9y,no,yes,no,telephone,jun,thu,8,999,0,nonexistent,1.4,94.465,-41.8,4.958,5228.1,0.035978038,1494
35,admin.,single,university.degree,no,yes,yes,telephone,may,tue,2,999,0,nonexistent,1.1,93.994,-36.4,4.856,5191.0,0.03596009,1495
39,technician,married,professional.course,no,no,no,telephone,may,wed,2,999,0,nonexistent,1.1,93.994,-36.4,4.859,5191.0,0.035954453,1496
57,admin.,married,high.school,no,no,no,telephone,jul,thu,9,999,0,nonexistent,1.4,93.918,-42.7,4.958,5228.1,0.035940252,1497
58,housemaid,married,basic.4y,unknown,yes,no,telephone,may,fri,2,999,0,nonexistent,1.1,93.994,-36.4,4.864,5191.0,0.03593047,1498
30,services,married,unknown,no,no,no,telephone,may,wed,2,999,0,nonexistent,1.1,93.994,-36.4,4.859,5191.0,0.035911992,1499
33,blue-collar,married,basic.9y,no,no,no,telephone,jun,mon,2,999,0,nonexistent,1.4,94.465,-41.8,4.865,5228.1,0.03590827,1500
42,retired,married,basic.9y,unknown,no,no,telephone,jun,fri,1,999,0,nonexistent,1.4,94.465,-41.8,4.967,5228.1,0.03590339,1501
58,entrepreneur,married,university.degree,unknown,no,no,telephone,jun,fri,1,999,0,nonexistent,1.4,94.465,-41.8,4.959,5228.1,0.035856396,1502
31,technician,single,professional.course,unknown,yes,yes,cellular,aug,fri,7,999,0,nonexistent,1.4,93.444,-36.1,4.963,5228.1,0.035791487,1503
38,technician,divorced,professional.course,no,yes,no,cellular,aug,fri,1,999,0,nonexistent,1.4,93.444,-36.1,4.963,5228.1,0.03579102,1504
58,retired,married,unknown,unknown,yes,no,telephone,jul,mon,1,999,0,nonexistent,1.4,93.918,-42.7,4.962,5228.1,0.035737537,1505
58,retired,married,unknown,unknown,yes,no,telephone,jul,mon,1,999,0,nonexistent,1.4,93.918,-42.7,4.962,5228.1,0.035737537,1506
37,services,married,high.school,no,no,no,cellular,may,tue,5,999,2,failure,-1.8,92.893,-46.2,1.291,5099.1,0.035716485,1507
37,admin.,married,high.school,no,yes,no,telephone,jun,tue,1,999,0,nonexistent,1.4,94.465,-41.8,4.961,5228.1,0.03570546,1508
24,blue-collar,single,basic.9y,no,yes,no,telephone,may,tue,4,999,0,nonexistent,1.1,93.994,-36.4,4.857,5191.0,0.03570114,1509
48,management,married,university.degree,no,yes,no,telephone,jun,thu,1,999,0,nonexistent,1.4,94.465,-41.8,4.866,5228.1,0.03564009,1510
36,housemaid,married,basic.4y,no,no,no,cellular,aug,mon,2,999,0,nonexistent,1.4,93.444,-36.1,4.965,5228.1,0.035619203,1511
57,admin.,single,university.degree,unknown,no,no,telephone,jul,fri,1,999,0,nonexistent,1.4,93.918,-42.7,4.959,5228.1,0.035578225,1512
32,technician,married,professional.course,no,yes,no,telephone,jun,mon,2,999,0,nonexistent,1.4,94.465,-41.8,4.96,5228.1,0.035565287,1513
35,services,divorced,high.school,no,no,yes,telephone,may,wed,2,999,0,nonexistent,1.1,93.994,-36.4,4.857,5191.0,0.03553081,1514
44,blue-collar,married,basic.4y,no,yes,no,telephone,may,thu,2,999,0,nonexistent,1.1,93.994,-36.4,4.86,5191.0,0.035530325,1515
36,blue-collar,married,basic.6y,unknown,no,no,telephone,may,fri,4,999,0,nonexistent,1.1,93.994,-36.4,4.855,5191.0,0.0354342,1516
46,technician,divorced,professional.course,no,no,no,cellular,aug,wed,2,999,0,nonexistent,1.4,93.444,-36.1,4.964,5228.1,0.03542901,1517
53,retired,married,basic.4y,unknown,yes,no,telephone,may,wed,3,999,0,nonexistent,1.1,93.994,-36.4,4.856,5191.0,0.035404876,1518
31,technician,divorced,university.degree,no,yes,no,cellular,aug,thu,1,999,0,nonexistent,1.4,93.444,-36.1,4.963,5228.1,0.035401277,1519
27,admin.,divorced,high.school,no,no,no,telephone,jun,thu,1,999,0,nonexistent,1.4,94.465,-41.8,4.958,5228.1,0.035399005,1520
48,technician,married,high.school,no,yes,no,telephone,may,fri,1,999,0,nonexistent,1.1,93.994,-36.4,4.857,5191.0,0.035384372,1521
40,admin.,married,high.school,unknown,no,no,telephone,jun,tue,5,999,0,nonexistent,1.4,94.465,-41.8,4.961,5228.1,0.035373263,1522
29,unemployed,single,university.degree,no,no,no,telephone,may,thu,1,999,0,nonexistent,1.1,93.994,-36.4,4.855,5191.0,0.035359573,1523
37,services,married,high.school,unknown,no,no,telephone,may,wed,1,999,0,nonexistent,1.1,93.994,-36.4,4.858,5191.0,0.03534251,1524
39,blue-collar,married,basic.6y,no,yes,no,telephone,may,fri,1,999,0,nonexistent,1.1,93.994,-36.4,4.857,5191.0,0.035262603,1525
38,admin.,married,high.school,no,yes,no,telephone,may,thu,3,999,0,nonexistent,1.1,93.994,-36.4,4.86,5191.0,0.035192482,1526
55,retired,divorced,professional.course,no,no,no,telephone,jun,thu,3,999,0,nonexistent,1.4,94.465,-41.8,4.961,5228.1,0.035104316,1527
37,services,married,high.school,no,yes,no,cellular,nov,tue,2,999,0,nonexistent,-0.1,93.2,-42.0,4.153,5195.8,0.035090614,1528
25,admin.,married,high.school,no,yes,no,telephone,jun,fri,3,999,0,nonexistent,1.4,94.465,-41.8,4.959,5228.1,0.03505059,1529
31,services,single,high.school,no,no,no,telephone,may,tue,2,999,0,nonexistent,1.1,93.994,-36.4,4.856,5191.0,0.035043128,1530
56,technician,married,professional.course,unknown,yes,no,telephone,jun,thu,2,999,0,nonexistent,1.4,94.465,-41.8,4.866,5228.1,0.035026733,1531
30,admin.,single,university.degree,no,yes,no,cellular,aug,thu,1,999,0,nonexistent,1.4,93.444,-36.1,4.963,5228.1,0.03493515,1532
30,admin.,single,high.school,no,no,no,telephone,may,tue,3,999,0,nonexistent,1.1,93.994,-36.4,4.856,5191.0,0.034890182,1533
45,technician,single,professional.course,no,yes,no,cellular,aug,wed,1,999,0,nonexistent,1.4,93.444,-36.1,4.964,5228.1,0.034847602,1534
55,technician,single,university.degree,unknown,yes,no,telephone,may,fri,1,999,0,nonexistent,1.1,93.994,-36.4,4.857,5191.0,0.034846224,1535
36,admin.,single,high.school,no,no,no,telephone,jul,fri,2,999,0,nonexistent,1.4,93.918,-42.7,4.962,5228.1,0.03484182,1536
43,blue-collar,married,basic.9y,unknown,no,no,telephone,may,fri,2,999,0,nonexistent,1.1,93.994,-36.4,4.864,5191.0,0.034744993,1537
40,admin.,divorced,professional.course,no,no,no,telephone,may,wed,1,999,0,nonexistent,1.1,93.994,-36.4,4.858,5191.0,0.034574587,1538
32,technician,single,professional.course,no,yes,no,telephone,may,fri,1,999,0,nonexistent,1.1,93.994,-36.4,4.859,5191.0,0.034573402,1539
58,entrepreneur,married,basic.4y,no,yes,no,telephone,jun,fri,3,999,0,nonexistent,1.4,94.465,-41.8,4.959,5228.1,0.034570396,1540
48,admin.,divorced,basic.9y,no,yes,no,telephone,may,fri,2,999,0,nonexistent,1.1,93.994,-36.4,4.859,5191.0,0.034566846,1541
30,management,divorced,high.school,no,no,yes,telephone,may,wed,1,999,0,nonexistent,1.1,93.994,-36.4,4.856,5191.0,0.034532186,1542
58,management,married,unknown,unknown,yes,no,telephone,jun,mon,1,999,0,nonexistent,1.4,94.465,-41.8,4.961,5228.1,0.03452018,1543
54,housemaid,divorced,university.degree,unknown,yes,no,cellular,jul,mon,4,999,0,nonexistent,1.4,93.918,-42.7,4.962,5228.1,0.034484137,1544
43,management,married,unknown,no,no,no,telephone,may,fri,2,999,0,nonexistent,1.1,93.994,-36.4,4.864,5191.0,0.034447696,1545
34,services,married,high.school,no,no,no,telephone,may,thu,2,999,0,nonexistent,1.1,93.994,-36.4,4.86,5191.0,0.034427196,1546
58,admin.,divorced,basic.9y,unknown,yes,no,telephone,may,fri,2,999,0,nonexistent,1.1,93.994,-36.4,4.859,5191.0,0.034402214,1547
55,technician,divorced,university.degree,no,yes,no,cellular,aug,tue,1,999,0,nonexistent,1.4,93.444,-36.1,4.965,5228.1,0.0344009,1548
32,entrepreneur,divorced,university.degree,no,no,no,telephone,may,wed,1,999,0,nonexistent,1.1,93.994,-36.4,4.856,5191.0,0.03431008,1549
50,technician,single,university.degree,no,yes,no,cellular,aug,thu,2,999,0,nonexistent,1.4,93.444,-36.1,4.964,5228.1,0.034298707,1550
41,housemaid,married,university.degree,no,yes,no,cellular,aug,thu,1,999,0,nonexistent,1.4,93.444,-36.1,4.963,5228.1,0.034257106,1551
30,admin.,single,high.school,no,no,no,telephone,jul,mon,3,999,0,nonexistent,1.4,93.918,-42.7,4.96,5228.1,0.034199726,1552
53,entrepreneur,married,university.degree,unknown,no,yes,cellular,aug,thu,2,999,0,nonexistent,1.4,93.444,-36.1,4.964,5228.1,0.034174636,1553
40,services,married,high.school,no,yes,no,cellular,nov,tue,1,999,0,nonexistent,-0.1,93.2,-42.0,4.153,5195.8,0.034167286,1554
48,blue-collar,married,basic.4y,no,yes,no,telephone,jun,mon,3,999,0,nonexistent,1.4,94.465,-41.8,4.96,5228.1,0.03413571,1555
36,admin.,married,university.degree,no,no,no,telephone,may,fri,1,999,0,nonexistent,1.1,93.994,-36.4,4.859,5191.0,0.03412044,1556
32,management,married,university.degree,no,yes,no,cellular,aug,thu,1,999,0,nonexistent,1.4,93.444,-36.1,4.964,5228.1,0.03411781,1557
34,blue-collar,married,basic.4y,no,no,yes,telephone,may,thu,1,999,0,nonexistent,1.1,93.994,-36.4,4.86,5191.0,0.03410813,1558
30,technician,single,professional.course,no,yes,yes,cellular,aug,tue,5,999,0,nonexistent,1.4,93.444,-36.1,4.963,5228.1,0.034102216,1559
42,admin.,divorced,university.degree,no,no,no,telephone,may,wed,4,999,0,nonexistent,1.1,93.994,-36.4,4.859,5191.0,0.034078952,1560
42,management,divorced,high.school,no,yes,no,cellular,may,fri,1,999,1,failure,-1.8,92.893,-46.2,1.313,5099.1,0.03397983,1561
34,technician,married,university.degree,no,no,no,telephone,may,thu,2,999,0,nonexistent,1.1,93.994,-36.4,4.86,5191.0,0.033971176,1562
44,technician,single,professional.course,unknown,no,no,telephone,may,mon,6,999,0,nonexistent,1.1,93.994,-36.4,4.858,5191.0,0.03392655,1563
35,housemaid,married,university.degree,unknown,no,yes,cellular,aug,fri,1,999,0,nonexistent,1.4,93.444,-36.1,4.966,5228.1,0.033911917,1564
42,entrepreneur,married,basic.9y,unknown,no,no,telephone,jun,thu,1,999,0,nonexistent,1.4,94.465,-41.8,4.961,5228.1,0.033909824,1565
37,unemployed,married,professional.course,no,yes,no,telephone,may,fri,2,999,0,nonexistent,1.1,93.994,-36.4,4.864,5191.0,0.033894897,1566
32,services,single,professional.course,no,yes,yes,telephone,may,fri,1,999,0,nonexistent,1.1,93.994,-36.4,4.857,5191.0,0.03387815,1567
31,services,married,high.school,no,no,no,telephone,may,wed,6,999,0,nonexistent,1.1,93.994,-36.4,4.859,5191.0,0.03385333,1568
41,housemaid,married,high.school,no,yes,no,telephone,jun,thu,1,999,0,nonexistent,1.4,94.465,-41.8,4.866,5228.1,0.033838905,1569
35,blue-collar,divorced,basic.9y,no,no,yes,telephone,may,tue,1,999,0,nonexistent,1.1,93.994,-36.4,4.856,5191.0,0.03379269,1570
43,blue-collar,married,professional.course,no,no,yes,telephone,may,fri,12,999,0,nonexistent,1.1,93.994,-36.4,4.857,5191.0,0.033782136,1571
37,technician,married,professional.course,no,no,yes,telephone,may,thu,1,999,0,nonexistent,1.1,93.994,-36.4,4.86,5191.0,0.03370806,1572
46,technician,divorced,university.degree,no,no,no,telephone,jun,fri,3,999,0,nonexistent,1.4,94.465,-41.8,4.967,5228.1,0.03369857,1573
59,retired,divorced,basic.4y,unknown,yes,no,telephone,may,thu,1,999,0,nonexistent,1.1,93.994,-36.4,4.86,5191.0,0.03368784,1574
35,blue-collar,married,basic.4y,unknown,no,no,telephone,may,thu,2,999,0,nonexistent,1.1,93.994,-36.4,4.86,5191.0,0.033656724,1575
39,housemaid,married,professional.course,no,yes,no,cellular,aug,fri,2,999,0,nonexistent,1.4,93.444,-36.1,4.964,5228.1,0.03363963,1576
37,technician,single,university.degree,no,no,no,telephone,may,thu,1,999,0,nonexistent,1.1,93.994,-36.4,4.855,5191.0,0.03360174,1577
46,blue-collar,married,basic.4y,unknown,yes,no,telephone,may,thu,2,999,0,nonexistent,1.1,93.994,-36.4,4.86,5191.0,0.033574086,1578
39,services,single,basic.9y,unknown,yes,no,cellular,apr,mon,2,999,0,nonexistent,-1.8,93.075,-47.1,1.405,5099.1,0.033559352,1579
41,self-employed,married,basic.9y,no,yes,no,telephone,may,wed,2,999,0,nonexistent,1.1,93.994,-36.4,4.859,5191.0,0.033544917,1580
45,blue-collar,single,basic.4y,unknown,no,no,telephone,jun,tue,1,999,0,nonexistent,1.4,94.465,-41.8,4.961,5228.1,0.033543825,1581
42,unemployed,married,university.degree,unknown,yes,no,cellular,jul,tue,1,999,0,nonexistent,1.4,93.918,-42.7,4.962,5228.1,0.033530746,1582
47,technician,married,professional.course,no,no,no,telephone,jun,thu,1,999,0,nonexistent,1.4,94.465,-41.8,4.866,5228.1,0.03352897,1583
46,admin.,divorced,university.degree,unknown,yes,no,cellular,jul,thu,1,999,0,nonexistent,1.4,93.918,-42.7,4.963,5228.1,0.033526216,1584
37,services,married,high.school,no,yes,yes,telephone,jun,fri,2,999,0,nonexistent,1.4,94.465,-41.8,4.959,5228.1,0.033493236,1585
43,blue-collar,married,basic.9y,no,yes,no,cellular,may,thu,4,999,2,failure,-1.8,92.893,-46.2,1.327,5099.1,0.033451986,1586
28,blue-collar,single,basic.4y,unknown,yes,no,telephone,jul,tue,3,999,0,nonexistent,1.4,93.918,-42.7,4.961,5228.1,0.033429068,1587
43,technician,married,professional.course,no,yes,no,telephone,jun,tue,1,999,0,nonexistent,1.4,94.465,-41.8,4.864,5228.1,0.033411246,1588
43,blue-collar,married,basic.9y,no,yes,no,cellular,may,fri,1,999,1,failure,-1.8,92.893,-46.2,1.313,5099.1,0.03338327,1589
55,management,married,university.degree,no,yes,yes,cellular,jul,thu,1,999,0,nonexistent,1.4,93.918,-42.7,4.968,5228.1,0.03334995,1590
56,entrepreneur,married,unknown,unknown,yes,no,telephone,jun,tue,1,999,0,nonexistent,1.4,94.465,-41.8,4.864,5228.1,0.033286113,1591
44,technician,married,professional.course,no,no,yes,cellular,aug,wed,2,999,0,nonexistent,1.4,93.444,-36.1,4.964,5228.1,0.033243425,1592
27,blue-collar,married,basic.9y,no,yes,no,telephone,may,wed,2,999,0,nonexistent,1.1,93.994,-36.4,4.859,5191.0,0.033208434,1593
43,unemployed,single,university.degree,no,no,no,telephone,may,mon,4,999,0,nonexistent,1.1,93.994,-36.4,4.857,5191.0,0.033179663,1594
46,blue-collar,married,basic.9y,unknown,no,no,telephone,may,wed,2,999,0,nonexistent,1.1,93.994,-36.4,4.859,5191.0,0.033175923,1595
40,blue-collar,married,basic.4y,unknown,yes,no,cellular,nov,thu,1,999,0,nonexistent,-0.1,93.2,-42.0,4.076,5195.8,0.033175852,1596
50,entrepreneur,married,university.degree,no,no,no,cellular,nov,mon,1,999,1,failure,-0.1,93.2,-42.0,4.191,5195.8,0.033134367,1597
41,blue-collar,married,basic.4y,unknown,no,no,telephone,may,wed,1,999,0,nonexistent,1.1,93.994,-36.4,4.858,5191.0,0.033074044,1598
28,management,single,unknown,no,yes,no,telephone,may,thu,1,999,0,nonexistent,1.1,93.994,-36.4,4.855,5191.0,0.03297262,1599
33,services,married,basic.4y,no,no,no,telephone,may,thu,1,999,0,nonexistent,1.1,93.994,-36.4,4.86,5191.0,0.032971233,1600
54,services,married,unknown,no,no,no,telephone,may,fri,1,999,0,nonexistent,1.1,93.994,-36.4,4.864,5191.0,0.03283644,1601
30,blue-collar,married,basic.6y,no,yes,no,telephone,may,mon,3,999,0,nonexistent,-1.8,92.893,-46.2,1.299,5099.1,0.032822624,1602
49,services,married,high.school,no,no,yes,telephone,jun,thu,3,999,0,nonexistent,1.4,94.465,-41.8,4.961,5228.1,0.03276605,1603
26,admin.,married,university.degree,no,yes,yes,telephone,may,fri,1,999,0,nonexistent,1.1,93.994,-36.4,4.855,5191.0,0.03269627,1604
48,admin.,married,high.school,no,yes,yes,telephone,may,fri,2,999,0,nonexistent,1.1,93.994,-36.4,4.855,5191.0,0.03269409,1605
57,blue-collar,divorced,unknown,unknown,no,no,telephone,jun,mon,1,999,0,nonexistent,1.4,94.465,-41.8,4.865,5228.1,0.032631848,1606
58,admin.,single,unknown,unknown,no,no,telephone,jul,mon,1,999,0,nonexistent,1.4,93.918,-42.7,4.962,5228.1,0.03261629,1607
58,retired,married,unknown,no,unknown,unknown,telephone,may,tue,1,999,0,nonexistent,1.1,93.994,-36.4,4.856,5191.0,0.032547917,1608
34,technician,married,professional.course,no,yes,yes,telephone,jun,mon,1,999,0,nonexistent,1.4,94.465,-41.8,4.865,5228.1,0.032518525,1609
60,retired,married,high.school,unknown,yes,no,telephone,may,tue,2,999,0,nonexistent,1.1,93.994,-36.4,4.856,5191.0,0.032496545,1610
44,blue-collar,married,professional.course,no,no,no,telephone,jun,mon,1,999,0,nonexistent,1.4,94.465,-41.8,4.961,5228.1,0.03249043,1611
42,services,single,unknown,unknown,yes,no,telephone,jul,tue,7,999,0,nonexistent,1.4,93.918,-42.7,4.961,5228.1,0.03248614,1612
50,blue-collar,married,basic.4y,unknown,yes,no,telephone,jun,fri,1,999,0,nonexistent,1.4,94.465,-41.8,4.967,5228.1,0.03247372,1613
39,management,single,university.degree,no,yes,no,telephone,may,tue,1,999,0,nonexistent,1.1,93.994,-36.4,4.857,5191.0,0.032469008,1614
37,admin.,single,university.degree,no,yes,no,cellular,may,thu,6,999,1,failure,-1.8,92.893,-46.2,1.327,5099.1,0.032409076,1615
42,technician,married,professional.course,unknown,yes,no,cellular,nov,mon,1,4,1,success,-0.1,93.2,-42.0,4.191,5195.8,0.032406513,1616
39,technician,married,professional.course,no,yes,no,telephone,may,fri,1,999,0,nonexistent,1.1,93.994,-36.4,4.864,5191.0,0.032370437,1617
41,admin.,married,high.school,no,yes,no,cellular,nov,mon,1,999,0,nonexistent,-0.1,93.2,-42.0,4.191,5195.8,0.032365583,1618
35,technician,single,high.school,no,no,no,cellular,nov,wed,5,999,0,nonexistent,-0.1,93.2,-42.0,4.12,5195.8,0.032351192,1619
35,blue-collar,married,basic.4y,no,no,yes,cellular,may,mon,2,999,1,failure,-1.8,92.893,-46.2,1.299,5099.1,0.03227473,1620
52,services,divorced,high.school,unknown,no,no,cellular,nov,mon,1,999,0,nonexistent,-0.1,93.2,-42.0,4.191,5195.8,0.03217356,1621
39,blue-collar,married,basic.9y,no,yes,no,cellular,may,fri,6,999,0,nonexistent,-1.8,92.893,-46.2,1.25,5099.1,0.032145176,1622
44,housemaid,married,basic.9y,no,no,no,telephone,may,fri,1,999,0,nonexistent,1.1,93.994,-36.4,4.859,5191.0,0.032116808,1623
25,unemployed,single,high.school,unknown,yes,no,telephone,jun,tue,3,999,0,nonexistent,1.4,94.465,-41.8,4.961,5228.1,0.03211425,1624
23,blue-collar,single,basic.9y,no,yes,no,telephone,may,wed,1,999,1,failure,-1.8,92.893,-46.2,1.281,5099.1,0.032105554,1625
31,blue-collar,married,basic.6y,unknown,yes,yes,telephone,may,mon,1,999,0,nonexistent,1.1,93.994,-36.4,4.857,5191.0,0.03209041,1626
40,blue-collar,married,basic.9y,no,yes,no,telephone,may,mon,2,999,0,nonexistent,1.1,93.994,-36.4,4.858,5191.0,0.03208639,1627
47,services,married,high.school,no,no,yes,cellular,may,fri,2,999,2,failure,-1.8,92.893,-46.2,1.313,5099.1,0.032077216,1628
35,technician,married,basic.6y,no,no,no,telephone,may,wed,2,999,0,nonexistent,1.1,93.994,-36.4,4.856,5191.0,0.032038458,1629
47,management,married,basic.9y,no,no,no,cellular,nov,mon,1,999,0,nonexistent,-0.1,93.2,-42.0,4.191,5195.8,0.032034785,1630
24,blue-collar,single,high.school,no,unknown,unknown,telephone,may,mon,3,999,0,nonexistent,1.1,93.994,-36.4,4.857,5191.0,0.03201956,1631
30,services,single,high.school,no,yes,no,cellular,may,mon,1,999,1,failure,-1.8,92.893,-46.2,1.299,5099.1,0.031959593,1632
55,management,married,basic.9y,no,yes,no,telephone,jul,fri,3,999,0,nonexistent,1.4,93.918,-42.7,4.962,5228.1,0.03192309,1633
57,blue-collar,married,basic.4y,unknown,no,no,telephone,jun,tue,5,999,0,nonexistent,1.4,94.465,-41.8,4.961,5228.1,0.03187743,1634
34,technician,married,professional.course,unknown,no,no,cellular,jul,thu,1,999,0,nonexistent,1.4,93.918,-42.7,4.968,5228.1,0.031873412,1635
44,admin.,single,basic.6y,unknown,no,no,telephone,jul,wed,7,999,0,nonexistent,1.4,93.918,-42.7,4.963,5228.1,0.031870637,1636
54,entrepreneur,married,basic.4y,no,yes,no,cellular,nov,tue,2,999,1,failure,-0.1,93.2,-42.0,4.153,5195.8,0.03186988,1637
28,services,single,unknown,no,yes,no,cellular,may,tue,4,999,1,failure,-1.8,92.893,-46.2,1.344,5099.1,0.03185937,1638
50,admin.,married,high.school,no,no,no,telephone,may,wed,5,999,0,nonexistent,1.1,93.994,-36.4,4.858,5191.0,0.031847805,1639
30,blue-collar,married,high.school,no,yes,no,telephone,jun,mon,3,999,0,nonexistent,1.4,94.465,-41.8,4.96,5228.1,0.031846054,1640
59,blue-collar,divorced,basic.4y,no,no,no,telephone,may,fri,2,999,0,nonexistent,1.1,93.994,-36.4,4.864,5191.0,0.031819887,1641
29,blue-collar,single,basic.9y,no,yes,no,telephone,may,tue,2,999,0,nonexistent,1.1,93.994,-36.4,4.857,5191.0,0.031817555,1642
53,blue-collar,divorced,basic.4y,unknown,no,no,telephone,jun,mon,1,999,0,nonexistent,1.4,94.465,-41.8,4.96,5228.1,0.03177437,1643
31,blue-collar,married,basic.9y,no,no,no,telephone,may,thu,1,999,0,nonexistent,1.1,93.994,-36.4,4.855,5191.0,0.03172855,1644
36,services,married,high.school,no,no,no,telephone,may,thu,3,999,0,nonexistent,1.1,93.994,-36.4,4.86,5191.0,0.031710014,1645
40,blue-collar,married,basic.9y,no,yes,no,cellular,nov,mon,1,999,0,nonexistent,-0.1,93.2,-42.0,4.191,5195.8,0.03168381,1646
26,services,single,high.school,no,no,yes,cellular,jul,tue,12,999,0,nonexistent,1.4,93.918,-42.7,4.961,5228.1,0.031680644,1647
40,housemaid,single,university.degree,no,yes,no,telephone,may,fri,3,999,0,nonexistent,1.1,93.994,-36.4,4.855,5191.0,0.03156869,1648
29,services,single,university.degree,no,yes,yes,telephone,may,fri,1,999,0,nonexistent,1.1,93.994,-36.4,4.857,5191.0,0.03154886,1649
50,self-employed,married,basic.4y,unknown,no,no,cellular,aug,mon,1,999,0,nonexistent,1.4,93.444,-36.1,4.97,5228.1,0.03152327,1650
36,admin.,single,university.degree,no,yes,no,cellular,jul,thu,8,999,0,nonexistent,1.4,93.918,-42.7,4.968,5228.1,0.03147189,1651
38,self-employed,single,university.degree,no,no,no,telephone,may,thu,1,999,0,nonexistent,1.1,93.994,-36.4,4.855,5191.0,0.03144959,1652
52,technician,divorced,professional.course,no,yes,no,cellular,aug,thu,1,999,0,nonexistent,1.4,93.444,-36.1,4.962,5228.1,0.031398654,1653
52,self-employed,married,basic.4y,unknown,yes,no,telephone,may,thu,1,999,0,nonexistent,1.1,93.994,-36.4,4.86,5191.0,0.031384494,1654
37,technician,single,basic.9y,unknown,no,yes,telephone,may,tue,1,999,0,nonexistent,1.1,93.994,-36.4,4.856,5191.0,0.031304874,1655
39,self-employed,married,basic.4y,unknown,no,no,telephone,may,wed,2,999,0,nonexistent,1.1,93.994,-36.4,4.858,5191.0,0.03124912,1656
38,technician,married,university.degree,unknown,yes,no,telephone,may,fri,4,999,0,nonexistent,1.1,93.994,-36.4,4.859,5191.0,0.031218642,1657
32,technician,married,professional.course,no,no,no,telephone,may,thu,1,999,0,nonexistent,1.1,93.994,-36.4,4.86,5191.0,0.031193774,1658
41,housemaid,married,university.degree,unknown,no,no,telephone,jun,fri,3,999,0,nonexistent,1.4,94.465,-41.8,4.967,5228.1,0.03115519,1659
31,unemployed,married,high.school,yes,no,no,cellular,nov,tue,2,999,1,failure,-0.1,93.2,-42.0,4.153,5195.8,0.031109564,1660
36,services,married,high.school,no,no,no,telephone,may,thu,2,999,0,nonexistent,1.1,93.994,-36.4,4.86,5191.0,0.031080117,1661
32,admin.,single,high.school,no,yes,no,telephone,may,tue,4,999,0,nonexistent,1.1,93.994,-36.4,4.857,5191.0,0.031021783,1662
33,blue-collar,married,basic.9y,unknown,yes,no,telephone,may,tue,2,999,1,failure,-1.8,92.893,-46.2,1.344,5099.1,0.0309972,1663
35,housemaid,married,basic.4y,no,no,no,telephone,may,fri,2,999,0,nonexistent,1.1,93.994,-36.4,4.864,5191.0,0.030976852,1664
28,blue-collar,married,basic.6y,no,yes,no,telephone,may,tue,2,999,0,nonexistent,1.1,93.994,-36.4,4.857,5191.0,0.030964196,1665
44,services,married,high.school,no,yes,no,telephone,jun,thu,3,999,0,nonexistent,1.4,94.465,-41.8,4.958,5228.1,0.030919807,1666
42,blue-collar,married,basic.9y,unknown,yes,no,cellular,jul,thu,2,999,0,nonexistent,1.4,93.918,-42.7,4.968,5228.1,0.03089231,1667
27,blue-collar,married,basic.9y,no,no,no,telephone,jun,mon,4,999,0,nonexistent,1.4,94.465,-41.8,4.865,5228.1,0.0308873,1668
43,technician,married,professional.course,no,yes,no,cellular,nov,mon,1,999,0,nonexistent,-0.1,93.2,-42.0,4.191,5195.8,0.030872844,1669
28,technician,divorced,professional.course,no,no,no,telephone,may,mon,1,999,0,nonexistent,1.1,93.994,-36.4,4.858,5191.0,0.030843966,1670
39,blue-collar,single,university.degree,no,yes,no,cellular,may,wed,9,999,0,nonexistent,-1.8,92.893,-46.2,1.281,5099.1,0.030775534,1671
35,services,single,high.school,unknown,yes,yes,telephone,jul,tue,2,999,0,nonexistent,1.4,93.918,-42.7,4.961,5228.1,0.030703824,1672
53,self-employed,married,university.degree,no,no,no,telephone,may,fri,2,999,0,nonexistent,1.1,93.994,-36.4,4.864,5191.0,0.030674234,1673
33,blue-collar,married,basic.4y,unknown,no,no,telephone,jun,mon,1,999,0,nonexistent,1.4,94.465,-41.8,4.96,5228.1,0.030645998,1674
31,admin.,married,university.degree,no,yes,no,telephone,may,tue,1,999,0,nonexistent,1.1,93.994,-36.4,4.857,5191.0,0.030623391,1675
53,technician,divorced,university.degree,no,yes,no,telephone,may,wed,1,999,0,nonexistent,1.1,93.994,-36.4,4.857,5191.0,0.030548021,1676
31,services,married,high.school,unknown,yes,no,telephone,jun,tue,1,999,0,nonexistent,1.4,94.465,-41.8,4.864,5228.1,0.03052153,1677
28,blue-collar,married,basic.9y,no,no,no,telephone,jul,tue,8,999,0,nonexistent,1.4,93.918,-42.7,4.961,5228.1,0.030501137,1678
24,admin.,single,basic.9y,no,yes,no,telephone,may,fri,6,999,0,nonexistent,-1.8,92.893,-46.2,1.25,5099.1,0.030481078,1679
57,technician,divorced,basic.4y,no,yes,no,telephone,may,thu,2,999,0,nonexistent,1.1,93.994,-36.4,4.86,5191.0,0.030375933,1680
41,admin.,single,high.school,no,yes,no,telephone,may,tue,1,999,0,nonexistent,1.1,93.994,-36.4,4.856,5191.0,0.030324448,1681
38,blue-collar,single,basic.9y,no,yes,no,telephone,may,tue,1,999,0,nonexistent,1.1,93.994,-36.4,4.856,5191.0,0.030296236,1682
41,blue-collar,married,professional.course,no,no,no,telephone,may,mon,2,999,0,nonexistent,1.1,93.994,-36.4,4.858,5191.0,0.030233245,1683
46,self-employed,married,basic.9y,unknown,no,no,telephone,may,mon,3,999,0,nonexistent,1.1,93.994,-36.4,4.858,5191.0,0.030223634,1684
35,admin.,single,university.degree,no,no,yes,telephone,may,mon,2,999,0,nonexistent,1.1,93.994,-36.4,4.857,5191.0,0.030148624,1685
38,services,married,high.school,unknown,yes,no,cellular,may,thu,7,999,0,nonexistent,-1.8,92.893,-46.2,1.266,5099.1,0.030147187,1686
37,technician,single,university.degree,no,yes,no,telephone,may,thu,3,999,0,nonexistent,1.1,93.994,-36.4,4.855,5191.0,0.030147063,1687
27,services,single,high.school,no,yes,no,telephone,may,wed,1,999,0,nonexistent,1.1,93.994,-36.4,4.857,5191.0,0.030068893,1688
28,admin.,married,university.degree,no,no,no,telephone,may,fri,2,999,0,nonexistent,1.1,93.994,-36.4,4.857,5191.0,0.030015042,1689
25,blue-collar,married,professional.course,unknown,no,no,telephone,may,fri,2,999,0,nonexistent,1.1,93.994,-36.4,4.855,5191.0,0.030014826,1690
31,technician,married,professional.course,unknown,no,no,cellular,aug,mon,2,999,0,nonexistent,1.4,93.444,-36.1,4.97,5228.1,0.029987859,1691
35,unknown,married,basic.9y,no,yes,yes,telephone,may,thu,1,999,0,nonexistent,1.1,93.994,-36.4,4.855,5191.0,0.029873695,1692
35,housemaid,married,basic.4y,no,no,no,telephone,may,thu,3,999,0,nonexistent,1.1,93.994,-36.4,4.86,5191.0,0.02985335,1693
53,admin.,married,university.degree,unknown,yes,no,telephone,may,fri,2,999,0,nonexistent,1.1,93.994,-36.4,4.855,5191.0,0.029833373,1694
56,services,married,high.school,no,no,no,cellular,aug,fri,2,999,0,nonexistent,1.4,93.444,-36.1,4.964,5228.1,0.029829616,1695
50,admin.,married,university.degree,no,no,no,telephone,may,wed,1,999,0,nonexistent,1.1,93.994,-36.4,4.856,5191.0,0.029792804,1696
42,housemaid,married,high.school,no,yes,no,cellular,aug,tue,1,999,0,nonexistent,1.4,93.444,-36.1,4.965,5228.1,0.029754587,1697
26,blue-collar,single,basic.4y,no,yes,yes,telephone,jun,mon,1,999,0,nonexistent,1.4,94.465,-41.8,4.96,5228.1,0.029742736,1698
39,blue-collar,married,basic.6y,no,yes,no,telephone,may,tue,1,999,0,nonexistent,1.1,93.994,-36.4,4.857,5191.0,0.02970984,1699
35,services,married,high.school,no,no,no,telephone,may,fri,5,999,0,nonexistent,1.1,93.994,-36.4,4.857,5191.0,0.029663332,1700
28,services,married,high.school,no,yes,no,telephone,may,fri,1,999,0,nonexistent,1.1,93.994,-36.4,4.857,5191.0,0.029656168,1701
32,technician,married,professional.course,no,no,yes,telephone,may,mon,3,999,0,nonexistent,1.1,93.994,-36.4,4.858,5191.0,0.029608617,1702
32,services,married,high.school,no,yes,no,telephone,jun,tue,1,999,0,nonexistent,1.4,94.465,-41.8,4.864,5228.1,0.029532108,1703
30,services,married,high.school,no,yes,no,cellular,nov,wed,4,999,1,failure,-0.1,93.2,-42.0,4.12,5195.8,0.02949268,1704
53,housemaid,single,basic.4y,unknown,no,no,telephone,may,thu,15,999,0,nonexistent,1.1,93.994,-36.4,4.86,5191.0,0.029490529,1705
56,services,married,high.school,no,yes,no,cellular,nov,mon,1,999,0,nonexistent,-0.1,93.2,-42.0,4.191,5195.8,0.029456895,1706
31,entrepreneur,divorced,high.school,no,yes,no,telephone,may,tue,1,999,0,nonexistent,1.1,93.994,-36.4,4.857,5191.0,0.029379139,1707
34,housemaid,married,high.school,unknown,yes,yes,cellular,may,wed,4,999,1,failure,-1.8,92.893,-46.2,1.334,5099.1,0.029373381,1708
40,blue-collar,married,basic.4y,unknown,no,yes,telephone,jul,thu,1,999,0,nonexistent,1.4,93.918,-42.7,4.963,5228.1,0.029295594,1709
30,services,single,high.school,no,yes,no,telephone,may,thu,2,999,0,nonexistent,1.1,93.994,-36.4,4.855,5191.0,0.02923295,1710
31,services,single,high.school,unknown,no,no,cellular,may,fri,2,999,2,failure,-1.8,92.893,-46.2,1.313,5099.1,0.029226843,1711
44,blue-collar,married,basic.4y,no,yes,no,telephone,may,wed,1,999,0,nonexistent,1.1,93.994,-36.4,4.856,5191.0,0.029226435,1712
30,technician,married,professional.course,no,unknown,unknown,telephone,may,wed,2,999,0,nonexistent,1.1,93.994,-36.4,4.859,5191.0,0.029212743,1713
49,admin.,single,unknown,unknown,unknown,unknown,telephone,jun,tue,1,999,0,nonexistent,1.4,94.465,-41.8,4.961,5228.1,0.029198458,1714
32,admin.,married,university.degree,no,yes,no,telephone,may,thu,1,999,0,nonexistent,1.1,93.994,-36.4,4.86,5191.0,0.029187758,1715
32,blue-collar,divorced,basic.4y,unknown,no,no,telephone,jun,mon,2,999,0,nonexistent,1.4,94.465,-41.8,4.865,5228.1,0.029123878,1716
51,blue-collar,married,basic.9y,unknown,no,no,telephone,may,fri,2,999,0,nonexistent,1.1,93.994,-36.4,4.857,5191.0,0.029117793,1717
53,admin.,single,basic.6y,no,yes,yes,telephone,may,mon,2,999,0,nonexistent,1.1,93.994,-36.4,4.857,5191.0,0.029108781,1718
33,admin.,divorced,basic.9y,no,no,no,telephone,may,fri,1,999,0,nonexistent,1.1,93.994,-36.4,4.855,5191.0,0.02909706,1719
40,admin.,married,university.degree,unknown,yes,no,telephone,jun,mon,1,999,0,nonexistent,1.4,94.465,-41.8,4.865,5228.1,0.029020261,1720
59,technician,divorced,professional.course,no,no,no,telephone,may,wed,2,999,0,nonexistent,1.1,93.994,-36.4,4.857,5191.0,0.02896606,1721
40,blue-collar,single,basic.9y,no,yes,yes,cellular,may,wed,7,999,0,nonexistent,-1.8,92.893,-46.2,1.281,5099.1,0.028931664,1722
54,technician,married,basic.9y,no,no,no,telephone,jun,fri,9,999,0,nonexistent,1.4,94.465,-41.8,4.967,5228.1,0.028927533,1723
34,blue-collar,married,basic.4y,no,no,no,telephone,jun,mon,4,999,0,nonexistent,1.4,94.465,-41.8,4.96,5228.1,0.028887028,1724
35,retired,married,professional.course,no,no,no,telephone,may,wed,2,999,0,nonexistent,1.1,93.994,-36.4,4.857,5191.0,0.028831854,1725
30,technician,single,university.degree,unknown,no,no,telephone,may,wed,4,999,0,nonexistent,1.1,93.994,-36.4,4.857,5191.0,0.028792653,1726
40,technician,single,university.degree,no,yes,no,cellular,aug,tue,1,999,0,nonexistent,1.4,93.444,-36.1,4.963,5228.1,0.028768107,1727
41,housemaid,married,basic.4y,unknown,yes,no,cellular,aug,thu,1,999,0,nonexistent,1.4,93.444,-36.1,4.964,5228.1,0.028739259,1728
32,self-employed,single,professional.course,no,unknown,unknown,cellular,aug,tue,7,999,0,nonexistent,1.4,93.444,-36.1,4.963,5228.1,0.028738141,1729
37,admin.,divorced,high.school,unknown,yes,yes,telephone,may,wed,5,999,0,nonexistent,1.1,93.994,-36.4,4.858,5191.0,0.028687447,1730
41,blue-collar,married,basic.4y,no,yes,no,telephone,may,fri,2,999,0,nonexistent,1.1,93.994,-36.4,4.864,5191.0,0.028678572,1731
46,self-employed,married,basic.9y,unknown,no,no,cellular,nov,mon,1,999,1,failure,-0.1,93.2,-42.0,4.191,5195.8,0.028671427,1732
23,services,married,basic.9y,no,no,no,telephone,may,fri,3,999,0,nonexistent,1.1,93.994,-36.4,4.859,5191.0,0.028620353,1733
35,technician,single,professional.course,unknown,yes,no,cellular,jul,thu,5,999,0,nonexistent,1.4,93.918,-42.7,4.968,5228.1,0.028594803,1734
39,admin.,married,university.degree,no,yes,yes,telephone,may,tue,1,999,0,nonexistent,1.1,93.994,-36.4,4.857,5191.0,0.028558878,1735
35,unemployed,divorced,high.school,unknown,yes,no,telephone,jun,mon,1,999,0,nonexistent,1.4,94.465,-41.8,4.961,5228.1,0.028538771,1736
44,blue-collar,single,high.school,no,no,yes,telephone,may,mon,1,999,0,nonexistent,1.1,93.994,-36.4,4.857,5191.0,0.028534476,1737
22,services,single,basic.4y,no,no,yes,telephone,jun,thu,1,999,0,nonexistent,1.4,94.465,-41.8,4.958,5228.1,0.028527781,1738
51,blue-collar,married,basic.4y,no,yes,yes,telephone,may,mon,2,999,0,nonexistent,1.1,93.994,-36.4,4.857,5191.0,0.02846435,1739
47,management,married,university.degree,no,yes,yes,telephone,may,fri,1,999,0,nonexistent,1.1,93.994,-36.4,4.857,5191.0,0.028443392,1740
40,services,single,high.school,unknown,no,no,cellular,may,fri,1,999,1,failure,-1.8,92.893,-46.2,1.313,5099.1,0.028388975,1741
41,blue-collar,married,basic.9y,no,yes,no,telephone,may,thu,1,999,0,nonexistent,1.1,93.994,-36.4,4.855,5191.0,0.028346207,1742
34,blue-collar,single,basic.6y,unknown,yes,no,telephone,may,mon,1,999,0,nonexistent,1.1,93.994,-36.4,4.857,5191.0,0.028337205,1743
55,blue-collar,married,professional.course,unknown,yes,yes,telephone,jun,mon,1,999,0,nonexistent,1.4,94.465,-41.8,4.865,5228.1,0.028296566,1744
51,blue-collar,married,basic.9y,unknown,yes,no,telephone,may,thu,2,999,0,nonexistent,1.1,93.994,-36.4,4.855,5191.0,0.028279316,1745
48,blue-collar,married,basic.9y,no,yes,no,telephone,may,tue,1,999,0,nonexistent,1.1,93.994,-36.4,4.857,5191.0,0.0282514,1746
52,services,divorced,high.school,no,unknown,unknown,telephone,jun,thu,1,999,0,nonexistent,1.4,94.465,-41.8,4.961,5228.1,0.028186757,1747
47,services,married,professional.course,no,yes,no,telephone,may,fri,2,999,0,nonexistent,1.1,93.994,-36.4,4.857,5191.0,0.028152512,1748
47,technician,married,professional.course,no,no,no,telephone,jul,wed,3,999,0,nonexistent,1.4,93.918,-42.7,4.956,5228.1,0.028109413,1749
28,technician,divorced,university.degree,no,no,no,telephone,may,fri,2,999,0,nonexistent,1.1,93.994,-36.4,4.857,5191.0,0.02807339,1750
25,blue-collar,married,high.school,no,no,no,telephone,jul,wed,1,999,0,nonexistent,1.4,93.918,-42.7,4.963,5228.1,0.028060948,1751
48,blue-collar,married,professional.course,no,no,yes,telephone,may,wed,4,999,0,nonexistent,1.1,93.994,-36.4,4.856,5191.0,0.028046567,1752
29,blue-collar,single,high.school,no,no,yes,telephone,may,mon,1,999,0,nonexistent,1.1,93.994,-36.4,4.857,5191.0,0.027978985,1753
30,admin.,married,university.degree,no,no,yes,telephone,may,tue,1,999,0,nonexistent,1.1,93.994,-36.4,4.856,5191.0,0.027927468,1754
46,admin.,single,high.school,no,yes,no,telephone,may,tue,1,999,0,nonexistent,1.1,93.994,-36.4,4.857,5191.0,0.027917236,1755
50,management,married,basic.9y,no,no,no,telephone,may,mon,4,999,0,nonexistent,1.1,93.994,-36.4,4.857,5191.0,0.02786923,1756
38,blue-collar,divorced,unknown,no,no,no,telephone,may,thu,5,999,0,nonexistent,1.1,93.994,-36.4,4.86,5191.0,0.027823083,1757
51,management,married,university.degree,no,no,no,telephone,may,wed,1,999,0,nonexistent,1.1,93.994,-36.4,4.856,5191.0,0.027810078,1758
41,self-employed,married,high.school,unknown,no,no,telephone,may,fri,4,999,0,nonexistent,1.1,93.994,-36.4,4.859,5191.0,0.027754877,1759
36,admin.,married,high.school,no,no,yes,cellular,jul,thu,12,999,0,nonexistent,1.4,93.918,-42.7,4.968,5228.1,0.02767539,1760
33,self-employed,single,university.degree,no,no,no,telephone,may,fri,1,999,0,nonexistent,1.1,93.994,-36.4,4.857,5191.0,0.027673239,1761
31,housemaid,married,basic.4y,no,no,yes,cellular,aug,tue,6,999,0,nonexistent,1.4,93.444,-36.1,4.966,5228.1,0.027638633,1762
35,blue-collar,married,basic.9y,no,no,no,telephone,may,fri,3,999,0,nonexistent,1.1,93.994,-36.4,4.855,5191.0,0.027588442,1763
33,blue-collar,married,basic.9y,unknown,yes,no,telephone,may,wed,1,999,0,nonexistent,1.1,93.994,-36.4,4.857,5191.0,0.027532792,1764
47,blue-collar,divorced,basic.9y,no,no,yes,telephone,may,fri,1,999,0,nonexistent,1.1,93.994,-36.4,4.857,5191.0,0.027478082,1765
52,technician,married,professional.course,unknown,yes,no,cellular,aug,thu,9,999,0,nonexistent,1.4,93.444,-36.1,4.962,5228.1,0.027376113,1766
24,blue-collar,married,basic.9y,unknown,no,no,telephone,jun,mon,2,999,0,nonexistent,1.4,94.465,-41.8,4.96,5228.1,0.027349597,1767
39,blue-collar,married,basic.4y,unknown,yes,no,telephone,may,wed,1,999,0,nonexistent,1.1,93.994,-36.4,4.858,5191.0,0.02729755,1768
30,services,married,basic.9y,no,no,yes,telephone,jul,thu,2,999,0,nonexistent,1.4,93.918,-42.7,4.966,5228.1,0.027213365,1769
30,technician,married,university.degree,no,yes,no,telephone,may,tue,2,999,0,nonexistent,1.1,93.994,-36.4,4.856,5191.0,0.027210485,1770
28,services,single,high.school,no,yes,no,telephone,may,tue,1,999,0,nonexistent,1.1,93.994,-36.4,4.857,5191.0,0.02714681,1771
49,technician,married,professional.course,no,yes,no,telephone,jun,fri,2,999,0,nonexistent,1.4,94.465,-41.8,4.967,5228.1,0.02710289,1772
37,blue-collar,single,basic.4y,unknown,yes,yes,telephone,jun,thu,2,999,0,nonexistent,1.4,94.465,-41.8,4.961,5228.1,0.027053885,1773
34,technician,married,university.degree,no,yes,no,telephone,may,tue,2,999,0,nonexistent,1.1,93.994,-36.4,4.857,5191.0,0.02705285,1774
39,blue-collar,married,basic.9y,no,yes,no,telephone,may,fri,2,999,0,nonexistent,1.1,93.994,-36.4,4.857,5191.0,0.027047861,1775
35,blue-collar,married,basic.4y,no,yes,no,telephone,may,fri,3,999,0,nonexistent,1.1,93.994,-36.4,4.859,5191.0,0.026923113,1776
25,student,single,high.school,no,yes,no,telephone,may,mon,9,999,0,nonexistent,-1.8,92.893,-46.2,1.244,5099.1,0.026889144,1777
57,retired,married,basic.6y,no,no,no,cellular,may,thu,1,999,1,failure,-1.8,92.893,-46.2,1.327,5099.1,0.02677911,1778
27,admin.,single,high.school,no,yes,yes,telephone,jul,mon,5,999,0,nonexistent,1.4,93.918,-42.7,4.962,5228.1,0.02677317,1779
35,blue-collar,married,high.school,no,yes,yes,telephone,may,mon,1,999,0,nonexistent,1.1,93.994,-36.4,4.857,5191.0,0.026720608,1780
41,services,married,high.school,no,yes,no,telephone,may,wed,1,999,0,nonexistent,1.1,93.994,-36.4,4.857,5191.0,0.02668045,1781
39,unemployed,married,professional.course,no,yes,no,cellular,nov,mon,1,999,1,failure,-0.1,93.2,-42.0,4.191,5195.8,0.026652476,1782
34,blue-collar,married,basic.4y,no,no,no,telephone,jul,mon,4,999,0,nonexistent,1.4,93.918,-42.7,4.962,5228.1,0.026614338,1783
53,blue-collar,divorced,basic.4y,unknown,yes,no,telephone,may,fri,1,999,0,nonexistent,1.1,93.994,-36.4,4.857,5191.0,0.026594108,1784
32,technician,married,basic.9y,no,yes,no,telephone,jul,fri,2,999,0,nonexistent,1.4,93.918,-42.7,4.963,5228.1,0.026479071,1785
42,technician,single,high.school,unknown,no,no,telephone,may,tue,3,999,0,nonexistent,1.1,93.994,-36.4,4.856,5191.0,0.026460696,1786
45,housemaid,married,high.school,no,no,no,telephone,may,tue,2,999,0,nonexistent,1.1,93.994,-36.4,4.857,5191.0,0.026456004,1787
47,services,divorced,basic.4y,no,yes,no,telephone,jun,fri,6,999,0,nonexistent,1.4,94.465,-41.8,4.959,5228.1,0.026450489,1788
32,services,single,high.school,no,yes,no,telephone,may,mon,3,999,0,nonexistent,1.1,93.994,-36.4,4.857,5191.0,0.026416786,1789
42,blue-collar,married,basic.4y,unknown,yes,yes,telephone,jun,wed,9,999,0,nonexistent,1.4,94.465,-41.8,4.864,5228.1,0.026309984,1790
51,retired,married,basic.9y,no,no,no,telephone,may,tue,1,999,0,nonexistent,1.1,93.994,-36.4,4.856,5191.0,0.026243782,1791
32,admin.,married,basic.6y,no,no,no,telephone,may,thu,1,999,0,nonexistent,1.1,93.994,-36.4,4.855,5191.0,0.026224688,1792
35,entrepreneur,married,high.school,no,no,no,telephone,may,tue,1,999,0,nonexistent,1.1,93.994,-36.4,4.857,5191.0,0.026193758,1793
37,services,married,high.school,unknown,yes,no,telephone,jun,tue,1,999,0,nonexistent,1.4,94.465,-41.8,4.864,5228.1,0.026191862,1794
60,entrepreneur,married,basic.4y,no,yes,no,telephone,may,thu,1,999,0,nonexistent,1.1,93.994,-36.4,4.855,5191.0,0.026038527,1795
30,blue-collar,married,basic.9y,no,yes,no,cellular,nov,tue,2,999,1,failure,-0.1,93.2,-42.0,4.153,5195.8,0.02601527,1796
41,blue-collar,married,basic.4y,no,yes,no,telephone,jul,wed,1,999,0,nonexistent,1.4,93.918,-42.7,4.962,5228.1,0.025933357,1797
39,management,single,basic.9y,unknown,yes,no,telephone,may,tue,3,999,0,nonexistent,1.1,93.994,-36.4,4.856,5191.0,0.025889285,1798
27,blue-collar,married,basic.9y,no,yes,no,telephone,may,tue,3,999,0,nonexistent,1.1,93.994,-36.4,4.856,5191.0,0.02585352,1799
44,blue-collar,divorced,basic.9y,no,yes,no,telephone,may,wed,1,999,0,nonexistent,1.1,93.994,-36.4,4.857,5191.0,0.025845872,1800
39,blue-collar,married,basic.9y,unknown,yes,no,telephone,jun,mon,1,999,0,nonexistent,1.4,94.465,-41.8,4.865,5228.1,0.025770206,1801
43,entrepreneur,married,high.school,no,no,no,telephone,may,tue,2,999,0,nonexistent,1.1,93.994,-36.4,4.857,5191.0,0.025760835,1802
55,retired,married,high.school,no,no,yes,cellular,nov,thu,6,999,0,nonexistent,-0.1,93.2,-42.0,4.076,5195.8,0.025755215,1803
36,admin.,divorced,high.school,no,yes,no,telephone,may,thu,5,999,0,nonexistent,1.1,93.994,-36.4,4.86,5191.0,0.025687058,1804
36,blue-collar,married,basic.6y,unknown,yes,no,telephone,may,mon,4,999,0,nonexistent,1.1,93.994,-36.4,4.857,5191.0,0.025671842,1805
46,housemaid,married,basic.9y,no,yes,no,telephone,may,tue,1,999,0,nonexistent,1.1,93.994,-36.4,4.857,5191.0,0.025667027,1806
49,blue-collar,married,basic.4y,unknown,yes,no,telephone,may,wed,5,999,0,nonexistent,1.1,93.994,-36.4,4.858,5191.0,0.025649993,1807
41,entrepreneur,married,university.degree,no,no,no,telephone,may,wed,4,999,0,nonexistent,1.1,93.994,-36.4,4.856,5191.0,0.025613325,1808
34,technician,married,university.degree,no,no,no,telephone,may,wed,3,999,0,nonexistent,1.1,93.994,-36.4,4.857,5191.0,0.025607167,1809
38,blue-collar,married,basic.6y,unknown,yes,yes,telephone,may,mon,3,999,0,nonexistent,1.1,93.994,-36.4,4.858,5191.0,0.025562357,1810
45,blue-collar,married,high.school,no,yes,no,telephone,may,thu,5,999,0,nonexistent,1.1,93.994,-36.4,4.855,5191.0,0.025553249,1811
34,blue-collar,married,basic.4y,no,no,yes,telephone,may,tue,3,999,0,nonexistent,1.1,93.994,-36.4,4.856,5191.0,0.025548428,1812
39,management,married,university.degree,no,no,no,telephone,may,mon,2,999,0,nonexistent,1.1,93.994,-36.4,4.857,5191.0,0.025493113,1813
38,blue-collar,single,basic.4y,no,yes,no,telephone,may,mon,2,999,0,nonexistent,1.1,93.994,-36.4,4.858,5191.0,0.025465852,1814
48,technician,divorced,professional.course,no,yes,yes,telephone,may,fri,2,999,0,nonexistent,1.1,93.994,-36.4,4.857,5191.0,0.025463492,1815
46,admin.,single,high.school,no,no,no,telephone,may,mon,2,999,0,nonexistent,1.1,93.994,-36.4,4.857,5191.0,0.025440684,1816
36,blue-collar,married,basic.4y,unknown,yes,no,telephone,may,fri,2,999,0,nonexistent,1.1,93.994,-36.4,4.864,5191.0,0.02541214,1817
39,blue-collar,married,basic.4y,unknown,unknown,unknown,telephone,may,fri,1,999,0,nonexistent,1.1,93.994,-36.4,4.859,5191.0,0.025404725,1818
39,housemaid,married,university.degree,no,yes,no,telephone,may,mon,2,999,0,nonexistent,1.1,93.994,-36.4,4.857,5191.0,0.025361987,1819
54,technician,married,professional.course,unknown,yes,yes,telephone,jun,tue,4,999,0,nonexistent,1.4,94.465,-41.8,4.961,5228.1,0.025344048,1820
34,housemaid,single,high.school,no,no,no,cellular,may,tue,7,999,1,failure,-1.8,92.893,-46.2,1.291,5099.1,0.025299644,1821
52,technician,married,high.school,no,yes,no,telephone,may,mon,2,999,0,nonexistent,1.1,93.994,-36.4,4.857,5191.0,0.025084984,1822
36,technician,married,professional.course,no,yes,no,telephone,may,fri,4,999,0,nonexistent,1.1,93.994,-36.4,4.855,5191.0,0.025081912,1823
42,technician,divorced,university.degree,no,no,no,telephone,may,tue,1,999,0,nonexistent,1.1,93.994,-36.4,4.856,5191.0,0.025032938,1824
50,technician,single,university.degree,no,yes,no,cellular,aug,thu,1,999,0,nonexistent,1.4,93.444,-36.1,4.964,5228.1,0.025010152,1825
41,technician,married,professional.course,no,no,yes,telephone,may,fri,2,999,0,nonexistent,1.1,93.994,-36.4,4.857,5191.0,0.02497978,1826
54,technician,divorced,basic.9y,unknown,no,no,telephone,may,fri,4,999,0,nonexistent,1.1,93.994,-36.4,4.859,5191.0,0.024944017,1827
38,admin.,single,professional.course,no,no,no,telephone,may,mon,1,999,0,nonexistent,1.1,93.994,-36.4,4.857,5191.0,0.024873728,1828
40,blue-collar,married,high.school,no,yes,no,telephone,may,tue,1,999,0,nonexistent,1.1,93.994,-36.4,4.857,5191.0,0.024846511,1829
36,admin.,married,university.degree,unknown,yes,no,telephone,may,tue,1,999,0,nonexistent,1.1,93.994,-36.4,4.856,5191.0,0.024819613,1830
44,admin.,divorced,high.school,unknown,yes,no,telephone,may,wed,1,999,0,nonexistent,1.1,93.994,-36.4,4.856,5191.0,0.024703013,1831
31,blue-collar,single,high.school,no,no,no,telephone,may,wed,11,999,0,nonexistent,1.1,93.994,-36.4,4.857,5191.0,0.024588509,1832
51,blue-collar,married,basic.9y,no,yes,no,cellular,nov,wed,2,999,1,failure,-0.1,93.2,-42.0,4.12,5195.8,0.024563842,1833
25,blue-collar,divorced,basic.9y,no,unknown,unknown,telephone,jun,mon,2,999,0,nonexistent,1.4,94.465,-41.8,4.961,5228.1,0.024557006,1834
42,services,single,basic.6y,no,yes,yes,cellular,may,wed,8,999,0,nonexistent,-1.8,92.893,-46.2,1.281,5099.1,0.024487836,1835
41,services,married,high.school,no,yes,no,telephone,may,tue,4,999,0,nonexistent,1.1,93.994,-36.4,4.857,5191.0,0.02443087,1836
59,management,married,basic.4y,unknown,yes,no,telephone,may,thu,4,999,0,nonexistent,1.1,93.994,-36.4,4.86,5191.0,0.024358787,1837
50,unknown,married,unknown,unknown,yes,no,telephone,may,tue,3,999,0,nonexistent,1.1,93.994,-36.4,4.857,5191.0,0.02433949,1838
31,services,married,high.school,unknown,no,no,telephone,may,tue,1,999,0,nonexistent,1.1,93.994,-36.4,4.857,5191.0,0.024329772,1839
37,admin.,married,basic.6y,no,no,no,telephone,may,mon,1,999,0,nonexistent,1.1,93.994,-36.4,4.857,5191.0,0.024313664,1840
56,admin.,married,high.school,no,yes,no,telephone,may,mon,2,999,0,nonexistent,1.1,93.994,-36.4,4.857,5191.0,0.024292238,1841
58,management,married,basic.9y,no,yes,no,telephone,may,wed,5,999,0,nonexistent,1.1,93.994,-36.4,4.858,5191.0,0.024214264,1842
46,admin.,married,high.school,no,yes,no,telephone,may,tue,2,999,0,nonexistent,1.1,93.994,-36.4,4.856,5191.0,0.024153935,1843
32,admin.,single,university.degree,no,no,no,cellular,nov,mon,1,999,1,failure,-0.1,93.2,-42.0,4.191,5195.8,0.024134208,1844
55,technician,married,basic.9y,unknown,unknown,unknown,telephone,may,fri,2,999,0,nonexistent,1.1,93.994,-36.4,4.855,5191.0,0.02412634,1845
35,blue-collar,married,basic.9y,no,no,no,telephone,may,tue,2,999,0,nonexistent,1.1,93.994,-36.4,4.857,5191.0,0.02405586,1846
32,admin.,married,university.degree,no,yes,no,telephone,may,thu,5,999,0,nonexistent,-1.8,92.893,-46.2,1.266,5099.1,0.024012864,1847
34,technician,single,professional.course,no,unknown,unknown,telephone,may,wed,3,999,0,nonexistent,1.1,93.994,-36.4,4.856,5191.0,0.023977872,1848
44,management,married,university.degree,unknown,no,no,telephone,may,tue,1,999,0,nonexistent,1.1,93.994,-36.4,4.856,5191.0,0.023959933,1849
52,unemployed,married,high.school,no,yes,no,telephone,jun,tue,2,999,0,nonexistent,1.4,94.465,-41.8,4.961,5228.1,0.023887567,1850
30,technician,married,university.degree,unknown,no,no,telephone,may,tue,1,999,0,nonexistent,1.1,93.994,-36.4,4.856,5191.0,0.02379741,1851
53,management,married,university.degree,no,yes,no,telephone,jul,fri,1,999,0,nonexistent,1.4,93.918,-42.7,4.962,5228.1,0.023774954,1852
30,blue-collar,divorced,basic.9y,no,yes,no,telephone,may,wed,4,999,0,nonexistent,1.1,93.994,-36.4,4.857,5191.0,0.023629524,1853
47,admin.,divorced,professional.course,no,no,no,cellular,nov,mon,1,999,1,failure,-0.1,93.2,-42.0,4.191,5195.8,0.02359228,1854
39,admin.,married,university.degree,no,no,no,telephone,may,tue,3,999,0,nonexistent,1.1,93.994,-36.4,4.857,5191.0,0.023579102,1855
37,admin.,married,university.degree,no,no,no,telephone,may,mon,1,999,0,nonexistent,1.1,93.994,-36.4,4.857,5191.0,0.023484562,1856
38,admin.,married,high.school,no,yes,no,telephone,may,thu,2,999,0,nonexistent,1.1,93.994,-36.4,4.855,5191.0,0.023422819,1857
34,technician,married,professional.course,no,yes,no,telephone,may,tue,3,999,0,nonexistent,1.1,93.994,-36.4,4.857,5191.0,0.023377752,1858
40,blue-collar,married,basic.6y,unknown,yes,yes,telephone,jun,mon,1,999,0,nonexistent,1.4,94.465,-41.8,4.865,5228.1,0.02336805,1859
28,unknown,single,basic.9y,unknown,no,no,telephone,may,wed,1,999,0,nonexistent,1.1,93.994,-36.4,4.856,5191.0,0.02331225,1860
36,blue-collar,married,basic.9y,no,yes,no,telephone,may,tue,1,999,0,nonexistent,1.1,93.994,-36.4,4.856,5191.0,0.023239536,1861
47,admin.,married,university.degree,unknown,yes,no,telephone,may,mon,1,999,0,nonexistent,1.1,93.994,-36.4,4.857,5191.0,0.023229225,1862
41,blue-collar,married,basic.9y,no,no,no,telephone,may,tue,1,999,0,nonexistent,1.1,93.994,-36.4,4.856,5191.0,0.02315805,1863
28,unknown,single,basic.9y,unknown,yes,no,telephone,may,wed,2,999,0,nonexistent,1.1,93.994,-36.4,4.856,5191.0,0.023136599,1864
34,admin.,married,professional.course,no,yes,no,telephone,may,tue,2,999,0,nonexistent,1.1,93.994,-36.4,4.856,5191.0,0.023098124,1865
48,services,married,high.school,unknown,unknown,unknown,telephone,may,tue,1,999,0,nonexistent,1.1,93.994,-36.4,4.857,5191.0,0.023093771,1866
43,management,married,professional.course,no,no,no,telephone,may,thu,5,999,0,nonexistent,1.1,93.994,-36.4,4.86,5191.0,0.023040468,1867
49,management,married,professional.course,unknown,yes,no,telephone,may,tue,2,999,0,nonexistent,1.1,93.994,-36.4,4.857,5191.0,0.022900106,1868
35,admin.,married,high.school,no,no,no,telephone,may,tue,1,999,0,nonexistent,1.1,93.994,-36.4,4.856,5191.0,0.022876939,1869
40,blue-collar,married,high.school,no,no,yes,telephone,may,mon,1,999,0,nonexistent,1.1,93.994,-36.4,4.857,5191.0,0.02282044,1870
46,services,married,professional.course,no,yes,no,telephone,may,tue,4,999,0,nonexistent,1.1,93.994,-36.4,4.856,5191.0,0.022768315,1871
52,retired,married,basic.9y,unknown,no,no,telephone,may,thu,7,999,0,nonexistent,1.1,93.994,-36.4,4.86,5191.0,0.02265159,1872
36,blue-collar,married,basic.9y,unknown,no,no,telephone,may,wed,2,999,0,nonexistent,1.1,93.994,-36.4,4.857,5191.0,0.022640936,1873
38,blue-collar,single,basic.4y,unknown,no,no,telephone,may,thu,3,999,0,nonexistent,1.1,93.994,-36.4,4.855,5191.0,0.022610003,1874
32,housemaid,married,basic.4y,no,no,no,telephone,may,wed,2,999,0,nonexistent,1.1,93.994,-36.4,4.856,5191.0,0.022590328,1875
43,management,married,professional.course,no,no,no,telephone,may,wed,3,999,0,nonexistent,1.1,93.994,-36.4,4.856,5191.0,0.02255028,1876
33,technician,married,university.degree,no,yes,no,telephone,may,thu,3,999,1,failure,-1.8,92.893,-46.2,1.327,5099.1,0.022538796,1877
48,admin.,single,high.school,no,yes,yes,telephone,jul,fri,2,999,0,nonexistent,1.4,93.918,-42.7,4.962,5228.1,0.022478826,1878
39,admin.,married,professional.course,no,yes,no,telephone,may,tue,2,999,0,nonexistent,1.1,93.994,-36.4,4.856,5191.0,0.0224559,1879
36,unemployed,single,basic.4y,unknown,yes,no,telephone,may,tue,1,999,0,nonexistent,1.1,93.994,-36.4,4.857,5191.0,0.022369912,1880
54,services,married,high.school,unknown,no,no,telephone,jul,thu,1,999,0,nonexistent,1.4,93.918,-42.7,4.962,5228.1,0.022348262,1881
42,admin.,married,high.school,no,yes,no,telephone,may,mon,2,999,0,nonexistent,1.1,93.994,-36.4,4.857,5191.0,0.022296792,1882
38,blue-collar,single,basic.4y,unknown,no,no,telephone,may,tue,1,999,0,nonexistent,1.1,93.994,-36.4,4.857,5191.0,0.022259913,1883
44,admin.,divorced,high.school,no,yes,no,cellular,jul,wed,17,999,0,nonexistent,1.4,93.918,-42.7,4.963,5228.1,0.022249687,1884
32,technician,divorced,high.school,no,yes,no,telephone,may,tue,1,999,0,nonexistent,1.1,93.994,-36.4,4.856,5191.0,0.02214044,1885
49,services,married,high.school,unknown,no,no,telephone,jun,thu,1,999,0,nonexistent,1.4,94.465,-41.8,4.961,5228.1,0.022134613,1886
41,blue-collar,single,basic.9y,unknown,yes,no,telephone,may,mon,4,999,0,nonexistent,1.1,93.994,-36.4,4.857,5191.0,0.022072606,1887
41,technician,married,professional.course,unknown,yes,no,telephone,may,tue,1,999,0,nonexistent,1.1,93.994,-36.4,4.856,5191.0,0.022059076,1888
42,housemaid,married,high.school,no,no,no,telephone,may,tue,2,999,0,nonexistent,1.1,93.994,-36.4,4.856,5191.0,0.022056576,1889
40,technician,married,professional.course,unknown,no,no,telephone,may,tue,3,999,0,nonexistent,1.1,93.994,-36.4,4.856,5191.0,0.022001693,1890
36,blue-collar,divorced,high.school,no,no,no,telephone,may,tue,2,999,0,nonexistent,1.1,93.994,-36.4,4.856,5191.0,0.021907689,1891
37,blue-collar,married,basic.9y,no,unknown,unknown,telephone,may,tue,2,999,0,nonexistent,1.1,93.994,-36.4,4.857,5191.0,0.021895263,1892
42,technician,married,basic.9y,no,no,no,telephone,may,tue,1,999,0,nonexistent,1.1,93.994,-36.4,4.857,5191.0,0.021881435,1893
32,blue-collar,married,basic.9y,unknown,no,no,telephone,may,fri,2,999,0,nonexistent,1.1,93.994,-36.4,4.855,5191.0,0.021824814,1894
41,services,married,high.school,no,no,no,telephone,may,mon,1,999,0,nonexistent,1.1,93.994,-36.4,4.857,5191.0,0.021792436,1895
28,services,married,basic.9y,unknown,yes,yes,cellular,may,thu,3,999,1,failure,-1.8,92.893,-46.2,1.327,5099.1,0.021737006,1896
56,admin.,divorced,high.school,no,yes,no,telephone,may,tue,3,999,0,nonexistent,1.1,93.994,-36.4,4.857,5191.0,0.021624854,1897
38,technician,divorced,professional.course,no,yes,no,telephone,may,thu,4,999,0,nonexistent,1.1,93.994,-36.4,4.855,5191.0,0.021615524,1898
33,services,married,basic.4y,no,no,no,telephone,may,tue,4,999,0,nonexistent,1.1,93.994,-36.4,4.857,5191.0,0.021521151,1899
40,blue-collar,married,basic.4y,unknown,unknown,unknown,telephone,jul,wed,1,999,0,nonexistent,1.4,93.918,-42.7,4.962,5228.1,0.02145631,1900
36,services,married,high.school,no,no,no,telephone,may,tue,2,999,0,nonexistent,1.1,93.994,-36.4,4.856,5191.0,0.021428335,1901
30,housemaid,married,high.school,unknown,no,no,telephone,may,thu,1,999,0,nonexistent,1.1,93.994,-36.4,4.855,5191.0,0.021396192,1902
43,services,divorced,professional.course,no,no,no,cellular,may,mon,6,999,1,failure,-1.8,92.893,-46.2,1.299,5099.1,0.021344995,1903
37,self-employed,married,high.school,no,no,no,telephone,may,fri,8,999,0,nonexistent,1.1,93.994,-36.4,4.864,5191.0,0.021342592,1904
46,blue-collar,married,basic.9y,unknown,no,no,telephone,may,wed,2,999,0,nonexistent,1.1,93.994,-36.4,4.856,5191.0,0.02121106,1905
40,blue-collar,married,unknown,no,no,no,telephone,may,mon,2,999,0,nonexistent,1.1,93.994,-36.4,4.857,5191.0,0.0211458,1906
42,housemaid,single,basic.4y,unknown,yes,no,telephone,may,tue,1,999,0,nonexistent,1.1,93.994,-36.4,4.857,5191.0,0.021118365,1907
41,services,married,high.school,unknown,no,yes,telephone,jul,mon,11,999,0,nonexistent,1.4,93.918,-42.7,4.962,5228.1,0.021094404,1908
37,technician,married,professional.course,no,yes,no,telephone,may,tue,2,999,0,nonexistent,1.1,93.994,-36.4,4.856,5191.0,0.021088148,1909
30,admin.,married,university.degree,unknown,yes,no,telephone,may,mon,3,999,0,nonexistent,1.1,93.994,-36.4,4.857,5191.0,0.021088123,1910
50,technician,married,professional.course,unknown,yes,no,telephone,may,thu,2,999,0,nonexistent,1.1,93.994,-36.4,4.855,5191.0,0.021037618,1911
51,management,divorced,university.degree,no,no,no,telephone,may,tue,10,999,0,nonexistent,1.1,93.994,-36.4,4.857,5191.0,0.020945689,1912
36,retired,married,unknown,no,no,no,telephone,jul,thu,1,999,0,nonexistent,1.4,93.918,-42.7,4.966,5228.1,0.020910773,1913
36,unemployed,married,basic.9y,no,no,no,telephone,may,fri,8,999,0,nonexistent,1.1,93.994,-36.4,4.864,5191.0,0.020766886,1914
56,blue-collar,divorced,basic.6y,unknown,no,no,telephone,jul,mon,3,999,0,nonexistent,1.4,93.918,-42.7,4.962,5228.1,0.020758146,1915
27,blue-collar,single,basic.4y,unknown,yes,no,telephone,jul,thu,3,999,0,nonexistent,1.4,93.918,-42.7,4.963,5228.1,0.020736199,1916
43,blue-collar,single,basic.4y,unknown,no,no,telephone,may,tue,2,999,0,nonexistent,1.1,93.994,-36.4,4.857,5191.0,0.020553052,1917
33,housemaid,married,basic.4y,no,no,no,telephone,may,tue,1,999,0,nonexistent,1.1,93.994,-36.4,4.856,5191.0,0.020391202,1918
34,unemployed,single,high.school,no,yes,no,telephone,may,tue,5,999,0,nonexistent,-1.8,92.893,-46.2,1.291,5099.1,0.020281961,1919
39,blue-collar,single,basic.4y,unknown,no,no,telephone,may,wed,2,999,0,nonexistent,1.1,93.994,-36.4,4.857,5191.0,0.020270877,1920
40,unemployed,married,university.degree,unknown,yes,no,telephone,jul,wed,1,999,0,nonexistent,1.4,93.918,-42.7,4.962,5228.1,0.02026232,1921
47,services,married,high.school,unknown,no,no,telephone,may,tue,1,999,0,nonexistent,1.1,93.994,-36.4,4.856,5191.0,0.020203773,1922
41,admin.,married,high.school,no,no,no,telephone,jul,thu,1,999,0,nonexistent,1.4,93.918,-42.7,4.966,5228.1,0.020187134,1923
27,blue-collar,single,basic.9y,no,yes,no,telephone,jun,mon,12,999,0,nonexistent,1.4,94.465,-41.8,4.96,5228.1,0.02015342,1924
37,blue-collar,single,basic.6y,unknown,no,no,telephone,jun,thu,8,999,0,nonexistent,1.4,94.465,-41.8,4.866,5228.1,0.020015799,1925
25,blue-collar,married,basic.9y,no,yes,no,telephone,may,mon,1,999,0,nonexistent,1.1,93.994,-36.4,4.857,5191.0,0.020010706,1926
46,technician,divorced,professional.course,no,yes,no,telephone,may,mon,2,999,0,nonexistent,1.1,93.994,-36.4,4.857,5191.0,0.019985866,1927
32,blue-collar,married,basic.4y,unknown,yes,no,telephone,jun,wed,8,999,0,nonexistent,1.4,94.465,-41.8,4.864,5228.1,0.019969162,1928
41,blue-collar,married,basic.4y,no,no,no,telephone,may,tue,2,999,0,nonexistent,1.1,93.994,-36.4,4.857,5191.0,0.019878706,1929
38,blue-collar,single,basic.9y,no,yes,no,telephone,may,wed,5,999,0,nonexistent,-1.8,92.893,-46.2,1.281,5099.1,0.019812686,1930
35,admin.,married,university.degree,no,unknown,unknown,telephone,may,tue,3,999,0,nonexistent,1.1,93.994,-36.4,4.857,5191.0,0.019809954,1931
34,services,married,high.school,no,no,no,telephone,may,mon,1,999,0,nonexistent,1.1,93.994,-36.4,4.857,5191.0,0.019764218,1932
47,services,divorced,high.school,no,yes,no,telephone,may,mon,5,999,0,nonexistent,1.1,93.994,-36.4,4.857,5191.0,0.019663988,1933
39,blue-collar,married,basic.6y,no,no,no,telephone,may,thu,7,999,0,nonexistent,1.1,93.994,-36.4,4.86,5191.0,0.019509267,1934
23,blue-collar,married,basic.6y,unknown,no,no,cellular,may,tue,8,999,0,nonexistent,-1.8,92.893,-46.2,1.291,5099.1,0.019478625,1935
48,services,married,basic.9y,unknown,no,no,cellular,may,fri,8,999,0,nonexistent,-1.8,92.893,-46.2,1.25,5099.1,0.019459,1936
56,housemaid,divorced,basic.4y,unknown,yes,no,telephone,jun,tue,5,999,0,nonexistent,1.4,94.465,-41.8,4.961,5228.1,0.019455379,1937
43,entrepreneur,divorced,high.school,unknown,yes,no,telephone,may,mon,3,999,0,nonexistent,1.1,93.994,-36.4,4.857,5191.0,0.019355157,1938
41,admin.,married,basic.4y,unknown,no,yes,telephone,may,thu,1,999,0,nonexistent,1.1,93.994,-36.4,4.855,5191.0,0.019353138,1939
50,blue-collar,married,high.school,unknown,no,no,telephone,may,mon,1,999,0,nonexistent,1.1,93.994,-36.4,4.857,5191.0,0.019317849,1940
40,services,married,high.school,unknown,yes,no,cellular,may,mon,5,999,0,nonexistent,-1.8,92.893,-46.2,1.299,5099.1,0.019314304,1941
56,blue-collar,married,basic.4y,unknown,yes,no,telephone,may,tue,10,999,0,nonexistent,1.1,93.994,-36.4,4.856,5191.0,0.019256333,1942
41,blue-collar,married,basic.4y,unknown,no,no,telephone,may,mon,5,999,0,nonexistent,1.1,93.994,-36.4,4.858,5191.0,0.019206308,1943
39,services,divorced,high.school,unknown,yes,no,telephone,may,mon,1,999,0,nonexistent,1.1,93.994,-36.4,4.857,5191.0,0.019126344,1944
50,unemployed,married,professional.course,no,no,no,telephone,may,thu,1,999,0,nonexistent,1.1,93.994,-36.4,4.855,5191.0,0.019099303,1945
40,technician,divorced,professional.course,no,no,no,telephone,may,mon,1,999,0,nonexistent,1.1,93.994,-36.4,4.857,5191.0,0.018941367,1946
35,unemployed,married,university.degree,no,no,no,telephone,may,thu,25,999,0,nonexistent,1.1,93.994,-36.4,4.86,5191.0,0.018701905,1947
32,self-employed,married,basic.9y,no,no,no,telephone,may,fri,2,999,0,nonexistent,1.1,93.994,-36.4,4.857,5191.0,0.018513124,1948
44,management,divorced,basic.9y,unknown,no,no,telephone,may,mon,1,999,0,nonexistent,1.1,93.994,-36.4,4.857,5191.0,0.018446026,1949
45,blue-collar,married,basic.4y,no,no,no,telephone,may,mon,1,999,0,nonexistent,1.1,93.994,-36.4,4.857,5191.0,0.018440645,1950
36,services,married,high.school,no,yes,yes,telephone,jul,thu,17,999,0,nonexistent,1.4,93.918,-42.7,4.968,5228.1,0.018323774,1951
32,services,married,high.school,no,unknown,unknown,telephone,may,mon,2,999,0,nonexistent,1.1,93.994,-36.4,4.857,5191.0,0.018077502,1952
22,admin.,married,high.school,no,no,no,telephone,may,tue,2,999,0,nonexistent,1.1,93.994,-36.4,4.857,5191.0,0.018067256,1953
54,services,married,basic.4y,unknown,yes,no,telephone,may,mon,7,999,0,nonexistent,1.1,93.994,-36.4,4.857,5191.0,0.017966067,1954
27,blue-collar,married,basic.9y,unknown,no,no,telephone,may,mon,3,999,0,nonexistent,1.1,93.994,-36.4,4.857,5191.0,0.017643629,1955
33,blue-collar,married,basic.9y,unknown,yes,no,telephone,may,mon,2,999,0,nonexistent,1.1,93.994,-36.4,4.857,5191.0,0.017602278,1956
31,technician,married,basic.9y,no,yes,no,cellular,nov,wed,5,999,1,failure,-0.1,93.2,-42.0,4.12,5195.8,0.01754102,1957
34,technician,married,professional.course,no,yes,yes,cellular,nov,thu,7,999,0,nonexistent,-0.1,93.2,-42.0,4.076,5195.8,0.017436545,1958
47,blue-collar,single,basic.4y,no,no,no,telephone,may,tue,1,999,0,nonexistent,1.1,93.994,-36.4,4.857,5191.0,0.017334687,1959
32,blue-collar,married,basic.9y,no,no,no,telephone,may,mon,5,999,0,nonexistent,1.1,93.994,-36.4,4.857,5191.0,0.016880993,1960
43,blue-collar,divorced,basic.4y,unknown,no,no,telephone,may,thu,2,999,0,nonexistent,1.1,93.994,-36.4,4.855,5191.0,0.016835023,1961
55,technician,married,basic.6y,no,yes,no,telephone,may,tue,2,999,0,nonexistent,1.1,93.994,-36.4,4.857,5191.0,0.016752092,1962
45,admin.,married,university.degree,no,yes,no,telephone,jul,thu,1,999,0,nonexistent,1.4,93.918,-42.7,4.968,5228.1,0.016433155,1963
51,admin.,married,basic.9y,no,no,yes,cellular,nov,tue,5,999,0,nonexistent,-0.1,93.2,-42.0,4.153,5195.8,0.016356308,1964
45,unemployed,married,basic.9y,no,yes,no,cellular,nov,thu,5,999,0,nonexistent,-0.1,93.2,-42.0,4.076,5195.8,0.016334787,1965
33,blue-collar,single,high.school,no,yes,yes,telephone,may,thu,7,999,1,failure,-1.8,92.893,-46.2,1.266,5099.1,0.016289026,1966
45,blue-collar,married,basic.9y,no,no,no,telephone,jun,wed,13,999,0,nonexistent,1.4,94.465,-41.8,4.959,5228.1,0.016247094,1967
39,self-employed,married,basic.4y,unknown,yes,no,telephone,may,wed,2,999,0,nonexistent,1.1,93.994,-36.4,4.857,5191.0,0.016197924,1968
32,services,married,high.school,no,yes,no,telephone,may,thu,8,999,0,nonexistent,1.1,93.994,-36.4,4.86,5191.0,0.015719527,1969
32,blue-collar,divorced,basic.4y,no,no,no,telephone,may,tue,9,999,0,nonexistent,1.1,93.994,-36.4,4.857,5191.0,0.015535857,1970
39,technician,divorced,professional.course,no,unknown,unknown,telephone,may,mon,11,999,0,nonexistent,1.1,93.994,-36.4,4.858,5191.0,0.015385171,1971
43,blue-collar,married,unknown,unknown,yes,no,cellular,nov,thu,6,999,0,nonexistent,-0.1,93.2,-42.0,4.076,5195.8,0.015165315,1972
56,retired,married,basic.6y,no,no,no,telephone,may,mon,2,999,0,nonexistent,1.1,93.994,-36.4,4.857,5191.0,0.014938698,1973
37,housemaid,divorced,basic.9y,unknown,yes,no,telephone,may,mon,2,999,0,nonexistent,-1.8,92.893,-46.2,1.299,5099.1,0.014676393,1974
25,blue-collar,single,high.school,unknown,yes,no,telephone,may,mon,3,999,2,failure,-1.8,92.893,-46.2,1.299,5099.1,0.014316364,1975
41,admin.,married,university.degree,unknown,yes,no,telephone,may,fri,3,999,2,failure,-1.8,92.893,-46.2,1.313,5099.1,0.014127195,1976
60,technician,married,professional.course,unknown,no,no,telephone,jul,tue,15,999,0,nonexistent,1.4,93.918,-42.7,4.961,5228.1,0.013242796,1977
50,management,married,university.degree,unknown,yes,no,telephone,jul,thu,1,999,0,nonexistent,1.4,93.918,-42.7,4.968,5228.1,0.012903159,1978
37,blue-collar,married,basic.4y,unknown,unknown,unknown,telephone,may,wed,2,999,0,nonexistent,1.1,93.994,-36.4,4.856,5191.0,0.012660168,1979
36,technician,divorced,professional.course,no,yes,no,cellular,aug,mon,1,999,0,nonexistent,1.4,93.444,-36.1,4.97,5228.1,0.012259867,1980
38,blue-collar,married,professional.course,no,yes,no,telephone,may,fri,3,999,1,failure,-1.8,92.893,-46.2,1.313,5099.1,0.01215081,1981
56,technician,married,high.school,no,yes,no,telephone,may,wed,14,999,0,nonexistent,1.1,93.994,-36.4,4.858,5191.0,0.0121460715,1982
33,services,single,basic.6y,unknown,yes,yes,telephone,may,wed,8,999,1,failure,-1.8,92.893,-46.2,1.281,5099.1,0.011798479,1983
48,blue-collar,married,basic.4y,unknown,yes,no,cellular,aug,mon,2,999,0,nonexistent,1.4,93.444,-36.1,4.97,5228.1,0.010234218,1984
44,management,married,university.degree,unknown,yes,no,cellular,jul,thu,15,999,0,nonexistent,1.4,93.918,-42.7,4.968,5228.1,0.009726501,1985
31,blue-collar,married,basic.9y,no,no,no,telephone,jun,mon,21,999,0,nonexistent,1.4,94.465,-41.8,4.96,5228.1,0.008551828,1986
34,blue-collar,married,basic.6y,no,no,no,telephone,may,wed,8,999,0,nonexistent,1.1,93.994,-36.4,4.858,5191.0,0.008384814,1987
32,technician,married,university.degree,no,yes,no,cellular,aug,mon,1,999,0,nonexistent,1.4,93.444,-36.1,4.97,5228.1,0.008381262,1988
57,unknown,married,unknown,unknown,yes,no,cellular,aug,mon,1,999,0,nonexistent,1.4,93.444,-36.1,4.97,5228.1,0.0076863784,1989
53,admin.,married,high.school,no,no,no,telephone,jun,tue,26,999,0,nonexistent,1.4,94.465,-41.8,4.864,5228.1,0.007628823,1990
27,blue-collar,married,basic.6y,no,no,no,telephone,may,tue,9,999,0,nonexistent,1.1,93.994,-36.4,4.856,5191.0,0.007575176,1991
37,admin.,married,high.school,no,yes,no,telephone,jul,thu,14,999,0,nonexistent,1.4,93.918,-42.7,4.968,5228.1,0.007266946,1992
33,services,unknown,high.school,no,no,no,telephone,jun,fri,21,999,0,nonexistent,1.4,94.465,-41.8,4.959,5228.1,0.0070502697,1993
53,blue-collar,married,basic.4y,no,no,yes,telephone,jun,fri,22,999,0,nonexistent,1.4,94.465,-41.8,4.959,5228.1,0.006460138,1994
49,technician,married,unknown,unknown,yes,no,cellular,jul,thu,14,999,0,nonexistent,1.4,93.918,-42.7,4.968,5228.1,0.0055196974,1995
46,technician,divorced,professional.course,no,no,no,cellular,aug,thu,15,999,0,nonexistent,1.4,93.444,-36.1,4.962,5228.1,0.005166341,1996
56,technician,married,university.degree,unknown,no,no,cellular,jul,mon,19,999,0,nonexistent,1.4,93.918,-42.7,4.96,5228.1,0.0041371337,1997
25,admin.,single,basic.9y,no,yes,yes,cellular,jul,thu,30,999,0,nonexistent,1.4,93.918,-42.7,4.968,5228.1,0.0027683037,1998
37,technician,married,professional.course,no,no,no,telephone,jul,thu,32,999,0,nonexistent,1.4,93.918,-42.7,4.968,5228.1,0.002644608,1999
32,technician,single,university.degree,no,yes,yes,telephone,jul,wed,43,999,0,nonexistent,1.4,93.918,-42.7,4.962,5228.1,0.0026348361,2000
