customer_id,p_treatment,p_control,uplift
CUST_004784,0.9031252,0.035458326,0.8676669
CUST_002268,0.9252825,0.0980088,0.82727367
CUST_001771,0.88945496,0.0724696,0.81698537
CUST_002234,0.8722034,0.05915589,0.8130475
CUST_005900,0.9052942,0.11409559,0.7911986
CUST_006306,0.97030926,0.20284492,0.76746434
CUST_005069,0.8643797,0.11742391,0.7469558
CUST_007713,0.93918216,0.19464847,0.74453366
CUST_006106,0.9487269,0.21819414,0.73053277
CUST_003167,0.8482661,0.12317634,0.7250898
CUST_005936,0.8843892,0.16152681,0.7228624
CUST_007992,0.8200442,0.11946992,0.7005743
CUST_005285,0.91050243,0.21446116,0.6960413
CUST_006036,0.8967353,0.20629607,0.6904392
CUST_002586,0.6903331,0.007718406,0.68261474
CUST_000716,0.8395679,0.15747683,0.68209106
CUST_002325,0.75187063,0.07271012,0.67916054
CUST_003745,0.9848643,0.30723318,0.67763114
CUST_004722,0.699985,0.034353327,0.6656317
CUST_001322,0.67572105,0.010799386,0.66492164
CUST_004996,0.7484905,0.0905189,0.6579716
CUST_004807,0.9458831,0.2890207,0.6568624
CUST_003294,0.74377793,0.09658271,0.6471952
CUST_005465,0.92980856,0.29286712,0.63694143
CUST_004726,0.7008401,0.06449265,0.6363475
CUST_007616,0.8548671,0.22009331,0.6347738
CUST_007239,0.6640048,0.030502265,0.63350254
CUST_000287,0.78140527,0.15120478,0.6302005
CUST_006481,0.79175484,0.16433749,0.6274173
CUST_007545,0.7133483,0.0915848,0.6217635
CUST_003635,0.641652,0.029414533,0.61223745
CUST_002718,0.79045624,0.18068261,0.60977364
CUST_002964,0.6361264,0.02758383,0.60854256
CUST_000597,0.67194724,0.06453683,0.60741043
CUST_003582,0.71510744,0.10948796,0.6056195
CUST_002485,0.6199806,0.022420874,0.5975597
CUST_007519,0.7875855,0.19659767,0.5909878
CUST_005935,0.8242247,0.23607875,0.588146
CUST_006078,0.86649776,0.28211868,0.5843791
CUST_006094,0.8827994,0.3017136,0.5810858
CUST_005402,0.6540281,0.07316496,0.5808632
CUST_004533,0.772681,0.19781926,0.57486176
CUST_005416,0.8349163,0.26158714,0.57332915
CUST_005733,0.64653295,0.07462483,0.5719081
CUST_003145,0.8702573,0.29928342,0.5709739
CUST_000884,0.6996142,0.13543318,0.564181
CUST_006018,0.90661085,0.34318253,0.5634283
CUST_006452,0.65968966,0.0967823,0.56290734
CUST_000027,0.9505405,0.38773328,0.5628072
CUST_006587,0.9529096,0.3935933,0.5593163
CUST_005209,0.6608394,0.10388558,0.5569538
CUST_005704,0.8957791,0.34116808,0.55461097
CUST_004373,0.7915408,0.23807843,0.5534624
CUST_004713,0.61701566,0.06494934,0.5520663
CUST_001761,0.66302854,0.111494616,0.55153394
CUST_006699,0.79630256,0.24530725,0.5509953
CUST_005446,0.84584075,0.29574892,0.55009186
CUST_005307,0.5832585,0.0339096,0.5493489
CUST_003589,0.5868769,0.03971364,0.5471633
CUST_006048,0.9629374,0.41689733,0.54604006
CUST_005933,0.88836515,0.3468763,0.5414889
CUST_002001,0.54929274,0.008155843,0.5411369
CUST_006471,0.78159404,0.2413714,0.54022264
CUST_001898,0.57019854,0.029986076,0.54021245
CUST_001914,0.8830243,0.34547538,0.5375489
CUST_006989,0.90979546,0.37306574,0.5367297
CUST_008211,0.8352439,0.30116236,0.5340815
CUST_001464,0.6130165,0.0818334,0.53118306
CUST_002535,0.60135114,0.070802115,0.53054905
CUST_001588,0.5217433,0.0010311621,0.52071214
CUST_004190,0.73649406,0.21629453,0.52019954
CUST_003718,0.59797746,0.083878495,0.51409894
CUST_006556,0.68583596,0.17447494,0.511361
CUST_000855,0.52403134,0.014037118,0.5099942
CUST_007853,0.89083886,0.38085285,0.50998604
CUST_002344,0.58230734,0.07241323,0.50989413
CUST_005927,0.6561263,0.1469873,0.509139
CUST_002229,0.725683,0.22079721,0.5048858
CUST_004028,0.87060577,0.36728466,0.5033211
CUST_000151,0.59496355,0.09500723,0.4999563
CUST_003426,0.514946,0.015986426,0.49895957
CUST_001539,0.82166976,0.32488802,0.49678174
CUST_003033,0.5265645,0.03112471,0.49543977
CUST_007635,0.6838832,0.1915078,0.49237537
CUST_006592,0.6059437,0.116277166,0.48966652
CUST_007750,0.510289,0.021005783,0.48928323
CUST_001702,0.50099444,0.013750084,0.48724437
CUST_007464,0.56512135,0.08058012,0.48454124
CUST_000113,0.56307775,0.08190926,0.48116848
CUST_004887,0.52751595,0.047041032,0.48047492
CUST_000418,0.5137603,0.033948593,0.47981173
CUST_005832,0.49585217,0.016448038,0.47940412
CUST_001071,0.5997285,0.12139817,0.47833034
CUST_005593,0.500092,0.022420973,0.47767106
CUST_001186,0.7582906,0.28162748,0.4766631
CUST_005924,0.5742,0.0976162,0.47658378
CUST_006096,0.8964728,0.4211058,0.475367
CUST_007858,0.711749,0.24249364,0.4692554
CUST_003031,0.7613302,0.29430044,0.46702975
CUST_008195,0.6835407,0.21722798,0.4663127
CUST_003423,0.5215747,0.05693811,0.46463656
CUST_000291,0.4973948,0.03414565,0.46324915
CUST_004940,0.68121874,0.21866629,0.46255246
CUST_007249,0.47335884,0.013140896,0.46021795
CUST_005120,0.5139019,0.054863982,0.4590379
CUST_005805,0.46362492,0.0047091907,0.45891574
CUST_000325,0.51460063,0.057510514,0.4570901
CUST_001395,0.88505644,0.42937788,0.45567855
CUST_004027,0.7673599,0.3122275,0.45513242
CUST_006751,0.4852001,0.031585816,0.4536143
CUST_003264,0.46024513,0.0070083635,0.45323676
CUST_004624,0.48324424,0.030062564,0.45318168
CUST_004037,0.96738464,0.51652634,0.4508583
CUST_007729,0.5407197,0.09081864,0.44990104
CUST_007420,0.5808544,0.13316858,0.44768584
CUST_007451,0.7700691,0.32245788,0.44761124
CUST_000390,0.49822286,0.05125182,0.44697103
CUST_001795,0.53679216,0.09001297,0.4467792
CUST_002703,0.45949128,0.01396517,0.44552612
CUST_006469,0.77140385,0.32632533,0.44507852
CUST_002235,0.45261467,0.0076561635,0.4449585
CUST_007693,0.45895645,0.014666431,0.44429
CUST_007155,0.805587,0.36261314,0.44297385
CUST_006725,0.6804091,0.23746161,0.44294745
CUST_003192,0.4581103,0.015286589,0.4428237
CUST_000414,0.45877594,0.017045349,0.4417306
CUST_003054,0.87060577,0.4290371,0.44156867
CUST_005647,0.60519224,0.1651559,0.44003636
CUST_001031,0.8002804,0.3623438,0.4379366
CUST_007403,0.49842593,0.06239992,0.436026
CUST_007650,0.5250458,0.08946008,0.43558574
CUST_001568,0.92344207,0.4885297,0.43491235
CUST_000811,0.52753145,0.09653138,0.43100005
CUST_006718,0.45852137,0.027615575,0.4309058
CUST_008113,0.92172974,0.49188715,0.4298426
CUST_003677,0.5385981,0.11160264,0.4269955
CUST_002085,0.56247157,0.13970377,0.42276782
CUST_005384,0.6131039,0.19141589,0.42168802
CUST_007204,0.72709715,0.30549622,0.42160094
CUST_006184,0.42564777,0.0041837613,0.421464
CUST_000483,0.88424253,0.46285582,0.42138672
CUST_006713,0.44061232,0.019273577,0.42133874
CUST_007106,0.72038525,0.29981065,0.4205746
CUST_008214,0.8781728,0.45847213,0.41970068
CUST_001934,0.44023836,0.020882308,0.41935605
CUST_004186,0.43690458,0.017999396,0.4189052
CUST_006549,0.44664854,0.028472027,0.4181765
CUST_003443,0.59242135,0.1744875,0.41793385
CUST_003516,0.6946196,0.27698076,0.41763884
CUST_003223,0.6090397,0.19188923,0.4171505
CUST_000974,0.42821476,0.011072306,0.41714245
CUST_000329,0.43396866,0.016846303,0.41712236
CUST_004897,0.52464956,0.10967136,0.4149782
CUST_008233,0.46812305,0.054414622,0.41370842
CUST_004965,0.54227775,0.12896083,0.4133169
CUST_005247,0.5450598,0.1323213,0.4127385
CUST_002639,0.44178843,0.029103098,0.41268533
CUST_006874,0.43933752,0.030634506,0.40870303
CUST_005356,0.4422969,0.034345165,0.4079517
CUST_005123,0.4897605,0.08188085,0.40787965
CUST_006362,0.56417406,0.15733348,0.40684056
CUST_002815,0.45897007,0.052524537,0.40644553
CUST_007852,0.4530266,0.048098728,0.40492785
CUST_000139,0.4530266,0.048098728,0.40492785
CUST_004885,0.4217017,0.017482378,0.40421933
CUST_001467,0.5650168,0.16119796,0.40381885
CUST_001170,0.44087166,0.037239924,0.40363175
CUST_004826,0.7552741,0.351813,0.40346113
CUST_000353,0.43118888,0.027911214,0.40327767
CUST_006023,0.7122526,0.30912536,0.40312725
CUST_003510,0.52576303,0.124614105,0.40114892
CUST_001648,0.44786882,0.047054134,0.40081468
CUST_002278,0.6804704,0.2802523,0.4002181
CUST_000625,0.84505224,0.44700116,0.39805108
CUST_007478,0.4124995,0.015286589,0.3972129
CUST_007378,0.97435004,0.5772855,0.3970645
CUST_004619,0.4145738,0.017673265,0.39690053
CUST_008172,0.40795118,0.01165924,0.39629194
CUST_007100,0.4699693,0.07509784,0.39487147
CUST_001122,0.79266447,0.398021,0.39464346
CUST_004788,0.4940974,0.09957493,0.3945225
CUST_003697,0.41654682,0.0228899,0.3936569
CUST_000860,0.7157801,0.32219985,0.39358023
CUST_004460,0.42092633,0.027618904,0.39330742
CUST_001698,0.93072814,0.5375353,0.39319283
CUST_005373,0.84258705,0.45080256,0.3917845
CUST_007376,0.43073964,0.03944149,0.39129815
CUST_006273,0.6860388,0.29525706,0.39078173
CUST_007122,0.74015105,0.34948176,0.3906693
CUST_001923,0.85282576,0.46244776,0.390378
CUST_005175,0.6684749,0.27902198,0.38945293
CUST_003081,0.42012984,0.030704115,0.38942572
CUST_000869,0.4015268,0.012496283,0.38903052
CUST_005159,0.41851646,0.02992659,0.38858986
CUST_003021,0.47726965,0.088709116,0.38856053
CUST_007429,0.7391064,0.35146037,0.38764605
CUST_006768,0.39855716,0.012544312,0.38601285
CUST_008087,0.40141007,0.016388398,0.3850217
CUST_007667,0.3985377,0.014124532,0.38441315
CUST_001784,0.45944965,0.076361306,0.38308835
CUST_003018,0.7660091,0.38344175,0.38256735
CUST_004056,0.5615715,0.17964678,0.3819247
CUST_008192,0.48967507,0.109280705,0.38039437
CUST_000266,0.40072265,0.020455694,0.38026696
CUST_006575,0.491167,0.111110546,0.38005647
CUST_002320,0.77496886,0.39521384,0.37975502
CUST_002690,0.7378394,0.3592199,0.3786195
CUST_004085,0.40838,0.03017611,0.3782039
CUST_006251,0.38933536,0.012225942,0.3771094
CUST_002654,0.9474827,0.5711211,0.3763616
CUST_001334,0.4035395,0.027551815,0.3759877
CUST_007618,0.48271495,0.107813746,0.3749012
CUST_001876,0.39919963,0.024779724,0.3744199
CUST_000972,0.45452815,0.08040588,0.37412226
CUST_007142,0.38127357,0.009790863,0.3714827
CUST_003403,0.37365764,0.0027601647,0.37089747
CUST_007610,0.42893952,0.058439344,0.37050018
CUST_000611,0.4271815,0.056812804,0.37036872
CUST_000621,0.5030637,0.13317584,0.36988783
CUST_000966,0.79737586,0.42779267,0.3695832
CUST_001981,0.3933479,0.024027562,0.36932033
CUST_000327,0.3732681,0.0047628786,0.3685052
CUST_003022,0.512454,0.14445427,0.3679997
CUST_006104,0.4334831,0.06551728,0.36796582
CUST_000417,0.5469957,0.1799418,0.3670539
CUST_006253,0.40585065,0.03902565,0.36682498
CUST_006623,0.5361701,0.17000495,0.36616516
CUST_007137,0.3942303,0.029070407,0.3651599
CUST_001206,0.37251762,0.0077606714,0.36475694
CUST_002470,0.3958603,0.031421088,0.36443922
CUST_005530,0.3958603,0.031421088,0.36443922
CUST_005266,0.3958603,0.031421088,0.36443922
CUST_006591,0.3958603,0.031421088,0.36443922
CUST_003488,0.47005928,0.105916604,0.36414266
CUST_001728,0.4585135,0.09553941,0.36297408
CUST_001601,0.36814356,0.006604957,0.3615386
CUST_004168,0.38300446,0.022308415,0.36069605
CUST_002165,0.82408464,0.46341026,0.36067438
CUST_007054,0.3893388,0.02881262,0.36052617
CUST_001947,0.39523718,0.03502466,0.3602125
CUST_000273,0.5960916,0.23666027,0.35943136
CUST_001553,0.85767466,0.4994459,0.35822877
CUST_001382,0.39185962,0.034952573,0.35690704
CUST_001786,0.72519654,0.36830595,0.3568906
CUST_007835,0.45242074,0.096174434,0.3562463
CUST_004094,0.78189814,0.42640758,0.35549057
CUST_006257,0.41820893,0.06285281,0.35535613
CUST_007411,0.3879855,0.03288496,0.35510054
CUST_001305,0.5117472,0.15796594,0.35378122
CUST_001163,0.6887298,0.33511832,0.3536115
CUST_002796,0.38543007,0.032206383,0.35322368
CUST_003505,0.35723075,0.0043544467,0.3528763
CUST_001056,0.3681602,0.015556458,0.35260373
CUST_001006,0.5634229,0.212334,0.3510889
CUST_004302,0.39980495,0.04931863,0.3504863
CUST_002665,0.39980495,0.04931863,0.3504863
CUST_004189,0.6289216,0.2785775,0.35034412
CUST_006315,0.38422176,0.035167497,0.34905428
CUST_004477,0.38442978,0.035508536,0.34892124
CUST_001453,0.8018712,0.45348686,0.34838432
CUST_004416,0.38919494,0.04087341,0.34832153
CUST_006720,0.38210115,0.033780422,0.34832072
CUST_005440,0.6661644,0.31838897,0.34777543
CUST_001896,0.35639846,0.00892022,0.34747824
CUST_008088,0.4233625,0.076502666,0.3468598
CUST_001870,0.3794311,0.03314848,0.34628263
CUST_004720,0.8586102,0.5132663,0.3453439
CUST_003878,0.3492266,0.0039788913,0.34524772
CUST_000632,0.39450493,0.049325928,0.34517902
CUST_005831,0.35984817,0.014700174,0.345148
CUST_007559,0.3577625,0.012665099,0.3450974
CUST_006108,0.866844,0.522162,0.34468198
CUST_004127,0.86002904,0.5156287,0.34440035
CUST_007180,0.86002904,0.5156287,0.34440035
CUST_004399,0.40490463,0.06054817,0.34435648
CUST_007969,0.46056047,0.116265014,0.34429544
CUST_005970,0.34859082,0.0045208395,0.34407
CUST_002343,0.36065757,0.016684508,0.34397307
CUST_006283,0.37814167,0.034395933,0.34374574
CUST_000825,0.38962382,0.04620456,0.34341925
CUST_004418,0.3520717,0.01000328,0.34206843
CUST_003737,0.39253026,0.05069125,0.34183902
CUST_001656,0.35432667,0.012930924,0.34139574
CUST_001726,0.38712475,0.045763653,0.3413611
CUST_003785,0.3962104,0.05528725,0.34092316
CUST_002315,0.36945757,0.029017566,0.34044
CUST_005222,0.3713892,0.031096013,0.3402932
CUST_002743,0.3674015,0.027200643,0.34020087
CUST_002458,0.8513694,0.5114439,0.33992547
CUST_006287,0.35793948,0.018513488,0.33942598
CUST_004705,0.9054684,0.567217,0.3382514
CUST_006613,0.3584039,0.020384762,0.33801913
CUST_000126,0.33997753,0.0022357416,0.3377418
CUST_003490,0.35320014,0.015658114,0.33754203
CUST_004131,0.36323786,0.026075196,0.33716267
CUST_006132,0.36159697,0.024515023,0.33708194
CUST_001612,0.39359224,0.056873787,0.33671844
CUST_000178,0.6907256,0.35453558,0.33619004
CUST_002530,0.40388408,0.067928374,0.3359557
CUST_006552,0.3391715,0.0038323796,0.33533913
CUST_005198,0.36517128,0.030682111,0.33448917
CUST_005311,0.5685982,0.2341199,0.33447832
CUST_005161,0.3383865,0.003935676,0.33445084
CUST_002531,0.375031,0.041094404,0.3339366
CUST_004270,0.45246875,0.118536636,0.3339321
CUST_006109,0.38184774,0.04815623,0.3336915
CUST_002054,0.3925719,0.058960583,0.3336113
CUST_001346,0.563401,0.22989066,0.33351034
CUST_005299,0.5672797,0.23378628,0.3334934
CUST_003457,0.39848298,0.06505806,0.33342493
CUST_004226,0.3599682,0.026703922,0.33326426
CUST_007697,0.35523394,0.021989651,0.3332443
CUST_006432,0.3700811,0.037664853,0.33241624
CUST_007987,0.36293438,0.031001385,0.331933
CUST_003656,0.39035255,0.058469657,0.3318829
CUST_004335,0.40173158,0.070567146,0.33116442
CUST_000192,0.887271,0.55627114,0.33099985
CUST_003620,0.3709305,0.040274907,0.33065557
CUST_004669,0.33381042,0.004218411,0.32959202
CUST_003492,0.4905863,0.16103016,0.32955617
CUST_007463,0.44499576,0.11552194,0.32947382
CUST_006601,0.5623972,0.23296623,0.32943094
CUST_007304,0.46710074,0.1376805,0.32942024
CUST_000075,0.38011762,0.051218517,0.32889912
CUST_003537,0.34269783,0.014116972,0.32858086
CUST_008157,0.3446054,0.016507208,0.32809818
CUST_008049,0.43336034,0.105424985,0.32793534
CUST_004728,0.4711999,0.1434774,0.3277225
CUST_002698,0.3446065,0.016959438,0.32764706
CUST_003902,0.34305772,0.015804663,0.32725304
CUST_005020,0.35318682,0.026193544,0.3269933
CUST_007157,0.37575793,0.048821606,0.32693633
CUST_002825,0.4721652,0.14617899,0.3259862
CUST_008121,0.5864779,0.26050502,0.32597286
CUST_003421,0.836279,0.5104212,0.32585776
CUST_008111,0.76967627,0.44481915,0.32485712
CUST_001183,0.9915835,0.66685575,0.32472777
CUST_000059,0.6084745,0.28387666,0.32459784
CUST_006031,0.34367412,0.019193877,0.32448024
CUST_000971,0.36171445,0.037899207,0.32381526
CUST_006673,0.3335801,0.009939858,0.32364026
CUST_004066,0.34851563,0.025112092,0.32340354
CUST_005885,0.3294907,0.0062884567,0.32320222
CUST_007166,0.6086596,0.28569168,0.32296795
CUST_001012,0.38645226,0.063503444,0.3229488
CUST_007170,0.6896208,0.36735755,0.32226324
CUST_002460,0.35552886,0.03426633,0.32126254
CUST_005897,0.45723236,0.13603605,0.32119632
CUST_004800,0.4012958,0.08057574,0.32072008
CUST_002436,0.4012958,0.08057574,0.32072008
CUST_000134,0.4550873,0.13469692,0.3203904
CUST_008165,0.368651,0.04835679,0.3202942
CUST_007658,0.37571594,0.0554227,0.32029325
CUST_007953,0.34787247,0.027611712,0.32026076
CUST_001837,0.352499,0.032490674,0.32000834
CUST_000351,0.32719293,0.0073901233,0.31980282
CUST_006207,0.36243457,0.042906374,0.3195282
CUST_000930,0.3240994,0.005223834,0.31887555
CUST_001806,0.3851074,0.066727705,0.3183797
CUST_002021,0.6900961,0.37175903,0.31833705
CUST_000970,0.51768774,0.19948262,0.31820512
CUST_002932,0.49385738,0.1759031,0.3179543
CUST_000640,0.37940162,0.061863765,0.31753784
CUST_001435,0.4961911,0.17890143,0.31728968
CUST_003316,0.31870145,0.0015153433,0.31718612
CUST_006150,0.43897957,0.1225335,0.31644607
CUST_005909,0.48533434,0.16917554,0.3161588
CUST_005056,0.58091116,0.2649718,0.31593937
CUST_002852,0.35359928,0.03789812,0.31570116
CUST_002023,0.340103,0.02487725,0.31522575
CUST_001041,0.37338156,0.058179494,0.31520206
CUST_000023,0.4540842,0.13903782,0.31504637
CUST_002527,0.41268215,0.09801479,0.31466734
CUST_001494,0.33859617,0.024037333,0.31455883
CUST_007001,0.36011955,0.045968916,0.31415063
CUST_007391,0.58279467,0.26873028,0.31406438
CUST_001249,0.35364464,0.03973777,0.31390688
CUST_000745,0.34177577,0.028027784,0.313748
CUST_004144,0.38185892,0.068302706,0.3135562
CUST_004064,0.3578221,0.04457967,0.31324244
CUST_008052,0.32168695,0.008610657,0.3130763
CUST_001597,0.34957024,0.03656556,0.31300467
CUST_003324,0.33812177,0.025704784,0.312417
CUST_004830,0.33581108,0.023900537,0.31191054
CUST_001926,0.3412751,0.029443018,0.31183207
CUST_001500,0.45119205,0.14107208,0.31012
CUST_005712,0.32497036,0.015032092,0.30993828
CUST_007356,0.48044065,0.17079484,0.3096458
CUST_006297,0.33944654,0.030776957,0.3086696
CUST_007574,0.31327495,0.0046355864,0.30863938
CUST_006348,0.5173019,0.21014972,0.3071522
CUST_002911,0.35673252,0.05002105,0.30671147
CUST_007666,0.3736156,0.06747138,0.3061442
CUST_000010,0.341262,0.036427453,0.30483454
CUST_001696,0.5621826,0.25768661,0.304496
CUST_000200,0.3084481,0.0041026385,0.30434546
CUST_002002,0.36528534,0.061045863,0.30423948
CUST_000015,0.38240713,0.07835247,0.30405465
CUST_006770,0.31459486,0.010857817,0.30373704
CUST_006119,0.8539134,0.55053604,0.3033774
CUST_007785,0.35537118,0.052172467,0.3031987
CUST_004508,0.3207712,0.017854959,0.30291623
CUST_001680,0.3793648,0.076507024,0.30285776
CUST_004020,0.36970285,0.066878475,0.30282438
CUST_004456,0.4317927,0.12933272,0.30245999
CUST_002385,0.4317927,0.12933272,0.30245999
CUST_007958,0.35777918,0.055511925,0.30226725
CUST_007741,0.316396,0.014361369,0.30203462
CUST_000169,0.41136283,0.11015171,0.30121112
CUST_007129,0.39104846,0.08988414,0.30116433
CUST_003221,0.3138967,0.012848414,0.30104828
CUST_000870,0.65659654,0.35555103,0.3010455
CUST_007638,0.31751597,0.016559403,0.30095658
CUST_006199,0.3490687,0.048138835,0.30092987
CUST_006990,0.34697232,0.046130303,0.30084202
CUST_008114,0.34697232,0.046130303,0.30084202
CUST_001986,0.36802575,0.06722038,0.30080536
CUST_005303,0.3442153,0.043443963,0.30077136
CUST_007599,0.31344584,0.012932112,0.3005137
CUST_007332,0.3177163,0.017510206,0.3002061
CUST_007716,0.3005387,0.0005749303,0.29996377
CUST_005318,0.37122583,0.07137646,0.2998494
CUST_008012,0.32930264,0.029778695,0.29952395
CUST_005418,0.310243,0.010734899,0.29950812
CUST_003544,0.310243,0.010734899,0.29950812
CUST_005323,0.310243,0.010734899,0.29950812
CUST_002399,0.33925486,0.04023964,0.29901522
CUST_001103,0.33085436,0.032306664,0.2985477
CUST_005415,0.3412409,0.043580133,0.29766077
CUST_003691,0.31261414,0.0150048,0.29760933
CUST_005746,0.30499935,0.007598466,0.2974009
CUST_006372,0.31870237,0.021308856,0.2973935
CUST_006550,0.5092912,0.21205872,0.29723245
CUST_000394,0.7353449,0.4382695,0.2970754
CUST_007548,0.3102942,0.013476192,0.29681802
CUST_004118,0.6516753,0.3551442,0.29653108
CUST_001917,0.33427072,0.038112964,0.29615775
CUST_000987,0.32305095,0.027390167,0.2956608
CUST_003198,0.3304099,0.034757152,0.29565275
CUST_007107,0.32364354,0.028234465,0.29540908
CUST_004090,0.31615302,0.020895759,0.29525727
CUST_006250,0.34470928,0.049667187,0.2950421
CUST_005866,0.34967306,0.05492019,0.29475287
CUST_000392,0.44231424,0.14774112,0.29457313
CUST_006274,0.39356205,0.09963677,0.2939253
CUST_004541,0.3338011,0.040128037,0.29367304
CUST_006345,0.3153028,0.02183903,0.29346377
CUST_006667,0.34964213,0.056420486,0.29322165
CUST_007288,0.3091511,0.016118815,0.2930323
CUST_005250,0.31596017,0.02316956,0.29279062
CUST_001825,0.31572735,0.02333725,0.2923901
CUST_004950,0.34880444,0.05643826,0.29236618
CUST_007959,0.38651386,0.09441904,0.29209483
CUST_003171,0.31819662,0.026372813,0.2918238
CUST_001750,0.36326978,0.071452536,0.29181725
CUST_004414,0.70549625,0.41387013,0.29162613
CUST_004751,0.3035993,0.012157262,0.29144204
CUST_006939,0.37908006,0.087729916,0.29135013
CUST_002752,0.35597342,0.0647846,0.29118884
CUST_007351,0.30302957,0.01214764,0.29088193
CUST_004214,0.43389782,0.14326724,0.29063058
CUST_004825,0.31577042,0.02536148,0.29040894
CUST_004329,0.3387836,0.04855516,0.29022843
CUST_007948,0.3048904,0.014872875,0.29001752
CUST_004998,0.34559238,0.05559386,0.28999853
CUST_001203,0.40526283,0.11575181,0.28951102
CUST_005640,0.30850184,0.019146465,0.28935537
CUST_005702,0.46721613,0.17789137,0.28932476
CUST_001319,0.5676222,0.27835476,0.28926742
CUST_004847,0.42488435,0.13563612,0.28924823
CUST_002490,0.7209747,0.43174836,0.28922632
CUST_006249,0.4788812,0.1897992,0.289082
CUST_001316,0.3332943,0.044642154,0.28865215
CUST_007221,0.3298662,0.042779792,0.2870864
CUST_003385,0.38023418,0.09331717,0.286917
CUST_005923,0.8908943,0.60405314,0.28684115
CUST_004677,0.6319843,0.34540674,0.28657755
CUST_005954,0.29978865,0.013666493,0.28612217
CUST_000563,0.45093682,0.1654175,0.2855193
CUST_003049,0.31301615,0.027824419,0.2851917
CUST_006136,0.3227839,0.037672855,0.28511104
CUST_002997,0.370937,0.08636691,0.2845701
CUST_005340,0.36323938,0.07917833,0.28406104
CUST_006075,0.35525417,0.07152168,0.2837325
CUST_007453,0.40000573,0.11727225,0.28273347
CUST_000498,0.28758073,0.005173672,0.28240705
CUST_001017,0.30474904,0.022440918,0.28230813
CUST_008067,0.286845,0.004904442,0.28194055
CUST_003717,0.29687715,0.014941729,0.28193542
CUST_002422,0.92343825,0.64185333,0.28158492
CUST_006161,0.3007913,0.019223742,0.28156754
CUST_001284,0.29852805,0.017237574,0.28129047
CUST_001714,0.3111999,0.02992331,0.28127658
CUST_006247,0.5071291,0.2258809,0.28124815
CUST_008131,0.5297765,0.24910906,0.28066745
CUST_000121,0.32525063,0.044844065,0.28040656
CUST_004661,0.29395163,0.013596551,0.28035507
CUST_004676,0.30949202,0.02926674,0.28022528
CUST_001744,0.30279243,0.022783168,0.28000927
CUST_005355,0.83236724,0.55240756,0.27995968
CUST_002276,0.30023488,0.020821778,0.2794131
CUST_003862,0.3129771,0.03431648,0.27866063
CUST_005448,0.32768983,0.049148936,0.27854088
CUST_003700,0.6303344,0.35197055,0.27836382
CUST_007633,0.28652632,0.008433161,0.27809316
CUST_003132,0.33939376,0.061306983,0.27808678
CUST_003436,0.2947147,0.016648747,0.27806595
CUST_001138,0.33600122,0.057993755,0.27800745
CUST_003486,0.5966638,0.3189948,0.27766898
CUST_000698,0.29760867,0.020041283,0.2775674
CUST_002413,0.3127082,0.035403937,0.27730426
CUST_000890,0.29983345,0.022752682,0.27708077
CUST_003075,0.40168855,0.124729,0.27695954
CUST_001560,0.5088848,0.23200676,0.27687803
CUST_004334,0.30109024,0.02435847,0.27673176
CUST_001119,0.43290606,0.15631111,0.27659494
CUST_004428,0.30471104,0.028766043,0.275945
CUST_002720,0.29231974,0.016466392,0.27585337
CUST_001991,0.31679747,0.041181985,0.27561548
CUST_004048,0.301654,0.026321467,0.27533254
CUST_000629,0.43649217,0.16169949,0.27479267
CUST_006923,0.29238436,0.017613009,0.27477133
CUST_007867,0.2859753,0.011797033,0.27417827
CUST_005569,0.3088022,0.034673125,0.27412906
CUST_002006,0.30497015,0.031035013,0.27393514
CUST_001765,0.3153782,0.041917358,0.27346084
CUST_007844,0.6826778,0.40924966,0.27342814
CUST_005497,0.29605874,0.023016326,0.2730424
CUST_001785,0.34967208,0.07667109,0.273001
CUST_003155,0.28272322,0.0097845225,0.2729387
CUST_005542,0.30180097,0.02886598,0.27293497
CUST_000883,0.30229387,0.029387731,0.27290612
CUST_004465,0.28662604,0.0138063915,0.27281964
CUST_005098,0.5891891,0.31664962,0.2725395
CUST_005138,0.30701163,0.034591842,0.27241978
CUST_006650,0.42565215,0.15335307,0.27229908
CUST_001214,0.28536487,0.013714603,0.27165025
CUST_002638,0.27697623,0.005536703,0.27143952
CUST_002853,0.67123556,0.39980447,0.2714311
CUST_005725,0.28531915,0.013943275,0.27137586
CUST_003341,0.6765542,0.40529475,0.27125946
CUST_006953,0.37704483,0.10588453,0.2711603
CUST_004936,0.31857818,0.047510423,0.27106777
CUST_000014,0.2790491,0.007992198,0.2710569
CUST_006802,0.31732908,0.046451148,0.27087793
CUST_004913,0.31632644,0.045460686,0.27086574
CUST_001599,0.43863425,0.16779485,0.2708394
CUST_007774,0.2762014,0.0057389005,0.27046248
CUST_002133,0.29834294,0.028044313,0.27029863
CUST_003309,0.7546035,0.48444298,0.27016053
CUST_002890,0.274402,0.004298337,0.27010366
CUST_005150,0.28751618,0.017714905,0.26980126
CUST_001540,0.2876718,0.018267177,0.26940462
CUST_001273,0.7228128,0.45377064,0.26904213
CUST_007413,0.32760185,0.058675222,0.26892662
CUST_001802,0.30764896,0.038750622,0.26889834
CUST_005603,0.32155758,0.052933276,0.2686243
CUST_001158,0.31011388,0.04155888,0.268555
CUST_003252,0.2823922,0.013923922,0.2684683
CUST_006750,0.318813,0.050626535,0.26818645
CUST_005329,0.44582725,0.17772125,0.26810598
CUST_007458,0.27452183,0.0064181727,0.26810366
CUST_003352,0.31003195,0.041990347,0.2680416
CUST_007571,0.31514317,0.04717374,0.26796943
CUST_006924,0.28236324,0.01497089,0.26739234
CUST_006616,0.27963668,0.012387074,0.2672496
CUST_001162,0.31841347,0.051172294,0.26724118
CUST_005484,0.29038867,0.023151303,0.26723737
CUST_003355,0.27184424,0.0046419296,0.26720232
CUST_004087,0.3034555,0.036440294,0.26701522
CUST_006762,0.2842771,0.017548203,0.2667289
CUST_002208,0.32073197,0.054019522,0.26671246
CUST_005215,0.3986496,0.13202666,0.26662296
CUST_005471,0.29001144,0.023474311,0.26653713
CUST_005601,0.27157658,0.0053097215,0.26626685
CUST_005451,0.29311886,0.027578468,0.2655404
CUST_004943,0.9427098,0.67756754,0.26514226
CUST_002819,0.27550128,0.010874294,0.26462698
CUST_000841,0.28558728,0.021001566,0.2645857
CUST_003286,0.37411794,0.10957183,0.2645461
CUST_000234,0.28548494,0.021221343,0.2642636
CUST_003984,0.3257806,0.06154869,0.26423192
CUST_005906,0.2762815,0.012187684,0.26409382
CUST_007062,0.27803794,0.0145076355,0.2635303
CUST_005929,0.27363136,0.010452156,0.2631792
CUST_004977,0.32094496,0.057804465,0.2631405
CUST_002197,0.3125655,0.04954213,0.26302338
CUST_000920,0.33406267,0.07104732,0.26301533
CUST_007908,0.33709896,0.07422834,0.2628706
CUST_000763,0.3226071,0.060055375,0.26255172
CUST_002056,0.62297714,0.360486,0.26249114
CUST_005145,0.2784647,0.016127355,0.26233736
CUST_004687,0.27465516,0.012332998,0.26232216
CUST_005197,0.30361035,0.041373596,0.26223677
CUST_004466,0.7235972,0.46157756,0.26201966
CUST_001285,0.28032544,0.018366491,0.26195896
CUST_008164,0.30694234,0.045122575,0.26181978
CUST_003195,0.2882554,0.026545595,0.2617098
CUST_004640,0.31769407,0.056132205,0.26156187
CUST_007739,0.29148263,0.030073239,0.2614094
CUST_006459,0.29148263,0.030073239,0.2614094
CUST_008004,0.49347204,0.23237783,0.2610942
CUST_002612,0.28664598,0.025606394,0.26103958
CUST_001760,0.29729852,0.036263227,0.2610353
CUST_002280,0.2851918,0.024933377,0.26025844
CUST_003781,0.3502336,0.090449594,0.259784
CUST_007902,0.3569465,0.0974422,0.2595043
CUST_006621,0.35848227,0.099255644,0.25922662
CUST_000868,0.29380247,0.034738496,0.25906396
CUST_003645,0.3319509,0.07343299,0.25851792
CUST_001262,0.3698259,0.111693546,0.25813234
CUST_007523,0.26625162,0.008127592,0.25812402
CUST_001753,0.27661717,0.01875872,0.25785846
CUST_000711,0.26002213,0.0023380283,0.2576841
CUST_006027,0.4035071,0.1458381,0.25766903
CUST_007798,0.3582577,0.10059411,0.2576636
CUST_002664,0.31273314,0.055270717,0.25746244
CUST_005798,0.2740888,0.016780345,0.25730845
CUST_005551,0.26527518,0.0080528185,0.25722235
CUST_006736,0.30698603,0.049776178,0.25720987
CUST_007080,0.33182472,0.07481285,0.25701186
CUST_006764,0.29537275,0.038466472,0.25690627
CUST_007271,0.27510965,0.018253509,0.25685614
CUST_007745,0.2576405,0.0007972548,0.25684327
CUST_005463,0.693313,0.4366754,0.2566376
CUST_000610,0.693313,0.4366754,0.2566376
CUST_008175,0.26675788,0.0101348255,0.25662306
CUST_006551,0.2676606,0.011177061,0.25648353
CUST_005361,0.28743547,0.030995367,0.2564401
CUST_001953,0.3424264,0.086446576,0.2559798
CUST_002899,0.27348632,0.017552553,0.25593376
CUST_000641,0.3339535,0.07806986,0.25588363
CUST_005921,0.29564354,0.040158052,0.25548548
CUST_005354,0.29787952,0.04249613,0.25538337
CUST_007273,0.50864273,0.25327173,0.255371
CUST_006920,0.3074785,0.052186005,0.25529248
CUST_002365,0.28243566,0.027214963,0.25522068
CUST_002672,0.26805085,0.013431768,0.2546191
CUST_006155,0.2862249,0.031787544,0.25443736
CUST_001375,0.2862249,0.031787544,0.25443736
CUST_000536,0.35715348,0.10283497,0.2543185
CUST_001725,0.300528,0.046268582,0.2542594
CUST_004030,0.31898066,0.06490978,0.25407088
CUST_001043,0.27420074,0.020155318,0.25404543
CUST_003601,0.29782763,0.043921653,0.25390598
CUST_004339,0.29782763,0.043921653,0.25390598
CUST_005948,0.3786259,0.12485313,0.25377277
CUST_005336,0.65278566,0.39905012,0.25373554
CUST_004635,0.2687283,0.015034584,0.2536937
CUST_004559,0.28205582,0.028488748,0.25356707
CUST_003886,0.2650616,0.011859031,0.25320256
CUST_002027,0.27863413,0.025601713,0.25303242
CUST_002891,0.29090583,0.03794919,0.25295663
CUST_005362,0.37715846,0.124502294,0.25265616
CUST_000638,0.2940223,0.041606322,0.25241596
CUST_006573,0.30171135,0.049307406,0.25240394
CUST_005192,0.33499557,0.08272309,0.2522725
CUST_006060,0.26248342,0.0104456525,0.25203776
CUST_004351,0.33771467,0.08577034,0.25194433
CUST_001729,0.27781826,0.02592653,0.25189173
CUST_002667,0.30393514,0.052064873,0.25187027
CUST_006147,0.29953495,0.04774222,0.25179273
CUST_007173,0.34668964,0.094921865,0.25176778
CUST_003773,0.2873236,0.03558018,0.2517434
CUST_003121,0.39739847,0.1457174,0.2516811
CUST_000605,0.2672727,0.016001869,0.25127083
CUST_003929,0.26158136,0.010406413,0.25117496
CUST_001781,0.26411277,0.01294487,0.2511679
CUST_006994,0.26411277,0.01294487,0.2511679
CUST_004852,0.4142493,0.16384843,0.25040087
CUST_007379,0.387998,0.13764884,0.25034916
CUST_006381,0.27915877,0.029178368,0.2499804
CUST_002604,0.31902227,0.06913565,0.24988662
CUST_006590,0.27991945,0.030172734,0.24974671
CUST_004236,0.27831182,0.028614042,0.24969777
CUST_006086,0.25550088,0.005915074,0.2495858
CUST_002142,0.85657907,0.60701954,0.24955952
CUST_007795,0.34893063,0.09937208,0.24955854
CUST_006110,0.8167754,0.5674496,0.24932575
CUST_002324,0.27855757,0.029509144,0.24904843
CUST_002036,0.31938747,0.0704754,0.24891207
CUST_001903,0.27744153,0.028751353,0.24869017
CUST_001132,0.3114996,0.063051745,0.24844785
CUST_003199,0.2648424,0.016887136,0.24795526
CUST_003458,0.25937557,0.011514481,0.24786109
CUST_005939,0.40281236,0.15510373,0.24770863
CUST_007414,0.28600782,0.038339462,0.24766836
CUST_001030,0.26492444,0.017378872,0.24754557
CUST_000645,0.27790746,0.030418025,0.24748944
CUST_004487,0.28626215,0.039117567,0.24714458
CUST_005018,0.28373575,0.036618236,0.24711752
CUST_006329,0.276929,0.029999143,0.24692985
CUST_004918,0.26846877,0.021556439,0.24691233
CUST_003915,0.27338132,0.026558409,0.24682291
CUST_007298,0.27704668,0.030292934,0.24675375
CUST_006193,0.9286128,0.6820795,0.24653333
CUST_006166,0.39293194,0.14653374,0.2463982
CUST_000114,0.45806187,0.21199122,0.24607065
CUST_006728,0.3820229,0.13614437,0.24587852
CUST_003629,0.2751794,0.029647104,0.24553227
CUST_000599,0.2566932,0.011298004,0.24539521
CUST_008047,0.30827373,0.06298731,0.24528642
CUST_003534,0.32080773,0.075732805,0.24507493
CUST_003611,0.29295135,0.04803495,0.2449164
CUST_004320,0.2758156,0.031149672,0.24466594
CUST_005421,0.25645825,0.0118718725,0.24458638
CUST_005910,0.26872355,0.024225358,0.2444982
CUST_004652,0.29043916,0.046316538,0.24412262
CUST_005549,0.2832429,0.039190475,0.24405244
CUST_006180,0.2468999,0.0029789726,0.24392094
CUST_007515,0.25507036,0.0112111205,0.24385923
CUST_007546,0.27435747,0.030706123,0.24365135
CUST_000783,0.5627839,0.31916425,0.24361965
CUST_004614,0.26644814,0.023991758,0.24245638
CUST_001361,0.60101,0.35860893,0.2424011
CUST_002847,0.27240592,0.030077973,0.24232794
CUST_005634,0.25890493,0.01661015,0.24229479
CUST_003046,0.29539958,0.053224634,0.24217494
CUST_006433,0.31521747,0.07310151,0.24211594
CUST_001808,0.294329,0.05230908,0.2420199
CUST_007299,0.2456868,0.003796174,0.24189062
CUST_003904,0.8775181,0.63566434,0.24185377
CUST_003575,0.3013667,0.059705246,0.24166144
CUST_006602,0.26553118,0.02392239,0.2416088
CUST_001628,0.2633606,0.02237802,0.24098256
CUST_001621,0.26374757,0.022808326,0.24093924
CUST_001844,0.31679752,0.076056294,0.24074122
CUST_007528,0.28606108,0.045359913,0.24070117
CUST_000441,0.37140676,0.13075869,0.24064808
CUST_006252,0.27818993,0.0376257,0.24056423
CUST_001032,0.28561315,0.045319293,0.24029386
CUST_000990,0.24191234,0.0017164993,0.24019584
CUST_002204,0.33060196,0.090437196,0.24016476
CUST_005460,0.24801032,0.007867433,0.24014288
CUST_006973,0.32137677,0.08138863,0.23998815
CUST_006347,0.33749568,0.097529314,0.23996636
CUST_003922,0.2798843,0.04027843,0.23960587
CUST_003900,0.3007916,0.06121649,0.2395751
CUST_005917,0.26549706,0.02603397,0.23946309
CUST_005464,0.2899728,0.050913576,0.23905924
CUST_007941,0.28390482,0.044887986,0.23901683
CUST_006391,0.93087614,0.69190025,0.23897588
CUST_008128,0.4092584,0.17032045,0.23893794
CUST_003529,0.2552469,0.01660444,0.23864247
CUST_004403,0.26423445,0.02589527,0.23833919
CUST_000824,0.25684607,0.018681042,0.23816502
CUST_004662,0.6028476,0.36482608,0.2380215
CUST_003846,0.25856212,0.020663794,0.23789832
CUST_007565,0.27936792,0.041565385,0.23780254
CUST_002294,0.2706304,0.032945413,0.23768498
CUST_003854,0.42447,0.18697868,0.23749132
CUST_001632,0.8820018,0.6445806,0.23742121
CUST_000416,0.40315667,0.16575703,0.23739964
CUST_000303,0.26070455,0.023680864,0.23702368
CUST_006845,0.56579125,0.32892323,0.23686802
CUST_001966,0.27656782,0.039718196,0.23684962
CUST_004421,0.3126835,0.07585578,0.23682772
CUST_000822,0.28183037,0.04509159,0.23673877
CUST_007071,0.9611836,0.72446847,0.23671514
CUST_005410,0.36854833,0.13199858,0.23654975
CUST_004783,0.28256065,0.046012107,0.23654854
CUST_006905,0.31531107,0.07876471,0.23654637
CUST_004352,0.31368464,0.07735481,0.23632982
CUST_001886,0.30662215,0.07036326,0.2362589
CUST_000803,0.31286252,0.076622546,0.23623997
CUST_004431,0.2997705,0.06363253,0.23613797
CUST_006596,0.42326415,0.18724608,0.23601806
CUST_002301,0.64414936,0.40827572,0.23587364
CUST_002818,0.27186468,0.03617844,0.23568624
CUST_003191,0.25600144,0.020437086,0.23556435
CUST_004438,0.26885545,0.033367455,0.235488
CUST_006503,0.26154914,0.02621797,0.23533118
CUST_007289,0.27264628,0.037336946,0.23530933
CUST_006382,0.27007788,0.03499942,0.23507847
CUST_001598,0.2548125,0.02019623,0.23461628
CUST_003840,0.5182917,0.28370053,0.23459119
CUST_000548,0.3103504,0.075932205,0.23441818
CUST_008220,0.5766274,0.34239724,0.23423013
CUST_006964,0.26077783,0.026689848,0.23408799
CUST_007513,0.2449033,0.011012989,0.23389031
CUST_002426,0.3241046,0.09022096,0.23388365
CUST_005730,0.32740366,0.0936319,0.23377177
CUST_000009,0.28234372,0.048664365,0.23367935
CUST_007156,0.3014593,0.0680511,0.23340821
CUST_002216,0.2762815,0.04323185,0.23304966
CUST_004324,0.3030371,0.070106246,0.23293087
CUST_002781,0.43538228,0.20245148,0.2329308
CUST_007338,0.25312546,0.020297168,0.23282829
CUST_001181,0.2578279,0.02506347,0.23276444
CUST_002327,0.4766744,0.24392715,0.23274726
CUST_006606,0.27484646,0.042129736,0.23271672
CUST_007675,0.26052797,0.027814956,0.23271301
CUST_002347,0.24683341,0.014449509,0.2323839
CUST_002674,0.2684217,0.036098458,0.23232326
CUST_007737,0.32360333,0.09131425,0.23228908
CUST_004200,0.25179964,0.01956756,0.23223208
CUST_000975,0.23554094,0.0036085271,0.23193242
CUST_004178,0.25980055,0.02787837,0.23192218
CUST_006862,0.6887556,0.4569319,0.23182368
CUST_007728,0.29981917,0.06799795,0.23182122
CUST_004798,0.26998127,0.03835077,0.2316305
CUST_002100,0.28095278,0.049444493,0.23150828
CUST_000372,0.5475952,0.3161834,0.23141181
CUST_001234,0.32320085,0.09184512,0.23135573
CUST_005469,0.24770889,0.016526572,0.2311823
CUST_000128,0.2556324,0.024496075,0.23113632
CUST_000787,0.46520704,0.23441848,0.23078856
CUST_000024,0.2880135,0.057333004,0.23068048
CUST_000553,0.2646492,0.03406422,0.230585
CUST_001520,0.33411047,0.10359591,0.23051456
CUST_001458,0.30445135,0.07394745,0.23050389
CUST_000999,0.4394905,0.20903847,0.23045203
CUST_003959,0.2803685,0.04994591,0.2304226
CUST_008125,0.31578037,0.08547148,0.23030889
CUST_000528,0.27900198,0.048854854,0.23014712
CUST_005498,0.27275535,0.04276274,0.22999261
CUST_002652,0.2427718,0.012805146,0.22996666
CUST_007200,0.26213577,0.03225068,0.2298851
CUST_006637,0.25858602,0.028703649,0.22988237
CUST_002279,0.24734512,0.01754586,0.22979926
CUST_003144,0.25504848,0.025288042,0.22976044
CUST_000964,0.33910736,0.10935337,0.229754
CUST_007097,0.33910736,0.10935337,0.229754
CUST_002566,0.27312508,0.043393172,0.22973192
CUST_002689,0.27768195,0.0483442,0.22933775
CUST_003153,0.24150571,0.012245947,0.22925976
CUST_002522,0.29736483,0.06816742,0.22919741
CUST_000931,0.2779395,0.048813116,0.22912638
CUST_001547,0.3091334,0.080312744,0.22882067
CUST_005711,0.2795474,0.050832245,0.22871515
CUST_002283,0.25090423,0.022217946,0.22868629
CUST_002661,0.26204383,0.03361691,0.22842692
CUST_003712,0.5096138,0.28135592,0.2282579
CUST_001387,0.33239302,0.10414777,0.22824526
CUST_004107,0.23424177,0.0060941447,0.22814763
CUST_005874,0.22964674,0.0015703727,0.22807637
CUST_003479,0.37136394,0.14345138,0.22791256
CUST_005994,0.24361666,0.015704675,0.22791198
CUST_001933,0.5282948,0.30053976,0.22775504
CUST_007740,0.5282948,0.30053976,0.22775504
CUST_008194,0.26854026,0.040938042,0.22760221
CUST_002497,0.29468545,0.067188635,0.22749682
CUST_004769,0.3638898,0.1365186,0.22737122
CUST_000084,0.30495733,0.07777838,0.22717896
CUST_001003,0.24072242,0.013609506,0.22711292
CUST_004187,0.24653378,0.019714382,0.2268194
CUST_004309,0.2902873,0.06354131,0.22674598
CUST_004458,0.22899823,0.002280973,0.22671726
CUST_005360,0.24430369,0.017882908,0.22642078
CUST_001596,0.30727944,0.08089989,0.22637954
CUST_007855,0.2582992,0.03207903,0.22622018
CUST_001033,0.23669465,0.010536227,0.22615843
CUST_004259,0.26687914,0.04079286,0.22608629
CUST_002199,0.26998582,0.044148315,0.22583751
CUST_000777,0.25651884,0.03073697,0.22578187
CUST_003070,0.2615574,0.035958976,0.22559842
CUST_003168,0.3975005,0.17218314,0.22531734
CUST_004159,0.23977739,0.014558909,0.22521847
CUST_001879,0.28205708,0.05689617,0.22516091
CUST_007269,0.64647967,0.42157948,0.22490019
CUST_001938,0.27001244,0.045360748,0.2246517
CUST_007231,0.52724206,0.30285704,0.22438502
CUST_002688,0.23872273,0.014578311,0.22414441
CUST_002472,0.2525308,0.028501647,0.22402917
CUST_007656,0.24462731,0.020700675,0.22392663
CUST_006748,0.23145874,0.0075848,0.22387394
CUST_001102,0.28988057,0.06632485,0.22355571
CUST_006625,0.30816546,0.08480808,0.22335738
CUST_004078,0.3153558,0.092008516,0.22334729
CUST_002018,0.25518677,0.032053072,0.2231337
CUST_006344,0.5110329,0.28798375,0.22304913
CUST_000011,0.2771527,0.054443855,0.22270884
CUST_004390,0.2258777,0.0031932374,0.22268446
CUST_005818,0.2659521,0.043273453,0.22267866
CUST_007562,0.31810218,0.09556352,0.22253865
CUST_004241,0.25727624,0.034811687,0.22246455
CUST_000879,0.2346387,0.012252616,0.22238609
CUST_004768,0.24185497,0.019569587,0.22228537
CUST_000216,0.5388452,0.3165771,0.22226807
CUST_000233,0.2667553,0.04458999,0.22216532
CUST_005762,0.35454738,0.13250387,0.22204351
CUST_003096,0.25942308,0.037432406,0.22199067
CUST_000236,0.25830546,0.036396697,0.22190876
CUST_003989,0.23886946,0.017144114,0.22172534
CUST_008074,0.4336887,0.21198647,0.22170223
CUST_006169,0.22733739,0.005958433,0.22137895
CUST_002390,0.22361767,0.002306884,0.2213108
CUST_006407,0.26714486,0.045837622,0.22130723
CUST_003005,0.22834237,0.0071251187,0.22121724
CUST_004451,0.24629845,0.025088925,0.22120953
CUST_005959,0.2518671,0.030693673,0.2211734
CUST_002676,0.26104861,0.03999976,0.22104886
CUST_005291,0.26995212,0.048964072,0.22098805
CUST_002132,0.24471177,0.023735013,0.22097676
CUST_005531,0.2601079,0.039191075,0.22091684
CUST_000765,0.27651504,0.0556368,0.22087824
CUST_006965,0.27245978,0.051592033,0.22086774
CUST_006684,0.23537266,0.014820951,0.22055171
CUST_003317,0.25368705,0.033172596,0.22051446
CUST_000042,0.23414677,0.013803074,0.2203437
CUST_003565,0.23581661,0.015698027,0.22011858
CUST_006782,0.26815617,0.048052754,0.22010341
CUST_002733,0.26560023,0.045782804,0.21981743
CUST_004975,0.25908735,0.0396472,0.21944016
CUST_007907,0.242737,0.023636075,0.21910092
CUST_005643,0.22190356,0.0029139786,0.21898958
CUST_000541,0.24791129,0.028949553,0.21896173
CUST_003678,0.30146965,0.08252925,0.2189404
CUST_004210,0.22869577,0.009801715,0.21889405
CUST_001088,0.30860052,0.08972399,0.21887653
CUST_006581,0.30982062,0.09097553,0.2188451
CUST_000568,0.30982062,0.09097553,0.2188451
CUST_003219,0.29576293,0.07696634,0.21879658
CUST_000769,0.24992272,0.03115739,0.21876533
CUST_001557,0.22775479,0.009154818,0.21859998
CUST_006450,0.23431033,0.015711648,0.21859868
CUST_003188,0.24332471,0.0248401,0.21848461
CUST_002360,0.2488328,0.030464998,0.21836782
CUST_006337,0.22538239,0.0072203763,0.21816202
CUST_006131,0.23107345,0.013090767,0.21798268
CUST_002515,0.25478935,0.03691695,0.21787241
CUST_005312,0.22552405,0.0076652183,0.21785884
CUST_001177,0.243558,0.025771828,0.21778618
CUST_003441,0.257947,0.040258914,0.21768808
CUST_000407,0.25487456,0.037207764,0.21766679
CUST_004736,0.2851579,0.06753077,0.21762711
CUST_005017,0.25486717,0.03726644,0.21760073
CUST_005341,0.267558,0.04997933,0.21757868
CUST_001682,0.23631442,0.018826457,0.21748796
CUST_000440,0.28840715,0.07098689,0.21742025
CUST_003162,0.25701153,0.039647672,0.21736386
CUST_007727,0.2416776,0.024384752,0.21729285
CUST_006224,0.2509339,0.03376054,0.21717334
CUST_002260,0.25366765,0.036539417,0.21712823
CUST_006457,0.24774593,0.03074868,0.21699725
CUST_000934,0.25439408,0.037494447,0.21689963
CUST_007990,0.3069841,0.09008866,0.21689543
CUST_001184,0.27873665,0.06186136,0.21687528
CUST_003315,0.30031618,0.08345839,0.21685779
CUST_007319,0.23814629,0.021410549,0.21673574
CUST_003170,0.2452885,0.02856046,0.21672805
CUST_005010,0.2578995,0.041241102,0.21665838
CUST_000082,0.23833226,0.021868147,0.2164641
CUST_005382,0.3964662,0.18029456,0.21617164
CUST_003231,0.31064484,0.09448019,0.21616465
CUST_001179,0.25435108,0.03819768,0.2161534
CUST_001491,0.23381513,0.017780315,0.21603481
CUST_001028,0.22005011,0.0040830094,0.2159671
CUST_008221,0.2345015,0.01855614,0.21594536
CUST_005528,0.22553426,0.0101443315,0.21538992
CUST_005683,0.25554967,0.040205445,0.21534422
CUST_007177,0.26627445,0.05114725,0.2151272
CUST_006954,0.30528313,0.090279706,0.21500343
CUST_000767,0.4413511,0.22657731,0.21477377
CUST_006238,0.30667266,0.091972426,0.21470024
CUST_006793,0.2409893,0.0263557,0.2146336
CUST_005795,0.4774609,0.2628591,0.21460178
CUST_003814,0.28112757,0.0665619,0.21456566
CUST_005699,0.24012095,0.025622658,0.21449828
CUST_006805,0.2341449,0.019665204,0.21447968
CUST_004993,0.23698395,0.02254437,0.21443959
CUST_006969,0.47401282,0.25971404,0.21429878
CUST_001418,0.25960672,0.045404427,0.21420228
CUST_007470,0.25496712,0.04081104,0.21415609
CUST_006638,0.2446878,0.030596934,0.21409085
CUST_004318,0.30762273,0.09365043,0.2139723
CUST_006383,0.2436849,0.029870965,0.21381393
CUST_000981,0.24698481,0.03317259,0.21381222
CUST_000791,0.23459524,0.02086427,0.21373096
CUST_004051,0.25009057,0.036597617,0.21349296
CUST_007216,0.274108,0.06064381,0.21346419
CUST_000707,0.23727353,0.023914907,0.21335863
CUST_007769,0.23075762,0.017404174,0.21335346
CUST_002166,0.27626705,0.062976375,0.21329068
CUST_003163,0.3120548,0.0987838,0.21327102
CUST_007923,0.25957862,0.04631242,0.2132662
CUST_004228,0.27998576,0.06677253,0.21321324
CUST_004989,0.24396637,0.03103532,0.21293105
CUST_000479,0.24809828,0.035362322,0.21273597
CUST_003894,0.23529391,0.022747107,0.2125468
CUST_006991,0.23050661,0.01798793,0.21251869
CUST_004819,0.25846994,0.04597292,0.21249703
CUST_006399,0.26748767,0.05517498,0.2123127
CUST_000264,0.30869544,0.096558064,0.21213737
CUST_002580,0.22758116,0.01546311,0.21211804
CUST_001664,0.26164502,0.049556457,0.21208856
CUST_001681,0.24204333,0.030171087,0.21187225
CUST_001267,0.26636788,0.05458863,0.21177925
CUST_003924,0.26636788,0.05458863,0.21177925
CUST_001585,0.24707066,0.035402194,0.21166846
CUST_006330,0.2782256,0.06663208,0.21159352
CUST_005742,0.26895982,0.05736683,0.21159299
CUST_005585,0.24422105,0.032787163,0.21143389
CUST_001858,0.22697228,0.015545123,0.21142715
CUST_005434,0.32506013,0.11384914,0.211211
CUST_002249,0.2315433,0.020406958,0.21113634
CUST_005827,0.21745461,0.0063513657,0.21110325
CUST_000221,0.22585467,0.014827008,0.21102765
CUST_002994,0.22784334,0.016950091,0.21089326
CUST_008126,0.21310341,0.0022997328,0.21080369
CUST_002330,0.24104957,0.030394226,0.21065535
CUST_003368,0.2543174,0.04373581,0.2105816
CUST_003966,0.22383644,0.013274493,0.21056195
CUST_001507,0.22605744,0.015529792,0.21052764
CUST_006324,0.25987014,0.049368512,0.21050163
CUST_001992,0.22986826,0.019432746,0.21043551
CUST_007707,0.23778188,0.027511576,0.2102703
CUST_002230,0.24767639,0.037476286,0.2102001
CUST_007622,0.22204646,0.01190822,0.21013825
CUST_008176,0.25407794,0.044028252,0.21004969
CUST_003380,0.21073587,0.00076307636,0.2099728
CUST_002451,0.23844832,0.02850826,0.20994006
CUST_002489,0.28071812,0.07087603,0.20984209
CUST_000704,0.27767256,0.067954674,0.20971788
CUST_002396,0.26881695,0.059117295,0.20969966
CUST_003124,0.25856262,0.04925083,0.2093118
CUST_007188,0.25538212,0.046144247,0.20923787
CUST_003821,0.21700905,0.007817646,0.20919141
CUST_007358,0.8188262,0.6096514,0.20917481
CUST_005380,0.2392762,0.03021298,0.20906322
CUST_001037,0.21345098,0.0043903682,0.20906061
CUST_007491,0.45486078,0.24585152,0.20900926
CUST_003969,0.30735406,0.098598264,0.20875579
CUST_006889,0.31079328,0.102211945,0.20858133
CUST_002318,0.22360891,0.01528844,0.20832047
CUST_004042,0.27292383,0.06465473,0.20826909
CUST_008227,0.26458544,0.05642355,0.20816189
CUST_004471,0.263987,0.056045163,0.20794185
CUST_006739,0.49638462,0.28852996,0.20785466
CUST_000041,0.4095528,0.20170346,0.20784935
CUST_001800,0.2169243,0.009090997,0.20783329
CUST_000295,0.22396335,0.016363382,0.20759997
CUST_005861,0.24412268,0.036735393,0.2073873
CUST_000512,0.24734697,0.04004116,0.2073058
CUST_003382,0.22742279,0.020172143,0.20725064
CUST_004703,0.22686209,0.019669518,0.20719257
CUST_002348,0.22649592,0.019399354,0.20709656
CUST_003497,0.347378,0.14028361,0.20709437
CUST_006639,0.25133124,0.04426138,0.20706986
CUST_003440,0.22217636,0.015228365,0.206948
CUST_007473,0.25129512,0.044523668,0.20677145
CUST_001652,0.25513014,0.04848784,0.2066423
CUST_007066,0.3997852,0.19318385,0.20660134
CUST_002686,0.22106424,0.014475267,0.20658897
CUST_007359,0.24960521,0.04306566,0.20653954
CUST_000199,0.25241044,0.045879662,0.20653078
CUST_003816,0.2420378,0.03552149,0.20651631
CUST_006016,0.24855362,0.042112853,0.20644076
CUST_005747,0.21984057,0.013445852,0.20639472
CUST_005244,0.24521221,0.038876332,0.20633587
CUST_006178,0.24014817,0.03387481,0.20627336
CUST_007073,0.21336268,0.007109261,0.20625342
CUST_003430,0.29258642,0.08636899,0.20621742
CUST_006281,0.22232248,0.016139837,0.20618264
CUST_000486,0.28415814,0.07797556,0.20618257
CUST_002442,0.59747845,0.39138427,0.20609418
CUST_007385,0.24860102,0.042580318,0.2060207
CUST_006035,0.29752848,0.09152071,0.20600776
CUST_003357,0.25454038,0.048722032,0.20581836
CUST_002349,0.22480501,0.019283948,0.20552106
CUST_005227,0.27665967,0.07114844,0.20551123
CUST_003214,0.24272382,0.037361026,0.2053628
CUST_007191,0.21727818,0.012058767,0.20521942
CUST_001826,0.48344678,0.27829292,0.20515385
CUST_001505,0.2454298,0.040598173,0.20483163
CUST_003339,0.21115002,0.006440177,0.20470984
CUST_005095,0.26594222,0.061242174,0.20470004
CUST_000962,0.24187754,0.037226446,0.20465109
CUST_007274,0.22409737,0.019645335,0.20445204
CUST_006277,0.22477822,0.020378599,0.20439962
CUST_004793,0.47846636,0.27410254,0.20436382
CUST_006398,0.22903977,0.02481101,0.20422876
CUST_000330,0.22468394,0.020488147,0.2041958
CUST_002331,0.2710633,0.06688013,0.20418316
CUST_002150,0.31357092,0.10943904,0.20413187
CUST_004182,0.51533365,0.31132704,0.20400661
CUST_001976,0.2411467,0.037411485,0.20373522
CUST_004785,0.215254,0.011601315,0.20365268
CUST_001779,0.2116502,0.008013294,0.2036369
CUST_006087,0.269724,0.066217184,0.20350683
CUST_007816,0.35979477,0.15629436,0.2035004
CUST_002181,0.24957824,0.04613668,0.20344156
CUST_003624,0.47165704,0.2682202,0.20343685
CUST_006548,0.251815,0.048418052,0.20339695
CUST_000402,0.251815,0.048418052,0.20339695
CUST_002961,0.29845256,0.095129766,0.2033228
CUST_004639,0.58342004,0.38044775,0.2029723
CUST_005176,0.21752703,0.0148265,0.20270053
CUST_007597,0.21389243,0.0113438815,0.20254855
CUST_002963,0.22557218,0.023110878,0.2024613
CUST_006074,0.23187965,0.029503368,0.20237628
CUST_004603,0.23619072,0.033833582,0.20235714
CUST_003062,0.2266592,0.024373615,0.20228557
CUST_000676,0.22167023,0.019425664,0.20224456
CUST_007875,0.22809382,0.025890632,0.20220318
CUST_002004,0.2823785,0.08017917,0.20219932
CUST_004126,0.22038744,0.018412795,0.20197465
CUST_000501,0.22390385,0.022009764,0.20189409
CUST_005458,0.21132141,0.009548129,0.20177329
CUST_000077,0.23879181,0.037210137,0.20158167
CUST_002520,0.22517146,0.023627192,0.20154427
CUST_002440,0.20955734,0.0081126215,0.20144472
CUST_002789,0.22084643,0.019441549,0.20140488
CUST_005101,0.22594604,0.024675284,0.20127076
CUST_004001,0.2410607,0.03987917,0.20118153
CUST_004143,0.2341157,0.032934744,0.20118096
CUST_001480,0.24743609,0.046303913,0.20113218
CUST_007509,0.26585263,0.06483431,0.20101832
CUST_008149,0.20842886,0.0074225953,0.20100626
CUST_005221,0.40133786,0.20036079,0.20097707
CUST_003818,0.44207418,0.24115568,0.2009185
CUST_005503,0.25831395,0.05740403,0.20090993
CUST_004017,0.21153918,0.01069228,0.2008469
CUST_002005,0.26794496,0.0671575,0.20078745
CUST_001412,0.49521166,0.29461092,0.20060074
CUST_005800,0.28699967,0.08645809,0.20054159
CUST_001672,0.23709486,0.036584884,0.20050998
CUST_004452,0.20132247,0.0012079495,0.20011452
CUST_003029,0.21112093,0.0110765835,0.20004435
CUST_005104,0.20571966,0.0058162166,0.19990344
CUST_004227,0.26184103,0.061954137,0.19988689
CUST_006737,0.22392794,0.024060959,0.19986698
CUST_003579,0.21324709,0.013463898,0.19978319
CUST_005977,0.24091671,0.04141508,0.19950163
CUST_001819,0.2175737,0.018110419,0.19946328
CUST_007399,0.29183108,0.09246712,0.19936395
CUST_002441,0.24056327,0.041315984,0.19924729
CUST_002345,0.23282589,0.033602882,0.19922301
CUST_007214,0.2266806,0.027485466,0.19919515
CUST_004217,0.25555426,0.056490086,0.19906417
CUST_006474,0.25070038,0.05174521,0.19895518
CUST_003506,0.25070038,0.05174521,0.19895518
CUST_002669,0.24855857,0.04969103,0.19886753
CUST_003306,0.29391262,0.09512324,0.19878939
CUST_001136,0.24595246,0.047283575,0.19866888
CUST_003398,0.28781262,0.08915554,0.19865708
CUST_003622,0.2830973,0.08450982,0.19858748
CUST_005154,0.2593825,0.060915712,0.19846678
CUST_005216,0.23317498,0.034910735,0.19826424
CUST_003511,0.20671797,0.00852068,0.19819729
CUST_003175,0.22082281,0.022670181,0.19815263
CUST_008036,0.22625326,0.028105564,0.19814768
CUST_007771,0.23751877,0.03950066,0.1980181
CUST_006076,0.22511216,0.027148765,0.19796339
CUST_002699,0.3215224,0.123718396,0.19780402
CUST_001272,0.26897615,0.07127054,0.19770561
CUST_000581,0.24354699,0.0458829,0.1976641
CUST_002502,0.80544883,0.60783726,0.19761157
CUST_003763,0.25468826,0.057120085,0.19756818
CUST_002666,0.23331182,0.03575375,0.19755808
CUST_007576,0.22349682,0.02596092,0.1975359
CUST_006546,0.2415329,0.04409853,0.19743438
CUST_004964,0.20984598,0.012490005,0.19735597
CUST_005140,0.24750717,0.05017031,0.19733685
CUST_000830,0.20215304,0.004906786,0.19724625
CUST_001406,0.24061635,0.04343727,0.19717908
CUST_000600,0.1979942,0.0008908898,0.1971033
CUST_005313,0.23384884,0.03676807,0.19708076
CUST_007817,0.23881856,0.04178757,0.19703099
CUST_004221,0.24864595,0.051625196,0.19702075
CUST_006267,0.25059283,0.053786814,0.19680601
CUST_002824,0.2111671,0.014394906,0.19677219
CUST_003578,0.20443752,0.007720685,0.19671685
CUST_003804,0.24021658,0.043600462,0.19661611
CUST_006978,0.61224145,0.41573286,0.19650859
CUST_006226,0.2476952,0.051192764,0.19650243
CUST_002353,0.3801716,0.18371476,0.19645683
CUST_006227,0.26693386,0.07047852,0.19645533
CUST_006151,0.333467,0.13706458,0.19640243
CUST_003811,0.43790308,0.24184962,0.19605346
CUST_005744,0.20453697,0.008485616,0.19605136
CUST_000517,0.26364213,0.06765104,0.1959911
CUST_003806,0.20300998,0.007031967,0.19597802
CUST_003794,0.33517972,0.13923623,0.19594349
CUST_007108,0.19709025,0.0011883208,0.19590193
CUST_002380,0.22951904,0.03376401,0.19575503
CUST_005962,0.2589923,0.063308604,0.19568372
CUST_003627,0.21903926,0.023580171,0.1954591
CUST_003141,0.2424965,0.04710369,0.19539282
CUST_005278,0.2069589,0.011569355,0.19538955
CUST_002777,0.23321176,0.037833836,0.19537792
CUST_004684,0.25826055,0.06307068,0.19518986
CUST_003026,0.20235229,0.0072277286,0.19512455
CUST_004371,0.2047556,0.009662575,0.19509304
CUST_000492,0.2047556,0.009662575,0.19509304
CUST_003375,0.23486008,0.039866336,0.19499373
CUST_001415,0.22962321,0.034680158,0.19494306
CUST_003001,0.22355218,0.028692085,0.1948601
CUST_001551,0.20435166,0.009549197,0.19480246
CUST_008197,0.22275236,0.028066542,0.19468582
CUST_006211,0.21091814,0.0162987,0.19461945
CUST_001293,0.19983496,0.005281026,0.19455393
CUST_007688,0.21898076,0.024434084,0.19454667
CUST_002122,0.22315261,0.028735276,0.19441733
CUST_004019,0.19756387,0.003219251,0.19434462
CUST_001809,0.44369853,0.24953155,0.19416697
CUST_003463,0.26029876,0.06644219,0.19385657
CUST_004511,0.19533528,0.0015065739,0.19382872
CUST_003827,0.20592952,0.012123401,0.19380611
CUST_002984,0.21185282,0.01811983,0.19373299
CUST_000129,0.20654733,0.012887724,0.1936596
CUST_006021,0.2174949,0.024050938,0.19344397
CUST_007649,0.7384458,0.54527724,0.19316858
CUST_008081,0.19822305,0.0050901305,0.19313292
CUST_007909,0.2048753,0.011839924,0.19303538
CUST_007427,0.21704224,0.024019655,0.19302258
CUST_004117,0.21510945,0.022210496,0.19289896
CUST_004422,0.21548598,0.022589127,0.19289684
CUST_000997,0.21258618,0.020040356,0.19254583
CUST_001655,0.62811035,0.43560764,0.1925027
CUST_005407,0.22742718,0.03498649,0.19244069
CUST_001746,0.22881071,0.0364909,0.19231981
CUST_004249,0.22308879,0.030793674,0.1922951
CUST_002253,0.3667485,0.17446093,0.19228758
CUST_006958,0.3969116,0.20465259,0.192259
CUST_000237,0.21691477,0.024715217,0.19219956
CUST_005237,0.20772165,0.015653895,0.19206776
CUST_005439,0.19456384,0.0024990828,0.19206475
CUST_000953,0.2474647,0.0554438,0.1920209
CUST_005070,0.26008272,0.06821764,0.19186509
CUST_000488,0.21634515,0.024505066,0.19184008
CUST_000317,0.21737327,0.025610331,0.19176294
CUST_005290,0.32230267,0.130616,0.19168667
CUST_002296,0.55351543,0.36231193,0.1912035
CUST_002008,0.22222137,0.031249013,0.19097236
CUST_003227,0.27860966,0.08770876,0.1909009
CUST_000885,0.2303913,0.039492972,0.19089833
CUST_000344,0.25392872,0.063114464,0.19081426
CUST_001874,0.20335642,0.012552288,0.19080412
CUST_002556,0.22266121,0.031990714,0.19067049
CUST_002338,0.20855403,0.0179898,0.19056423
CUST_007171,0.21428968,0.023818681,0.190471
CUST_002090,0.23562965,0.04519714,0.1904325
CUST_006213,0.19891584,0.00877584,0.19014
CUST_007760,0.22996934,0.039889313,0.19008002
CUST_006653,0.2359034,0.0458268,0.19007659
CUST_000447,0.19906548,0.009025485,0.19003999
CUST_003179,0.20193571,0.0119290305,0.19000667
CUST_006487,0.2172574,0.02727124,0.18998615
CUST_005021,0.2856409,0.09573102,0.18990988
CUST_002549,0.25184274,0.061960198,0.18988255
CUST_002467,0.24592887,0.05631589,0.18961298
CUST_006439,0.19989458,0.010287423,0.18960716
CUST_000025,0.2777443,0.08818784,0.18955645
CUST_002064,0.28510222,0.095553406,0.18954882
CUST_006771,0.2074411,0.017998612,0.1894425
CUST_001027,0.3054274,0.1159921,0.1894353
CUST_003859,0.2610076,0.07157656,0.18943104
CUST_006049,0.1951806,0.005813143,0.18936746
CUST_000570,0.20943189,0.020140914,0.18929097
CUST_001712,0.25707367,0.067801505,0.18927217
CUST_001362,0.225555,0.0364935,0.18906151
CUST_001364,0.21538876,0.026353266,0.18903549
CUST_005321,0.2676049,0.078570336,0.18903455
CUST_001945,0.2676049,0.078570336,0.18903455
CUST_006622,0.22065236,0.031738672,0.18891369
CUST_004597,0.19323324,0.0043940884,0.18883915
CUST_000606,0.19249503,0.003746104,0.18874893
CUST_001360,0.27165842,0.08295442,0.188704
CUST_000385,0.20871325,0.020017425,0.18869582
CUST_002797,0.21152079,0.022876823,0.18864396
CUST_007369,0.2449733,0.056400258,0.18857305
CUST_005241,0.20722558,0.018822396,0.18840317
CUST_000039,0.22586633,0.0375224,0.18834393
CUST_001927,0.23041137,0.042255174,0.18815619
CUST_007130,0.25045863,0.06266604,0.18779258
CUST_001401,0.24583434,0.058083076,0.18775126
CUST_004666,0.23793255,0.05022419,0.18770836
CUST_001187,0.20710337,0.019633075,0.1874703
CUST_008041,0.20726813,0.019997025,0.1872711
CUST_004859,0.21562268,0.02849566,0.18712702
CUST_003473,0.26152688,0.0745104,0.18701649
CUST_003208,0.20949648,0.022595845,0.18690065
CUST_004882,0.19254516,0.005839183,0.18670598
CUST_002564,0.26929292,0.082747996,0.18654492
CUST_005767,0.2089285,0.02238437,0.18654412
CUST_004457,0.20182474,0.015435302,0.18638943
CUST_002367,0.22015803,0.03381043,0.1863476
CUST_005430,0.23323706,0.04689473,0.18634233
CUST_006607,0.22186342,0.03560801,0.18625541
CUST_002695,0.21210894,0.026067765,0.18604118
CUST_000954,0.22524215,0.039229896,0.18601225
CUST_004741,0.19345964,0.007452287,0.18600735
CUST_005674,0.21396215,0.028078124,0.18588403
CUST_003459,0.22211033,0.036271702,0.18583862
CUST_007296,0.20957717,0.024139019,0.18543816
CUST_006486,0.21778758,0.03238415,0.18540344
CUST_006101,0.20959271,0.02422322,0.18536949
CUST_002545,0.22282103,0.03770003,0.185121
CUST_007800,0.20430456,0.019201426,0.18510313
CUST_004074,0.28826055,0.103174075,0.18508647
CUST_001613,0.20688297,0.022078536,0.18480444
CUST_007863,0.20688297,0.022078536,0.18480444
CUST_002895,0.20688297,0.022078536,0.18480444
CUST_005294,0.21831529,0.03357581,0.18473947
CUST_007077,0.2095786,0.024847737,0.18473087
CUST_005617,0.22504444,0.04035977,0.18468468
CUST_006280,0.21708344,0.032400016,0.18468343
CUST_001115,0.20537521,0.0207546,0.1846206
CUST_000911,0.22476444,0.040313505,0.18445092
CUST_004124,0.19661482,0.012261062,0.18435375
CUST_003839,0.27191323,0.087676786,0.18423644
CUST_006428,0.4895634,0.30542588,0.18413752
CUST_002231,0.1952666,0.011291007,0.18397559
CUST_001021,0.20772487,0.023757586,0.18396728
CUST_006188,0.223887,0.039922707,0.18396428
CUST_006153,0.21176663,0.02782291,0.18394372
CUST_002097,0.2249912,0.041062415,0.18392879
CUST_001533,0.20278688,0.019008083,0.1837788
CUST_003525,0.18772426,0.003970116,0.18375415
CUST_000489,0.21185502,0.028127585,0.18372744
CUST_001987,0.57540274,0.39195138,0.18345135
CUST_001757,0.21864228,0.035226867,0.18341541
CUST_002450,0.2127153,0.02932589,0.18338941
CUST_007593,0.27750012,0.09414807,0.18335205
CUST_006530,0.21118829,0.027892802,0.18329549
CUST_005333,0.21346176,0.030224223,0.18323754
CUST_006746,0.21500584,0.031897508,0.18310833
CUST_006555,0.2530383,0.069970556,0.18306774
CUST_002883,0.2530383,0.069970556,0.18306774
CUST_005112,0.21349956,0.030515367,0.18298419
CUST_005188,0.19874415,0.01579699,0.18294716
CUST_003613,0.3314433,0.14859599,0.18284732
CUST_000853,0.25295988,0.070116565,0.18284331
CUST_000445,0.22054608,0.03777941,0.18276668
CUST_001884,0.20885846,0.026163084,0.18269537
CUST_001469,0.20498048,0.022342313,0.18263817
CUST_005848,0.5323971,0.34986645,0.18253064
CUST_006586,0.18760593,0.0051387553,0.18246718
CUST_004181,0.29200718,0.109553814,0.18245336
CUST_005398,0.21764539,0.035219252,0.18242614
CUST_006900,0.20229772,0.020011403,0.18228632
CUST_006126,0.19124252,0.008956229,0.18228629
CUST_007531,0.20047966,0.018237928,0.18224172
CUST_005669,0.30597588,0.12377623,0.18219966
CUST_001441,0.19374074,0.011596203,0.18214454
CUST_003161,0.22554076,0.0434211,0.18211965
CUST_006520,0.2274177,0.045325678,0.18209203
CUST_000778,0.21525107,0.03320159,0.18204948
CUST_002991,0.20471296,0.022712894,0.18200007
CUST_000239,0.24999738,0.068091735,0.18190564
CUST_003807,0.23823795,0.056424852,0.18181309
CUST_007292,0.19982275,0.018098332,0.18172443
CUST_007736,0.19715784,0.015485171,0.18167268
CUST_004644,0.19207379,0.01042416,0.18164963
CUST_000875,0.1888206,0.007362075,0.18145853
CUST_003664,0.22420916,0.042760164,0.181449
CUST_000546,0.18683505,0.0054424335,0.18139261
CUST_000387,0.20738855,0.02608008,0.18130848
CUST_001095,0.20309557,0.02187043,0.18122514
CUST_001949,0.4548299,0.2736944,0.1811355
CUST_001277,0.212851,0.031729706,0.18112129
CUST_007970,0.18636477,0.005249344,0.18111542
CUST_002643,0.19200745,0.010972438,0.18103501
CUST_007308,0.24289376,0.06188984,0.18100391
CUST_003965,0.21812356,0.03716189,0.18096167
CUST_005567,0.21980615,0.038865253,0.1809409
CUST_002619,0.20386192,0.022978874,0.18088305
CUST_005886,0.21597518,0.035243306,0.18073188
CUST_002837,0.18994826,0.009271398,0.18067686
CUST_001764,0.37947756,0.19883853,0.18063903
CUST_002148,0.20238706,0.021818357,0.18056871
CUST_005304,0.30046022,0.119922735,0.18053749
CUST_002429,0.18624733,0.0057694297,0.1804779
CUST_005045,0.49598247,0.31574503,0.18023744
CUST_006114,0.22682689,0.046611555,0.18021533
CUST_007834,0.2409765,0.060885306,0.18009119
CUST_000725,0.19828188,0.018274011,0.18000787
CUST_002400,0.19641514,0.016415123,0.18000002
CUST_002220,0.2067705,0.026862113,0.17990838
CUST_006183,0.24300325,0.06312348,0.17987977
CUST_005840,0.20660244,0.02680346,0.17979898
CUST_006540,0.21773931,0.037949793,0.17978951
CUST_001251,0.18992782,0.010159184,0.17976864
CUST_003897,0.20088398,0.021153638,0.17973034
CUST_001302,0.2937328,0.11407895,0.17965385
CUST_007224,0.21375418,0.034131657,0.17962252
CUST_007922,0.28143102,0.10188636,0.17954466
CUST_005252,0.2025328,0.022988392,0.1795444
CUST_004625,0.21867004,0.039229896,0.17944014
CUST_001778,0.37206504,0.1926611,0.17940393
CUST_005740,0.20662679,0.027223434,0.17940335
CUST_008231,0.18858983,0.009194593,0.17939523
CUST_003532,0.19576879,0.016514115,0.17925468
CUST_000202,0.23730655,0.058132313,0.17917424
CUST_007783,0.21063104,0.031474434,0.1791566
CUST_000979,0.23446122,0.055372074,0.17908914
CUST_000961,0.2123764,0.033541363,0.17883503
CUST_007712,0.18162945,0.002888121,0.17874132
CUST_004140,0.22132641,0.042653635,0.17867278
CUST_006799,0.21201664,0.03343899,0.17857765
CUST_006539,0.19381689,0.015258449,0.17855844
CUST_002920,0.19381689,0.015258449,0.17855844
CUST_008115,0.24900927,0.07054201,0.17846726
CUST_000679,0.4697856,0.29136977,0.17841583
CUST_005186,0.2044385,0.026053907,0.17838459
CUST_005888,0.23441112,0.056182366,0.17822875
CUST_002521,0.9613006,0.78330016,0.17800045
CUST_004549,0.20736665,0.029367909,0.17799874
CUST_001245,0.22322443,0.045287706,0.17793673
CUST_006956,0.20931566,0.03161122,0.17770444
CUST_000863,0.19432402,0.016619623,0.1777044
CUST_003367,0.21695814,0.03927323,0.1776849
CUST_003653,0.18571752,0.008371419,0.17734611
CUST_006434,0.2692037,0.09187426,0.17732944
CUST_001300,0.23716265,0.059874535,0.17728812
CUST_000684,0.1797677,0.002498272,0.17726943
CUST_000130,0.354848,0.17759655,0.17725144
CUST_002651,0.20623778,0.02905196,0.17718582
CUST_005794,0.20160106,0.024556447,0.17704462
CUST_001417,0.20350626,0.02648019,0.17702606
CUST_007973,0.20634596,0.029330151,0.17701581
CUST_007484,0.17867677,0.0016995342,0.17697723
CUST_008031,0.22050492,0.04354768,0.17695725
CUST_003361,0.27531618,0.09842088,0.17689529
CUST_002923,0.1962595,0.019378476,0.17688102
CUST_004323,0.21839246,0.04152796,0.1768645
CUST_003724,0.24943474,0.07258504,0.1768497
CUST_002965,0.22758761,0.050772037,0.17681557
CUST_001111,0.22758761,0.050772037,0.17681557
CUST_002022,0.2237017,0.047290556,0.17641115
CUST_007521,0.19733393,0.02096422,0.17636971
CUST_001638,0.19957252,0.02320638,0.17636614
CUST_001510,0.20721138,0.031015478,0.17619589
CUST_000383,0.2001798,0.023988675,0.17619112
CUST_001630,0.17882639,0.0026744911,0.1761519
CUST_004061,0.1877401,0.011608288,0.17613181
CUST_007276,0.18349898,0.0074580098,0.17604096
CUST_000980,0.20897874,0.03300244,0.1759763
CUST_003810,0.19145311,0.015584233,0.17586888
CUST_001584,0.23897769,0.063235,0.17574269
CUST_006187,0.188283,0.012611445,0.17567155
CUST_004369,0.19744782,0.021794206,0.17565362
CUST_000623,0.1988394,0.023204003,0.1756354
CUST_000983,0.20460694,0.029170189,0.17543675
CUST_001620,0.6370408,0.46171966,0.17532113
CUST_004134,0.1819076,0.0067640464,0.17514355
CUST_003538,0.4420217,0.26692083,0.17510086
CUST_000487,0.1925911,0.017556753,0.17503434
CUST_007522,0.2133421,0.038318414,0.17502369
CUST_004356,0.20236038,0.027361747,0.17499863
CUST_002768,0.20487383,0.029913442,0.17496039
CUST_005808,0.18456161,0.00963393,0.17492768
CUST_000709,0.20876469,0.03389346,0.17487124
CUST_005370,0.20590279,0.0310676,0.17483519
CUST_007015,0.23284665,0.058038577,0.17480807
CUST_005305,0.1786302,0.0038652085,0.17476499
CUST_003774,0.18912181,0.014360627,0.17476119
CUST_004716,0.2644386,0.08977253,0.17466608
CUST_002039,0.8378107,0.66316736,0.17464334
CUST_001619,0.22705987,0.052489758,0.17457011
CUST_008092,0.189642,0.01509035,0.17455165
CUST_007422,0.18590114,0.011477677,0.17442346
CUST_006831,0.17997916,0.0055968603,0.1743823
CUST_003089,0.5280059,0.35363254,0.17437336
CUST_001626,0.21796827,0.043722462,0.1742458
CUST_005969,0.219962,0.04572065,0.17424135
CUST_008101,0.22579014,0.05158514,0.174205
CUST_003469,0.20511954,0.030918801,0.17420073
CUST_003135,0.54434294,0.3701441,0.17419884
CUST_004939,0.19922431,0.02520561,0.1740187
CUST_002677,0.24773891,0.07389312,0.1738458
CUST_006512,0.21958038,0.0457807,0.17379968
CUST_005257,0.22380464,0.050071534,0.1737331
CUST_005086,0.27995458,0.10623825,0.17371634
CUST_001713,0.19983518,0.026157392,0.17367779
CUST_001787,0.20688576,0.033285946,0.17359981
CUST_006840,0.18933472,0.015788257,0.17354646
CUST_003982,0.21298812,0.039477855,0.17351027
CUST_000871,0.26971036,0.09630344,0.17340693
CUST_006525,0.18277615,0.009399265,0.17337689
CUST_003768,0.22058612,0.047250003,0.17333612
CUST_004069,0.23747809,0.06415066,0.17332743
CUST_005261,0.19858922,0.025287494,0.17330173
CUST_001482,0.19396809,0.020670375,0.17329772
CUST_008127,0.23906748,0.065779835,0.17328764
CUST_000310,0.23014309,0.056893863,0.17324921
CUST_002884,0.21571459,0.04262579,0.1730888
CUST_006174,0.19240281,0.019434813,0.172968
CUST_004152,0.24155524,0.06860201,0.17295323
CUST_005295,0.2760938,0.1031627,0.1729311
CUST_001999,0.18995117,0.017088456,0.17286271
CUST_007415,0.22435883,0.05150227,0.17285655
CUST_004044,0.1863947,0.013538503,0.1728562
CUST_003465,0.18753022,0.014739378,0.17279084
CUST_001359,0.23943344,0.066645496,0.17278793
CUST_006599,0.24971583,0.077085346,0.17263049
CUST_000695,0.19279744,0.02032206,0.17247538
CUST_003993,0.23910575,0.0667305,0.17237525
CUST_008003,0.18734013,0.015167039,0.17217308
CUST_006884,0.2153889,0.04335781,0.17203109
CUST_005803,0.22447555,0.05250783,0.17196772
CUST_002990,0.48494688,0.313005,0.17194188
CUST_006421,0.2053599,0.03346558,0.17189433
CUST_005590,0.22242376,0.05061807,0.1718057
CUST_002478,0.3075235,0.1359156,0.17160788
CUST_002454,0.2028137,0.03161312,0.17120057
CUST_002243,0.21830593,0.047311842,0.17099409
CUST_001336,0.2142111,0.04325417,0.17095694
CUST_006160,0.254486,0.0836082,0.17087778
CUST_004362,0.2348291,0.06396666,0.17086244
CUST_003606,0.18148963,0.0106506515,0.17083898
CUST_007190,0.20776582,0.037012696,0.17075312
CUST_007840,0.19082512,0.020075452,0.17074966
CUST_003694,0.26913628,0.098428965,0.17070732
CUST_003397,0.22666112,0.05604915,0.17061196
CUST_005628,0.21749572,0.046916492,0.17057922
CUST_005223,0.20940137,0.039041173,0.1703602
CUST_001642,0.18840386,0.018111734,0.17029212
CUST_004158,0.17415214,0.0038940553,0.17025807
CUST_006137,0.18058617,0.010389452,0.17019673
CUST_006358,0.26569423,0.09553282,0.17016141
CUST_000098,0.26569423,0.09553282,0.17016141
CUST_006032,0.18078397,0.010651556,0.17013241
CUST_000472,0.19430679,0.024220217,0.17008658
CUST_001274,0.20660424,0.036659434,0.16994481
CUST_004765,0.2227547,0.05290793,0.16984677
CUST_003976,0.17750458,0.0076854904,0.16981909
CUST_003634,0.20678647,0.036977265,0.1698092
CUST_001636,0.22805375,0.05826978,0.16978396
CUST_003345,0.19032481,0.02064448,0.16968033
CUST_006909,0.19908051,0.029458748,0.16962177
CUST_006062,0.19908051,0.029458748,0.16962177
CUST_003405,0.19009817,0.02048433,0.16961384
CUST_007442,0.19413772,0.024604978,0.16953275
CUST_006038,0.25190493,0.082378335,0.1695266
CUST_007398,0.3452022,0.17568026,0.16952194
CUST_000740,0.23520893,0.065771885,0.16943705
CUST_000105,0.22194034,0.052589487,0.16935085
CUST_006666,0.2448842,0.07556144,0.16932276
CUST_003230,0.1709435,0.0016368267,0.16930667
CUST_000242,0.19418761,0.02490589,0.16928172
CUST_007350,0.19130811,0.022054926,0.16925319
CUST_003509,0.2032082,0.03399826,0.16920993
CUST_001617,0.20630136,0.03728153,0.16901983
CUST_006394,0.25655314,0.08758786,0.16896528
CUST_000732,0.229112,0.06022769,0.1688843
CUST_001905,0.18202747,0.013207538,0.16881993
CUST_006904,0.28206915,0.11328873,0.16878042
CUST_006617,0.19497809,0.026291324,0.16868676
CUST_002048,0.18223393,0.013551449,0.16868249
CUST_005324,0.2891691,0.120530024,0.16863908
CUST_000263,0.17229122,0.0036563394,0.16863488
CUST_000829,0.21321633,0.04470254,0.16851379
CUST_006913,0.2020736,0.0335631,0.1685105
CUST_001479,0.18060161,0.012191749,0.16840987
CUST_006442,0.18822174,0.01982007,0.16840167
CUST_002766,0.22989738,0.06152903,0.16836835
CUST_005663,0.19187948,0.02351796,0.16836151
CUST_003494,0.231233,0.06292735,0.16830565
CUST_003150,0.19175097,0.023472989,0.16827798
CUST_003562,0.2182261,0.050055828,0.16817027
CUST_005873,0.19793606,0.029772392,0.16816367
CUST_007754,0.17904788,0.010887194,0.16816069
CUST_002598,0.17539288,0.007302159,0.16809072
CUST_004102,0.24788187,0.07979537,0.1680865
CUST_008212,0.19132246,0.023300841,0.16802162
CUST_008086,0.18943511,0.021464625,0.16797048
CUST_004869,0.18519968,0.017334428,0.16786525
CUST_000670,0.20860225,0.040842764,0.16775948
CUST_005788,0.2227427,0.055050407,0.1676923
CUST_001190,0.1842907,0.016619233,0.16767147
CUST_007770,0.2957316,0.12806153,0.16767007
CUST_004498,0.17159487,0.0039268145,0.16766806
CUST_005911,0.20852618,0.04087928,0.1676469
CUST_003991,0.20606346,0.038434938,0.16762853
CUST_002719,0.23410618,0.06650849,0.1675977
CUST_000842,0.2105812,0.043001387,0.16757981
CUST_005338,0.23257539,0.06502473,0.16755065
CUST_000837,0.75615853,0.5886521,0.16750646
CUST_003401,0.19763939,0.03023263,0.16740677
CUST_004473,0.20066391,0.033308115,0.16735579
CUST_008219,0.2530417,0.08590423,0.16713747
CUST_003152,0.32656494,0.15951174,0.1670532
CUST_006055,0.2113952,0.0443793,0.16701591
CUST_005856,0.20018868,0.03324851,0.16694017
CUST_000354,0.19845596,0.03165925,0.16679671
CUST_004036,0.23147805,0.06471097,0.16676709
CUST_004111,0.18587583,0.019211357,0.16666448
CUST_002209,0.19691545,0.030311462,0.16660398
CUST_007556,0.17232479,0.005800535,0.16652426
CUST_006875,0.19654794,0.030127028,0.1664209
CUST_001160,0.19793713,0.03152797,0.16640916
CUST_007178,0.21544243,0.04906427,0.16637817
CUST_006331,0.18799078,0.021615263,0.16637552
CUST_007792,0.53737414,0.37101758,0.16635656
CUST_003077,0.17425798,0.008000092,0.16625789
CUST_005125,0.19323406,0.02700577,0.1662283
CUST_007748,0.1764235,0.010283087,0.16614042
CUST_005443,0.42348865,0.25737426,0.16611439
CUST_002297,0.22664054,0.060538244,0.16610229
CUST_007596,0.19866513,0.03293012,0.165735
CUST_004462,0.22176483,0.05605563,0.1657092
CUST_000595,0.20168169,0.036013555,0.16566813
CUST_002149,0.1911336,0.025479943,0.16565366
CUST_001389,0.19155693,0.025920695,0.16563624
CUST_003747,0.20294708,0.037423886,0.1655232
CUST_007284,0.1829109,0.017461266,0.16544963
CUST_001125,0.1970318,0.031644348,0.16538745
CUST_000865,0.19601747,0.030807018,0.16521046
CUST_006245,0.18983817,0.024639636,0.16519853
CUST_007516,0.21513343,0.0499425,0.16519094
CUST_004080,0.22246632,0.057324026,0.1651423
CUST_002101,0.21282649,0.047699556,0.16512693
CUST_008064,0.22401229,0.058901936,0.16511035
CUST_001811,0.18484923,0.019824982,0.16502425
CUST_002465,0.188578,0.02358142,0.16499658
CUST_003782,0.21239991,0.047428213,0.16497171
CUST_007529,0.20370634,0.03878993,0.16491641
CUST_003673,0.1973586,0.032443576,0.16491503
CUST_005660,0.21910252,0.054346167,0.16475636
CUST_003612,0.17736693,0.01261533,0.1647516
CUST_001542,0.22655146,0.061936483,0.16461498
CUST_006675,0.18338907,0.01886035,0.16452871
CUST_007022,0.17666681,0.012225326,0.16444148
CUST_003137,0.18982443,0.025406737,0.1644177
CUST_004105,0.20474769,0.040331095,0.1644166
CUST_000001,0.19777513,0.033390358,0.16438477
CUST_007579,0.5279854,0.36363602,0.16434938
CUST_006981,0.18466891,0.020321913,0.164347
CUST_001474,0.18047342,0.016250217,0.1642232
CUST_004797,0.20232375,0.03810109,0.16422266
CUST_003750,0.22870784,0.064519964,0.16418788
CUST_002104,0.2823037,0.11813164,0.16417205
CUST_007999,0.22499195,0.06109308,0.16389887
CUST_006003,0.1864874,0.02277586,0.16371155
CUST_007210,0.19787826,0.03428019,0.16359806
CUST_005785,0.19266449,0.029066456,0.16359803
CUST_007778,0.2191866,0.05563699,0.16354962
CUST_001823,0.17629081,0.012901471,0.16338934
CUST_002194,0.16483626,0.0014497691,0.1633865
CUST_002172,0.1963685,0.033071443,0.16329706
CUST_003146,0.20841748,0.045213427,0.16320404
CUST_000173,0.16874312,0.005784503,0.16295862
CUST_003882,0.2662448,0.103294946,0.16294986
CUST_003891,0.19585484,0.03315724,0.1626976
CUST_001796,0.18684591,0.024324328,0.16252159
CUST_003455,0.18747336,0.025022265,0.16245109
CUST_001667,0.18497968,0.022587154,0.16239253
CUST_006312,0.18942903,0.027168531,0.1622605
CUST_001069,0.34432173,0.18212226,0.16219947
CUST_001189,0.22786427,0.06568839,0.16217588
CUST_002821,0.19772246,0.035642378,0.16208008
CUST_007245,0.18719897,0.025215654,0.16198331
CUST_003056,0.21480262,0.05282425,0.16197836
CUST_004054,0.18420185,0.02234186,0.16185999
CUST_001463,0.1837925,0.021988563,0.16180393
CUST_001061,0.21889265,0.057260875,0.16163178
CUST_003851,0.62362564,0.46200857,0.16161707
CUST_000910,0.18091844,0.019402685,0.16151576
CUST_000068,0.18235545,0.020899832,0.16145562
CUST_004626,0.16869909,0.0073305257,0.16136856
CUST_000898,0.20570627,0.044342194,0.16136408
CUST_003360,0.3409296,0.17960013,0.16132946
CUST_003069,0.16530572,0.0040413504,0.16126437
CUST_001701,0.16296843,0.001722563,0.16124587
CUST_005753,0.28023818,0.11922741,0.16101077
CUST_001350,0.20775026,0.04681581,0.16093445
CUST_002061,0.24033879,0.07947826,0.16086054
CUST_002020,0.16256602,0.0017859064,0.16078012
CUST_001798,0.19962446,0.03900909,0.16061537
CUST_004114,0.21641514,0.056045316,0.16036981
CUST_003674,0.16711335,0.0067442963,0.16036905
CUST_007857,0.22274739,0.06242924,0.16031814
CUST_005728,0.17374419,0.013555256,0.16018893
CUST_007664,0.17370988,0.013596596,0.16011329
CUST_001241,0.24026471,0.08030869,0.15995602
CUST_004410,0.17449625,0.014816161,0.15968008
CUST_006925,0.26383224,0.10419581,0.15963644
CUST_001519,0.19405046,0.03453532,0.15951514
CUST_001574,0.19405046,0.03453532,0.15951514
CUST_002730,0.20270191,0.04323824,0.15946367
CUST_006351,0.17295563,0.013520225,0.1594354
CUST_006560,0.16636421,0.0070114033,0.15935281
CUST_002980,0.20669,0.047429536,0.15926047
CUST_006681,0.1823206,0.02317689,0.1591437
CUST_001566,0.15976073,0.00064311165,0.15911762
CUST_000406,0.19406661,0.0350052,0.15906142
CUST_007065,0.2284552,0.06942106,0.15903413
CUST_006444,0.18029763,0.021279752,0.15901788
CUST_005476,0.18504244,0.026057018,0.15898542
CUST_001894,0.21347405,0.05449819,0.15897587
CUST_002861,0.20953068,0.050574273,0.15895641
CUST_002007,0.17684546,0.017990291,0.15885517
CUST_002894,0.16191572,0.0031021528,0.15881357
CUST_000527,0.16960202,0.010818393,0.15878363
CUST_002057,0.18571621,0.02693627,0.15877995
CUST_000174,0.41374075,0.2550186,0.15872216
CUST_005449,0.19233459,0.033670306,0.15866429
CUST_003909,0.16719815,0.008541358,0.15865679
CUST_001173,0.21037254,0.051781453,0.15859109
CUST_004767,0.17476648,0.01623811,0.15852837
CUST_000513,0.16846113,0.009943138,0.15851799
CUST_007195,0.20486294,0.04638237,0.15848057
CUST_001036,0.17156054,0.013184197,0.15837634
CUST_003514,0.19321728,0.034909576,0.1583077
CUST_007950,0.18730772,0.02901988,0.15828784
CUST_006242,0.20980848,0.05153337,0.15827511
CUST_004962,0.16657901,0.008406508,0.1581725
CUST_000579,0.17910105,0.021016464,0.15808459
CUST_004901,0.2405168,0.08244057,0.15807623
CUST_004193,0.17527929,0.017248338,0.15803096
CUST_007872,0.17719653,0.019169949,0.15802658
CUST_007586,0.18827452,0.030271946,0.15800257
CUST_000365,0.19306488,0.03507347,0.15799141
CUST_000470,0.21841398,0.0604699,0.15794408
CUST_001062,0.17754528,0.019640524,0.15790476
CUST_002108,0.17024887,0.012368421,0.15788044
CUST_003665,0.21382424,0.056360595,0.15746364
CUST_007133,0.17939265,0.02207182,0.15732083
CUST_000286,0.15916604,0.0019366184,0.15722942
CUST_003874,0.17300083,0.01577999,0.15722084
CUST_006521,0.19261213,0.035508968,0.15710315
CUST_004961,0.18538989,0.02837261,0.15701728
CUST_000342,0.19044137,0.033519443,0.15692192
CUST_002355,0.22421174,0.067371584,0.15684015
CUST_003927,0.22816807,0.07140132,0.15676674
CUST_001281,0.1755515,0.018818615,0.15673289
CUST_005535,0.17267662,0.01600491,0.15667172
CUST_001763,0.1637206,0.0071559045,0.15656468
CUST_002724,0.1860565,0.02951219,0.1565443
CUST_001390,0.18211709,0.025676563,0.15644053
CUST_003335,0.20302486,0.04663555,0.15638931
CUST_002383,0.16881126,0.012445393,0.15636587
CUST_001192,0.18973367,0.03350427,0.1562294
CUST_002636,0.1844023,0.02819131,0.15621099
CUST_003950,0.3036631,0.14745444,0.15620866
CUST_005097,0.16533525,0.009138642,0.15619661
CUST_006614,0.19904952,0.042891525,0.156158
CUST_001962,0.1979559,0.041876387,0.15607952
CUST_007362,0.17843905,0.022407249,0.1560318
CUST_005473,0.18779024,0.032023408,0.15576684
CUST_001194,0.18779024,0.032023408,0.15576684
CUST_000058,0.15941492,0.003668476,0.15574645
CUST_001481,0.15761746,0.0019828018,0.15563466
CUST_002457,0.19178551,0.03618666,0.15559885
CUST_003156,0.18124193,0.02587954,0.1553624
CUST_006123,0.16782148,0.01251393,0.15530755
CUST_007202,0.16379286,0.008508962,0.1552839
CUST_005942,0.20549768,0.05023445,0.15526323
CUST_005901,0.16230123,0.007064314,0.15523691
CUST_001489,0.18422513,0.029011099,0.15521403
CUST_003685,0.19543779,0.040313583,0.1551242
CUST_004062,0.19776613,0.042662233,0.15510389
CUST_000073,0.1626359,0.0075608506,0.15507504
CUST_000359,0.17882776,0.023784993,0.15504277
CUST_007355,0.1950564,0.04004053,0.15501586
CUST_000601,0.22133656,0.06636462,0.15497193
CUST_007036,0.21348736,0.05853657,0.15495078
CUST_002218,0.19986455,0.044917874,0.15494668
CUST_001535,0.19425352,0.039351344,0.15490218
CUST_003803,0.19425352,0.039351344,0.15490218
CUST_000226,0.18670653,0.031847667,0.15485886
CUST_003983,0.18411487,0.029374657,0.15474021
CUST_007212,0.18244533,0.027725695,0.15471964
CUST_004470,0.17631431,0.021652998,0.15466131
CUST_000988,0.21766715,0.06312713,0.15454002
CUST_007093,0.7959997,0.6415257,0.15447402
CUST_001400,0.1831116,0.02875102,0.15436058
CUST_005482,0.19040754,0.036078345,0.1543292
CUST_003462,0.17240186,0.018096607,0.15430525
CUST_003692,0.27418777,0.12001131,0.15417647
CUST_003128,0.43450963,0.28040174,0.1541079
CUST_005425,0.89925003,0.74517995,0.15407008
CUST_004265,0.19164939,0.03769018,0.15395921
CUST_004380,0.18878345,0.034847625,0.15393582
CUST_004954,0.19437216,0.040464677,0.15390748
CUST_008025,0.16058695,0.0066886554,0.1538983
CUST_001470,0.1878948,0.033998534,0.15389627
CUST_006493,0.6291138,0.47522232,0.15389147
CUST_005692,0.21760878,0.0637484,0.15386039
CUST_006095,0.21001258,0.056157615,0.15385497
CUST_000820,0.6493298,0.49557325,0.15375653
CUST_000120,0.170784,0.017043153,0.15374084
CUST_003726,0.20048472,0.046959016,0.15352571
CUST_006111,0.1996961,0.046227966,0.15346813
CUST_006984,0.17817703,0.024874682,0.15330234
CUST_001332,0.16439906,0.011116062,0.153283
CUST_007487,0.16603146,0.012771013,0.15326045
CUST_003823,0.16786022,0.014622698,0.15323752
CUST_007312,0.19513746,0.041909687,0.15322778
CUST_007731,0.18977325,0.03656346,0.15320979
CUST_007824,0.18577486,0.03260867,0.15316619
CUST_008222,0.18893795,0.03588087,0.15305707
CUST_001080,0.19731113,0.044260543,0.15305059
CUST_002947,0.19778171,0.044896513,0.1528852
CUST_000727,0.2833737,0.13069166,0.15268205
CUST_004836,0.15584579,0.0032569016,0.15258889
CUST_003713,0.5112854,0.35871544,0.15256998
CUST_002620,0.15704736,0.0045333356,0.15251403
CUST_007467,0.17083454,0.01834509,0.15248945
CUST_005707,0.18389039,0.03142407,0.15246631
CUST_001979,0.18389039,0.03142407,0.15246631
CUST_002073,0.18215746,0.02970412,0.15245333
CUST_004544,0.15528373,0.0028334872,0.15245025
CUST_000399,0.16045488,0.008035205,0.15241969
CUST_003041,0.16147655,0.009086608,0.15238994
CUST_005757,0.19869608,0.0463209,0.15237518
CUST_000530,0.17482154,0.02255665,0.1522649
CUST_005698,0.17094,0.018711947,0.15222806
CUST_008119,0.18458742,0.03237891,0.1522085
CUST_004311,0.70086014,0.54868066,0.15217948
CUST_008002,0.18990275,0.03772961,0.15217315
CUST_004570,0.16787697,0.015707888,0.15216908
CUST_007026,0.18132728,0.029182049,0.15214524
CUST_000320,0.16857822,0.016466653,0.15211158
CUST_004650,0.21200404,0.059918396,0.15208563
CUST_000103,0.1545021,0.002509831,0.15199226
CUST_001428,0.16411082,0.012120644,0.15199018
CUST_007083,0.28740454,0.13547543,0.15192911
CUST_003340,0.15614516,0.0042904094,0.15185475
CUST_006006,0.57120025,0.41940704,0.15179321
CUST_000956,0.3487665,0.1970127,0.15175381
CUST_001538,0.16155542,0.009803511,0.1517519
CUST_001438,0.19918166,0.04746408,0.15171757
CUST_000757,0.16692135,0.015479235,0.15144211
CUST_004714,0.18026541,0.028869992,0.15139543
CUST_006268,0.16079542,0.009570051,0.15122537
CUST_005758,0.44600734,0.29484814,0.1511592
CUST_006658,0.21660367,0.0654616,0.15114206
CUST_000119,0.1845361,0.03344636,0.15108974
CUST_004938,0.17009059,0.019067878,0.1510227
CUST_002970,0.20057645,0.049564995,0.15101147
CUST_001465,0.19959433,0.048597373,0.15099695
CUST_004891,0.20098905,0.050003886,0.15098517
CUST_003233,0.19989504,0.04891456,0.15098047
CUST_006582,0.17401055,0.023115547,0.150895
CUST_002334,0.19937749,0.04852492,0.15085258
CUST_005368,0.15329802,0.002481127,0.15081689
CUST_006815,0.18347038,0.03276517,0.15070522
CUST_001140,0.1626137,0.01192112,0.15069258
CUST_003068,0.18753211,0.036931295,0.15060082
CUST_006375,0.26871172,0.11812782,0.1505839
CUST_002427,0.15475616,0.004188544,0.15056762
CUST_007291,0.1585318,0.007984697,0.1505471
CUST_002742,0.43112272,0.2805971,0.15052563
CUST_004746,0.16202937,0.011568341,0.15046103
CUST_007263,0.15439028,0.0039446405,0.15044564
CUST_001414,0.16245636,0.012062607,0.15039375
CUST_004223,0.25311506,0.10274256,0.1503725
CUST_002736,0.39907783,0.24878836,0.15028948
CUST_004021,0.32752606,0.17725168,0.15027438
CUST_001804,0.20024574,0.05017948,0.15006626
CUST_006366,0.192546,0.042530607,0.15001538
CUST_004899,0.19385375,0.043849174,0.15000458
CUST_005797,0.2094323,0.059436325,0.14999598
CUST_002409,0.16942465,0.019565446,0.1498592
CUST_001867,0.15806192,0.008242495,0.14981943
CUST_002087,0.18971752,0.039939918,0.14977759
CUST_007822,0.17905784,0.029280826,0.14977701
CUST_001673,0.15947862,0.00985101,0.14962761
CUST_005791,0.16468044,0.015120053,0.14956038
CUST_003693,0.18265857,0.03315895,0.14949962
CUST_001973,0.15499428,0.005593165,0.14940111
CUST_005169,0.16800448,0.018609574,0.14939491
CUST_006500,0.18923952,0.03999328,0.14924625
CUST_002529,0.19979827,0.050709058,0.14908922
CUST_005054,0.21047859,0.061443537,0.14903505
CUST_003614,0.17644285,0.027559688,0.14888316
CUST_001157,0.16942465,0.020543277,0.14888138
CUST_004565,0.15171772,0.0028591591,0.14885856
CUST_005611,0.15988438,0.0110307755,0.1488536
CUST_007207,0.24559847,0.09681146,0.148787
CUST_003580,0.2330506,0.08427148,0.14877912
CUST_003988,0.15892874,0.0102317305,0.148697
CUST_004059,0.16765933,0.018988036,0.1486713
CUST_000442,0.24084914,0.09222701,0.14862213
CUST_007236,0.17234574,0.02375547,0.14859027
CUST_007757,0.16382673,0.015272922,0.14855382
CUST_001980,0.2734423,0.12500884,0.14843346
CUST_004895,0.1644074,0.0160699,0.1483375
CUST_000405,0.27404252,0.12576376,0.14827876
CUST_005268,0.1894683,0.04119776,0.14827053
CUST_002191,0.15979363,0.011536575,0.14825706
CUST_005210,0.16510811,0.016866786,0.14824133
CUST_007246,0.18980122,0.041562296,0.14823893
CUST_000573,0.20911464,0.06089584,0.1482188
CUST_004582,0.18462972,0.036533803,0.14809592
CUST_004560,0.16988157,0.021820173,0.1480614
CUST_004368,0.16245662,0.014471984,0.14798464
CUST_006464,0.18985738,0.041982275,0.1478751
CUST_007225,0.17626768,0.02841437,0.14785331
CUST_006072,0.16892003,0.021146027,0.147774
CUST_005575,0.2378111,0.09007663,0.14773446
CUST_007203,0.18104926,0.033363305,0.14768595
CUST_001391,0.16862182,0.020946905,0.14767492
CUST_004434,0.2330549,0.0854176,0.14763731
CUST_005566,0.160631,0.013160767,0.14747024
CUST_007983,0.21673296,0.06937952,0.14735344
CUST_006419,0.68724245,0.53996885,0.1472736
CUST_007389,0.29629552,0.14905219,0.14724334
CUST_001335,0.5766437,0.42943898,0.14720473
CUST_005478,0.25363076,0.10647288,0.14715788
CUST_001478,0.5681599,0.4210283,0.14713159
CUST_006386,0.18757643,0.04059357,0.14698286
CUST_007685,0.3012458,0.15431558,0.14693023
CUST_002362,0.16003971,0.013199971,0.14683974
CUST_007558,0.20050782,0.05368091,0.14682691
CUST_007588,0.17247735,0.025770565,0.14670679
CUST_006477,0.19696316,0.050329447,0.14663371
CUST_004026,0.16277602,0.016210688,0.14656533
CUST_005074,0.15411445,0.0077250516,0.14638941
CUST_001002,0.16666855,0.020329941,0.14633861
CUST_004588,0.19283475,0.04669984,0.14613491
CUST_007109,0.2031293,0.057016186,0.14611313
CUST_004992,0.15437195,0.008314784,0.14605716
CUST_004100,0.32269776,0.17664559,0.14605217
CUST_004610,0.16578408,0.019747127,0.14603695
CUST_003877,0.22158109,0.07554532,0.14603576
CUST_002756,0.19895627,0.05292161,0.14603466
CUST_000607,0.15485927,0.008882191,0.14597708
CUST_005715,0.15203042,0.0060550333,0.1459754
CUST_000133,0.2094767,0.06353186,0.14594483
CUST_005635,0.14972906,0.0038003216,0.14592874
CUST_002989,0.18576701,0.039875343,0.14589167
CUST_004194,0.18681417,0.040982895,0.14583129
CUST_007759,0.35781598,0.21209148,0.1457245
CUST_005834,0.17873411,0.033069216,0.1456649
CUST_002070,0.17676425,0.031115081,0.14564916
CUST_002898,0.15699378,0.011353174,0.1456406
CUST_005639,0.19952513,0.0541589,0.14536624
CUST_002647,0.169066,0.023749022,0.14531697
CUST_000141,0.25901154,0.113777556,0.14523399
CUST_002397,0.1684953,0.02337352,0.14512178
CUST_005231,0.16488387,0.01976434,0.14511953
CUST_005636,0.15877157,0.013722571,0.145049
CUST_005042,0.14725189,0.0022252242,0.14502667
CUST_006476,0.15450267,0.009481852,0.14502083
CUST_006138,0.15285389,0.007847182,0.14500672
CUST_002392,0.18170285,0.03672758,0.14497527
CUST_003554,0.159551,0.01460212,0.14494887
CUST_004837,0.18109691,0.036148712,0.1449482
CUST_000779,0.16268158,0.017771857,0.14490972
CUST_007117,0.19574933,0.050894514,0.14485481
CUST_002098,0.15693747,0.012102654,0.14483482
CUST_003109,0.55949247,0.4147597,0.14473277
CUST_001577,0.17881307,0.034159545,0.14465353
CUST_004490,0.64505357,0.50042385,0.14462972
CUST_001259,0.19078498,0.046186168,0.14459881
CUST_003002,0.20440856,0.05981194,0.14459662
CUST_005841,0.15530178,0.010706962,0.14459482
CUST_000894,0.1804782,0.03588563,0.14459257
CUST_006054,0.24402133,0.09951274,0.14450859
CUST_007431,0.22084936,0.07636341,0.14448595
CUST_002860,0.1588798,0.014402851,0.14447695
CUST_002998,0.14985646,0.005387178,0.14446929
CUST_006790,0.16171059,0.017267536,0.14444305
CUST_000029,0.165558,0.021170326,0.14438766
CUST_007387,0.15162104,0.0072618937,0.14435916
CUST_003044,0.17019258,0.0259737,0.14421889
CUST_002431,0.15162283,0.007614996,0.14400783
CUST_000280,0.2094859,0.06559072,0.14389518
CUST_004586,0.17154045,0.027710326,0.14383012
CUST_007167,0.15796925,0.014218709,0.14375055
CUST_006855,0.14776218,0.004058796,0.14370339
CUST_005236,0.1527143,0.009011724,0.14370257
CUST_006194,0.1527143,0.009011724,0.14370257
CUST_003092,0.24257527,0.098927334,0.14364794
CUST_001146,0.22012736,0.07648003,0.14364733
CUST_007700,0.16441125,0.020830428,0.14358082
CUST_008099,0.1621508,0.018631395,0.1435194
CUST_001295,0.17685585,0.03334819,0.14350766
CUST_000401,0.17086132,0.027379047,0.14348227
CUST_001830,0.18481192,0.04148594,0.14332598
CUST_002028,0.1580149,0.014772744,0.14324215
CUST_006204,0.19087027,0.04765645,0.14321382
CUST_005322,0.14881077,0.005679425,0.14313135
CUST_006773,0.23726182,0.09415907,0.14310275
CUST_004724,0.17077129,0.027726486,0.1430448
CUST_003600,0.6476829,0.50466,0.1430229
CUST_003274,0.20722355,0.06427309,0.14295046
CUST_003855,0.24803834,0.10510004,0.14293829
CUST_001904,0.1499165,0.0069850236,0.14293148
CUST_004133,0.2098446,0.06694639,0.14289822
CUST_000182,0.15743744,0.014561763,0.14287569
CUST_007841,0.18578388,0.04291181,0.14287207
CUST_004215,0.41515058,0.2724399,0.14271069
CUST_007374,0.41515058,0.2724399,0.14271069
CUST_000118,0.14921668,0.0065312684,0.14268541
CUST_007938,0.15182014,0.009212116,0.14260802
CUST_000770,0.17336148,0.030864406,0.14249708
CUST_003619,0.17401943,0.031533986,0.14248544
CUST_001514,0.27046075,0.12812117,0.14233959
CUST_006661,0.18318163,0.0408486,0.14233303
CUST_002339,0.16335231,0.021026224,0.14232609
CUST_007695,0.16299272,0.02066859,0.14232412
CUST_001833,0.22138768,0.07907893,0.14230876
CUST_007851,0.15831855,0.01616093,0.14215761
CUST_002354,0.22997382,0.08784438,0.14212945
CUST_006130,0.1717618,0.029647045,0.14211476
CUST_007264,0.15531358,0.0132120745,0.14210151
CUST_007340,0.19247237,0.050524827,0.14194754
CUST_003707,0.14570262,0.003777051,0.14192556
CUST_007205,0.1760413,0.034138124,0.14190318
CUST_007577,0.16891806,0.027063407,0.14185464
CUST_005288,0.15542774,0.013614149,0.14181359
CUST_000909,0.22946352,0.08766418,0.14179933
CUST_006704,0.21760315,0.07582963,0.14177352
CUST_004300,0.19874392,0.05699728,0.14174664
CUST_002611,0.17834121,0.036613695,0.1417275
CUST_002290,0.20481443,0.063153826,0.1416606
CUST_001313,0.16093406,0.019358994,0.14157507
CUST_006501,0.14677559,0.005204265,0.14157133
CUST_001009,0.20578349,0.06423651,0.14154698
CUST_006128,0.22807325,0.0865332,0.14154005
CUST_006454,0.17898634,0.037480734,0.1415056
CUST_000149,0.26605523,0.124595866,0.14145936
CUST_001270,0.18168344,0.040276475,0.14140695
CUST_000145,0.18285848,0.041522466,0.14133602
CUST_003400,0.17756549,0.036250904,0.14131458
CUST_007496,0.14211555,0.00087086513,0.14124468
CUST_003464,0.1798425,0.038605127,0.14123738
CUST_004433,0.15857798,0.017445313,0.14113267
CUST_007489,0.16622095,0.025093112,0.14112784
CUST_005556,0.16622095,0.025093112,0.14112784
CUST_002316,0.15812096,0.017089266,0.1410317
CUST_004204,0.17929651,0.038324874,0.14097163
CUST_008154,0.14867637,0.007723981,0.14095238
CUST_003559,0.197898,0.057017505,0.1408805
CUST_007510,0.14331338,0.0024782834,0.14083509
CUST_007327,0.2638,0.12297604,0.14082396
CUST_002623,0.19338632,0.052607305,0.14077902
CUST_004199,0.15435162,0.013639023,0.1407126
CUST_002966,0.15435162,0.013639023,0.1407126
CUST_004029,0.17116097,0.030623874,0.1405371
CUST_001105,0.19063474,0.050108764,0.14052598
CUST_004743,0.14581636,0.00529929,0.14051707
CUST_005858,0.17306672,0.032557536,0.14050919
CUST_007678,0.16128987,0.020809624,0.14048025
CUST_005406,0.18168145,0.041201364,0.14048009
CUST_006243,0.15238777,0.011910677,0.14047709
CUST_005352,0.20145115,0.060975887,0.14047527
CUST_003247,0.17695765,0.03651188,0.14044577
CUST_004781,0.18021376,0.039778054,0.14043571
CUST_002710,0.19997029,0.059628785,0.1403415
CUST_006517,0.16550896,0.025199126,0.14030983
CUST_006218,0.17552678,0.03539807,0.14012872
CUST_000337,0.84450096,0.7045101,0.13999087
CUST_003591,0.18623105,0.046245176,0.13998587
CUST_007279,0.22440593,0.084447786,0.13995814
CUST_001534,0.14626266,0.006357194,0.13990547
CUST_002865,0.21409848,0.074193776,0.13990471
CUST_004880,0.16439502,0.024553174,0.13984184
CUST_005426,0.21054389,0.07071242,0.13983147
CUST_002285,0.21918945,0.07945024,0.13973922
CUST_002721,0.16553155,0.025897447,0.1396341
CUST_002232,0.16791953,0.02829561,0.13962393
CUST_006808,0.14652605,0.0069090184,0.13961704
CUST_004763,0.23825419,0.09865965,0.13959454
CUST_006651,0.22022021,0.080665424,0.13955478
CUST_008080,0.1430658,0.0035420626,0.13952373
CUST_003997,0.21690895,0.077410005,0.13949895
CUST_005051,0.18484998,0.045430694,0.13941929
CUST_002747,0.3640742,0.22467582,0.13939838
CUST_002256,0.17382963,0.034477193,0.13935244
CUST_001242,0.1689431,0.029630292,0.13931282
CUST_006505,0.17592308,0.03662481,0.13929826
CUST_007626,0.18360224,0.044336617,0.13926563
CUST_002798,0.18316151,0.043926723,0.13923478
CUST_003058,0.19413641,0.05498841,0.139148
CUST_006630,0.3072479,0.16813353,0.13911438
CUST_003336,0.23090401,0.09182094,0.13908307
CUST_007698,0.15156616,0.012543846,0.13902232
CUST_001600,0.16891237,0.029904997,0.13900737
CUST_002774,0.15345164,0.014446937,0.1390047
CUST_007498,0.17618798,0.037248448,0.13893953
CUST_000282,0.1444095,0.0055157985,0.1388937
CUST_006215,0.15238619,0.013500404,0.13888578
CUST_008161,0.1937823,0.054901987,0.13888031
CUST_001354,0.16736937,0.028490392,0.13887897
CUST_004896,0.19245692,0.05363965,0.13881727
CUST_001719,0.2133263,0.074640274,0.13868603
CUST_000013,0.16935489,0.030747216,0.13860767
CUST_001007,0.15775013,0.01922817,0.13852195
CUST_002725,0.2267198,0.08820755,0.13851225
CUST_001567,0.16617215,0.027670046,0.1385021
CUST_006558,0.1660215,0.027533991,0.1384875
CUST_005014,0.23269665,0.094238006,0.13845864
CUST_003406,0.17037849,0.031972002,0.13840649
CUST_004911,0.41852573,0.2801308,0.13839492
CUST_007819,0.17117678,0.0327934,0.13838337
CUST_007069,0.17440358,0.036121503,0.13828208
CUST_003973,0.15576555,0.01755719,0.13820836
CUST_003684,0.18211089,0.043932058,0.13817883
CUST_001863,0.15214176,0.014053567,0.1380882
CUST_005811,0.16639708,0.02832095,0.13807613
CUST_000091,0.15749979,0.019460678,0.13803911
CUST_008071,0.14938197,0.011345748,0.13803622
CUST_006847,0.15414529,0.016217275,0.13792801
CUST_008051,0.15690885,0.019006383,0.13790247
CUST_007406,0.7146266,0.5767918,0.13783479
CUST_007404,0.15755063,0.019732535,0.1378181
CUST_006170,0.15008144,0.012288059,0.13779338
CUST_007125,0.20497699,0.06719219,0.13778481
CUST_003755,0.15072316,0.01294007,0.1377831
CUST_008021,0.18076994,0.042994823,0.13777511
CUST_000319,0.18076994,0.042994823,0.13777511
CUST_003266,0.1445019,0.006811076,0.13769081
CUST_003597,0.141423,0.003751279,0.13767172
CUST_000036,0.16861388,0.030988306,0.13762558
CUST_006037,0.22777978,0.090160586,0.1376192
CUST_005202,0.14722031,0.009809872,0.13741045
CUST_002003,0.14720687,0.009809872,0.137397
CUST_004443,0.14168628,0.0043804706,0.13730581
CUST_005553,0.16258611,0.025367869,0.13721824
CUST_000719,0.16132864,0.0241414,0.13718724
CUST_002240,0.4322711,0.2950845,0.13718659
CUST_003501,0.74281263,0.60562897,0.13718367
CUST_004903,0.1451554,0.008023269,0.13713214
CUST_004706,0.20416199,0.06704169,0.1371203
CUST_000691,0.22335905,0.08628817,0.13707088
CUST_000433,0.23453331,0.09748647,0.13704684
CUST_005394,0.15700859,0.020051287,0.1369573
CUST_001929,0.21800849,0.08107323,0.13693526
CUST_001101,0.16047613,0.023571797,0.13690433
CUST_002492,0.17805804,0.041174833,0.13688321
CUST_005283,0.15164681,0.014789722,0.13685709
CUST_006535,0.14351086,0.0066629667,0.1368479
CUST_004286,0.14921312,0.012456081,0.13675705
CUST_004374,0.15520234,0.018514793,0.13668755
CUST_007537,0.17297924,0.03644135,0.13653788
CUST_001883,0.5731288,0.4366135,0.13651532
CUST_003415,0.17311077,0.036655284,0.13645548
CUST_003739,0.15063277,0.01418289,0.13644987
CUST_005928,0.18023111,0.04387352,0.13635759
CUST_001298,0.14502807,0.008701762,0.13632631
CUST_005217,0.15582523,0.019550752,0.13627447
CUST_005819,0.1470834,0.010810878,0.13627252
CUST_000818,0.18085587,0.044614382,0.1362415
CUST_000797,0.18766592,0.051478993,0.13618693
CUST_007651,0.1648326,0.0286695,0.1361631
CUST_005656,0.2116009,0.075531885,0.13606901
CUST_007042,0.1638017,0.027746994,0.13605471
CUST_006778,0.161561,0.025540654,0.13602035
CUST_007251,0.2963101,0.16029347,0.13601662
CUST_007096,0.22999841,0.09398926,0.13600916
CUST_005300,0.16381997,0.02785778,0.13596219
CUST_001556,0.22839662,0.09244674,0.13594988
CUST_005606,0.16199309,0.02615806,0.13583502
CUST_001026,0.15484908,0.019019675,0.1358294
CUST_001371,0.16475737,0.028968079,0.13578929
CUST_004760,0.1638557,0.028090049,0.13576566
CUST_004759,0.19921768,0.06350798,0.1357097
CUST_004276,0.14493962,0.009286785,0.13565283
CUST_000827,0.18290839,0.04733148,0.1355769
CUST_003288,0.16406788,0.028550632,0.13551724
CUST_005393,0.18550356,0.050016414,0.13548714
CUST_001092,0.17245966,0.036979888,0.13547978
CUST_004155,0.18682384,0.051352594,0.13547125
CUST_003857,0.23684391,0.101425946,0.13541797
CUST_005081,0.14093083,0.0055336896,0.13539714
CUST_001906,0.13680609,0.0014240213,0.13538207
CUST_006825,0.25971788,0.12438533,0.13533255
CUST_005331,0.1890433,0.053754497,0.1352888
CUST_006641,0.16515082,0.029868511,0.13528231
CUST_007613,0.17037682,0.035115834,0.13526098
CUST_005560,0.39113054,0.2559494,0.13518113
CUST_003660,0.20842865,0.073266916,0.13516173
CUST_005679,0.15410987,0.019016974,0.13509288
CUST_007019,0.1549862,0.019904913,0.13508129
CUST_000071,0.1554519,0.020375587,0.13507631
CUST_006115,0.26972908,0.13469803,0.13503104
CUST_008185,0.14100324,0.006015402,0.13498783
CUST_005689,0.16396004,0.029203082,0.13475695
CUST_006733,0.15833032,0.02359133,0.134739
CUST_002173,0.2292902,0.094607145,0.13468306
CUST_007654,0.14590396,0.011282785,0.13462117
CUST_001283,0.17170374,0.037164323,0.13453943
CUST_005581,0.15151612,0.017010393,0.13450573
CUST_005068,0.21923348,0.084762946,0.13447054
CUST_004119,0.17351766,0.03908867,0.134429
CUST_000229,0.15419358,0.019777536,0.13441604
CUST_005158,0.22980337,0.095553614,0.13424975
CUST_003647,0.20115574,0.06695793,0.1341978
CUST_007390,0.15227906,0.018096853,0.13418221
CUST_003583,0.17969616,0.045519695,0.13417646
CUST_003453,0.22954947,0.09543413,0.13411534
CUST_005749,0.4092439,0.27516252,0.1340814
CUST_008184,0.15051147,0.016596235,0.13391525
CUST_007028,0.16453984,0.030647833,0.13389201
CUST_007631,0.22957854,0.09583319,0.13374534
CUST_001074,0.23111326,0.0973826,0.13373065
CUST_007153,0.15893161,0.02527575,0.13365586
CUST_003328,0.13891298,0.0053064963,0.13360648
CUST_004275,0.17349681,0.039919574,0.13357724
CUST_001554,0.16751672,0.03397429,0.13354243
CUST_007294,0.1843274,0.050792515,0.13353488
CUST_006350,0.17130683,0.037855677,0.13345116
CUST_003686,0.21131031,0.0778993,0.13341102
CUST_001751,0.22637089,0.09298073,0.13339016
CUST_000205,0.77162707,0.63823867,0.1333884
CUST_001326,0.20172329,0.06835809,0.1333652
CUST_007686,0.13930061,0.0059728036,0.13332781
CUST_008072,0.1558492,0.022528939,0.13332027
CUST_004513,0.17755039,0.044318408,0.13323198
CUST_005067,0.18090503,0.04772121,0.13318382
CUST_008155,0.19755128,0.064443134,0.13310814
CUST_007480,0.16319248,0.03010898,0.13308349
CUST_000936,0.19924925,0.06617195,0.1330773
CUST_005094,0.14471489,0.011654361,0.13306053
CUST_001799,0.14759521,0.014596591,0.13299862
CUST_007611,0.17584784,0.042851698,0.13299614
CUST_004601,0.15588364,0.022941323,0.13294232
CUST_006816,0.562276,0.42947134,0.13280466
CUST_004366,0.1759815,0.043199454,0.13278206
CUST_005381,0.24543951,0.11272303,0.13271648
CUST_002210,0.7245968,0.5919531,0.1326437
CUST_007360,0.15537204,0.022740223,0.13263181
CUST_006005,0.22198004,0.08936641,0.13261363
CUST_007696,0.20083304,0.06822503,0.132608
CUST_001299,0.16568054,0.033103283,0.13257726
CUST_004749,0.16568054,0.033103283,0.13257726
CUST_005951,0.15600227,0.023481674,0.13252059
CUST_004838,0.170993,0.038520362,0.13247263
CUST_007094,0.86228484,0.7298308,0.13245404
CUST_001446,0.15458773,0.022150708,0.13243702
CUST_000785,0.14773938,0.015303264,0.13243611
CUST_004208,0.16185449,0.029487256,0.13236724
CUST_006968,0.14600354,0.013727187,0.13227636
CUST_001087,0.66191745,0.5296564,0.13226104
CUST_007049,0.16640075,0.034204032,0.13219671
CUST_006288,0.21413372,0.081987485,0.13214624
CUST_005965,0.1535363,0.021390721,0.13214558
CUST_007344,0.16655187,0.0344103,0.13214158
CUST_001014,0.1730231,0.040886983,0.13213612
CUST_003610,0.19756846,0.06555589,0.13201258
CUST_002328,0.15959047,0.027601883,0.13198858
CUST_000862,0.15987405,0.027964244,0.1319098
CUST_008173,0.14820267,0.016321238,0.13188143
CUST_007428,0.14768732,0.015839295,0.13184802
CUST_006443,0.1437444,0.011989483,0.1317549
CUST_000542,0.18058129,0.048905905,0.13167538
CUST_003106,0.14912112,0.017540246,0.13158087
CUST_001456,0.1433936,0.011829023,0.13156459
CUST_004427,0.19239426,0.060881305,0.13151295
CUST_000720,0.17948844,0.047996536,0.1314919
CUST_001752,0.2195964,0.08820243,0.13139397
CUST_000533,0.1504303,0.019049665,0.13138065
CUST_002950,0.13609922,0.0047378507,0.13136137
CUST_000404,0.1440069,0.012671725,0.13133517
CUST_001292,0.17063002,0.039331414,0.1312986
CUST_003023,0.1888457,0.05755054,0.13129516
CUST_004092,0.20304742,0.0718228,0.13122463
CUST_001118,0.14809531,0.01688252,0.13121279
CUST_002872,0.14956492,0.018409945,0.13115498
CUST_008034,0.1620017,0.030870175,0.13113153
CUST_002102,0.15377003,0.022697989,0.13107204
CUST_003933,0.13389969,0.0028464657,0.13105322
CUST_006730,0.1438753,0.012878645,0.13099666
CUST_005177,0.1475507,0.016628042,0.13092266
CUST_005337,0.14172088,0.010807667,0.13091321
CUST_002649,0.16477606,0.033908818,0.13086724
CUST_004919,0.17141432,0.040585823,0.1308285
CUST_007425,0.14967486,0.018931387,0.13074347
CUST_006758,0.48306465,0.3523253,0.13073936
CUST_006812,0.1644453,0.033898454,0.13054684
CUST_008077,0.13833913,0.007967398,0.13037173
CUST_005522,0.15069653,0.02039074,0.1303058
CUST_006393,0.16317476,0.032924518,0.13025025
CUST_006354,0.31610146,0.18588229,0.13021918
CUST_005587,0.17311203,0.04293128,0.13018075
CUST_007653,0.16326158,0.033294316,0.12996726
CUST_002190,0.25754058,0.1275927,0.12994789
CUST_005249,0.15087347,0.021014178,0.12985928
CUST_005386,0.19381115,0.0640235,0.12978765
CUST_002482,0.1507623,0.02098928,0.12977302
CUST_000949,0.18761843,0.05786775,0.12975068
CUST_005105,0.22595772,0.09622375,0.12973398
CUST_008189,0.18709472,0.057367034,0.12972769
CUST_001493,0.16679995,0.037111286,0.12968867
CUST_001939,0.15196174,0.022315256,0.12964648
CUST_006133,0.17036103,0.040739086,0.12962194
CUST_002481,0.1856098,0.055994682,0.12961513
CUST_006240,0.16061963,0.031005602,0.12961403
CUST_007136,0.18006806,0.050467223,0.12960084
CUST_008015,0.23968227,0.110092245,0.12959003
CUST_006813,0.15139045,0.021871125,0.12951933
CUST_007663,0.1330208,0.0035194813,0.12950133
CUST_001644,0.13351718,0.0040359916,0.12948118
CUST_001872,0.25005475,0.1206089,0.12944585
CUST_004829,0.147168,0.017744193,0.1294238
CUST_005894,0.14389208,0.014471269,0.12942082
CUST_003185,0.239092,0.109749116,0.12934288
CUST_001429,0.15171264,0.022441518,0.12927112
CUST_002254,0.17600068,0.04679328,0.1292074
CUST_001034,0.14671035,0.01758825,0.12912211
CUST_004758,0.15613753,0.027051965,0.12908556
CUST_003967,0.19031952,0.061243992,0.12907553
CUST_003471,0.2291481,0.10027292,0.12887518
CUST_001120,0.18910162,0.060281087,0.12882054
CUST_005454,0.17855959,0.049752116,0.12880747
CUST_001452,0.19620419,0.06741598,0.1287882
CUST_001645,0.18510078,0.056489855,0.12861092
CUST_002107,0.16691288,0.03832532,0.12858756
CUST_005316,0.3631564,0.23460096,0.12855545
CUST_002543,0.15972534,0.031266585,0.12845875
CUST_006177,0.15577573,0.027382247,0.12839347
CUST_007061,0.21021932,0.0818723,0.12834702
CUST_004507,0.16922466,0.040892333,0.12833233
CUST_003271,0.14956017,0.021238534,0.12832163
CUST_002700,0.40114406,0.27293962,0.12820444
CUST_002561,0.19271544,0.06462776,0.12808767
CUST_006680,0.14740746,0.019335901,0.12807156
CUST_002168,0.13922526,0.0111539755,0.12807128
CUST_000701,0.19485848,0.066806056,0.12805241
CUST_007569,0.14888637,0.020842219,0.12804414
CUST_001647,0.17624398,0.048234034,0.12800995
CUST_004997,0.13306323,0.0050604763,0.12800275
CUST_004004,0.13815974,0.010197477,0.12796226
CUST_001231,0.5186126,0.39070636,0.12790626
CUST_006085,0.30252907,0.17480265,0.12772642
CUST_008022,0.1423512,0.014747391,0.1276038
CUST_001424,0.17440595,0.046823587,0.12758236
CUST_005598,0.13060533,0.0030259716,0.12757935
CUST_004881,0.15349676,0.02592707,0.12756969
CUST_004908,0.15349676,0.02592707,0.12756969
CUST_002153,0.15188123,0.024317974,0.12756325
CUST_005546,0.16270989,0.035160035,0.12754986
CUST_006022,0.14126547,0.013725217,0.12754025
CUST_007446,0.59222525,0.46476024,0.12746501
CUST_004531,0.19308767,0.06574723,0.12734044
CUST_002758,0.16723801,0.039975487,0.12726253
CUST_001490,0.1505272,0.023326293,0.1272009
CUST_008107,0.15495479,0.027762068,0.12719272
CUST_000051,0.16503905,0.037882444,0.1271566
CUST_003019,0.15327825,0.026133139,0.12714511
CUST_002935,0.16565038,0.038535796,0.1271146
CUST_000647,0.20725608,0.08033601,0.12692007
CUST_001058,0.15422073,0.027307384,0.12691334
CUST_003838,0.2872498,0.16049086,0.12675895
CUST_001082,0.1371482,0.010432319,0.12671588
CUST_003472,0.13652678,0.009828413,0.12669836
CUST_000450,0.15359285,0.026982073,0.12661079
CUST_005190,0.14494257,0.018362997,0.12657957
CUST_001051,0.13701443,0.010520714,0.12649372
CUST_001135,0.78220403,0.65575814,0.12644589
CUST_003986,0.14290716,0.016506828,0.12640032
CUST_005271,0.15758815,0.031240288,0.12634787
CUST_002151,0.14814271,0.02183772,0.12630498
CUST_007752,0.37479132,0.24848944,0.12630188
CUST_002233,0.14381129,0.01753038,0.1262809
CUST_007047,0.29606497,0.16988598,0.126179
CUST_005745,0.14518145,0.019049741,0.12613171
CUST_002032,0.18338208,0.057253294,0.1261288
CUST_006916,0.16352399,0.03762732,0.12589666
CUST_006982,0.27658737,0.15071434,0.12587303
CUST_005765,0.15503813,0.029259818,0.12577832
CUST_007053,0.14692307,0.02114925,0.12577382
CUST_003995,0.1910351,0.06528789,0.12574722
CUST_004121,0.19640103,0.07070539,0.12569565
CUST_000248,0.23251703,0.10702693,0.1254901
CUST_000826,0.19918086,0.07371268,0.12546818
CUST_003604,0.26360863,0.13814747,0.12546116
CUST_004337,0.1779721,0.052605398,0.12536669
CUST_000506,0.5068871,0.38153234,0.12535474
CUST_006332,0.13220784,0.006890682,0.12531716
CUST_003979,0.35111395,0.2258273,0.12528664
CUST_005676,0.13434109,0.00930773,0.12503336
CUST_007138,0.13060264,0.005587225,0.12501542
CUST_001296,0.14931133,0.024378808,0.12493253
CUST_006191,0.14076295,0.015876824,0.12488613
CUST_000362,0.1882521,0.06338583,0.12486628
CUST_003013,0.18334767,0.058499146,0.12484853
CUST_003586,0.16657257,0.041787043,0.12478553
CUST_004040,0.16585916,0.04111674,0.12474242
CUST_006276,0.13557245,0.010875109,0.12469734
CUST_002885,0.14296824,0.018318359,0.12464988
CUST_007720,0.1479178,0.023294626,0.12462318
CUST_002678,0.21096388,0.08654173,0.12442215
CUST_006795,0.13548198,0.011094173,0.12438781
CUST_003172,0.13450095,0.01015152,0.12434943
CUST_005163,0.49852982,0.37424487,0.12428495
CUST_002387,0.13814215,0.013917678,0.12422448
CUST_000346,0.5384164,0.4142898,0.12412658
CUST_002662,0.16315825,0.039036978,0.12412128
CUST_002900,0.13306159,0.008986579,0.12407501
CUST_007048,0.15827225,0.034236424,0.12403583
CUST_008142,0.15488575,0.030896273,0.12398948
CUST_004888,0.14195375,0.017974777,0.12397897
CUST_005782,0.16046606,0.036488123,0.12397794
CUST_006567,0.1527639,0.028834939,0.123928964
CUST_006301,0.12775697,0.003842825,0.123914145
CUST_001660,0.15781896,0.03394026,0.1238787
CUST_005034,0.165812,0.041953735,0.123858266
CUST_003772,0.15661542,0.032869864,0.12374556
CUST_002712,0.15454999,0.030812856,0.12373713
CUST_007440,0.29186323,0.16822344,0.12363979
CUST_008180,0.15727629,0.03369188,0.123584405
CUST_004956,0.14120524,0.01763032,0.12357491
CUST_002859,0.14516945,0.021615999,0.123553455
CUST_002713,0.14920022,0.025666246,0.12353397
CUST_002622,0.13130781,0.0077904086,0.1235174
CUST_006289,0.14571445,0.022204988,0.12350946
CUST_003147,0.17014225,0.046719,0.12342325
CUST_003234,0.14072378,0.017359918,0.12336386
CUST_004220,0.13084118,0.007527658,0.123313524
CUST_000928,0.28485143,0.1615941,0.12325734
CUST_003994,0.15027925,0.027025878,0.123253375
CUST_004500,0.1312611,0.008122242,0.12313885
CUST_001812,0.14476101,0.021802818,0.12295819
CUST_002471,0.17670913,0.053784266,0.122924864
CUST_006124,0.2272175,0.10433696,0.12288053
CUST_007782,0.23372921,0.11089499,0.12283422
CUST_003278,0.17853758,0.055740815,0.12279676
CUST_005872,0.14092955,0.018192196,0.122737356
CUST_004034,0.14132547,0.018588718,0.12273675
CUST_001928,0.2092908,0.08658954,0.122701265
CUST_007963,0.14828,0.025591735,0.12268826
CUST_003374,0.15683684,0.034156334,0.1226805
CUST_002542,0.28988764,0.16721295,0.12267469
CUST_005975,0.14425397,0.021612354,0.122641616
CUST_002295,0.15540084,0.03279672,0.122604124
CUST_004591,0.14315803,0.020612977,0.122545056
CUST_000753,0.16023855,0.037810598,0.122427955
CUST_004680,0.1350987,0.012743604,0.12235509
CUST_000308,0.13318338,0.010899567,0.12228381
CUST_005563,0.2798983,0.15764475,0.12225354
CUST_006064,0.16209169,0.03986232,0.12222937
CUST_002475,0.14395347,0.021769151,0.12218432
CUST_001035,0.1429951,0.020851675,0.12214343
CUST_003884,0.18619035,0.06408613,0.12210422
CUST_004968,0.20034906,0.07827374,0.12207532
CUST_007955,0.17010994,0.048080236,0.12202971
CUST_000798,0.15782608,0.035829965,0.12199612
CUST_003759,0.14821087,0.02621912,0.121991746
CUST_005347,0.24533397,0.12335019,0.12198378
CUST_003792,0.21731906,0.09535767,0.121961385
CUST_002369,0.14429706,0.022434799,0.12186226
CUST_007432,0.16430172,0.042448074,0.12185365
CUST_002044,0.14976239,0.028083319,0.121679075
CUST_004946,0.17845769,0.056796703,0.12166099
CUST_003116,0.16471025,0.04306511,0.121645145
CUST_005898,0.20345837,0.081853695,0.12160467
CUST_003236,0.14344873,0.021933217,0.12151551
CUST_001523,0.14415903,0.022658136,0.121500894
CUST_001269,0.77764857,0.6561526,0.12149596
CUST_002574,0.15596107,0.03447949,0.121481575
CUST_000179,0.13264443,0.011164162,0.12148027
CUST_004811,0.21691711,0.095467374,0.12144974
CUST_000804,0.14354852,0.02215217,0.12139635
CUST_002012,0.12289862,0.0015352543,0.12136337
CUST_002095,0.17503291,0.05368343,0.121349484
CUST_001967,0.14303285,0.021685135,0.12134771
CUST_004333,0.2814109,0.1601763,0.121234596
CUST_004926,0.13330981,0.012219794,0.12109002
CUST_005651,0.13024463,0.009175361,0.12106927
CUST_002573,0.13482378,0.013780833,0.12104295
CUST_005627,0.17476991,0.053734433,0.12103547
CUST_003184,0.66889733,0.5478828,0.121014535
CUST_006803,0.13376936,0.012824087,0.120945275
CUST_004527,0.14988066,0.028995382,0.12088528
CUST_004007,0.21502455,0.09421657,0.120807976
CUST_007637,0.1440416,0.023304097,0.1207375
CUST_002750,0.17549741,0.054810997,0.12068641
CUST_005537,0.19073223,0.070053995,0.12067823
CUST_003770,0.14669748,0.026074661,0.12062281
CUST_003668,0.15575223,0.035226583,0.12052564
CUST_002599,0.30854443,0.18826607,0.12027836
CUST_002430,0.17635685,0.056087267,0.12026958
CUST_002476,0.16094346,0.040713612,0.120229855
CUST_002917,0.13463022,0.014409141,0.12022108
CUST_005212,0.1660429,0.045992814,0.12005008
CUST_005404,0.1277019,0.0077557717,0.11994612
CUST_003321,0.1314287,0.011482899,0.1199458
CUST_007746,0.15512718,0.035262205,0.11986498
CUST_001201,0.26666018,0.14691864,0.119741544
CUST_005392,0.5664944,0.44680297,0.11969143
CUST_000215,0.1459894,0.026347337,0.119642064
CUST_001635,0.1460833,0.026441995,0.119641304
CUST_004932,0.1336365,0.014001954,0.119634554
CUST_005815,0.21292885,0.093297094,0.11963175
CUST_006467,0.13360544,0.014034182,0.11957125
CUST_006320,0.17465393,0.055094365,0.11955957
CUST_004731,0.15816797,0.038617242,0.119550735
CUST_005833,0.21886343,0.0993385,0.119524926
CUST_004667,0.21886343,0.0993385,0.119524926
CUST_001378,0.17363536,0.054112267,0.11952309
CUST_001856,0.14825468,0.028776495,0.11947818
CUST_006985,0.12972483,0.010285155,0.11943968
CUST_002928,0.16480972,0.045388773,0.119420946
CUST_007918,0.44295606,0.32353526,0.1194208
CUST_000087,0.15738912,0.03797116,0.11941796
CUST_007227,0.1436835,0.024288232,0.11939526
CUST_006427,0.13148108,0.01209083,0.11939025
CUST_006912,0.14918134,0.029797614,0.11938372
CUST_002311,0.16347346,0.044137783,0.119335674
CUST_005196,0.5177671,0.39847943,0.11928764
CUST_007267,0.13614583,0.017046556,0.119099274
CUST_006707,0.23442806,0.11539567,0.11903239
CUST_007037,0.1358901,0.016881777,0.11900832
CUST_002420,0.1514197,0.032427885,0.118991815
CUST_004665,0.13982098,0.020836696,0.11898428
CUST_007799,0.13794065,0.018966774,0.11897387
CUST_000900,0.17905365,0.06009477,0.118958876
CUST_005523,0.24419948,0.12524408,0.1189554
CUST_006562,0.15082008,0.031880587,0.11893949
CUST_000035,0.16519602,0.04627686,0.11891916
CUST_007400,0.1937549,0.07491269,0.11884221
CUST_001829,0.14887969,0.030184932,0.11869476
CUST_000302,0.1786404,0.060047694,0.1185927
CUST_001977,0.13693471,0.018355738,0.11857897
CUST_001550,0.27839628,0.1598741,0.11852218
CUST_000125,0.15961331,0.041159373,0.118453935
CUST_008095,0.1518512,0.03343861,0.1184126
CUST_004725,0.120732956,0.0023347638,0.11839819
CUST_007892,0.14277841,0.024397926,0.11838049
CUST_006910,0.12210023,0.0037387917,0.118361436
CUST_002063,0.15945862,0.041110244,0.118348375
CUST_006369,0.12906724,0.0108052455,0.11826199
CUST_000219,0.12786952,0.009633766,0.11823575
CUST_000895,0.15036842,0.032132737,0.118235685
CUST_003269,0.12826927,0.01009935,0.11816992
CUST_002539,0.20673382,0.08857458,0.11815924
CUST_001144,0.4221505,0.3039919,0.11815858
CUST_000728,0.13553515,0.01743344,0.11810171
CUST_000905,0.17853758,0.060438454,0.11809912
CUST_003015,0.1349955,0.016902287,0.11809322
CUST_000032,0.13645828,0.018398998,0.11805928
CUST_005956,0.19034533,0.072289966,0.118055366
CUST_002371,0.14162862,0.023651501,0.11797712
CUST_007860,0.1392136,0.021253794,0.11795981
CUST_000260,0.17240024,0.05453545,0.11786479
CUST_003327,0.12504828,0.0072587836,0.1177895
CUST_006940,0.15267645,0.03491335,0.1177631
CUST_001732,0.29582658,0.17806786,0.11775872
CUST_005143,0.15466844,0.036949072,0.11771937
CUST_004304,0.15839702,0.040702913,0.11769411
CUST_008226,0.1673729,0.04970483,0.11766806
CUST_003496,0.86441517,0.74681276,0.11760241
CUST_000209,0.1804369,0.06294103,0.117495865
CUST_006046,0.15692614,0.03947825,0.11744789
CUST_003448,0.1414734,0.0241384,0.117335
CUST_006210,0.16865599,0.051376723,0.11727927
CUST_003372,0.12559079,0.008390151,0.117200635
CUST_001807,0.18962856,0.072433114,0.11719544
CUST_003395,0.121696755,0.004538227,0.11715853
CUST_005038,0.14928813,0.03213322,0.11715491
CUST_006468,0.1397587,0.02262028,0.11713843
CUST_005854,0.1273382,0.010233189,0.117105015
CUST_001193,0.18147366,0.06440985,0.117063805
CUST_004355,0.13170923,0.014646848,0.11706238
CUST_001909,0.16091643,0.043980643,0.11693579
CUST_004955,0.20617777,0.08925162,0.11692615
CUST_000201,0.12265653,0.0057653803,0.11689115
CUST_007504,0.120876655,0.004099725,0.11677693
CUST_008104,0.14141978,0.024661386,0.1167584
CUST_005684,0.14821066,0.03146323,0.11674743
CUST_006726,0.13536412,0.018665183,0.116698936
CUST_007118,0.16165397,0.04495615,0.11669782
CUST_001065,0.16165397,0.04495615,0.11669782
CUST_000749,0.17346287,0.05678887,0.116674
CUST_006578,0.12338546,0.006738469,0.11664699
CUST_003542,0.13033105,0.013708676,0.11662238
CUST_005427,0.19039336,0.07381106,0.1165823
CUST_002421,0.14777115,0.031211773,0.11655938
CUST_004907,0.12354232,0.007024722,0.1165176
CUST_004564,0.13421786,0.017703664,0.11651419
CUST_005260,0.14721623,0.03080746,0.11640877
CUST_001150,0.121268,0.004904147,0.11636385
CUST_007913,0.15914662,0.042808134,0.11633849
CUST_001287,0.1635343,0.047226314,0.11630799
CUST_007721,0.11850285,0.0021991502,0.1163037
CUST_003923,0.11885334,0.0025610938,0.116292246
CUST_005743,0.14503424,0.028964713,0.116069525
CUST_007812,0.4352714,0.31921348,0.11605793
CUST_004365,0.142423,0.026427256,0.11599575
CUST_005134,0.13947497,0.023489624,0.11598535
CUST_000455,0.1263904,0.010510746,0.115879655
CUST_001433,0.13541946,0.019609956,0.1158095
CUST_007868,0.15364069,0.037976395,0.11566429
CUST_004592,0.124401614,0.008763107,0.11563851
CUST_005610,0.1553369,0.039744172,0.11559273
CUST_002128,0.13332672,0.017848438,0.115478285
CUST_005059,0.13332672,0.017848438,0.115478285
CUST_007886,0.13895172,0.02358143,0.11537029
CUST_003253,0.16680081,0.05147459,0.115326226
CUST_007589,0.120257445,0.0050573605,0.11520009
CUST_006646,0.17451954,0.059366003,0.115153536
CUST_000578,0.13150813,0.01640461,0.11510351
CUST_000460,0.13069898,0.01563324,0.11506574
CUST_000959,0.13543093,0.020375814,0.115055114
CUST_005306,0.13220276,0.017182853,0.1150199
CUST_008103,0.16892895,0.053935725,0.11499323
CUST_006440,0.12114099,0.0061802547,0.11496073
CUST_000382,0.13584709,0.020930165,0.11491693
CUST_004212,0.12630413,0.011418285,0.11488585
CUST_007101,0.1596876,0.044808805,0.11487879
CUST_000171,0.15045398,0.035613265,0.114840716
CUST_005720,0.7197871,0.605087,0.11470014
CUST_000661,0.20723757,0.09256557,0.114672005
CUST_000806,0.2122886,0.09768167,0.11460693
CUST_006090,0.18657772,0.07200302,0.1145747
CUST_006749,0.20790043,0.09333471,0.11456572
CUST_005538,0.1392329,0.024670236,0.11456267
CUST_003255,0.15557857,0.04101764,0.11456093
CUST_002841,0.13863328,0.024077652,0.11455563
CUST_004179,0.28251967,0.1679679,0.11455177
CUST_002646,0.12835799,0.013853449,0.114504546
CUST_002879,0.13218936,0.017698342,0.11449102
CUST_001943,0.1510788,0.036601335,0.11447747
CUST_007213,0.12486095,0.0104974685,0.114363484
CUST_002067,0.14273478,0.02844111,0.11429367
CUST_002613,0.3346239,0.22035666,0.114267245
CUST_001937,0.17589277,0.061652742,0.11424003
CUST_004656,0.15646829,0.04226573,0.11420256
CUST_000356,0.14084226,0.026667386,0.11417487
CUST_005548,0.13078511,0.016692309,0.1140928
CUST_007904,0.40186134,0.28793937,0.11392197
CUST_002307,0.13013643,0.01623274,0.11390369
CUST_004581,0.13978462,0.025881885,0.11390273
CUST_006221,0.1848369,0.07093854,0.11389835
CUST_001396,0.16424218,0.050349213,0.113892965
CUST_002086,0.12698647,0.013189322,0.11379715
CUST_003059,0.12493914,0.011170465,0.11376868
CUST_006701,0.15851161,0.044768434,0.11374317
CUST_007600,0.18023717,0.06655242,0.11368475
CUST_004312,0.3490279,0.2353522,0.1136757
CUST_004855,0.72829235,0.6146208,0.11367154
CUST_001766,0.19481702,0.081270255,0.11354677
CUST_007477,0.12574117,0.012233938,0.11350723
CUST_007303,0.13372712,0.020350574,0.11337654
CUST_001762,0.19667098,0.08332391,0.11334707
CUST_003539,0.12642916,0.013085001,0.113344155
CUST_005642,0.16326326,0.0499548,0.11330846
CUST_004708,0.11970825,0.0064987163,0.11320953
CUST_004949,0.13933516,0.026185386,0.11314977
CUST_003330,0.17250447,0.05939875,0.113105714
CUST_006360,0.12598647,0.012887341,0.11309913
CUST_002628,0.14294866,0.029874863,0.113073796
CUST_007104,0.14107083,0.028050078,0.11302075
CUST_005395,0.114269726,0.0013036043,0.11296612
CUST_005616,0.22461163,0.11167075,0.11294088
CUST_004130,0.1297413,0.01687638,0.11286491
CUST_004014,0.13494988,0.022102624,0.11284725
CUST_004963,0.1483411,0.03550331,0.11283779
CUST_007898,0.18509729,0.07236315,0.11273414
CUST_002629,0.1540922,0.041377418,0.112714775
CUST_006872,0.12364035,0.010927372,0.11271298
CUST_000603,0.20436811,0.09170942,0.112658694
CUST_003568,0.12509567,0.012501851,0.112593815
CUST_007607,0.15802775,0.0455308,0.11249696
CUST_003841,0.18824463,0.07580612,0.11243851
CUST_002223,0.13625771,0.023828173,0.11242954
CUST_007911,0.13650858,0.024105009,0.11240357
CUST_004077,0.16220069,0.049878478,0.11232221
CUST_004372,0.21129909,0.09902337,0.11227572
CUST_002772,0.12649104,0.01426441,0.11222663
CUST_005462,0.12881391,0.016616404,0.1121975
CUST_002269,0.14463212,0.032450028,0.11218209
CUST_005328,0.1869018,0.07472109,0.1121807
CUST_003006,0.13059328,0.01841455,0.112178735
CUST_006308,0.1357775,0.023640675,0.112136826
CUST_002370,0.13491113,0.02285642,0.11205471
CUST_001843,0.12757751,0.015567183,0.11201033
CUST_000522,0.11774059,0.005784361,0.111956224
CUST_003954,0.19726816,0.08538358,0.11188458
CUST_007436,0.1556037,0.04377448,0.11182923
CUST_006649,0.42298618,0.31138238,0.1116038
CUST_006857,0.15278135,0.041276034,0.111505315
CUST_008160,0.18054585,0.06904055,0.1115053
CUST_004858,0.15437971,0.042880908,0.1114988
CUST_004319,0.17840722,0.06693461,0.111472614
CUST_002609,0.15653124,0.045213345,0.1113179
CUST_005949,0.15023036,0.038926896,0.11130346
CUST_002145,0.12158533,0.010359383,0.11122595
CUST_007813,0.13131683,0.020113628,0.11120319
CUST_000198,0.13822417,0.027045866,0.1111783
CUST_007140,0.11466386,0.0034934278,0.11117043
CUST_004712,0.16522002,0.05408312,0.1111369
CUST_007079,0.15245737,0.041347697,0.111109674
CUST_000994,0.12767641,0.016610438,0.11106598
CUST_004136,0.1567748,0.04574448,0.111030325
CUST_006082,0.15606892,0.04507632,0.110992596
CUST_005255,0.12844402,0.017568396,0.11087562
CUST_008166,0.16192155,0.051072244,0.110849306
CUST_001325,0.1353609,0.02454615,0.11081475
CUST_002444,0.197308,0.08660913,0.11069887
CUST_007217,0.16007678,0.049427442,0.11064934
CUST_007670,0.18572605,0.07507931,0.11064674
CUST_007056,0.14208317,0.031497978,0.11058519
CUST_000989,0.24230117,0.13175324,0.11054793
CUST_006753,0.12207305,0.011599122,0.11047392
CUST_000132,0.11729301,0.0068535884,0.11043942
CUST_002332,0.14511389,0.03477925,0.110334635
CUST_001908,0.12608361,0.015759373,0.11032424
CUST_008028,0.15522294,0.04492958,0.11029336
CUST_004225,0.18117693,0.071093634,0.1100833
CUST_005084,0.13489875,0.024829084,0.11006967
CUST_002459,0.17622006,0.066217095,0.110002965
CUST_001309,0.11732595,0.007332692,0.10999326
CUST_008066,0.11452846,0.0045617074,0.109966755
CUST_006373,0.12249663,0.012601842,0.10989478
CUST_007075,0.12627219,0.016407588,0.1098646
CUST_005187,0.28114426,0.17130359,0.109840676
CUST_000482,0.11771566,0.007906038,0.10980962
CUST_005607,0.40594488,0.2962027,0.109742194
CUST_007450,0.1186562,0.009066494,0.10958971
CUST_005665,0.14275251,0.033191208,0.10956131
CUST_002340,0.2148702,0.105319105,0.109551094
CUST_000078,0.14656104,0.037086423,0.109474614
CUST_002684,0.115468405,0.0060373326,0.10943107
CUST_007051,0.115975894,0.006546794,0.1094291
CUST_002723,0.15769644,0.048272774,0.10942367
CUST_001745,0.1195595,0.0101529,0.1094066
CUST_003280,0.15720358,0.04780613,0.109397456
CUST_002473,0.17403047,0.06466384,0.109366626
CUST_000191,0.31932136,0.20998919,0.109332174
CUST_007317,0.31080118,0.201534,0.109267175
CUST_003396,0.15657797,0.04739804,0.10917994
CUST_000650,0.13709988,0.027922012,0.109177865
CUST_006167,0.19129235,0.082157634,0.10913471
CUST_002076,0.16906959,0.059965476,0.10910411
CUST_003937,0.1391904,0.030171605,0.1090188
CUST_006950,0.17099214,0.06200569,0.108986445
CUST_007951,0.115893334,0.0069221635,0.10897117
CUST_002186,0.21497694,0.106008716,0.10896822
CUST_001524,0.1200143,0.011124709,0.108889595
CUST_004385,0.17944382,0.07059291,0.10885091
CUST_005090,0.12945607,0.020609671,0.1088464
CUST_001260,0.13656937,0.027732193,0.10883717
CUST_003615,0.13797706,0.0291454,0.10883167
CUST_008213,0.16607265,0.057256076,0.10881658
CUST_007761,0.1124245,0.0036410294,0.10878347
CUST_004879,0.1944431,0.08567894,0.108764164
CUST_004250,0.13618314,0.027513228,0.108669914
CUST_006163,0.16828436,0.059633587,0.108650774
CUST_002780,0.8844738,0.7759032,0.108570576
CUST_006356,0.115217,0.0067775403,0.10843946
CUST_002596,0.12230371,0.013901968,0.108401746
CUST_002188,0.11688846,0.008654882,0.10823358
CUST_001768,0.16374446,0.055532217,0.10821225
CUST_007762,0.11411839,0.0059235254,0.108194865
CUST_007175,0.14487138,0.03686684,0.10800454
CUST_001425,0.1298501,0.021906866,0.10794324
CUST_004301,0.12935603,0.02142735,0.10792868
CUST_002996,0.16688617,0.059197593,0.107688576
CUST_001582,0.16688617,0.059197593,0.107688576
CUST_001461,0.13818899,0.030510804,0.10767818
CUST_005155,0.13208213,0.0244635,0.10761863
CUST_004063,0.12301059,0.015434962,0.107575625
CUST_004815,0.16280782,0.055266507,0.107541315
CUST_006352,0.1736846,0.06615441,0.107530184
CUST_000618,0.12882885,0.021299077,0.107529774
CUST_004623,0.14132044,0.033823933,0.1074965
CUST_008152,0.11665042,0.009225464,0.10742495
CUST_000147,0.13913302,0.031728234,0.10740478
CUST_003728,0.13680662,0.029408257,0.10739836
CUST_005608,0.13926141,0.031926807,0.1073346
CUST_003865,0.13623153,0.028964585,0.10726694
CUST_004175,0.111349076,0.004171181,0.1071779
CUST_001202,0.11544461,0.008286205,0.1071584
CUST_000772,0.14778024,0.0406494,0.10713084
CUST_002744,0.11734527,0.010264847,0.10708043
CUST_003716,0.12018267,0.0131125115,0.10707016
CUST_002762,0.121449746,0.014408897,0.10704085
CUST_004348,0.12706025,0.0200437,0.10701655
CUST_004150,0.120035075,0.013040402,0.10699467
CUST_002904,0.121709384,0.014732474,0.10697691
CUST_004429,0.1347489,0.027791247,0.10695766
CUST_006757,0.13120086,0.024311906,0.10688896
CUST_002601,0.3873743,0.280486,0.106888324
CUST_001854,0.19108477,0.08424801,0.106836766
CUST_002129,0.118578404,0.011774436,0.10680397
CUST_000700,0.122290075,0.015502585,0.10678749
CUST_001810,0.11794524,0.011310421,0.10663482
CUST_000921,0.13047205,0.023849957,0.10662209
CUST_006271,0.115559876,0.009031261,0.10652862
CUST_004173,0.18734801,0.08093428,0.10641373
CUST_004821,0.12440811,0.018030928,0.106377184
CUST_006502,0.14434944,0.03803046,0.10631898
CUST_004982,0.16399957,0.057689596,0.10630998
CUST_002246,0.13697907,0.030709483,0.10626959
CUST_006300,0.15521786,0.048969056,0.106248796
CUST_002374,0.10935873,0.0031369093,0.10622182
CUST_007937,0.110354535,0.0042052837,0.10614925
CUST_001085,0.13385494,0.027772078,0.106082864
CUST_006453,0.114483364,0.008434398,0.106048964
CUST_005657,0.12507398,0.019052606,0.106021374
CUST_006532,0.11067371,0.004652736,0.10602097
CUST_007198,0.6357364,0.5297256,0.106010795
CUST_008009,0.112046,0.006092441,0.10595356
CUST_004584,0.16386852,0.05791775,0.105950765
CUST_000265,0.12292974,0.017159225,0.10577051
CUST_002366,0.15310343,0.047375403,0.10572802
CUST_001304,0.12085048,0.015218942,0.10563154
CUST_001871,0.13965908,0.03406304,0.105596036
CUST_002159,0.16190118,0.056341376,0.105559796
CUST_004237,0.1401383,0.034598492,0.105539806
CUST_001853,0.11552517,0.01003767,0.1054875
CUST_004707,0.14170514,0.036251403,0.10545374
CUST_007493,0.14555931,0.040135093,0.10542422
CUST_000158,0.13587545,0.030481867,0.10539358
CUST_001264,0.1435416,0.03818232,0.105359286
CUST_007124,0.14689505,0.04158263,0.10531242
CUST_001683,0.14813241,0.042832512,0.105299905
CUST_002615,0.10820227,0.0029026223,0.10529965
CUST_003482,0.1306986,0.02543714,0.10526147
CUST_006663,0.1088757,0.0036973504,0.10517835
CUST_000150,0.14962898,0.044503946,0.10512504
CUST_007560,0.14520265,0.040110026,0.10509263
CUST_006595,0.11512823,0.010068192,0.10506003
CUST_007070,0.10941538,0.004427386,0.104987994
CUST_005510,0.114486985,0.009504423,0.10498256
CUST_006645,0.14270252,0.0378043,0.104898214
CUST_003641,0.17254536,0.06775115,0.10479421
CUST_005142,0.24293855,0.13814676,0.10479179
CUST_006708,0.111691155,0.0069676056,0.10472355
CUST_006894,0.17135836,0.06671501,0.10464335
CUST_007634,0.16252393,0.057898525,0.104625404
CUST_002405,0.2110554,0.10645936,0.10459604
CUST_004574,0.15736227,0.052951206,0.104411066
CUST_008138,0.14832951,0.04398798,0.10434154
CUST_003546,0.10509452,0.0007611394,0.104333386
CUST_007407,0.10622596,0.0019356094,0.10429035
CUST_003078,0.13705729,0.032777395,0.10427989
CUST_006914,0.12010957,0.015856236,0.10425334
CUST_002673,0.10962434,0.005385758,0.104238585
CUST_007149,0.1792404,0.075069904,0.1041705
CUST_004467,0.27976245,0.17559254,0.104169905
CUST_006231,0.109272495,0.0051429546,0.10412954
CUST_001944,0.16176987,0.05772701,0.10404286
CUST_003438,0.13937865,0.03539544,0.10398321
CUST_003727,0.12919295,0.025214424,0.10397852
CUST_004229,0.12300267,0.01904427,0.1039584
CUST_002074,0.13077281,0.026889043,0.10388377
CUST_004262,0.13101771,0.027165212,0.1038525
CUST_004341,0.12268975,0.018936202,0.103753544
CUST_002152,0.11682478,0.013079984,0.1037448
CUST_004394,0.20102285,0.097286575,0.103736274
CUST_005520,0.14175595,0.03804229,0.10371366
CUST_002551,0.1228863,0.019209165,0.10367714
CUST_002180,0.1996362,0.095959865,0.10367634
CUST_007866,0.12748137,0.023814246,0.103667125
CUST_007791,0.14609665,0.042467613,0.10362904
CUST_008186,0.12613732,0.022608338,0.10352898
CUST_004922,0.14167115,0.03816912,0.103502035
CUST_006292,0.11802945,0.014669526,0.10335992
CUST_003581,0.13064529,0.027322708,0.10332258
CUST_001922,0.14809367,0.04480751,0.10328616
CUST_005763,0.14769076,0.044481486,0.10320927
CUST_006951,0.1188227,0.015633615,0.10318909
CUST_000555,0.12216336,0.019010182,0.103153184
CUST_005579,0.13812348,0.035010196,0.103113286
CUST_007208,0.12989736,0.026825726,0.10307163
CUST_001607,0.16516595,0.062145453,0.10302049
CUST_003889,0.16483943,0.061823208,0.10301623
CUST_002178,0.11713645,0.014189532,0.102946915
CUST_007943,0.15680392,0.053870592,0.10293333
CUST_000161,0.12530065,0.022421222,0.10287942
CUST_007287,0.10835683,0.0054959347,0.1028609
CUST_003598,0.10915777,0.006306979,0.102850795
CUST_005152,0.12977836,0.026981696,0.10279666
CUST_001383,0.18706393,0.08426972,0.102794215
CUST_005755,0.11632426,0.013570949,0.10275331
CUST_006544,0.11796673,0.015217128,0.1027496
CUST_007735,0.5193366,0.416654,0.10268259
CUST_002388,0.13409239,0.031443276,0.102649115
CUST_007905,0.1282976,0.025676003,0.10262159
CUST_003136,0.1282976,0.025676003,0.10262159
CUST_000697,0.10869051,0.00623301,0.1024575
CUST_000223,0.137954,0.03554371,0.10241029
CUST_007481,0.14692657,0.04452595,0.102400616
CUST_002408,0.22136904,0.11899553,0.10237351
CUST_001093,0.77378887,0.6714337,0.10235518
CUST_004423,0.129084,0.026754353,0.10232966
CUST_003337,0.22105241,0.11874327,0.10230914
CUST_002918,0.10409798,0.0018318223,0.102266155
CUST_007878,0.10856172,0.0063794283,0.10218229
CUST_006834,0.107564844,0.0053971773,0.102167666
CUST_004690,0.1112738,0.009111381,0.10216242
CUST_002577,0.16413628,0.06199827,0.102138005
CUST_000255,0.13992354,0.037806913,0.10211663
CUST_003404,0.14105141,0.038962625,0.10208879
CUST_003630,0.15529771,0.053240266,0.10205744
CUST_001374,0.108714946,0.0067076967,0.10200725
CUST_002305,0.13441263,0.032418918,0.10199371
CUST_007807,0.1459097,0.04401047,0.10189922
CUST_000456,0.22473365,0.12289166,0.10184199
CUST_008206,0.11740979,0.015600619,0.10180917
CUST_001070,0.1817967,0.07999531,0.10180139
CUST_004704,0.5771676,0.47539845,0.10176912
CUST_003119,0.10994056,0.008185892,0.101754665
CUST_007889,0.112813115,0.011072092,0.10174102
CUST_000285,0.11535091,0.013638579,0.10171233
CUST_000689,0.14759065,0.045893997,0.101696655
CUST_000218,0.33298472,0.23132429,0.10166043
CUST_007323,0.118504696,0.016851667,0.101653025
CUST_001555,0.14693071,0.045350246,0.10158046
CUST_000503,0.1845504,0.08298682,0.10156359
CUST_002433,0.15232854,0.050821617,0.10150692
CUST_005012,0.124525435,0.023049647,0.10147579
CUST_003237,0.13395038,0.032480486,0.1014699
CUST_004481,0.15816633,0.05671475,0.10145158
CUST_007172,0.17236948,0.07103519,0.10133429
CUST_003048,0.20574147,0.10444175,0.10129972
CUST_003762,0.14178623,0.040497128,0.10128911
CUST_005596,0.12547271,0.024201483,0.10127123
CUST_001968,0.13768646,0.036489237,0.10119723
CUST_007090,0.20947345,0.10828589,0.10118756
CUST_001528,0.20947345,0.10828589,0.10118756
CUST_004266,0.1441167,0.042986415,0.101130284
CUST_004079,0.17172699,0.07060997,0.101117015
CUST_007679,0.117127374,0.016018223,0.10110915
CUST_002550,0.120130375,0.019063897,0.10106648
CUST_003063,0.1103294,0.009297622,0.10103177
CUST_007488,0.1873722,0.08639049,0.100981705
CUST_004314,0.15851288,0.05753934,0.10097353
CUST_004149,0.10540235,0.0044566654,0.10094568
CUST_000328,0.14099647,0.040103093,0.10089338
CUST_004248,0.11011373,0.009327599,0.100786135
CUST_000044,0.23391883,0.13315775,0.100761086
CUST_000004,0.11570113,0.014971686,0.10072944
CUST_000652,0.50752336,0.40681782,0.100705534
CUST_000292,0.14782271,0.047164716,0.10065799
CUST_006911,0.15010576,0.049493846,0.10061191
CUST_003201,0.11123795,0.010631596,0.10060635
CUST_006089,0.11459078,0.013990307,0.10060047
CUST_003688,0.15160005,0.050999593,0.10060045
CUST_002160,0.10652637,0.005960371,0.100566
CUST_000093,0.10983415,0.009315336,0.100518815
CUST_005574,0.10471182,0.004214299,0.10049752
CUST_002776,0.10578453,0.0053176377,0.10046689
CUST_002813,0.103437915,0.0030611635,0.100376755
CUST_006992,0.15071864,0.050387137,0.10033151
CUST_007802,0.13332464,0.033008724,0.10031591
CUST_005547,0.10811656,0.007838975,0.10027759
CUST_002300,0.19917059,0.09892323,0.10024736
CUST_007141,0.12209146,0.021870289,0.10022117
CUST_003139,0.18748353,0.08730668,0.100176856
CUST_006685,0.10325434,0.003130242,0.1001241
CUST_000367,0.10314408,0.0030306906,0.10011339
CUST_000520,0.12119922,0.021093352,0.10010587
CUST_006168,0.1668621,0.06678684,0.10007526
CUST_007261,0.12061767,0.020549068,0.10006861
CUST_004567,0.11432651,0.014264974,0.100061536
CUST_003644,0.1478786,0.04784743,0.10003117
CUST_002862,0.22081266,0.120868824,0.09994384
CUST_001022,0.10949639,0.009632993,0.0998634
CUST_007095,0.12229577,0.022452442,0.09984332
CUST_003633,0.11335588,0.013602788,0.0997531
CUST_004808,0.114226624,0.0144775,0.099749126
CUST_007864,0.21374302,0.11401556,0.09972746
CUST_007179,0.118144654,0.018432438,0.099712215
CUST_003797,0.13444802,0.03489794,0.09955008
CUST_004115,0.14471199,0.045210797,0.09950119
CUST_003130,0.44171232,0.34223503,0.09947729
CUST_002120,0.12635589,0.026929997,0.09942589
CUST_000737,0.14002739,0.04061637,0.09941102
CUST_005129,0.14427096,0.044955857,0.0993151
CUST_004642,0.122406565,0.02312605,0.099280514
CUST_004904,0.17758775,0.07831686,0.09927089
CUST_001109,0.112632364,0.013433795,0.099198565
CUST_000463,0.1082695,0.009103033,0.09916647
CUST_003365,0.14138204,0.04225381,0.09912823
CUST_000028,0.12129153,0.02223442,0.099057116
CUST_008135,0.2273708,0.12832132,0.09904948
CUST_007643,0.1569429,0.057902515,0.09904039
CUST_006986,0.14168437,0.04264494,0.09903943
CUST_002563,0.17782012,0.078787096,0.09903302
CUST_006327,0.1022216,0.0032022975,0.099019304
CUST_004274,0.11097806,0.011965844,0.09901222
CUST_007313,0.16573986,0.066779196,0.09896067
CUST_006949,0.11204384,0.013253706,0.09879014
CUST_002112,0.110777415,0.0120416675,0.09873575
CUST_006157,0.109231286,0.010585596,0.09864569
CUST_006819,0.10571115,0.0070994557,0.09861169
CUST_007939,0.12569821,0.027102834,0.09859537
CUST_002013,0.102540426,0.0039653033,0.09857512
CUST_005297,0.1111876,0.0126464125,0.098541185
CUST_003903,0.12205773,0.023599284,0.09845845
CUST_001813,0.112525105,0.014101331,0.09842377
CUST_001472,0.118880235,0.020467693,0.09841254
CUST_005423,0.10997658,0.011635197,0.09834138
CUST_003742,0.12267869,0.024357086,0.0983216
CUST_007648,0.11194129,0.013673533,0.098267764
CUST_000339,0.1370838,0.038834557,0.09824924
CUST_007733,0.105363436,0.007133219,0.09823022
CUST_001368,0.109763354,0.011576369,0.098186985
CUST_006864,0.11960842,0.021602932,0.09800549
CUST_006135,0.1477115,0.04972729,0.09798421
CUST_005287,0.13171634,0.033910997,0.09780534
CUST_007877,0.21745639,0.119659066,0.09779732
CUST_004520,0.1618763,0.06410919,0.097767115
CUST_005108,0.23064062,0.13290226,0.097738355
CUST_004803,0.17215593,0.074423574,0.09773236
CUST_006002,0.15649566,0.058780972,0.09771469
CUST_003206,0.21538338,0.11773125,0.09765213
CUST_007238,0.10823064,0.010652044,0.0975786
CUST_000269,0.13938682,0.04193488,0.09745194
CUST_004478,0.111842096,0.01442124,0.09742086
CUST_001432,0.11064242,0.013275293,0.09736712
CUST_007057,0.14635864,0.04903828,0.09732036
CUST_000403,0.10711141,0.009843822,0.09726759
CUST_007979,0.11411691,0.016885355,0.09723155
CUST_004986,0.10290736,0.0056817112,0.09722565
CUST_007193,0.14641376,0.04920857,0.09720519
CUST_001128,0.14948401,0.05227968,0.09720433
CUST_006093,0.16953295,0.0724374,0.09709556
CUST_004050,0.11068041,0.013699976,0.09698043
CUST_006732,0.11993961,0.02298505,0.09695456
CUST_000888,0.12396678,0.027070124,0.09689666
CUST_002103,0.15265124,0.055781383,0.096869856
CUST_007890,0.11385326,0.017055346,0.09679791
CUST_005972,0.115264386,0.01852554,0.096738845
CUST_007315,0.14175229,0.045031462,0.09672083
CUST_003910,0.34849814,0.25180832,0.09668982
CUST_006040,0.11917156,0.022519348,0.09665221
CUST_000313,0.1410006,0.04436568,0.09663492
CUST_001064,0.16989842,0.07337693,0.09652149
CUST_004755,0.1618628,0.06534361,0.096519195
CUST_003218,0.1618628,0.06534361,0.096519195
CUST_008218,0.15410806,0.057625197,0.096482866
CUST_001409,0.14082845,0.044351432,0.09647702
CUST_006919,0.10200259,0.0055634575,0.09643913
CUST_000819,0.117935754,0.021557294,0.09637846
CUST_002773,0.15486805,0.05849921,0.09636884
CUST_002739,0.13059393,0.034280244,0.096313685
CUST_001686,0.13310543,0.0369056,0.096199825
CUST_005472,0.17243807,0.07628272,0.09615535
CUST_004892,0.17088638,0.07475028,0.0961361
CUST_001615,0.11466875,0.018589692,0.09607906
CUST_003202,0.12259206,0.02652752,0.09606454
CUST_000211,0.13140474,0.035343137,0.0960616
CUST_001709,0.15705529,0.061151326,0.09590396
CUST_000494,0.23347564,0.13757615,0.09589949
CUST_006241,0.16861592,0.07272346,0.09589246
CUST_008110,0.22348215,0.1276933,0.09578885
CUST_005345,0.14697812,0.051202785,0.095775336
CUST_005113,0.18909073,0.093337014,0.095753714
CUST_004587,0.10397029,0.008268837,0.095701456
CUST_000677,0.26331338,0.16768375,0.09562963
CUST_006877,0.15209672,0.056482706,0.095614016
CUST_001985,0.23125294,0.13574432,0.09550862
CUST_003157,0.21065885,0.11531238,0.095346466
CUST_000562,0.103636086,0.008340462,0.09529562
CUST_008068,0.20259784,0.10731775,0.09528009
CUST_002303,0.17712209,0.08188659,0.0952355
CUST_001209,0.10620273,0.011043773,0.09515896
CUST_002377,0.139526,0.044381496,0.095144495
CUST_004776,0.14060207,0.04546555,0.095136516
CUST_001868,0.13957843,0.04448035,0.09509808
CUST_004875,0.10372448,0.008647656,0.09507682
CUST_005955,0.12232306,0.027324405,0.09499866
CUST_004257,0.16262423,0.06766927,0.09495495
CUST_001920,0.121320866,0.026389245,0.09493162
CUST_000653,0.10128193,0.006371279,0.09491065
CUST_004600,0.10128193,0.006371279,0.09491065
CUST_003240,0.12672809,0.031868078,0.09486001
CUST_007099,0.109159276,0.014338513,0.09482076
CUST_004863,0.11316141,0.018457163,0.09470424
CUST_000800,0.14173532,0.047097944,0.09463737
CUST_000724,0.14173532,0.047097944,0.09463737
CUST_008237,0.1496457,0.05501089,0.094634816
CUST_004392,0.11915081,0.024586527,0.09456428
CUST_001257,0.10416651,0.009672843,0.094493665
CUST_000559,0.19839115,0.10397202,0.09441914
CUST_003308,0.11352087,0.019112434,0.09440844
CUST_002792,0.13196677,0.037573967,0.09439281
CUST_004530,0.099733874,0.0053655175,0.09436835
CUST_003683,0.16047888,0.06619391,0.09428497
CUST_000499,0.09595732,0.00176925,0.094188064
CUST_001139,0.12342758,0.029263502,0.09416407
CUST_000831,0.12342758,0.029263502,0.09416407
CUST_000992,0.3374528,0.24331157,0.09414123
CUST_004794,0.1095755,0.015436802,0.0941387
CUST_003881,0.107181676,0.013185152,0.093996525
CUST_001126,0.12958367,0.035651702,0.09393197
CUST_003964,0.13909759,0.045241352,0.09385623
CUST_005494,0.23568477,0.14185444,0.09383033
CUST_003377,0.09824034,0.004484036,0.0937563
CUST_003944,0.14277847,0.049063314,0.09371516
CUST_000839,0.106944285,0.013232731,0.093711555
CUST_005987,0.122836,0.029144818,0.093691185
CUST_003194,0.21997811,0.12645954,0.09351857
CUST_005645,0.23140022,0.13796991,0.09343031
CUST_004287,0.18832323,0.094910495,0.093412735
CUST_000232,0.14801458,0.054625385,0.09338919
CUST_001366,0.11354905,0.020161577,0.09338748
CUST_003439,0.110213794,0.016834421,0.09337937
CUST_005654,0.7964651,0.70312124,0.093343854
CUST_003767,0.127356,0.034059566,0.09329642
CUST_004871,0.10782906,0.01456047,0.09326859
CUST_002298,0.1150456,0.021789966,0.09325563
CUST_000052,0.112114765,0.018891616,0.09322315
CUST_007309,0.15091127,0.057791326,0.09311995
CUST_006234,0.10290167,0.009790248,0.09311142
CUST_001693,0.16649821,0.07340125,0.093096964
CUST_006686,0.21382774,0.120876685,0.09295106
CUST_003765,0.11193776,0.019067213,0.09287055
CUST_000095,0.14872837,0.05586256,0.09286581
CUST_001616,0.1531553,0.060309947,0.09284535
CUST_005624,0.1082985,0.015459902,0.0928386
CUST_007409,0.22419573,0.13160604,0.09258969
CUST_005220,0.12300007,0.030414447,0.09258562
CUST_003758,0.119277485,0.026773306,0.09250418
CUST_004534,0.13688648,0.044418287,0.09246819
CUST_001168,0.13923298,0.046910655,0.09232232
CUST_000876,0.20693536,0.11461612,0.09231924
CUST_006938,0.1726713,0.08039329,0.09227801
CUST_000108,0.14589192,0.05370107,0.09219085
CUST_000666,0.13683395,0.044763,0.09207095
CUST_007655,0.11036949,0.01841106,0.091958426
CUST_004772,0.13491674,0.042987544,0.0919292
CUST_006837,0.11067688,0.01889321,0.091783665
CUST_001847,0.12183176,0.030147271,0.09168449
CUST_003112,0.38695255,0.29529253,0.09166002
CUST_003394,0.16690251,0.07525519,0.09164732
CUST_002051,0.10620507,0.01460601,0.09159906
CUST_005920,0.1577694,0.066217534,0.09155186
CUST_000786,0.20773114,0.116194166,0.09153698
CUST_000817,0.09760775,0.0060786544,0.09152909
CUST_000624,0.16250071,0.070986055,0.091514654
CUST_003126,0.8572269,0.7657697,0.09145719
CUST_004750,0.16447404,0.07302603,0.09144801
CUST_007219,0.11390362,0.02248481,0.09141881
CUST_002185,0.094527096,0.0031225428,0.09140455
CUST_001358,0.17732851,0.085939705,0.09138881
CUST_003390,0.1147783,0.02340187,0.09137643
CUST_002811,0.1270428,0.03566966,0.091373146
CUST_004577,0.11531509,0.024024438,0.09129065
CUST_000747,0.16634512,0.075098,0.09124712
CUST_005913,0.1129619,0.021722373,0.09123953
CUST_004663,0.13349438,0.04226292,0.09123146
CUST_005940,0.119733736,0.02851882,0.09121492
CUST_002077,0.1256218,0.034523666,0.09109813
CUST_003011,0.25967526,0.16860008,0.09107518
CUST_000915,0.15832889,0.06731067,0.09101822
CUST_006579,0.2598518,0.16907394,0.090777874
CUST_002572,0.12828578,0.037515,0.09077078
CUST_006934,0.14315635,0.052413553,0.0907428
CUST_004670,0.20952772,0.11881641,0.0907113
CUST_007397,0.13042723,0.03991488,0.09051235
CUST_003032,0.18758059,0.09710739,0.0904732
CUST_002052,0.20048276,0.11017379,0.090308964
CUST_001532,0.1540197,0.06373327,0.090286426
CUST_001717,0.13361126,0.043360308,0.090250954
CUST_005859,0.1174915,0.027271416,0.09022008
CUST_004475,0.1174915,0.027271416,0.09022008
CUST_003863,0.10296734,0.012868186,0.09009915
CUST_002869,0.5311542,0.441129,0.09002522
CUST_000415,0.104881294,0.014873393,0.0900079
CUST_006977,0.13898952,0.049000546,0.08998898
CUST_000194,0.14326362,0.053275973,0.08998765
CUST_001790,0.32316637,0.23318182,0.08998455
CUST_000692,0.10449558,0.014570188,0.08992539
CUST_007520,0.10546545,0.015562719,0.08990273
CUST_006628,0.11322456,0.023327747,0.08989681
CUST_007677,0.14228758,0.052396927,0.08989066
CUST_006127,0.36641,0.27653465,0.08987534
CUST_003867,0.18557362,0.09576058,0.089813046
CUST_006835,0.103454895,0.013649868,0.08980503
CUST_004396,0.51867163,0.4289478,0.089723825
CUST_003281,0.1194025,0.029690236,0.08971226
CUST_004737,0.16675913,0.077102244,0.08965689
CUST_000400,0.110070944,0.020464066,0.08960688
CUST_002211,0.12692301,0.03732634,0.089596674
CUST_007250,0.15709065,0.06749771,0.08959294
CUST_005822,0.11438751,0.02484017,0.08954734
CUST_001420,0.1276017,0.038071897,0.0895298
CUST_006363,0.19113971,0.101708815,0.0894309
CUST_003735,0.25749844,0.1680755,0.08942294
CUST_002729,0.25749844,0.1680755,0.08942294
CUST_006942,0.117315,0.027901672,0.08941333
CUST_001451,0.14024042,0.050889425,0.08935099
CUST_003160,0.11083952,0.021500194,0.08933933
CUST_006829,0.15761892,0.06828225,0.08933668
CUST_007645,0.12512483,0.035880473,0.08924435
CUST_006781,0.10316861,0.013937408,0.0892312
CUST_004245,0.14714083,0.05797589,0.08916494
CUST_000899,0.5566145,0.4676019,0.08901262
CUST_002110,0.12576205,0.036805615,0.08895643
CUST_002696,0.096366435,0.0074302717,0.088936165
CUST_005481,0.08963245,0.0007077101,0.08892474
CUST_002250,0.12786308,0.038963962,0.08889912
CUST_003566,0.1250148,0.036266524,0.088748276
CUST_003628,0.54358584,0.4548969,0.08868894
CUST_003531,0.092846215,0.0042629666,0.088583246
CUST_008016,0.11837362,0.029838178,0.08853544
CUST_000067,0.0971951,0.008662995,0.088532105
CUST_000246,0.15960562,0.071216635,0.08838899
CUST_001687,0.106758215,0.01838369,0.088374525
CUST_004816,0.11122194,0.022860328,0.08836161
CUST_000312,0.16961187,0.0813108,0.08830107
CUST_003980,0.2620323,0.1737556,0.0882767
CUST_004476,0.113709785,0.02545148,0.0882583
CUST_005191,0.24995203,0.16173963,0.0882124
CUST_007767,0.09454328,0.006356869,0.08818641
CUST_004354,0.13826224,0.050115485,0.08814676
CUST_003083,0.13820961,0.05007001,0.0881396
CUST_003640,0.18063124,0.0925088,0.088122435
CUST_003222,0.103774704,0.015690034,0.08808467
CUST_006065,0.13178518,0.043747775,0.08803741
CUST_001840,0.10559832,0.017645199,0.08795312
CUST_006397,0.090488575,0.0025357022,0.087952875
CUST_004620,0.6012014,0.51325047,0.087950945
CUST_006044,0.15493017,0.067020096,0.08791008
CUST_001935,0.10581886,0.01800823,0.08781063
CUST_005916,0.09983888,0.012060158,0.087778725
CUST_002697,0.14825204,0.06047787,0.08777417
CUST_003272,0.14352526,0.055785794,0.08773947
CUST_001399,0.14352526,0.055785794,0.08773947
CUST_002804,0.124403656,0.036678545,0.08772511
CUST_003347,0.116534755,0.028821409,0.087713346
CUST_004283,0.104326695,0.016627995,0.0876987
CUST_003779,0.08841427,0.00072028313,0.08769398
CUST_000106,0.18099894,0.09330936,0.08768958
CUST_004981,0.22151874,0.13383822,0.08768052
CUST_006216,0.12198475,0.03432364,0.08766111
CUST_000274,0.11490837,0.027323479,0.08758489
CUST_003942,0.1512255,0.06366417,0.08756134
CUST_006871,0.11666768,0.029149158,0.08751852
CUST_002263,0.15980993,0.07235584,0.087454095
CUST_005058,0.20147882,0.114058666,0.08742016
CUST_003413,0.1300892,0.04267197,0.08741722
CUST_004222,0.10738079,0.020074317,0.08730648
CUST_002025,0.10411997,0.016848138,0.08727183
CUST_001845,0.111081496,0.023934277,0.08714722
CUST_003783,0.41071367,0.32359788,0.087115794
CUST_002880,0.09880678,0.011749765,0.08705702
CUST_003560,0.11468402,0.027678758,0.087005265
CUST_007676,0.098578356,0.011603507,0.08697485
CUST_007135,0.104815066,0.017887818,0.08692725
CUST_000231,0.09391742,0.0069918507,0.08692557
CUST_008141,0.08819946,0.0013414078,0.08685805
CUST_004271,0.115159415,0.02832185,0.08683757
CUST_006117,0.13605179,0.04921581,0.08683598
CUST_007544,0.11496646,0.028160797,0.086805664
CUST_004585,0.1347396,0.04801725,0.086722344
CUST_005602,0.09643424,0.009779613,0.08665463
CUST_001769,0.12861007,0.041980874,0.0866292
CUST_004900,0.09411381,0.00748629,0.08662752
CUST_008145,0.16816054,0.0815924,0.08656814
CUST_003353,0.12029631,0.033770386,0.08652592
CUST_004754,0.15556413,0.069122285,0.086441845
CUST_001213,0.1230291,0.036597423,0.086431675
CUST_000063,0.253089,0.16668826,0.08640075
CUST_000247,0.16040021,0.07402294,0.08637727
CUST_006431,0.1713068,0.08493233,0.08637448
CUST_007310,0.1649188,0.07872702,0.08619177
CUST_004010,0.09961981,0.013491421,0.08612839
CUST_004909,0.13154931,0.045617737,0.08593158
CUST_000454,0.09407053,0.008285237,0.08578529
CUST_003648,0.2893358,0.20357956,0.08575623
CUST_003860,0.12731394,0.04160037,0.08571357
CUST_000419,0.097886935,0.012337303,0.08554963
CUST_003740,0.087236814,0.0016953882,0.08554143
CUST_003014,0.095725425,0.010246121,0.085479304
CUST_008019,0.10545967,0.020073773,0.085385896
CUST_001117,0.12786146,0.04249064,0.08537082
CUST_001649,0.19675514,0.11139119,0.085363954
CUST_000982,0.15075256,0.06539892,0.08535364
CUST_000963,0.14415215,0.05880809,0.08534406
CUST_002783,0.13212879,0.04680986,0.08531893
CUST_001419,0.21434268,0.12903538,0.0853073
CUST_002373,0.09625032,0.010988062,0.085262254
CUST_004573,0.21185689,0.12659562,0.08526127
CUST_001205,0.26659042,0.18137172,0.0852187
CUST_002357,0.10771304,0.02257829,0.08513475
CUST_004806,0.14597009,0.06087589,0.0850942
CUST_003513,0.19719726,0.112111084,0.085086174
CUST_002372,0.1431752,0.05810707,0.08506813
CUST_000593,0.109086975,0.0240198,0.085067175
CUST_002146,0.11219805,0.027224615,0.08497343
CUST_001734,0.11554078,0.030587316,0.084953465
CUST_006175,0.13335298,0.04840386,0.08494912
CUST_005915,0.095646985,0.010781963,0.08486502
CUST_003120,0.11628839,0.031436417,0.084851965
CUST_003102,0.12804294,0.04336287,0.084680066
CUST_002281,0.08896633,0.0043107932,0.08465554
CUST_007552,0.086884834,0.0022661425,0.08461869
CUST_004675,0.1278405,0.043223456,0.08461705
CUST_001176,0.11793788,0.033330526,0.08460735
CUST_004778,0.13270587,0.04814929,0.08455658
CUST_001468,0.14530827,0.060795106,0.084513165
CUST_005534,0.13595057,0.05146472,0.084485844
CUST_006219,0.15842496,0.0739414,0.08448356
CUST_004562,0.17636621,0.091904335,0.084461875
CUST_001440,0.08947906,0.005035612,0.08444345
CUST_005036,0.116003364,0.031589538,0.08441383
CUST_004350,0.11728041,0.032929216,0.0843512
CUST_004166,0.11086956,0.026611807,0.08425775
CUST_000587,0.18290174,0.0987166,0.08418514
CUST_000322,0.11258895,0.028452512,0.08413644
CUST_005475,0.22658569,0.14247501,0.08411068
CUST_000088,0.094383456,0.010327261,0.0840562
CUST_002017,0.08751614,0.0035531896,0.08396295
CUST_002106,0.08939766,0.0055354876,0.08386217
CUST_003788,0.12854972,0.04469613,0.083853595
CUST_003720,0.12251589,0.03869869,0.0838172
CUST_008042,0.1011505,0.017334118,0.08381638
CUST_004147,0.11706425,0.033249907,0.083814345
CUST_002943,0.2363487,0.15261495,0.08373375
CUST_000789,0.13949916,0.05577758,0.08372158
CUST_007382,0.21711464,0.13340415,0.08371049
CUST_000467,0.09535045,0.011723638,0.083626814
CUST_000140,0.09535045,0.011723638,0.083626814
CUST_003373,0.0967719,0.013169366,0.08360254
CUST_003517,0.11156018,0.027995069,0.083565116
CUST_006683,0.11156018,0.027995069,0.083565116
CUST_006165,0.09855925,0.015015411,0.083543845
CUST_002936,0.12138429,0.037842114,0.08354218
CUST_006426,0.088929564,0.0054518026,0.08347776
CUST_006511,0.09054485,0.0070862416,0.08345861
CUST_007162,0.14710677,0.06365885,0.08344792
CUST_000626,0.09997195,0.01655792,0.08341403
CUST_000718,0.21449654,0.13115206,0.083344474
CUST_007494,0.12817648,0.044839766,0.08333671
CUST_003548,0.21753615,0.13420323,0.083332926
CUST_005348,0.21951213,0.13618304,0.0833291
CUST_003744,0.13472758,0.051568788,0.08315879
CUST_003786,0.15661679,0.073492564,0.08312423
CUST_002614,0.11019065,0.027067896,0.08312276
CUST_004055,0.12706836,0.04395708,0.08311127
CUST_002702,0.1138421,0.030789252,0.083052844
CUST_005286,0.16524532,0.08242306,0.08282226
CUST_002041,0.08394864,0.0011327853,0.082815856
CUST_006731,0.09724913,0.014440026,0.082809106
CUST_001735,0.12614512,0.043440852,0.082704276
CUST_003277,0.12928373,0.04658388,0.08269985
CUST_006754,0.095618114,0.012939186,0.08267893
CUST_007010,0.13146847,0.04888483,0.08258364
CUST_006823,0.15634489,0.073762394,0.082582496
CUST_005080,0.13925748,0.05667938,0.08257809
CUST_008096,0.10349942,0.020927908,0.082571514
CUST_005248,0.11316353,0.030778222,0.08238531
CUST_006282,0.113026425,0.03066582,0.0823606
CUST_007680,0.110287346,0.027928762,0.082358584
CUST_004924,0.10956193,0.02725413,0.0823078
CUST_002751,0.11545713,0.03315163,0.082305506
CUST_002203,0.1574378,0.07516069,0.08227711
CUST_008168,0.08853733,0.006273338,0.08226399
CUST_007580,0.16038924,0.07815319,0.08223605
CUST_003725,0.29250303,0.21030666,0.08219637
CUST_002361,0.087112375,0.004944754,0.08216762
CUST_006553,0.14069572,0.058610942,0.082084775
CUST_006629,0.123369746,0.04136647,0.08200328
CUST_004484,0.1140493,0.032081824,0.08196747
CUST_002831,0.13649777,0.054550633,0.08194713
CUST_008053,0.09217339,0.010377388,0.081796005
CUST_007174,0.09712332,0.015344455,0.08177886
CUST_005938,0.09976992,0.01809802,0.0816719
CUST_004766,0.22413674,0.14268744,0.0814493
CUST_008014,0.09862471,0.01721468,0.081410035
CUST_001355,0.09496286,0.0136386445,0.08132421
CUST_004893,0.106050156,0.024885459,0.081164695
CUST_008006,0.10573105,0.02460638,0.08112466
CUST_002395,0.124213845,0.0430943,0.081119545
CUST_001727,0.14262548,0.061535038,0.08109044
CUST_006158,0.1345792,0.053507414,0.08107178
CUST_002779,0.10882499,0.027803877,0.081021115
CUST_004985,0.11948383,0.038512453,0.080971375
CUST_006088,0.16846493,0.087513395,0.080951534
CUST_000574,0.17251505,0.09160277,0.08091228
CUST_001622,0.3149589,0.23407052,0.080888376
CUST_005251,0.13827011,0.057416447,0.08085366
CUST_003251,0.0897834,0.009076799,0.080706604
CUST_002393,0.30101657,0.22032082,0.08069575
CUST_006655,0.25670025,0.17601046,0.08068979
CUST_003535,0.12129043,0.040641125,0.0806493
CUST_002096,0.19190684,0.11126889,0.08063795
CUST_005405,0.089460604,0.008840304,0.080620304
CUST_003038,0.19203252,0.111510254,0.08052226
CUST_006946,0.0925654,0.012068854,0.08049655
CUST_002125,0.11026089,0.029813422,0.080447465
CUST_002734,0.14882343,0.06841601,0.08040742
CUST_005114,0.11236713,0.03196917,0.08039796
CUST_003837,0.10553916,0.025155604,0.080383554
CUST_006102,0.084868185,0.0045080357,0.08036015
CUST_007647,0.15119974,0.07085492,0.080344826
CUST_001887,0.11749035,0.037181016,0.08030933
CUST_007832,0.09417913,0.013878571,0.08030056
CUST_004752,0.20723023,0.12693177,0.08029845
CUST_007306,0.12915392,0.048932508,0.080221415
CUST_003093,0.08930331,0.009244369,0.08005894
CUST_005944,0.100942776,0.020895753,0.08004703
CUST_003131,0.08650236,0.0064619896,0.080040365
CUST_004607,0.12396933,0.044001665,0.07996766
CUST_004951,0.10588252,0.026038002,0.07984452
CUST_006255,0.14915097,0.069306515,0.07984445
CUST_000422,0.12712486,0.04730284,0.07982202
CUST_003182,0.22563025,0.14580987,0.07982038
CUST_004503,0.11902624,0.039223947,0.0798023
CUST_002171,0.09476385,0.015048658,0.07971519
CUST_006405,0.09011709,0.0104285,0.07968859
CUST_002401,0.08385219,0.004170601,0.07968158
CUST_003935,0.23640606,0.15674852,0.07965754
CUST_003943,0.10878894,0.029269475,0.079519466
CUST_002346,0.09122728,0.011774086,0.07945319
CUST_001145,0.110616334,0.031226734,0.0793896
CUST_006425,0.08583216,0.006446667,0.0793855
CUST_006557,0.28981504,0.2104649,0.07935014
CUST_001134,0.10493966,0.025766537,0.079173125
CUST_003844,0.08779856,0.008713789,0.07908477
CUST_001716,0.110607676,0.03152797,0.0790797
CUST_002714,0.09953697,0.020496992,0.079039976
CUST_004491,0.12024284,0.041242603,0.079000235
CUST_002727,0.091256216,0.01226904,0.078987174
CUST_006510,0.1662379,0.08730098,0.07893693
CUST_007003,0.25274158,0.17382492,0.078916654
CUST_006765,0.114022106,0.035196196,0.078825906
CUST_008069,0.1356334,0.056866948,0.07876645
CUST_001526,0.09132406,0.012560074,0.078763984
CUST_003444,0.09545766,0.016709724,0.078747936
CUST_005011,0.095434554,0.016704038,0.078730516
CUST_003626,0.14565788,0.0669684,0.078689486
CUST_003452,0.09623775,0.01756066,0.07867709
CUST_002093,0.13587333,0.05724922,0.078624114
CUST_000916,0.1029165,0.024329387,0.078587115
CUST_004495,0.11575925,0.03721515,0.0785441
CUST_007668,0.11524051,0.03669941,0.0785411
CUST_001077,0.15772353,0.07925008,0.07847345
CUST_007547,0.12457134,0.046118993,0.07845235
CUST_000892,0.12876491,0.050353955,0.07841095
CUST_002983,0.11289019,0.034609023,0.078281164
CUST_000721,0.10404979,0.025833473,0.078216314
CUST_001690,0.105020784,0.026832333,0.07818845
CUST_007935,0.21936342,0.1412185,0.07814492
CUST_004702,0.17815782,0.10005378,0.07810404
CUST_002648,0.101734504,0.02363295,0.07810155
CUST_000847,0.08426383,0.00628686,0.07797697
CUST_007561,0.096377045,0.018534929,0.07784212
CUST_006173,0.12453102,0.046731416,0.0777996
CUST_001099,0.102835506,0.025118195,0.07771731
CUST_006995,0.13072778,0.053098388,0.077629395
CUST_000430,0.111099385,0.033473764,0.07762562
CUST_006694,0.07796755,0.0003584696,0.07760908
CUST_008169,0.19103378,0.113465026,0.077568755
CUST_006256,0.08848675,0.010953666,0.07753309
CUST_001624,0.10221948,0.024709713,0.07750976
CUST_005998,0.14659385,0.069148585,0.07744527
CUST_004240,0.091958396,0.0145134395,0.077444956
CUST_001223,0.1396873,0.062253326,0.07743397
CUST_007024,0.17990032,0.10248464,0.077415675
CUST_003143,0.2995217,0.2221117,0.07741001
CUST_006635,0.1538301,0.07645773,0.077372365
CUST_005091,0.08850738,0.011188092,0.07731929
CUST_000371,0.12971452,0.052412745,0.07730177
CUST_007820,0.12166936,0.044394538,0.07727482
CUST_003027,0.13215634,0.054947507,0.07720883
CUST_007185,0.10164031,0.024466723,0.07717358
CUST_001279,0.085177705,0.008006034,0.07717167
CUST_004198,0.1704075,0.093265325,0.07714218
CUST_004694,0.09121714,0.014093736,0.0771234
CUST_003527,0.096025944,0.01895003,0.07707591
CUST_004773,0.08948527,0.012443751,0.07704152
CUST_003594,0.08226528,0.0052934946,0.076971784
CUST_007915,0.22417623,0.14723186,0.076944366
CUST_004927,0.124897115,0.04798682,0.076910295
CUST_001073,0.09326906,0.016363528,0.07690553
CUST_003790,0.08392616,0.007120606,0.076805554
CUST_003657,0.08412256,0.0073448354,0.07677773
CUST_004281,0.08112981,0.0043548807,0.07677493
CUST_002389,0.11848287,0.041818656,0.07666422
CUST_007064,0.14011373,0.06345108,0.076662645
CUST_003631,0.08729382,0.010744347,0.07654947
CUST_003616,0.11106419,0.03452509,0.0765391
CUST_000398,0.17003563,0.09350499,0.07653064
CUST_008118,0.13039224,0.053869873,0.076522365
CUST_004917,0.20268358,0.12624684,0.07643674
CUST_002578,0.1347613,0.058364246,0.07639706
CUST_001822,0.07951247,0.0032317396,0.07628073
CUST_004740,0.095558226,0.019291556,0.07626667
CUST_001961,0.09920407,0.023005603,0.076198466
CUST_003422,0.085310586,0.0091795055,0.07613108
CUST_000856,0.08665846,0.0105278585,0.076130606
CUST_001498,0.16737887,0.091278814,0.07610006
CUST_005065,0.12963808,0.05354516,0.076092914
CUST_004308,0.87507105,0.79909694,0.07597411
CUST_007266,0.08535971,0.009392111,0.075967595
CUST_002954,0.08552466,0.009591711,0.07593295
CUST_005082,0.101432756,0.025688311,0.07574444
CUST_001225,0.16019145,0.08450331,0.07568814
CUST_005966,0.10449718,0.028890647,0.07560653
CUST_000807,0.27829477,0.20271291,0.07558186
CUST_002938,0.124072425,0.04852817,0.07554425
CUST_000184,0.1171945,0.041654512,0.07553999
CUST_004580,0.1171945,0.041654512,0.07553999
CUST_005918,0.09898538,0.023473684,0.075511694
CUST_004994,0.08031885,0.004853047,0.075465806
CUST_000019,0.16817476,0.09273342,0.07544134
CUST_003008,0.14531268,0.06993716,0.07537552
CUST_001859,0.102204554,0.026924739,0.07527982
CUST_006890,0.0999258,0.024684725,0.075241074
CUST_005890,0.17167969,0.09645174,0.07522795
CUST_000923,0.10742037,0.03220015,0.07522022
CUST_003123,0.1580744,0.082885,0.0751894
CUST_003813,0.17343341,0.09848477,0.07494864
CUST_005519,0.0894754,0.014535183,0.07494022
CUST_001838,0.14785571,0.07296425,0.07489146
CUST_004970,0.15372929,0.07888471,0.07484458
CUST_003858,0.09849862,0.023659328,0.074839294
CUST_003842,0.09849862,0.023659328,0.074839294
CUST_001100,0.07826249,0.0035055468,0.07475694
CUST_002402,0.16314098,0.08847364,0.07466734
CUST_002506,0.11696299,0.042366367,0.07459663
CUST_001508,0.08454902,0.009963433,0.07458559
CUST_005118,0.09732065,0.022743179,0.07457747
CUST_003091,0.9159568,0.84144014,0.074516654
CUST_006690,0.119840294,0.04540478,0.07443552
CUST_002571,0.10019668,0.025823072,0.07437361
CUST_005064,0.15090246,0.07664058,0.07426188
CUST_003349,0.12390155,0.049664825,0.07423673
CUST_006788,0.08130336,0.0071139648,0.074189395
CUST_004218,0.0748273,0.000707229,0.07412007
CUST_003111,0.204809,0.13069552,0.07411347
CUST_001488,0.09036576,0.016255477,0.074110284
CUST_007447,0.12080511,0.046697058,0.07410805
CUST_007914,0.13644223,0.06233796,0.074104264
CUST_004402,0.18576953,0.1117368,0.07403273
CUST_000127,0.09213526,0.018117767,0.074017495
CUST_006962,0.11064639,0.036684435,0.07396196
CUST_007699,0.11728908,0.043394353,0.073894724
CUST_003108,0.08666494,0.012774664,0.073890276
CUST_007128,0.12907664,0.05518785,0.07388879
CUST_002962,0.09016602,0.016278867,0.073887154
CUST_005759,0.12511858,0.051246528,0.07387206
CUST_007112,0.09255203,0.018714568,0.07383746
CUST_005433,0.105553135,0.031771094,0.07378204
CUST_006787,0.088156804,0.014411233,0.07374557
CUST_003203,0.14493813,0.07126152,0.07367661
CUST_005701,0.09151433,0.017840533,0.07367379
CUST_005568,0.11041311,0.03674894,0.07366417
CUST_006797,0.12529518,0.051636193,0.07365899
CUST_006518,0.15052837,0.076872475,0.073655896
CUST_002519,0.12836261,0.05475022,0.07361239
CUST_000136,0.08659229,0.013026104,0.07356618
CUST_002321,0.098220274,0.024669612,0.073550664
CUST_004224,0.12591092,0.052395485,0.07351544
CUST_001857,0.091071695,0.017597415,0.07347428
CUST_005914,0.13580996,0.062363196,0.073446766
CUST_006202,0.15663959,0.08319427,0.07344532
CUST_002314,0.0920183,0.018579485,0.073438816
CUST_005865,0.1011042,0.027710449,0.07339375
CUST_002896,0.099518105,0.026132284,0.07338582
CUST_001066,0.122284114,0.04896692,0.0733172
CUST_003652,0.10805409,0.03476759,0.073286496
CUST_003512,0.10805409,0.03476759,0.073286496
CUST_007372,0.11897185,0.04573636,0.07323548
CUST_007009,0.10123749,0.028002191,0.0732353
CUST_001347,0.107547864,0.03435135,0.073196515
CUST_005334,0.13954031,0.06642192,0.073118396
CUST_000886,0.2203643,0.1473005,0.073063806
CUST_005584,0.10794749,0.034885023,0.073062465
CUST_004504,0.30263317,0.2296456,0.07298757
CUST_007797,0.077895366,0.00491524,0.07298013
CUST_003800,0.18992303,0.117130354,0.07279268
CUST_005572,0.10579719,0.033016007,0.072781175
CUST_000688,0.087560184,0.014924804,0.07263538
CUST_003569,0.0770367,0.00444843,0.07258827
CUST_006514,0.08387249,0.011325569,0.07254692
CUST_001129,0.104655534,0.03210885,0.07254668
CUST_000644,0.20716062,0.1348881,0.072272524
CUST_003299,0.20716062,0.1348881,0.072272524
CUST_002192,0.105790704,0.03356677,0.07222393
CUST_001997,0.11168321,0.039527796,0.072155416
CUST_001691,0.19148259,0.119343705,0.07213888
CUST_006083,0.101955846,0.029909443,0.0720464
CUST_004488,0.12546961,0.05344929,0.07202032
CUST_002587,0.101382166,0.029363126,0.07201904
CUST_004930,0.17370608,0.10175246,0.071953624
CUST_006316,0.10443852,0.03252544,0.07191308
CUST_003522,0.076870576,0.0049744043,0.07189617
CUST_005709,0.12330364,0.05140764,0.071896
CUST_006212,0.09620619,0.024349334,0.07185686
CUST_000298,0.09115365,0.019321436,0.07183222
CUST_006752,0.102560826,0.030752027,0.0718088
CUST_005168,0.16255452,0.09082286,0.07173166
CUST_005130,0.109826274,0.038115554,0.07171072
CUST_002644,0.15495446,0.08324537,0.0717091
CUST_001197,0.5503666,0.47867838,0.071688205
CUST_006841,0.11133351,0.03967587,0.07165764
CUST_006807,0.11335372,0.041829135,0.07152459
CUST_002979,0.082064085,0.010594253,0.07146983
CUST_007272,0.11091948,0.039529745,0.071389735
CUST_001788,0.10612039,0.034772873,0.07134752
CUST_003085,0.18306985,0.11176915,0.07130071
CUST_000335,0.09535919,0.024228936,0.07113025
CUST_006966,0.08592717,0.014867944,0.07105923
CUST_007421,0.09290312,0.021886656,0.07101647
CUST_004151,0.07233849,0.001368321,0.07097017
CUST_005093,0.12372926,0.05275948,0.070969775
CUST_002959,0.07227094,0.0013091723,0.070961766
CUST_000428,0.15701808,0.08607102,0.07094706
CUST_002552,0.11414846,0.04324005,0.07090841
CUST_003017,0.16337168,0.09247264,0.07089904
CUST_004184,0.07827816,0.0073880116,0.07089015
CUST_004851,0.0839821,0.013112148,0.07086995
CUST_004425,0.08497949,0.014217151,0.070762336
CUST_005367,0.07326561,0.0025336684,0.070731945
CUST_008116,0.09862116,0.028001253,0.07061991
CUST_003241,0.09244492,0.021831082,0.07061384
CUST_001756,0.08979971,0.019323478,0.070476234
CUST_005980,0.17919733,0.108832456,0.07036487
CUST_000040,0.081182465,0.010825029,0.070357434
CUST_000376,0.10120191,0.03085863,0.07034328
CUST_003290,0.10378186,0.033466175,0.07031568
CUST_006497,0.10913207,0.038834237,0.07029783
CUST_006412,0.1302941,0.05999963,0.07029447
CUST_003503,0.07842495,0.008135594,0.07028936
CUST_003424,0.09341496,0.023153897,0.07026106
CUST_000730,0.18770339,0.11748153,0.070221856
CUST_006859,0.08407273,0.013854023,0.07021871
CUST_004060,0.1993404,0.12918825,0.07015215
CUST_007859,0.10293755,0.032832466,0.07010508
CUST_002616,0.1103399,0.04028583,0.07005407
CUST_004376,0.1716728,0.10172591,0.06994689
CUST_004123,0.19291003,0.123018704,0.069891326
CUST_005990,0.20650093,0.13661377,0.06988716
CUST_002999,0.18213128,0.11233033,0.06980094
CUST_004122,0.07679149,0.0070202667,0.06977122
CUST_003962,0.07938643,0.009753949,0.06963248
CUST_007063,0.07124543,0.0016297929,0.06961564
CUST_004242,0.07320332,0.0036146047,0.06958871
CUST_007021,0.087625325,0.018050462,0.06957486
CUST_002656,0.2941716,0.22463904,0.06953256
CUST_000307,0.09006047,0.020585407,0.06947507
CUST_004258,0.18768577,0.118276745,0.06940903
CUST_004853,0.41192028,0.3425136,0.06940669
CUST_007856,0.16838731,0.09899225,0.06939506
CUST_002241,0.078446545,0.009081664,0.06936488
CUST_007055,0.9753617,0.906061,0.06930071
CUST_006068,0.08761195,0.018353162,0.06925879
CUST_006438,0.08761195,0.018353162,0.06925879
CUST_005666,0.1220971,0.052878346,0.069218755
CUST_006491,0.09443873,0.025233842,0.06920489
CUST_001794,0.09667583,0.02748834,0.06918749
CUST_005229,0.15605335,0.08692849,0.06912486
CUST_000443,0.07281965,0.0036959632,0.069123685
CUST_001536,0.07260716,0.0034857208,0.069121435
CUST_007290,0.09020124,0.021110302,0.06909093
CUST_007460,0.1667302,0.09774477,0.068985425
CUST_000172,0.13901657,0.07013814,0.06887843
CUST_005670,0.080204844,0.011338492,0.06886635
CUST_005697,0.10073288,0.031873442,0.068859436
CUST_007661,0.13171107,0.06292865,0.06878242
CUST_007954,0.13171107,0.06292865,0.06878242
CUST_001940,0.10181724,0.03307166,0.06874558
CUST_006198,0.19276658,0.12402323,0.06874335
CUST_007781,0.09240594,0.023713531,0.06869241
CUST_004637,0.12287766,0.054187108,0.06869055
CUST_008130,0.08223526,0.013677238,0.06855802
CUST_001512,0.100808814,0.03233523,0.068473585
CUST_002793,0.105092436,0.03662737,0.06846507
CUST_007444,0.14223328,0.07388646,0.06834682
CUST_002814,0.16248737,0.09415053,0.068336844
CUST_000350,0.097399846,0.029068442,0.068331406
CUST_000005,0.15252471,0.084235504,0.068289205
CUST_004316,0.16111994,0.09298215,0.06813779
CUST_004342,0.080046795,0.0119211925,0.068125606
CUST_002069,0.09178387,0.02368915,0.068094715
CUST_003936,0.11905359,0.050970968,0.068082616
CUST_006195,0.13998133,0.07197841,0.06800292
CUST_000259,0.115553714,0.047581576,0.06797214
CUST_006996,0.1519759,0.08408739,0.06788851
CUST_003519,0.16912173,0.10126268,0.067859046
CUST_006294,0.68930864,0.6214853,0.06782335
CUST_002842,0.07730803,0.00955087,0.06775716
CUST_000532,0.8663489,0.7987039,0.06764501
CUST_004165,0.07663953,0.009050328,0.06758921
CUST_007978,0.10548164,0.037957706,0.067523934
CUST_000801,0.085690275,0.018249143,0.067441136
CUST_003350,0.09480321,0.027445257,0.06735795
CUST_004889,0.24035437,0.17302778,0.06732659
CUST_000349,0.13772699,0.07040499,0.067322
CUST_004146,0.07105585,0.0037376955,0.06731816
CUST_000619,0.12448482,0.05717465,0.06731017
CUST_002412,0.06999627,0.0027856035,0.06721067
CUST_006814,0.120809905,0.053620834,0.06718907
CUST_003605,0.08930202,0.022129685,0.06717233
CUST_003226,0.116181076,0.049036015,0.067145064
CUST_001060,0.45367557,0.38656563,0.06710994
CUST_003369,0.08616023,0.019053256,0.06710697
CUST_006403,0.09734288,0.030353388,0.06698949
CUST_004693,0.14622824,0.079245076,0.06698316
CUST_007043,0.10867275,0.04178358,0.066889174
CUST_004627,0.10200986,0.035151426,0.06685844
CUST_008232,0.6002728,0.5334965,0.066776276
CUST_004363,0.09972773,0.03299595,0.06673178
CUST_005877,0.14374816,0.07702163,0.066726536
CUST_005630,0.08423828,0.017516842,0.06672144
CUST_005414,0.10727049,0.04062185,0.06664863
CUST_004616,0.9044396,0.8378287,0.06661093
CUST_005784,0.10322882,0.036641102,0.06658772
CUST_005839,0.16249944,0.09592032,0.066579126
CUST_004195,0.07969662,0.013175936,0.06652068
CUST_001531,0.1004746,0.034056988,0.06641762
CUST_001990,0.2004912,0.1341507,0.066340506
CUST_000249,0.120023765,0.053712215,0.06631155
CUST_003730,0.15818618,0.0918818,0.066304386
CUST_003920,0.14472044,0.0784485,0.06627194
CUST_002956,0.12127505,0.05502004,0.06625501
CUST_007660,0.07935147,0.013108224,0.066243246
CUST_005835,0.117512316,0.051305015,0.066207305
CUST_002745,0.102025084,0.035876647,0.06614844
CUST_000276,0.11506496,0.048940234,0.06612473
CUST_003523,0.43472427,0.36864427,0.066080004
CUST_001873,0.079935975,0.013915681,0.066020295
CUST_006747,0.14883181,0.08282709,0.06600472
CUST_006856,0.117057025,0.051052693,0.066004336
CUST_000565,0.11213304,0.04635221,0.06578083
CUST_007229,0.13081898,0.06509343,0.06572555
CUST_002940,0.13081898,0.06509343,0.06572555
CUST_002309,0.11653586,0.05081582,0.06572004
CUST_001096,0.08221368,0.016494857,0.06571882
CUST_002000,0.11349477,0.047790125,0.065704644
CUST_006729,0.13242044,0.06672219,0.06569824
CUST_005131,0.07979477,0.014097685,0.06569709
CUST_000124,0.08875589,0.023137849,0.06561804
CUST_008201,0.105321534,0.03986148,0.065460056
CUST_005892,0.06873564,0.0033728355,0.0653628
CUST_003246,0.10203719,0.036783088,0.06525411
CUST_001323,0.26435444,0.19911258,0.06524186
CUST_002722,0.07530616,0.010065811,0.06524035
CUST_007017,0.082934685,0.017699054,0.06523563
CUST_007468,0.08251448,0.017323531,0.06519095
CUST_004647,0.09994598,0.034831606,0.06511437
CUST_004411,0.08797684,0.022863949,0.065112896
CUST_000381,0.07445499,0.00938808,0.06506691
CUST_007126,0.07534982,0.010292827,0.065056995
CUST_001439,0.1237876,0.058767907,0.06501969
CUST_001593,0.09462936,0.029669812,0.06495955
CUST_003228,0.087350346,0.022412257,0.06493809
CUST_005035,0.36931744,0.304407,0.06491044
CUST_001658,0.1447129,0.07981549,0.0648974
CUST_006475,0.1447129,0.07981549,0.0648974
CUST_002591,0.121706165,0.056813236,0.06489293
CUST_003625,0.11879684,0.05393951,0.064857334
CUST_003918,0.10847739,0.043642674,0.064834714
CUST_004835,0.07278181,0.00823814,0.06454367
CUST_007186,0.09518975,0.030657133,0.064532615
CUST_003917,0.14864293,0.08423019,0.064412735
CUST_008089,0.10892759,0.044641014,0.064286575
CUST_005284,0.14877151,0.08448602,0.06428549
CUST_001127,0.06750554,0.0032231826,0.06428236
CUST_000873,0.2657607,0.20148149,0.0642792
CUST_006353,0.07817747,0.013921866,0.0642556
CUST_002888,0.10465573,0.04049609,0.06415964
CUST_002111,0.07794141,0.013805612,0.0641358
CUST_006717,0.08975513,0.025726076,0.06402905
CUST_006334,0.070436455,0.006450938,0.06398552
CUST_004827,0.14938754,0.08552304,0.0638645
CUST_003949,0.0838849,0.020055171,0.063829735
CUST_001349,0.072165236,0.008393619,0.06377162
CUST_001430,0.09593933,0.03222568,0.063713655
CUST_007887,0.09593933,0.03222568,0.063713655
CUST_003323,0.14911485,0.08547687,0.06363798
CUST_005160,0.09090863,0.027345277,0.063563354
CUST_005754,0.09888586,0.035370734,0.06351513
CUST_001910,0.10054962,0.037070133,0.06347949
CUST_002014,0.07385125,0.010413959,0.06343729
CUST_008236,0.07988263,0.0165198,0.06336283
CUST_006906,0.08819917,0.024849711,0.063349456
CUST_002593,0.08651463,0.02317254,0.06334209
CUST_002238,0.11547065,0.052164953,0.06330569
CUST_002291,0.10655837,0.04329621,0.06326216
CUST_003689,0.0787468,0.01562699,0.063119814
CUST_004340,0.139788,0.07667991,0.063108094
CUST_005219,0.1811446,0.11812439,0.06302021
CUST_004532,0.08290316,0.019917918,0.06298524
CUST_002375,0.15560842,0.09267836,0.062930055
CUST_000840,0.1824791,0.119580634,0.062898465
CUST_004710,0.17624816,0.113570504,0.06267766
CUST_001936,0.114310384,0.051662695,0.062647685
CUST_007602,0.07105384,0.008494195,0.06255965
CUST_003787,0.09462828,0.032094017,0.062534265
CUST_003402,0.07222873,0.009737635,0.062491097
CUST_004856,0.78593826,0.72353166,0.0624066
CUST_002512,0.06492681,0.0025239547,0.062402856
CUST_003103,0.091482244,0.029153457,0.062328786
CUST_008170,0.093307056,0.030985584,0.06232147
CUST_005501,0.06711721,0.004876121,0.062241085
CUST_003999,0.06551656,0.0033087016,0.06220786
CUST_005178,0.08265196,0.020459048,0.06219291
CUST_002960,0.07386996,0.011741379,0.06212858
CUST_007827,0.10830923,0.04619748,0.06211175
CUST_007334,0.15168093,0.08960953,0.062071398
CUST_002526,0.09949548,0.03749368,0.0620018
CUST_006059,0.08478825,0.02289151,0.061896738
CUST_000771,0.105330005,0.04346338,0.061866626
CUST_008207,0.13913622,0.077285685,0.06185054
CUST_006769,0.11725872,0.055431712,0.061827008
CUST_003166,0.08880694,0.02705895,0.06174799
CUST_001422,0.2396714,0.17801984,0.061651558
CUST_004188,0.10640806,0.04477255,0.06163551
CUST_004771,0.088660054,0.027080564,0.06157949
CUST_006611,0.13924219,0.07766806,0.061574124
CUST_000509,0.08455703,0.023000568,0.06155646
CUST_007475,0.0909611,0.0294764,0.0614847
CUST_001331,0.07779957,0.016404402,0.061395172
CUST_007518,0.32790887,0.26658773,0.06132114
CUST_005983,0.43344703,0.37213957,0.06130746
CUST_003428,0.06976946,0.008492644,0.061276812
CUST_006436,0.11126989,0.05000621,0.06126368
CUST_003114,0.079859436,0.01863121,0.061228223
CUST_002906,0.1543951,0.0932199,0.061175205
CUST_002118,0.105764054,0.044621963,0.06114209
CUST_007984,0.07546836,0.014342253,0.06112611
CUST_007988,0.09015186,0.02904679,0.061105072
CUST_004306,0.080575384,0.019587988,0.060987398
CUST_006317,0.07740196,0.016445668,0.06095629
CUST_005183,0.09239624,0.031520974,0.060875263
CUST_001676,0.11720113,0.05636634,0.060834788
CUST_000053,0.08102248,0.02025022,0.06077226
CUST_007502,0.062727615,0.001957329,0.060770288
CUST_000538,0.07421235,0.01344932,0.06076303
CUST_000751,0.075622335,0.014874524,0.06074781
CUST_004291,0.08525687,0.024541019,0.060715847
CUST_007139,0.11034239,0.04967403,0.06066836
CUST_007232,0.12355288,0.06290168,0.060651198
CUST_000902,0.07603144,0.01539002,0.06064142
CUST_007732,0.085505866,0.024905745,0.06060012
CUST_008060,0.07741538,0.016878327,0.060537048
CUST_000540,0.10039994,0.03986517,0.06053477
CUST_002901,0.07526893,0.014764501,0.06050443
CUST_005314,0.1004108,0.039976392,0.060434405
CUST_006870,0.10712645,0.046710964,0.060415488
CUST_001570,0.08765221,0.02731583,0.060336374
CUST_000946,0.102451086,0.042260285,0.0601908
CUST_001789,0.09928356,0.03909716,0.0601864
CUST_005855,0.15058485,0.0904071,0.060177743
CUST_000858,0.12681618,0.066640094,0.06017609
CUST_004823,0.06459626,0.004542272,0.060053986
CUST_007218,0.1032452,0.04319909,0.06004611
CUST_002635,0.6232899,0.5633648,0.05992508
CUST_004595,0.082313515,0.022390522,0.059922993
CUST_001730,0.21690182,0.15717617,0.059725657
CUST_007417,0.09477379,0.035058346,0.059715446
CUST_007380,0.09477379,0.035058346,0.059715446
CUST_004719,0.07033571,0.0106403865,0.059695322
CUST_006980,0.07809157,0.01842233,0.05966924
CUST_008030,0.06148047,0.0018415266,0.059638944
CUST_000750,0.073369406,0.013762835,0.05960657
CUST_007849,0.5101806,0.45060113,0.05957946
CUST_001310,0.08173085,0.022189792,0.059541058
CUST_000181,0.111151874,0.051639583,0.05951229
CUST_007971,0.18189023,0.12238659,0.059503645
CUST_005109,0.07695086,0.017459147,0.059491716
CUST_007014,0.13415271,0.07470199,0.059450723
CUST_002799,0.06808633,0.008847188,0.059239145
CUST_002808,0.06462045,0.0053920886,0.05922836
CUST_002053,0.07242106,0.013214487,0.05920657
CUST_008159,0.06312944,0.003935411,0.05919403
CUST_001603,0.0859816,0.026895706,0.059085894
CUST_003456,0.06361079,0.004540707,0.059070084
CUST_000411,0.068249896,0.009205307,0.05904459
CUST_001978,0.0866762,0.027686061,0.058990143
CUST_005741,0.06893034,0.009959436,0.058970906
CUST_003722,0.110280596,0.051314138,0.058966458
CUST_005801,0.08965226,0.030753575,0.058898687
CUST_004844,0.07039156,0.011535949,0.058855608
CUST_004203,0.08577123,0.026938053,0.05883318
CUST_000614,0.22482774,0.16600806,0.05881968
CUST_003467,0.15369754,0.09504658,0.058650956
CUST_006806,0.06341389,0.0048037036,0.058610186
CUST_003055,0.120821506,0.0622291,0.058592405
CUST_005514,0.45249933,0.39396816,0.058531165
CUST_007603,0.100337565,0.041869707,0.058467858
CUST_001758,0.16037156,0.101961076,0.05841048
CUST_006019,0.062825054,0.0044482257,0.058376826
CUST_006931,0.06853774,0.010256737,0.058281004
CUST_003819,0.06673454,0.008479773,0.058254763
CUST_007320,0.059873946,0.0016196913,0.058254253
CUST_004207,0.06662787,0.008382126,0.05824574
CUST_006880,0.11042552,0.05219873,0.058226787
CUST_005823,0.08322461,0.025079539,0.05814507
CUST_003972,0.06363694,0.0055647218,0.05807222
CUST_000484,0.09571338,0.03764144,0.058071937
CUST_003955,0.10333678,0.045271564,0.058065217
CUST_005072,0.07644191,0.018386189,0.058055717
CUST_001483,0.0812276,0.023205495,0.058022104
CUST_006541,0.76294607,0.7050306,0.05791545
CUST_006528,0.12310149,0.06520778,0.05789371
CUST_000222,0.08058127,0.022693949,0.057887323
CUST_002495,0.10701893,0.049142454,0.05787648
CUST_001024,0.104424976,0.04657423,0.057850745
CUST_000908,0.089757115,0.03190854,0.057848576
CUST_004551,0.107557364,0.049709912,0.05784745
CUST_004436,0.058281425,0.0004612498,0.057820175
CUST_007928,0.07508754,0.017425152,0.05766239
CUST_006700,0.08379744,0.026144527,0.057652913
CUST_003825,0.21078628,0.15315825,0.057628036
CUST_005761,0.062439412,0.0048712827,0.05756813
CUST_007189,0.102196746,0.044651262,0.057545483
CUST_007763,0.062370613,0.0049301637,0.05744045
CUST_005063,0.19734894,0.13992374,0.0574252
CUST_000212,0.25886586,0.20148851,0.057377353
CUST_002828,0.08602128,0.028693931,0.057327352
CUST_006585,0.060732055,0.0034340788,0.057297975
CUST_000812,0.083500326,0.026233971,0.057266355
CUST_002341,0.1505061,0.093390346,0.05711575
CUST_003169,0.075716935,0.01861426,0.057102673
CUST_003848,0.10042541,0.043360617,0.05706479
CUST_007933,0.06757509,0.010555442,0.057019647
CUST_003895,0.10849983,0.05149437,0.05700546
CUST_006743,0.0957633,0.0388308,0.0569325
CUST_005121,0.060391072,0.0034690648,0.056922007
CUST_006927,0.07313937,0.01622015,0.056919217
CUST_005452,0.11750494,0.06061412,0.05689082
CUST_002602,0.06805926,0.0111797545,0.056879506
CUST_006152,0.060574748,0.0037089775,0.05686577
CUST_002026,0.09630328,0.03946162,0.056841657
CUST_003389,0.07920761,0.022421407,0.056786202
CUST_000874,0.06478171,0.00808251,0.0566992
CUST_001805,0.10687604,0.050233923,0.056642115
CUST_000305,0.070001155,0.013446542,0.05655461
CUST_004009,0.07226357,0.015728131,0.056535438
CUST_006272,0.06312885,0.0066053164,0.056523535
CUST_005993,0.08423405,0.02774962,0.05648443
CUST_004748,0.07663701,0.020180656,0.05645635
CUST_003197,0.08681834,0.03055787,0.056260467
CUST_005774,0.069356866,0.013130654,0.056226213
CUST_006545,0.7280117,0.671801,0.056210756
CUST_005578,0.07395689,0.017849173,0.05610772
CUST_005934,0.09343824,0.03738549,0.056052748
CUST_001815,0.071246035,0.015232907,0.05601313
CUST_000591,0.06137147,0.0053794854,0.055991985
CUST_006278,0.10835504,0.05239959,0.055955447
CUST_006632,0.11329982,0.057416778,0.05588304
CUST_007335,0.063400045,0.007517597,0.055882446
CUST_004295,0.07250918,0.01668616,0.055823017
CUST_001229,0.32461697,0.26883638,0.05578059
CUST_006052,0.24629027,0.19051345,0.05577682
CUST_003417,0.12788953,0.07212355,0.05576598
CUST_006970,0.09870064,0.042937238,0.055763405
CUST_003836,0.07544065,0.01968775,0.055752903
CUST_006246,0.15755637,0.10180761,0.05574876
CUST_006416,0.11077119,0.055030983,0.055740204
CUST_008054,0.0698547,0.01413964,0.055715058
CUST_007366,0.08326174,0.027591148,0.055670597
CUST_002675,0.105763055,0.05011328,0.055649776
CUST_005004,0.085659,0.030009774,0.05564922
CUST_004654,0.08526322,0.029619208,0.055644013
CUST_002640,0.063161574,0.0075395014,0.05562207
CUST_004232,0.06816206,0.0125447605,0.055617303
CUST_003705,0.18982899,0.13424425,0.055584744
CUST_005821,0.081231155,0.025646996,0.05558416
CUST_003719,0.23653479,0.1809645,0.05557029
CUST_004359,0.11223781,0.056766037,0.055471774
CUST_007590,0.075571515,0.020108502,0.055463012
CUST_005359,0.058833722,0.0033946082,0.055439115
CUST_001605,0.06540794,0.010029651,0.055378288
CUST_002187,0.06475804,0.009460384,0.055297658
CUST_002680,0.12413153,0.068926394,0.055205137
CUST_005153,0.06361542,0.008482768,0.05513265
CUST_002496,0.07170897,0.016580164,0.055128805
CUST_000823,0.22975281,0.17463043,0.055122375
CUST_003366,0.08727153,0.032263957,0.05500757
CUST_004744,0.06973449,0.014739884,0.054994605
CUST_001958,0.10193914,0.04695172,0.054987423
CUST_005228,0.0600613,0.0051149204,0.054946378
CUST_007608,0.065856464,0.010921333,0.05493513
CUST_005486,0.076958224,0.022091877,0.054866347
CUST_005048,0.15570769,0.10090933,0.054798357
CUST_003178,0.107916914,0.05325285,0.054664064
CUST_000155,0.09000315,0.03542368,0.054579467
CUST_007768,0.07078582,0.016288055,0.054497764
CUST_006523,0.10970487,0.055241104,0.054463763
CUST_003215,0.1122053,0.057743315,0.054461982
CUST_000315,0.062055934,0.0076432554,0.054412678
CUST_001852,0.119799934,0.06542582,0.054374114
CUST_000146,0.10134588,0.047038317,0.054307565
CUST_002642,0.075265184,0.02097646,0.054288723
CUST_001839,0.09406137,0.039781988,0.05427938
CUST_001255,0.088663295,0.034425855,0.05423744
CUST_000686,0.079647265,0.025442773,0.054204494
CUST_002033,0.060400926,0.006228242,0.054172684
CUST_006222,0.15230617,0.09819065,0.05411552
CUST_001529,0.066131815,0.012022384,0.05410943
CUST_000253,0.6065812,0.55249494,0.054086268
CUST_001919,0.077271216,0.023204904,0.05406631
CUST_003957,0.07973692,0.025687875,0.054049045
CUST_003298,0.065871246,0.011855377,0.054015867
CUST_005179,0.07272619,0.018838894,0.053887296
CUST_001634,0.18078826,0.126927,0.05386126
CUST_005826,0.07866455,0.024820639,0.053843908
CUST_000160,0.10662587,0.05280448,0.05382139
CUST_005366,0.063988894,0.010219028,0.053769864
CUST_004502,0.094599344,0.040868457,0.053730886
CUST_006848,0.08672865,0.033014357,0.05371429
CUST_004409,0.08672865,0.033014357,0.05371429
CUST_007525,0.13390553,0.08031902,0.053586513
CUST_003220,0.13390553,0.08031902,0.053586513
CUST_003766,0.14838365,0.094815835,0.05356781
CUST_003037,0.056038834,0.00247755,0.053561285
CUST_000617,0.060420707,0.0069074356,0.05351327
CUST_002045,0.116999924,0.063557245,0.05344268
CUST_007388,0.07400516,0.020641105,0.053364053
CUST_001459,0.087619215,0.03431912,0.053300094
CUST_007283,0.14431597,0.09104464,0.05327133
CUST_006513,0.10951516,0.056270353,0.053244807
CUST_006665,0.064137325,0.010895933,0.05324139
CUST_001148,0.08901678,0.035776936,0.053239845
CUST_006527,0.073484205,0.020254185,0.053230017
CUST_002227,0.07934681,0.026173279,0.053173535
CUST_000037,0.117153674,0.0639835,0.053170174
CUST_000784,0.07858073,0.02545812,0.05312261
CUST_004332,0.07187475,0.018773263,0.053101487
CUST_004071,0.05687183,0.0037930014,0.05307883
CUST_006026,0.084348604,0.031459976,0.052888628
CUST_001410,0.0796619,0.026799051,0.052862845
CUST_004103,0.17202547,0.11927507,0.0527504
CUST_004660,0.054708984,0.001959661,0.05274932
CUST_000631,0.08618262,0.033454515,0.0527281
CUST_006879,0.055119764,0.0023931696,0.052726593
CUST_000464,0.109429576,0.056793015,0.05263656
CUST_003291,0.16280389,0.1101853,0.052618586
CUST_006259,0.06654995,0.013958309,0.05259164
CUST_007934,0.07603636,0.023494357,0.052542
CUST_006179,0.058034472,0.0055580786,0.052476395
CUST_007847,0.07519986,0.02272768,0.052472178
CUST_001849,0.08735396,0.03496629,0.05238767
CUST_001397,0.16239774,0.11009309,0.052304655
CUST_007642,0.07036362,0.018069822,0.052293796
CUST_002509,0.055789974,0.0036236804,0.052166294
CUST_002633,0.089969665,0.037821826,0.05214784
CUST_007262,0.057096116,0.004956045,0.052140072
CUST_006441,0.14489125,0.092769355,0.052121893
CUST_001571,0.113246724,0.061258346,0.05198838
CUST_005539,0.12205904,0.0701723,0.051886737
CUST_002988,0.07213927,0.020281501,0.05185777
CUST_007220,0.13118975,0.07951587,0.05167388
CUST_002585,0.52069706,0.46902376,0.051673293
CUST_006456,0.09435551,0.042823806,0.051531702
CUST_000518,0.06863945,0.017112171,0.051527277
CUST_004164,0.06344738,0.011969559,0.05147782
CUST_007874,0.15144257,0.09997725,0.051465325
CUST_001956,0.09260755,0.041202348,0.051405203
CUST_000396,0.110515274,0.05916344,0.051351834
CUST_000942,0.11062667,0.059329633,0.051297035
CUST_000759,0.058858186,0.0075751585,0.051283028
CUST_004251,0.15364893,0.102474615,0.051174313
CUST_003399,0.073331065,0.022191703,0.051139362
CUST_002760,0.09271676,0.04159636,0.0511204
CUST_005022,0.07225553,0.021140825,0.051114704
CUST_007946,0.19789188,0.14678001,0.051111862
CUST_005776,0.5068065,0.45570695,0.05109954
CUST_007384,0.092188716,0.04116316,0.051025555
CUST_003287,0.2567459,0.20572245,0.051023453
CUST_005881,0.05339758,0.0025086782,0.050888903
CUST_005245,0.058374338,0.007487371,0.050886966
CUST_000665,0.12232697,0.071451,0.05087597
CUST_002505,0.08465604,0.03381835,0.05083769
CUST_007437,0.07392318,0.02309476,0.05082842
CUST_003435,0.09922373,0.048400037,0.050823696
CUST_005127,0.06452442,0.013831455,0.050692964
CUST_007837,0.06683061,0.016228188,0.050602425
CUST_006604,0.05460512,0.0040204516,0.050584666
CUST_000744,0.22653434,0.17598031,0.050554022
CUST_007879,0.07410914,0.02372556,0.050383575
CUST_004022,0.08232617,0.03196483,0.050361335
CUST_000471,0.15637073,0.106012896,0.050357834
CUST_004282,0.16665047,0.11630966,0.050340816
CUST_004132,0.07993743,0.02970856,0.050228868
CUST_003053,0.061446276,0.011267459,0.05017882
CUST_002167,0.12500641,0.074856795,0.050149612
CUST_007105,0.05571655,0.005581841,0.05013471
CUST_007725,0.11144132,0.061353207,0.050088115
CUST_000799,0.07606762,0.02602971,0.05003791
CUST_000633,0.098517865,0.048545074,0.04997279
CUST_000657,0.06284141,0.0129003115,0.049941096
CUST_002907,0.09271636,0.042844675,0.049871683
CUST_007196,0.122035414,0.07222658,0.049808837
CUST_005087,0.30953684,0.25975764,0.049779207
CUST_006636,0.06251629,0.012740155,0.049776133
CUST_007445,0.1110139,0.061258182,0.049755715
CUST_001290,0.07670342,0.026966445,0.049736977
CUST_001695,0.21020068,0.16054305,0.049657628
CUST_001455,0.106916405,0.057266295,0.04965011
CUST_003885,0.057362325,0.007726416,0.04963591
CUST_003260,0.6013166,0.55169564,0.049620926
CUST_000466,0.11954994,0.069953345,0.049596593
CUST_006633,0.17361961,0.12403438,0.04958523
CUST_005646,0.06469237,0.015114522,0.049577847
CUST_003502,0.14372541,0.09420392,0.04952149
CUST_001431,0.08832737,0.038811512,0.04951586
CUST_002741,0.07244577,0.022951618,0.049494155
CUST_003212,0.06558137,0.016098931,0.049482435
CUST_003871,0.062036373,0.012584943,0.04945143
CUST_006053,0.06223746,0.012820984,0.049416475
CUST_007092,0.073078,0.023780001,0.049297996
CUST_007307,0.19129811,0.14200087,0.049297243
CUST_001421,0.05981239,0.010518505,0.049293883
CUST_006830,0.05285651,0.003585585,0.049270924
CUST_001377,0.06121183,0.011956061,0.049255766
CUST_006323,0.08183484,0.03258752,0.049247317
CUST_008229,0.13651937,0.087272584,0.049246788
CUST_007869,0.07932669,0.030097429,0.04922926
CUST_005996,0.07187778,0.022660788,0.04921699
CUST_005496,0.07187778,0.022660788,0.04921699
CUST_003314,0.16175681,0.112602174,0.04915464
CUST_000978,0.057483293,0.008337202,0.049146093
CUST_001321,0.05120839,0.002094753,0.04911364
CUST_003971,0.47770768,0.42859662,0.04911107
CUST_006321,0.07726571,0.028157894,0.049107816
CUST_000397,0.06823692,0.019197319,0.0490396
CUST_005111,0.106774405,0.057765678,0.049008727
CUST_002889,0.06508194,0.01607828,0.04900366
CUST_004234,0.06307145,0.014112326,0.048959125
CUST_006767,0.64857066,0.5997178,0.04885286
CUST_000935,0.06708096,0.018228898,0.048852064
CUST_000500,0.120657034,0.07181469,0.04884234
CUST_007965,0.120680116,0.07184707,0.04883305
CUST_003879,0.1539367,0.10514091,0.04879579
CUST_007932,0.45582506,0.4070539,0.048771173
CUST_007966,0.084721036,0.03615193,0.048569106
CUST_005350,0.061535675,0.012982125,0.04855355
CUST_002971,0.07374117,0.02523147,0.0485097
CUST_000477,0.10464972,0.056177266,0.048472457
CUST_004535,0.06156585,0.013129078,0.048436772
CUST_005995,0.06237401,0.014022323,0.048351686
CUST_002011,0.1568802,0.10853864,0.048341557
CUST_001924,0.077666424,0.029330824,0.0483356
CUST_004561,0.116604134,0.06833501,0.048269123
CUST_000138,0.07178977,0.023586767,0.048203006
CUST_003826,0.09785748,0.04966957,0.04818791
CUST_005580,0.14450134,0.09635325,0.048148096
CUST_002217,0.1680788,0.11995455,0.048124246
CUST_000722,0.051931433,0.0038197178,0.048111714
CUST_003638,0.08304615,0.035047166,0.047998987
CUST_006043,0.17680368,0.12883367,0.04797001
CUST_003547,0.056733366,0.00876868,0.047964685
CUST_005293,0.35972276,0.31181207,0.04791069
CUST_001330,0.114425555,0.06653059,0.047894962
CUST_000213,0.07110629,0.02323627,0.047870025
CUST_003010,0.069529176,0.021694954,0.04783422
CUST_004013,0.05831271,0.010605601,0.04770711
CUST_002823,0.058501523,0.010827281,0.047674242
CUST_000175,0.086966075,0.03930841,0.047657665
CUST_001525,0.07939973,0.031742923,0.047656804
CUST_007995,0.19401005,0.14636497,0.047645077
CUST_001889,0.10508928,0.0574496,0.047639675
CUST_001831,0.101899184,0.054297026,0.047602158
CUST_006734,0.07974668,0.032148164,0.047598515
CUST_002494,0.061694905,0.014103976,0.04759093
CUST_003213,0.05590294,0.008347647,0.04755529
CUST_007497,0.06597336,0.018435277,0.04753808
CUST_002976,0.12052867,0.07304123,0.047487438
CUST_005165,0.06930637,0.022029731,0.047276642
CUST_005213,0.052942164,0.005746507,0.047195658
CUST_007490,0.05717081,0.009991849,0.04717896
CUST_003016,0.17119251,0.124028385,0.047164127
CUST_003941,0.11541015,0.068265334,0.047144815
CUST_005344,0.08246298,0.035369918,0.047093064
CUST_003149,0.051903464,0.004847992,0.04705547
CUST_007005,0.06818987,0.02116431,0.047025558
CUST_007257,0.082970686,0.03600457,0.046966117
CUST_002659,0.099063195,0.0521123,0.046950895
CUST_001104,0.13830344,0.09135837,0.046945073
CUST_000776,0.0770633,0.030181155,0.046882145
CUST_006338,0.09614195,0.049261905,0.046880044
CUST_006952,0.08121082,0.034354933,0.04685589
CUST_007242,0.068491496,0.021679612,0.046811886
CUST_001708,0.04962152,0.0028129257,0.046808593
CUST_005810,0.29722467,0.25042278,0.046801895
CUST_005860,0.17044432,0.1236463,0.046798028
CUST_000681,0.0678307,0.021033498,0.0467972
CUST_004814,0.05682523,0.010114616,0.046710618
CUST_000031,0.059732497,0.013057351,0.046675146
CUST_003257,0.09812782,0.051511634,0.046616185
CUST_002275,0.06477427,0.018264312,0.046509955
CUST_006828,0.08341202,0.036917854,0.046494167
CUST_000781,0.12379254,0.07732976,0.046462774
CUST_000937,0.13282925,0.08638113,0.04644812
CUST_003637,0.16120158,0.11483595,0.046365634
CUST_006156,0.06210404,0.015779953,0.046324085
CUST_002731,0.05394889,0.0076540154,0.046294875
CUST_003911,0.19217956,0.1459155,0.046264067
CUST_000057,0.19217956,0.1459155,0.046264067
CUST_007722,0.10434876,0.058166992,0.046181764
CUST_007836,0.07687391,0.03072283,0.046151083
CUST_006025,0.052179363,0.0060342345,0.046145126
CUST_003311,0.05241875,0.006346823,0.046071928
CUST_006886,0.09315399,0.047112104,0.046041887
CUST_002949,0.06358806,0.017606888,0.045981172
CUST_007311,0.086844124,0.040883377,0.045960747
CUST_000116,0.0708438,0.024925603,0.045918196
CUST_004756,0.076778166,0.030920202,0.045857966
CUST_004417,0.07235772,0.026516832,0.04584089
CUST_005869,0.046341453,0.00050520705,0.045836248
CUST_000357,0.07760929,0.0317782,0.04583109
CUST_006696,0.08854912,0.0427604,0.045788724
CUST_005435,0.07223318,0.026534576,0.0456986
CUST_003518,0.060208138,0.014564581,0.045643557
CUST_003133,0.44019502,0.39455548,0.045639545
CUST_000715,0.05264408,0.0070436667,0.045600414
CUST_005102,0.06348867,0.01791731,0.045571357
CUST_006355,0.06348867,0.01791731,0.045571357
CUST_008150,0.086690664,0.041181177,0.045509487
CUST_002784,0.15741345,0.11192726,0.04548619
CUST_000183,0.06543359,0.019973865,0.045459725
CUST_007469,0.09616859,0.050737575,0.045431018
CUST_007811,0.08566066,0.040344782,0.045315877
CUST_006455,0.058330584,0.013014725,0.045315858
CUST_000272,0.08870468,0.043411024,0.04529366
CUST_001569,0.057228528,0.012019349,0.045209177
CUST_002668,0.08925079,0.044074416,0.045176372
CUST_001661,0.64794666,0.60277843,0.04516822
CUST_002200,0.063788764,0.018674605,0.04511416
CUST_002116,0.18788497,0.14280388,0.045081094
CUST_008162,0.069766745,0.02473489,0.045031853
CUST_002763,0.055892397,0.010876751,0.045015648
CUST_007008,0.05173542,0.0067477026,0.044987716
CUST_007206,0.10939689,0.06442457,0.044972323
CUST_004483,0.122795336,0.07782724,0.0449681
CUST_005772,0.055568255,0.010605305,0.04496295
CUST_003791,0.1622463,0.11730374,0.044942565
CUST_006113,0.047575716,0.0028245582,0.044751156
CUST_000577,0.10417343,0.059473682,0.044699747
CUST_000107,0.10318566,0.05848888,0.04469678
CUST_006609,0.9388607,0.8941712,0.044689536
CUST_007058,0.10434523,0.059665605,0.044679627
CUST_007636,0.81991035,0.77523994,0.044670403
CUST_003072,0.04980459,0.0051831366,0.044621453
CUST_004718,0.0908485,0.046260357,0.04458814
CUST_002206,0.06769456,0.02320984,0.04448472
CUST_006706,0.051204037,0.0067250594,0.04447898
CUST_002266,0.052584708,0.008113055,0.04447165
CUST_007158,0.077333644,0.032875996,0.044457648
CUST_006664,0.06696954,0.022515435,0.04445411
CUST_004137,0.047320966,0.002873793,0.044447172
CUST_001610,0.053170465,0.008793183,0.044377282
CUST_001836,0.046365183,0.0019920962,0.044373088
CUST_006387,0.045744166,0.0013766591,0.044367507
CUST_008146,0.046223804,0.00195231,0.044271495
CUST_004898,0.063966006,0.019729597,0.044236407
CUST_004388,0.053913552,0.009685732,0.04422782
CUST_005396,0.13622524,0.09202575,0.04419949
CUST_003263,0.055285707,0.011107868,0.044177838
CUST_001775,0.07815807,0.034001585,0.044156488
CUST_007060,0.32760897,0.28347448,0.044134498
CUST_003715,0.13075878,0.08666735,0.044091426
CUST_005573,0.063527726,0.019577771,0.043949954
CUST_005985,0.13323064,0.089311466,0.043919176
CUST_004539,0.072997324,0.029081801,0.043915525
CUST_004613,0.18125573,0.13734998,0.04390575
CUST_002480,0.13223256,0.08840345,0.043829113
CUST_006865,0.052914225,0.009109789,0.043804437
CUST_002138,0.06636583,0.022605252,0.04376058
CUST_002709,0.08178071,0.038024366,0.043756343
CUST_007479,0.08606532,0.04234731,0.043718014
CUST_004244,0.08005683,0.036378704,0.043678127
CUST_005904,0.088821754,0.045150287,0.043671466
CUST_006741,0.0950098,0.051340036,0.04366976
CUST_007085,0.25780424,0.214171,0.043633237
CUST_007194,0.07409481,0.030480854,0.043613955
CUST_005989,0.0882195,0.044624586,0.043594915
CUST_006228,0.085472524,0.041925784,0.04354674
CUST_000243,0.04611822,0.002625968,0.04349225
CUST_007891,0.08773339,0.04427204,0.04346135
CUST_006079,0.19210653,0.14864564,0.04346089
CUST_005371,0.05380178,0.010532474,0.043269306
CUST_005502,0.059654336,0.016388284,0.04326605
CUST_003892,0.57879853,0.53553903,0.0432595
CUST_002827,0.1792254,0.13600068,0.043224722
CUST_006960,0.06550297,0.022302946,0.043200023
CUST_003658,0.04726374,0.004128983,0.04313476
CUST_002701,0.060427282,0.017391955,0.04303533
CUST_000045,0.064369276,0.021362092,0.043007184
CUST_001707,0.06422108,0.02134856,0.04287252
CUST_002893,0.07475934,0.031942595,0.042816747
CUST_004698,0.0889909,0.046238195,0.0427527
CUST_008029,0.0889909,0.046238195,0.0427527
CUST_002141,0.73307526,0.6904276,0.04264766
CUST_000534,0.045342177,0.002697124,0.042645052
CUST_006583,0.05666764,0.0140844695,0.04258317
CUST_004953,0.057543427,0.015113115,0.04243031
CUST_001684,0.101409175,0.05902074,0.042388435
CUST_007241,0.10015254,0.05794613,0.042206407
CUST_006328,0.10271869,0.060560122,0.042158566
CUST_005242,0.08453477,0.04241469,0.04212008
CUST_005052,0.13279608,0.090699,0.042097077
CUST_005193,0.05472329,0.012654073,0.042069215
CUST_008143,0.05764268,0.015665038,0.041977644
CUST_000142,0.62399983,0.58209544,0.04190439
CUST_002272,0.109425604,0.06757476,0.041850843
CUST_007942,0.27420375,0.23240998,0.041793764
CUST_000220,0.14050645,0.09875289,0.041753553
CUST_001965,0.07365456,0.031934474,0.04172009
CUST_001402,0.09786414,0.0562084,0.041655745
CUST_005618,0.052132573,0.010492789,0.041639782
CUST_006045,0.046498172,0.004913109,0.04158506
CUST_002461,0.04489279,0.0033295534,0.04156324
CUST_001328,0.11263164,0.07110857,0.04152307
CUST_003732,0.06760453,0.026120223,0.041484304
CUST_003024,0.078863636,0.037381798,0.041481838
CUST_001996,0.051082715,0.009672272,0.041410442
CUST_000297,0.092207715,0.05085238,0.041355334
CUST_007784,0.06813132,0.026776662,0.041354656
CUST_007254,0.050607976,0.009346791,0.041261185
CUST_001677,0.05259129,0.011370534,0.041220754
CUST_000245,0.0612409,0.020071419,0.04116948
CUST_004463,0.06702233,0.025856849,0.041165482
CUST_004727,0.055456217,0.014350777,0.04110544
CUST_004156,0.07759313,0.036602426,0.040990707
CUST_000889,0.050452262,0.009568839,0.040883422
CUST_001462,0.07236022,0.03155669,0.04080353
CUST_002670,0.1273069,0.086529024,0.04077787
CUST_003025,0.04294911,0.00218292,0.04076619
CUST_006615,0.05842492,0.017684313,0.04074061
CUST_000810,0.112301506,0.07157459,0.040726915
CUST_005564,0.11466163,0.07394086,0.04072077
CUST_003528,0.04540975,0.0047671683,0.040642582
CUST_005721,0.053807348,0.013294006,0.040513344
CUST_006542,0.11184641,0.07141101,0.040435396
CUST_007068,0.07245173,0.03206328,0.040388454
CUST_005623,0.067059405,0.026708681,0.040350724
CUST_006918,0.318784,0.2784515,0.040332496
CUST_001076,0.064743064,0.024523232,0.040219832
CUST_007363,0.06340037,0.023208736,0.040191635
CUST_003870,0.055675417,0.01553927,0.040136147
CUST_001079,0.068368115,0.028260134,0.04010798
CUST_005945,0.056488737,0.016410457,0.040078282
CUST_005457,0.06176901,0.021818921,0.039950088
CUST_000368,0.09846422,0.058521576,0.039942645
CUST_004455,0.094513565,0.05462317,0.039890394
CUST_005999,0.049033735,0.009202759,0.039830975
CUST_003305,0.05206525,0.012253666,0.03981158
CUST_007846,0.94327176,0.90346116,0.039810598
CUST_000952,0.08376812,0.043982305,0.039785817
CUST_006568,0.0643762,0.024594057,0.03978214
CUST_007456,0.044713743,0.0049367812,0.039776962
CUST_007371,0.041638933,0.0018739679,0.039764967
CUST_003371,0.041638933,0.0018739679,0.039764967
CUST_007530,0.078403816,0.03865238,0.039751437
CUST_000361,0.16295063,0.12323589,0.039714746
CUST_005777,0.047338832,0.0077002114,0.03963862
CUST_006619,0.051053103,0.011416003,0.0396371
CUST_002868,0.10260555,0.06300576,0.03959979
CUST_000552,0.14056626,0.10108897,0.03947729
CUST_001303,0.11612701,0.07678241,0.039344594
CUST_005937,0.11612701,0.07678241,0.039344594
CUST_003571,0.091437645,0.052135035,0.03930261
CUST_002024,0.051197052,0.011898708,0.039298344
CUST_001913,0.06991528,0.030653441,0.03926184
CUST_005967,0.0496404,0.010408629,0.03923177
CUST_002528,0.04985958,0.010746461,0.03911312
CUST_005363,0.059912164,0.020848047,0.039064117
CUST_004294,0.075146206,0.03613124,0.039014965
CUST_002605,0.08266765,0.04366908,0.03899857
CUST_003485,0.06667058,0.027685272,0.038985312
CUST_006370,0.06344902,0.024489494,0.038959526
CUST_001228,0.06344902,0.024489494,0.038959526
CUST_001169,0.061682537,0.0227455,0.03893704
CUST_007184,0.124140166,0.08521047,0.038929693
CUST_002953,0.11825561,0.07939563,0.03885998
CUST_003030,0.07387469,0.03502822,0.03884647
CUST_004969,0.04560491,0.0067676096,0.038837302
CUST_002715,0.05005202,0.01121746,0.03883456
CUST_000340,0.07101416,0.032211702,0.038802456
CUST_000493,0.039697483,0.00092436356,0.03877312
CUST_000897,0.042597897,0.0039898027,0.038608097
CUST_003856,0.051589347,0.01299188,0.03859747
CUST_005871,0.0708396,0.032259468,0.03858013
CUST_005016,0.047539562,0.008960174,0.03857939
CUST_006547,0.06543493,0.026891813,0.03854312
CUST_000451,0.22167951,0.18323635,0.038443163
CUST_003592,0.059836622,0.02139725,0.03843937
CUST_004593,0.10656236,0.06817777,0.038384594
CUST_007087,0.08249315,0.0441386,0.03835455
CUST_007702,0.86121017,0.82286197,0.038348198
CUST_001608,0.1680028,0.12965609,0.038346708
CUST_005693,0.05903761,0.020721607,0.038316004
CUST_000836,0.08628759,0.047978856,0.038308732
CUST_004297,0.049546946,0.01129296,0.038253985
CUST_006944,0.04405415,0.0059429873,0.038111165
CUST_006822,0.06374383,0.025652269,0.038091563
CUST_000338,0.0853298,0.047272205,0.038057595
CUST_005723,0.05784857,0.019877197,0.03797137
CUST_002728,0.04314868,0.0051966966,0.037951984
CUST_001301,0.05366522,0.01581324,0.03785198
CUST_005732,0.05816575,0.020327352,0.0378384
CUST_001666,0.047025204,0.009205755,0.03781945
CUST_004906,0.04343359,0.005622294,0.037811298
CUST_007127,0.07264064,0.034839734,0.037800908
CUST_005540,0.81215227,0.7743724,0.037779868
CUST_006766,0.06598196,0.028212056,0.037769906
CUST_007684,0.05785703,0.020121595,0.037735432
CUST_001864,0.048191257,0.010525356,0.0376659
CUST_001376,0.11589369,0.07823926,0.03765443
CUST_008183,0.048141196,0.01052257,0.037618626
CUST_002630,0.0375457,0.0001538394,0.03739186
CUST_006460,0.048845936,0.011461464,0.037384473
CUST_007434,0.059756383,0.022398444,0.03735794
CUST_003284,0.08969428,0.052356385,0.03733789
CUST_000592,0.05465434,0.017385177,0.037269164
CUST_006269,0.810597,0.773344,0.037253022
CUST_000085,0.06638655,0.029150985,0.037235565
CUST_005256,0.0535196,0.016348477,0.03717112
CUST_005420,0.055074878,0.017981233,0.037093647
CUST_000203,0.057516012,0.020455424,0.03706059
CUST_002137,0.044222917,0.0072348523,0.036988065
CUST_000550,0.041688625,0.0047015287,0.036987096
CUST_003303,0.34238005,0.30542114,0.036958903
CUST_006047,0.038727663,0.0018559687,0.036871694
CUST_001659,0.04527349,0.008433986,0.036839504
CUST_001983,0.04527349,0.008433986,0.036839504
CUST_004172,0.041524667,0.0047036265,0.03682104
CUST_006310,0.057913084,0.021098034,0.036815047
CUST_004112,0.04885689,0.012150987,0.036705904
CUST_004631,0.39212823,0.35550895,0.036619276
CUST_001083,0.1518873,0.11526968,0.036617614
CUST_001827,0.06945682,0.032858286,0.036598537
CUST_002618,0.09748614,0.06093783,0.03654831
CUST_006584,0.054097906,0.017561393,0.036536515
CUST_005735,0.1587178,0.12219015,0.03652765
CUST_003908,0.1587178,0.12219015,0.03652765
CUST_007925,0.087600745,0.051085293,0.036515452
CUST_002419,0.053467955,0.017001774,0.03646618
CUST_002562,0.6113263,0.57491887,0.03640741
CUST_003437,0.044520687,0.00812084,0.03639985
CUST_000938,0.04328209,0.006943151,0.03633894
CUST_002177,0.052886367,0.01656804,0.036318325
CUST_003392,0.81850195,0.7822256,0.03627634
CUST_003769,0.04036647,0.00409425,0.03627222
CUST_004916,0.05031739,0.014046731,0.03627066
CUST_001503,0.0482477,0.012030289,0.03621741
CUST_005006,0.10930505,0.0731247,0.036180347
CUST_005491,0.052480083,0.016304016,0.036176067
CUST_004824,0.0504646,0.014301536,0.036163066
CUST_006007,0.10512227,0.06899492,0.03612735
CUST_005700,0.040789112,0.0047292267,0.036059886
CUST_001675,0.078172095,0.042181786,0.03599031
CUST_005309,0.08594195,0.04996563,0.035976317
CUST_008190,0.04365866,0.007702292,0.035956368
CUST_006861,0.046744905,0.01084982,0.035895087
CUST_003427,0.083052196,0.047174543,0.035877652
CUST_006786,0.043125674,0.0072745862,0.035851087
CUST_007348,0.08256399,0.04675133,0.035812657
CUST_007742,0.08209214,0.04628428,0.035807863
CUST_005438,0.03902292,0.0032723977,0.03575052
CUST_001130,0.061444964,0.025722023,0.03572294
CUST_005843,0.04560773,0.009934866,0.035672866
CUST_003450,0.08485945,0.049203686,0.035655767
CUST_004685,0.112434976,0.07682278,0.035612196
CUST_004505,0.057937253,0.022346059,0.035591193
CUST_003526,0.050547197,0.014960459,0.035586737
CUST_001266,0.052604146,0.017037243,0.035566904
CUST_005658,0.039727543,0.0042230487,0.035504494
CUST_008098,0.053401012,0.017945634,0.035455376
CUST_001475,0.05020812,0.014918378,0.035289742
CUST_001434,0.04661213,0.011391672,0.035220455
CUST_007408,0.09589444,0.060681522,0.03521292
CUST_001311,0.09313533,0.057944342,0.035190985
CUST_001485,0.06619261,0.031037198,0.035155416
CUST_002858,0.03994012,0.0049290103,0.03501111
CUST_007466,0.10621935,0.07127283,0.034946524
CUST_005661,0.03932018,0.0045051947,0.034814984
CUST_003322,0.03582863,0.001031337,0.034797296
CUST_000267,0.046384756,0.011624158,0.034760598
CUST_004571,0.09368422,0.05897565,0.034708567
CUST_001018,0.11192004,0.07721722,0.034702815
CUST_004649,0.38694596,0.3522902,0.03465575
CUST_000648,0.058393802,0.023799801,0.034594
CUST_001576,0.047000274,0.012413574,0.034586698
CUST_001437,0.09409288,0.059537485,0.034555398
CUST_007662,0.095399015,0.06090707,0.034491945
CUST_002356,0.096373156,0.062006835,0.03436632
CUST_001314,0.053004134,0.018704832,0.034299303
CUST_007119,0.07812098,0.04383969,0.034281287
CUST_005233,0.06959988,0.03531999,0.03427989
CUST_001363,0.038874917,0.004630072,0.034244843
CUST_005083,0.049073048,0.014835795,0.03423725
CUST_004876,0.040258057,0.006039837,0.034218222
CUST_003899,0.043670535,0.009532615,0.03413792
CUST_001244,0.05162109,0.017548474,0.034072615
CUST_002746,0.040722605,0.006661827,0.034060776
CUST_007652,0.0816169,0.047630355,0.033986546
CUST_003445,0.045767035,0.011889188,0.03387785
CUST_002055,0.045671493,0.0118032945,0.033868197
CUST_005445,0.048215576,0.01434756,0.033868015
CUST_000675,0.11124819,0.077400394,0.033847794
CUST_006804,0.046024583,0.012191825,0.03383276
CUST_003845,0.95869124,0.92488724,0.033804
CUST_008075,0.072034486,0.03823196,0.033802524
CUST_006917,0.07144204,0.037661206,0.03378083
CUST_002139,0.049954303,0.016277187,0.033677116
CUST_007865,0.05308574,0.019413384,0.033672355
CUST_008120,0.4797518,0.4460897,0.03366208
CUST_001583,0.04301108,0.0094215665,0.033589512
CUST_002525,0.13154076,0.09797952,0.033561237
CUST_005330,0.13154076,0.09797952,0.033561237
CUST_003173,0.055197507,0.021643203,0.033554304
CUST_004988,0.076168895,0.04264433,0.033524565
CUST_003034,0.04972993,0.016233997,0.033495933
CUST_002726,0.050522555,0.017030392,0.033492163
CUST_003679,0.1597703,0.12633036,0.033439934
CUST_000016,0.043365292,0.00995765,0.033407643
CUST_005609,0.049744714,0.016399557,0.033345155
CUST_007041,0.095355466,0.06213778,0.033217687
CUST_007646,0.049120165,0.015908161,0.033212006
CUST_001050,0.062699825,0.02954162,0.033158205
CUST_007176,0.08477876,0.051663958,0.033114806
CUST_004557,0.04564438,0.012584279,0.0330601
CUST_007114,0.12675026,0.09369762,0.03305264
CUST_007796,0.12675026,0.09369762,0.03305264
CUST_003951,0.040418565,0.0073871515,0.033031415
CUST_002257,0.1504643,0.11745479,0.033009507
CUST_000881,0.055692017,0.022712708,0.03297931
CUST_001265,0.117440924,0.08447391,0.032967016
CUST_006902,0.059010632,0.026044225,0.032966405
CUST_003602,0.06807738,0.03515195,0.032925427
CUST_007825,0.09542896,0.06253537,0.03289359
CUST_000188,0.044008605,0.011116848,0.032891758
CUST_005115,0.044384975,0.011504179,0.032880798
CUST_002873,0.051038455,0.018185401,0.032853052
CUST_002924,0.06328672,0.03046924,0.032817483
CUST_002886,0.043165535,0.010360952,0.032804582
CUST_004812,0.03331171,0.00056153256,0.032750178
CUST_005207,0.06478625,0.032060236,0.032726012
CUST_000453,0.044889487,0.012168514,0.032720976
CUST_001951,0.03385798,0.001175728,0.03268225
CUST_006492,0.057595067,0.024912868,0.0326822
CUST_004081,0.39875555,0.36609316,0.03266239
CUST_005203,0.15614669,0.1235197,0.032626994
CUST_000821,0.045058228,0.012464459,0.032593768
CUST_002174,0.056581814,0.023994805,0.032587007
CUST_001243,0.04867605,0.016106145,0.032569908
CUST_001448,0.080413185,0.047853906,0.03255928
CUST_003329,0.08437439,0.051828794,0.032545596
CUST_007903,0.04712889,0.01458933,0.03253956
CUST_006496,0.105985194,0.073480286,0.03250491
CUST_000773,0.06345409,0.030970862,0.032483228
CUST_000250,0.054573182,0.02210045,0.03247273
CUST_004268,0.08842359,0.055970162,0.032453425
CUST_007482,0.076380886,0.043927833,0.032453053
CUST_004990,0.043903735,0.011462155,0.03244158
CUST_001792,0.043628115,0.011191807,0.032436308
CUST_001749,0.07207179,0.03964994,0.03242185
CUST_007632,0.052398313,0.019995859,0.032402456
CUST_004553,0.10990626,0.0775671,0.032339163
CUST_005675,0.099372976,0.06704718,0.032325797
CUST_002581,0.04840487,0.016099898,0.032304972
CUST_002682,0.068872005,0.036600333,0.032271672
CUST_001025,0.044555973,0.01232505,0.03223092
CUST_007324,0.073459566,0.04124872,0.032210846
CUST_007187,0.041671578,0.009537635,0.032133944
CUST_001548,0.04378365,0.011678421,0.03210523
CUST_005771,0.057868112,0.025788937,0.032079175
CUST_004169,0.042085085,0.010014143,0.032070942
CUST_006574,0.042262275,0.010213777,0.032048497
CUST_006341,0.035883706,0.0039042153,0.03197949
CUST_005400,0.049457517,0.01748807,0.031969447
CUST_004777,0.038225096,0.006257692,0.031967405
CUST_006263,0.113027744,0.081074834,0.03195291
CUST_000439,0.060738396,0.028821494,0.0319169
CUST_002625,0.19255994,0.16064836,0.03191158
CUST_001565,0.14676738,0.11487828,0.031889096
CUST_002162,0.1003228,0.06848009,0.03184271
CUST_004125,0.07155579,0.0397519,0.031803895
CUST_006107,0.06618113,0.03439492,0.03178621
CUST_001791,0.080522984,0.04874148,0.031781506
CUST_001042,0.13962713,0.10789569,0.03173144
CUST_005588,0.03363556,0.0019063044,0.031729255
CUST_007614,0.056990415,0.02528739,0.031703025
CUST_006662,0.048085846,0.016388245,0.0316976
CUST_001558,0.10265048,0.07099686,0.03165362
CUST_007215,0.039148606,0.007508637,0.03163997
CUST_003076,0.041106816,0.009495225,0.03161159
CUST_005659,0.11827747,0.08666728,0.03161019
CUST_006543,0.108692475,0.077089585,0.03160289
CUST_007192,0.049009413,0.017484015,0.031525396
CUST_008137,0.036351893,0.004905236,0.031446658
CUST_005930,0.03883347,0.00739775,0.03143572
CUST_007134,0.050647393,0.019234838,0.031412557
CUST_004862,0.041545488,0.010171813,0.031373676
CUST_003711,0.10515838,0.07380306,0.03135532
CUST_005364,0.07442057,0.0430825,0.03133807
CUST_003474,0.1480646,0.11677028,0.031294316
CUST_006687,0.041132957,0.009855076,0.03127788
CUST_007182,0.16470893,0.13343291,0.031276017
CUST_007592,0.09613672,0.064896755,0.031239964
CUST_000788,0.073537596,0.04230827,0.031229325
CUST_002428,0.048355144,0.017130468,0.031224675
CUST_007500,0.04684435,0.015620441,0.031223908
CUST_005619,0.068364926,0.03714251,0.031222414
CUST_007452,0.07813102,0.046966176,0.031164844
CUST_004025,0.041145384,0.009991491,0.031153893
CUST_003004,0.055534728,0.024481079,0.03105365
CUST_003238,0.049147956,0.018129025,0.031018931
CUST_006899,0.14114486,0.11019425,0.030950606
CUST_004512,0.036385518,0.0054365364,0.030948982
CUST_007842,0.046685968,0.015761435,0.030924533
CUST_005844,0.03906057,0.008147392,0.030913178
CUST_001405,0.057383925,0.026476614,0.03090731
CUST_005139,0.051709976,0.020857118,0.030852858
CUST_005379,0.09037095,0.059577614,0.030793339
CUST_005062,0.17289777,0.14214766,0.03075011
CUST_004583,0.031914733,0.0012306102,0.030684123
CUST_003122,0.05210812,0.021480186,0.030627934
CUST_003187,0.07544593,0.04482291,0.030623019
CUST_002816,0.07544593,0.04482291,0.030623019
CUST_005013,0.26480198,0.2342067,0.030595273
CUST_005557,0.28906232,0.25846952,0.0305928
CUST_001386,0.04119532,0.010603899,0.030591423
CUST_005846,0.13998196,0.1094319,0.030550055
CUST_007719,0.0749834,0.044440612,0.03054279
CUST_003599,0.043399002,0.012899417,0.030499585
CUST_002381,0.030601408,0.00010494109,0.030496467
CUST_000187,0.061509743,0.031036476,0.030473268
CUST_003165,0.052691326,0.022220185,0.03047114
CUST_000089,0.056980237,0.026516588,0.030463649
CUST_006898,0.035473946,0.0050558806,0.030418066
CUST_006565,0.03526779,0.0048686047,0.030399185
CUST_004733,0.06120079,0.030870048,0.030330742
CUST_004499,0.184633,0.15431315,0.030319855
CUST_005703,0.059235558,0.028954402,0.030281156
CUST_004183,0.047067318,0.016803922,0.030263396
CUST_006185,0.041870166,0.01161058,0.030259587
CUST_006903,0.059168227,0.028932128,0.030236099
CUST_004382,0.047528993,0.017294738,0.030234255
CUST_007691,0.054860447,0.02465545,0.030204996
CUST_007801,0.05395024,0.023805087,0.030145152
CUST_002391,0.033407148,0.0033583827,0.030048765
CUST_005760,0.052683037,0.022686284,0.029996753
CUST_002897,0.074680105,0.044706307,0.029973798
CUST_008048,0.060105525,0.030166203,0.029939322
CUST_005524,0.07438822,0.044507403,0.029880818
CUST_000384,0.10106436,0.07121006,0.029854305
CUST_003379,0.040395603,0.010563135,0.029832467
CUST_004084,0.05773252,0.027900575,0.029831944
CUST_007088,0.04409652,0.014333661,0.029762857
CUST_003090,0.031895857,0.0021407309,0.029755127
CUST_007568,0.384103,0.3543867,0.029716313
CUST_003907,0.059392903,0.029676955,0.029715948
CUST_004795,0.108975366,0.079329245,0.029646121
CUST_007082,0.050812475,0.021180976,0.0296315
CUST_002147,0.045837164,0.01625914,0.029578025
CUST_004254,0.10625301,0.076725036,0.029527977
CUST_005201,0.102461085,0.07296174,0.029499345
CUST_005614,0.52040863,0.4909228,0.029485822
CUST_000375,0.055535108,0.026095685,0.029439423
CUST_003681,0.07386867,0.04445148,0.02941719
CUST_002224,0.048752263,0.019348899,0.029403364
CUST_000643,0.09930524,0.06994471,0.029360533
CUST_006015,0.035222746,0.00589246,0.029330287
CUST_003391,0.043711774,0.0143963955,0.029315379
CUST_008091,0.0963699,0.06713466,0.029235236
CUST_002500,0.12194894,0.09281676,0.02913218
CUST_006042,0.07455226,0.045449678,0.029102582
CUST_002326,0.047711514,0.018631155,0.02908036
CUST_004935,0.5921198,0.5630414,0.029078424
CUST_002548,0.040926263,0.011850786,0.029075477
CUST_001504,0.053617463,0.024561193,0.02905627
CUST_001955,0.1877631,0.15872158,0.029041514
CUST_007078,0.03399435,0.004956969,0.029037382
CUST_007103,0.044039562,0.015111286,0.028928276
CUST_003642,0.09689465,0.06806372,0.02883093
CUST_001411,0.04112913,0.012318828,0.028810304
CUST_006149,0.03297188,0.004162774,0.028809108
CUST_005850,0.05686197,0.02806191,0.028800061
CUST_003963,0.05563774,0.026903208,0.028734531
CUST_001989,0.14952232,0.12079547,0.028726846
CUST_003454,0.04836182,0.019636447,0.028725373
CUST_008193,0.0318156,0.003104522,0.028711077
CUST_000768,0.057134632,0.028433036,0.028701596
CUST_008090,0.3265952,0.2978944,0.028700799
CUST_006030,0.049894437,0.021230778,0.02866366
CUST_002410,0.6505399,0.6219191,0.02862078
CUST_001159,0.050573573,0.022000376,0.028573196
CUST_006740,0.07121277,0.04269669,0.02851608
CUST_007833,0.1349761,0.10647487,0.028501235
CUST_000370,0.032665763,0.0041826214,0.028483141
CUST_007038,0.07565287,0.047205158,0.02844771
CUST_001133,0.036821224,0.0084095895,0.028411634
CUST_005461,0.061102524,0.03281452,0.028288003
CUST_005769,0.033487905,0.0052195736,0.028268332
CUST_001426,0.040407646,0.012191446,0.028216202
CUST_005296,0.8634426,0.83525366,0.028188944
CUST_006340,0.11462867,0.08648568,0.028142996
CUST_000412,0.11462867,0.08648568,0.028142996
CUST_002196,0.040877644,0.012741211,0.028136432
CUST_006217,0.034314062,0.006208196,0.028105866
CUST_004762,0.03908874,0.011004854,0.028083887
CUST_003020,0.23291047,0.20483224,0.028078228
CUST_001900,0.031863406,0.0038886429,0.027974764
CUST_000984,0.12993525,0.10200903,0.027926221
CUST_002035,0.05138746,0.023477066,0.027910393
CUST_004296,0.05138746,0.023477066,0.027910393
CUST_000575,0.30378306,0.2759914,0.02779165
CUST_001388,0.0311544,0.0034120816,0.027742319
CUST_002737,0.029551717,0.001851194,0.027700523
CUST_006285,0.04230232,0.014624991,0.027677331
CUST_006963,0.0417056,0.014042876,0.027662724
CUST_006379,0.033433113,0.0058118287,0.027621284
CUST_006066,0.056876674,0.0292764,0.027600273
CUST_005973,0.17063999,0.14307792,0.027562067
CUST_005605,0.046169367,0.018610075,0.027559292
CUST_003088,0.047173053,0.019644545,0.027528508
CUST_005342,0.0672868,0.039763905,0.027522892
CUST_004621,0.043915436,0.016441373,0.027474063
CUST_006490,0.042367376,0.014979859,0.027387518
CUST_007927,0.12219855,0.09484114,0.027357414
CUST_004381,0.044932943,0.017602807,0.027330136
CUST_000531,0.03875711,0.01143037,0.027326738
CUST_001404,0.049231708,0.021931825,0.027299883
CUST_007895,0.039487988,0.012206315,0.027281672
CUST_002062,0.040136836,0.012889744,0.027247094
CUST_008191,0.081768535,0.054612067,0.027156468
CUST_003050,0.02933022,0.0022633441,0.027066875
CUST_002555,0.028141508,0.0011459193,0.026995588
CUST_000102,0.69897014,0.67198336,0.026986778
CUST_000097,0.041935056,0.015040652,0.026894405
CUST_006014,0.041935056,0.015040652,0.026894405
CUST_007989,0.2241257,0.19724897,0.026876733
CUST_006261,0.041075468,0.014235783,0.026839685
CUST_005891,0.08954868,0.06276221,0.026786469
CUST_000646,0.037303943,0.010597203,0.02670674
CUST_005397,0.30480155,0.27821866,0.026582897
CUST_005851,0.061982203,0.035423063,0.02655914
CUST_004435,0.028891014,0.0023485145,0.0265425
CUST_007861,0.040306345,0.01377775,0.026528595
CUST_000289,0.121023506,0.094520666,0.02650284
CUST_007152,0.042231686,0.015929256,0.02630243
CUST_007159,0.044532403,0.018285198,0.026247205
CUST_008011,0.054137778,0.027922276,0.026215501
CUST_006712,0.03826178,0.012046559,0.02621522
CUST_000003,0.030863622,0.0046748105,0.026188811
CUST_004145,0.099509,0.07334474,0.026164263
CUST_006336,0.044237643,0.018087571,0.026150072
CUST_003736,0.037132226,0.010988186,0.026144039
CUST_002929,0.042090047,0.015948895,0.026141152
CUST_004401,0.039099686,0.012985444,0.026114242
CUST_003268,0.0443115,0.01820258,0.02610892
CUST_003082,0.04268035,0.016625788,0.026054561
CUST_005555,0.07908189,0.053049833,0.02603206
CUST_001048,0.05257857,0.02656548,0.02601309
CUST_004082,0.048775576,0.02283636,0.025939217
CUST_002716,0.045113713,0.019197544,0.025916168
CUST_003609,0.027862797,0.0019738711,0.025888925
CUST_000741,0.056411095,0.030527648,0.025883447
CUST_001250,0.032524448,0.0066592977,0.02586515
CUST_006385,0.036031,0.010216714,0.025814287
CUST_005612,0.037800137,0.012008629,0.025791507
CUST_000006,0.04256582,0.016832346,0.025733473
CUST_005586,0.05883993,0.033108767,0.025731161
CUST_002207,0.22866182,0.20295933,0.025702491
CUST_007910,0.03934081,0.013668196,0.025672613
CUST_006711,0.04572702,0.020201433,0.025525585
CUST_001413,0.0810067,0.05549524,0.025511459
CUST_006430,0.03196109,0.006505012,0.025456078
CUST_004070,0.0921803,0.06678049,0.025399804
CUST_006983,0.044871595,0.019538106,0.025333488
CUST_002934,0.03346333,0.00814465,0.025318678
CUST_007534,0.02952852,0.004264074,0.025264446
CUST_004522,0.03810636,0.012890356,0.025216004
CUST_004039,0.1000983,0.074898414,0.025199883
CUST_002352,0.04048643,0.015299722,0.025186706
CUST_003618,0.036010467,0.010829829,0.025180638
CUST_000929,0.33761072,0.3124334,0.02517733
CUST_002466,0.12623459,0.10107739,0.025157198
CUST_002782,0.048405066,0.023249881,0.025155185
CUST_002916,0.03121107,0.0060633733,0.025147697
CUST_007368,0.041694313,0.016629329,0.025064984
CUST_008167,0.062280934,0.03723278,0.025048155
CUST_002432,0.04527174,0.020225646,0.025046093
CUST_000682,0.06925809,0.04429451,0.024963576
CUST_003833,0.05065808,0.025771331,0.02488675
CUST_000055,0.04380546,0.018944547,0.024860915
CUST_003493,0.07148717,0.04663202,0.024855152
CUST_002058,0.03242253,0.0075884224,0.02483411
CUST_006409,0.04452447,0.019769749,0.02475472
CUST_004801,0.03301368,0.008261539,0.02475214
CUST_000448,0.038999725,0.0142676085,0.024732117
CUST_001337,0.039086897,0.014412154,0.024674743
CUST_001993,0.20936358,0.18473057,0.024633005
CUST_001855,0.026854448,0.0022299264,0.02462452
CUST_004682,0.028356204,0.0037324491,0.024623755
CUST_003934,0.09029584,0.0657556,0.024540238
CUST_007424,0.04034782,0.015835356,0.024512462
CUST_006050,0.03379646,0.009304349,0.024492111
CUST_005878,0.45755604,0.43310463,0.024451405
CUST_004664,0.07717123,0.052790426,0.024380803
CUST_002641,0.07615314,0.051812124,0.024341013
CUST_005516,0.027628709,0.003330125,0.024298584
CUST_008122,0.060708996,0.03643317,0.024275824
CUST_002075,0.049841717,0.025575556,0.024266161
CUST_004832,0.06718265,0.042931005,0.024251647
CUST_005724,0.07964268,0.05539732,0.024245363
CUST_004629,0.044865463,0.020639926,0.024225537
CUST_003101,0.028894605,0.0046722065,0.024222398
CUST_005778,0.06533135,0.041170824,0.024160523
CUST_004361,0.0503217,0.026193764,0.024127934
CUST_004494,0.053809244,0.029683348,0.024125896
CUST_006233,0.053809244,0.029683348,0.024125896
CUST_006342,0.041491345,0.017365808,0.024125537
CUST_004774,0.1759332,0.15181486,0.024118334
CUST_007260,0.03734473,0.013231522,0.024113208
CUST_001180,0.10083964,0.07674199,0.024097644
CUST_001496,0.12405867,0.09996895,0.024089724
CUST_002117,0.03695341,0.012928587,0.024024822
CUST_002099,0.03269985,0.008713798,0.023986053
CUST_001204,0.05639956,0.032423105,0.023976456
CUST_006446,0.035486206,0.011551288,0.02393492
CUST_008102,0.10312445,0.07921674,0.023907706
CUST_002072,0.051506463,0.027612794,0.02389367
CUST_004604,0.026913835,0.0030353449,0.02387849
CUST_006004,0.16803196,0.1441763,0.023855656
CUST_006794,0.031377032,0.00756892,0.023808112
CUST_001776,0.040021144,0.016265431,0.023755712
CUST_008079,0.06415621,0.040447094,0.023709118
CUST_001216,0.19066167,0.16696508,0.023696586
CUST_004972,0.18374255,0.16011542,0.023627132
CUST_008065,0.042742707,0.019132232,0.023610475
CUST_002157,0.05719424,0.03361014,0.023584101
CUST_004980,0.029441934,0.005872839,0.023569096
CUST_004542,0.03867729,0.0151875,0.02348979
CUST_005281,0.06425101,0.040767614,0.0234834
CUST_002778,0.036940478,0.013466304,0.023474174
CUST_002759,0.08285383,0.059399553,0.023454279
CUST_002958,0.036392022,0.012957671,0.023434352
CUST_004622,0.03731671,0.013904485,0.023412224
CUST_004185,0.03172261,0.008336441,0.02338617
CUST_006205,0.03544936,0.012097617,0.023351744
CUST_002351,0.08353315,0.060185045,0.023348108
CUST_000080,0.075019814,0.051679514,0.0233403
CUST_003412,0.061344147,0.03803223,0.023311917
CUST_001045,0.05314829,0.029852752,0.023295537
CUST_001891,0.034226567,0.010934362,0.023292204
CUST_006534,0.043765057,0.02051277,0.023252286
CUST_004864,0.027012052,0.0037790362,0.023233015
CUST_004404,0.0730444,0.04983211,0.023212288
CUST_003064,0.039365172,0.01618259,0.023182582
CUST_000943,0.05850373,0.035326257,0.023177471
CUST_002941,0.028907007,0.0057473,0.023159707
CUST_002829,0.03861226,0.0154609615,0.0231513
CUST_005390,0.023608422,0.0004597306,0.023148691
CUST_003572,0.03832752,0.015200116,0.023127403
CUST_006483,0.15790313,0.13478088,0.023122251
CUST_002292,0.055544928,0.03243015,0.023114778
CUST_000977,0.07640631,0.053304877,0.02310143
CUST_005339,0.11982228,0.09672829,0.023093991
CUST_004247,0.041036006,0.017954495,0.023081511
CUST_004280,0.03258392,0.0095037585,0.023080159
CUST_006763,0.037724543,0.0147779295,0.022946615
CUST_005092,0.112610795,0.08967762,0.022933178
CUST_007457,0.039038666,0.016121402,0.022917263
CUST_005947,0.031962465,0.00906007,0.022902396
CUST_007826,0.034455303,0.011571842,0.02288346
CUST_001020,0.036231026,0.0133558335,0.022875194
CUST_006435,0.049541686,0.026678404,0.022863282
CUST_000104,0.02611823,0.003279136,0.022839094
CUST_000833,0.031009912,0.008215946,0.022793967
CUST_007724,0.02958745,0.0068440726,0.022743378
CUST_000535,0.52590835,0.50317836,0.022729993
CUST_001521,0.040081512,0.017385079,0.022696434
CUST_003129,0.040679824,0.018046781,0.022633042
CUST_007345,0.028516866,0.005885888,0.022630978
CUST_003536,0.09697402,0.07434663,0.02262739
CUST_003654,0.05999729,0.037371144,0.022626147
CUST_006780,0.1444813,0.12185744,0.02262386
CUST_003815,0.030887613,0.008350964,0.02253665
CUST_001777,0.039963357,0.017434437,0.02252892
CUST_005957,0.038756985,0.01629484,0.022462144
CUST_004753,0.03644257,0.01398753,0.02245504
CUST_007803,0.26485962,0.24241449,0.022445127
CUST_002554,0.031719085,0.009281426,0.022437658
CUST_002926,0.108002424,0.08557027,0.022432156
CUST_006536,0.03007833,0.007715029,0.0223633
CUST_001019,0.03259837,0.010323338,0.02227503
CUST_000948,0.023600174,0.001329015,0.02227116
CUST_004787,0.038093243,0.01587479,0.022218453
CUST_006640,0.094200365,0.07203927,0.022161096
CUST_007726,0.041380245,0.0192694,0.022110846
CUST_003869,0.05614013,0.034032367,0.022107761
CUST_004272,0.028789159,0.0067116655,0.022077493
CUST_007121,0.05534837,0.033295903,0.022052467
CUST_001888,0.030752981,0.008723185,0.022029795
CUST_001215,0.19920056,0.17717382,0.022026733
CUST_005149,0.07128983,0.049265902,0.022023927
CUST_000775,0.090609245,0.06870511,0.021904133
CUST_002921,0.043170236,0.021302527,0.02186771
CUST_005474,0.11267942,0.090819195,0.021860227
CUST_006744,0.06477713,0.042953465,0.021823663
CUST_006873,0.29639953,0.27458617,0.021813363
CUST_000683,0.05857187,0.03676288,0.021808993
CUST_005820,0.053403873,0.03161513,0.021788742
CUST_001178,0.2608976,0.2391232,0.021774411
CUST_005164,0.05863891,0.03688437,0.02175454
CUST_006349,0.03867704,0.01694623,0.02173081
CUST_000331,0.03257388,0.010845016,0.021728862
CUST_001023,0.048377573,0.026667597,0.021709977
CUST_007046,0.03271569,0.011007038,0.021708652
CUST_005620,0.030289987,0.0086054085,0.02168458
CUST_004923,0.023646371,0.0019618277,0.021684544
CUST_001147,0.024417376,0.0027473178,0.021670058
CUST_004459,0.3007377,0.27909443,0.021643281
CUST_005979,0.07251357,0.050881073,0.0216325
CUST_006388,0.04389809,0.022292037,0.021606054
CUST_007619,0.03131245,0.009732565,0.021579886
CUST_002553,0.04104277,0.019488763,0.021554008
CUST_005806,0.02533031,0.0038057505,0.02152456
CUST_000510,0.034155227,0.0126357,0.021519527
CUST_005604,0.05083787,0.029333206,0.021504665
CUST_004285,0.057775635,0.03634295,0.021432687
CUST_007710,0.030303359,0.008906559,0.0213968
CUST_003500,0.03750398,0.016161833,0.021342147
CUST_007554,0.07033577,0.04900095,0.02133482
CUST_004790,0.5809256,0.55960757,0.021318018
CUST_000502,0.039802194,0.018514577,0.021287616
CUST_006148,0.067455284,0.046191294,0.02126399
CUST_002982,0.0318151,0.010561935,0.021253165
CUST_003603,0.040879037,0.019629423,0.021249615
CUST_005267,0.066623755,0.045405503,0.021218251
CUST_004608,0.0400052,0.018810559,0.02119464
CUST_008199,0.027274225,0.0061138794,0.021160346
CUST_007161,0.058662277,0.03761011,0.021052167
CUST_002511,0.039530396,0.01848459,0.021045806
CUST_004035,0.02904521,0.00800198,0.02104323
CUST_002771,0.041319318,0.020334838,0.02098448
CUST_005582,0.0321111,0.011243102,0.020868
CUST_000554,0.09662705,0.075763896,0.020863153
CUST_000473,0.052315664,0.031536344,0.02077932
CUST_004742,0.077565454,0.0567916,0.020773854
CUST_007828,0.051765934,0.031003593,0.020762341
CUST_005591,0.040709067,0.019959392,0.020749675
CUST_002439,0.041033924,0.020322714,0.02071121
CUST_001161,0.02804016,0.007350783,0.020689376
CUST_002123,0.031819426,0.011147309,0.020672116
CUST_005867,0.038579296,0.017994002,0.020585295
CUST_003504,0.06346538,0.042897936,0.020567443
CUST_004730,0.047631677,0.027074603,0.020557074
CUST_008230,0.029990718,0.009442509,0.02054821
CUST_004246,0.03982445,0.019278921,0.020545527
CUST_007501,0.027548378,0.007040412,0.020507965
CUST_000696,0.027139379,0.0067103407,0.020429038
CUST_005335,0.06749427,0.047065344,0.02042893
CUST_001339,0.056462515,0.03604942,0.020413097
CUST_001631,0.07947013,0.059103567,0.02036656
CUST_004646,0.03470329,0.014370822,0.020332467
CUST_003079,0.06593327,0.04564763,0.020285644
CUST_004697,0.02603391,0.0058010905,0.020232819
CUST_002322,0.03343803,0.013235109,0.020202922
CUST_005137,0.04881118,0.028615449,0.02019573
CUST_004701,0.03128887,0.01111699,0.02017188
CUST_003256,0.030765476,0.01063592,0.020129556
CUST_001317,0.046703275,0.02659228,0.020110995
CUST_002775,0.022130974,0.0020245884,0.020106385
CUST_001912,0.044527017,0.02450232,0.020024696
CUST_004974,0.036781307,0.016800597,0.01998071
CUST_004912,0.05443212,0.03445272,0.019979399
CUST_006013,0.030257715,0.01029138,0.019966334
CUST_004786,0.08621859,0.066300474,0.019918114
CUST_000802,0.02524158,0.0054763835,0.019765196
CUST_000131,0.024872601,0.00511477,0.019757831
CUST_008136,0.029548496,0.00979158,0.019756917
CUST_005876,0.03147571,0.011728285,0.019747427
CUST_006129,0.024228858,0.0044824206,0.019746438
CUST_007392,0.030528348,0.010785646,0.019742701
CUST_003491,0.083089456,0.06335906,0.019730397
CUST_001123,0.02677978,0.007057808,0.019721972
CUST_004699,0.08641459,0.06681417,0.019600421
CUST_000927,0.028016374,0.008427187,0.019589186
CUST_000852,0.02305421,0.0034676867,0.019586524
CUST_005961,0.027487205,0.007902654,0.019584551
CUST_002449,0.03880969,0.019244615,0.019565076
CUST_003796,0.054650888,0.03509069,0.0195602
CUST_005919,0.048139427,0.028585231,0.019554196
CUST_002404,0.021165455,0.001618203,0.019547252
CUST_000950,0.043509007,0.023965932,0.019543074
CUST_001721,0.030315552,0.01078617,0.019529382
CUST_001049,0.031454455,0.011937543,0.019516911
CUST_003584,0.052876826,0.03337098,0.019505847
CUST_002491,0.046704426,0.027334373,0.019370053
CUST_007884,0.052535985,0.03316597,0.019370016
CUST_008084,0.03885769,0.019523397,0.019334294
CUST_003850,0.03406988,0.014748917,0.019320965
CUST_001268,0.03406988,0.014748917,0.019320965
CUST_001501,0.03033968,0.011070703,0.019268978
CUST_002016,0.030198041,0.010954529,0.019243512
CUST_000758,0.024465162,0.0052270587,0.019238103
CUST_007511,0.07183586,0.05260725,0.019228611
CUST_003418,0.14409435,0.12488072,0.019213624
CUST_002304,0.02704357,0.007830335,0.019213235
CUST_006176,0.026680566,0.0074800183,0.019200549
CUST_008076,0.027241668,0.008044142,0.019197525
CUST_007982,0.040203568,0.021013154,0.019190414
CUST_005493,0.030088717,0.010912935,0.019175783
CUST_007897,0.028697535,0.0095301205,0.019167416
CUST_002417,0.030180179,0.011016407,0.019163772
CUST_004550,0.054067172,0.034914676,0.019152496
CUST_005852,0.029322395,0.010170964,0.01915143
CUST_006260,0.035705976,0.016575385,0.019130591
CUST_008023,0.10225582,0.083131425,0.019124396
CUST_004211,0.023341399,0.0042362353,0.019105162
CUST_004914,0.048971336,0.029892288,0.019079048
CUST_008179,0.054325644,0.035253003,0.01907264
CUST_004016,0.11583925,0.09677869,0.01906056
CUST_003432,0.055847872,0.036803328,0.019044545
CUST_005088,0.06431004,0.045305576,0.01900446
CUST_007604,0.022647653,0.0036851943,0.018962458
CUST_008073,0.03279988,0.013848336,0.018951545
CUST_005467,0.037361987,0.018421352,0.018940635
CUST_004196,0.051027037,0.032110307,0.01891673
CUST_005417,0.051480055,0.032570433,0.018909622
CUST_005047,0.04145779,0.022550762,0.01890703
CUST_006404,0.02299693,0.004107003,0.018889926
CUST_002337,0.035940904,0.0170938,0.018847104
CUST_006449,0.06314989,0.04430283,0.018847063
CUST_006314,0.026482932,0.007640499,0.018842433
CUST_000296,0.035760086,0.01692194,0.018838147
CUST_002154,0.9595768,0.94074214,0.01883465
CUST_005317,0.03572358,0.016891586,0.018831993
CUST_004555,0.057039764,0.03821777,0.018821992
CUST_004398,0.026939584,0.008125335,0.018814249
CUST_001907,0.057074543,0.03827281,0.018801734
CUST_006335,0.025404282,0.0066202516,0.018784031
CUST_007144,0.06928445,0.050545033,0.018739413
CUST_001543,0.036199354,0.017466387,0.018732967
CUST_002289,0.03102599,0.012329096,0.018696895
CUST_001614,0.08722954,0.06854964,0.018679902
CUST_007690,0.81019175,0.79152894,0.01866281
CUST_004828,0.06678664,0.048133723,0.018652916
CUST_005499,0.038303938,0.019651724,0.018652214
CUST_003158,0.036340505,0.01770859,0.018631915
CUST_008234,0.041310314,0.02277024,0.018540073
CUST_001318,0.041604754,0.023108056,0.018496698
CUST_003307,0.036942557,0.018466568,0.018475989
CUST_007998,0.039683018,0.021231983,0.018451035
CUST_002867,0.028956695,0.010523295,0.0184334
CUST_000380,0.076670304,0.058250975,0.01841933
CUST_005946,0.045147624,0.026737629,0.018409995
CUST_003239,0.023133522,0.0047389367,0.018394586
CUST_006577,0.03190077,0.013523889,0.018376883
CUST_006891,0.028828464,0.010458925,0.01836954
CUST_007495,0.05906568,0.040714215,0.018351465
CUST_000100,0.047261253,0.028977135,0.018284118
CUST_006955,0.034477096,0.016198153,0.018278943
CUST_006239,0.18399718,0.16572171,0.01827547
CUST_003466,0.06689523,0.048626993,0.018268239
CUST_006105,0.043460928,0.025197962,0.018262966
CUST_001502,0.026896793,0.008678837,0.018217957
CUST_000760,0.0436532,0.025435517,0.018217685
CUST_005899,0.038121257,0.019906491,0.018214766
CUST_005276,0.039016366,0.020846773,0.018169593
CUST_006821,0.03248979,0.014344282,0.018145509
CUST_005779,0.020891326,0.0027507427,0.018140582
CUST_007293,0.08561249,0.067500636,0.018111855
CUST_004805,0.030076055,0.011981272,0.018094782
CUST_000047,0.2504819,0.23239243,0.018089473
CUST_002179,0.043432057,0.025364114,0.018067943
CUST_005655,0.036647357,0.018589664,0.018057693
CUST_001380,0.01950117,0.0014697781,0.018031392
CUST_002034,0.029641043,0.011616409,0.018024635
CUST_004928,0.04776741,0.029748173,0.018019235
CUST_006139,0.024130573,0.006143182,0.017987391
CUST_005441,0.059516814,0.04156601,0.017950803
CUST_003970,0.035747323,0.017857017,0.017890306
CUST_003348,0.033518255,0.015696516,0.017821738
CUST_006451,0.07513315,0.05731301,0.017820142
CUST_006998,0.08126149,0.06346558,0.017795913
CUST_003784,0.03785235,0.020064577,0.017787773
CUST_001098,0.019428099,0.001641432,0.017786667
CUST_000913,0.025586927,0.007835552,0.017751375
CUST_007006,0.02628662,0.008591665,0.017694956
CUST_006118,0.02878868,0.01112013,0.017668549
CUST_005110,0.024682384,0.0070271604,0.017655224
CUST_003558,0.028603414,0.010954662,0.017648753
CUST_003217,0.037145097,0.019496607,0.01764849
CUST_001312,0.03149874,0.013863165,0.017635576
CUST_002453,0.042223092,0.024588533,0.01763456
CUST_006364,0.22484092,0.20725943,0.017581493
CUST_007709,0.20095092,0.18339048,0.017560437
CUST_002335,0.04341045,0.025860135,0.017550316
CUST_002540,0.03025952,0.012717834,0.017541686
CUST_007952,0.03569846,0.018161526,0.017536933
CUST_004383,0.04320921,0.02567528,0.01753393
CUST_006311,0.030683508,0.013162879,0.017520629
CUST_003216,0.027393304,0.00990632,0.017486984
CUST_005246,0.034995135,0.017524099,0.017471036
CUST_002050,0.020039294,0.0025763505,0.017462943
CUST_001476,0.02880639,0.011358624,0.017447766
CUST_006197,0.018749146,0.0013032821,0.017445864
CUST_007233,0.035534564,0.018105261,0.017429303
CUST_007506,0.034526315,0.01711283,0.017413484
CUST_001454,0.020891521,0.0035226867,0.017368834
CUST_001590,0.053124007,0.035804246,0.017319761
CUST_005353,0.03749295,0.020209773,0.017283177
CUST_001166,0.025290819,0.008062277,0.017228542
CUST_007617,0.043508064,0.026283562,0.017224502
CUST_003243,0.025787996,0.008585761,0.017202236
CUST_001247,0.03440162,0.017219732,0.01718189
CUST_000919,0.035737675,0.018560018,0.017177656
CUST_002707,0.03469646,0.017519895,0.017176565
CUST_008063,0.039118323,0.02195048,0.017167844
CUST_005477,0.02631655,0.009149036,0.017167512
CUST_005002,0.030667227,0.013504056,0.01716317
CUST_002312,0.026312428,0.00915173,0.017160699
CUST_002183,0.025987908,0.0088397525,0.017148156
CUST_000996,0.02499046,0.00787655,0.01711391
CUST_003292,0.02499046,0.00787655,0.01711391
CUST_004630,0.02499046,0.00787655,0.01711391
CUST_000065,0.028352067,0.011245828,0.017106239
CUST_007039,0.046409637,0.02930993,0.017099706
CUST_005533,0.036672533,0.019575858,0.017096674
CUST_003912,0.046747543,0.029689288,0.017058255
CUST_007033,0.11875532,0.10170196,0.017053358
CUST_004681,0.15627696,0.13923663,0.017040327
CUST_005039,0.0367514,0.019731972,0.017019428
CUST_001517,0.29653966,0.27952644,0.017013222
CUST_004216,0.022465978,0.005509321,0.016956657
CUST_003447,0.023240058,0.0063658836,0.016874174
CUST_003876,0.034471344,0.01763653,0.016834814
CUST_005570,0.029373243,0.012635076,0.016738167
CUST_004633,0.030131914,0.013476147,0.016655765
CUST_007747,0.045142036,0.028533582,0.016608454
CUST_001969,0.025658717,0.009054417,0.0166043
CUST_007715,0.035145946,0.018544676,0.01660127
CUST_004598,0.029396046,0.012874797,0.016521249
CUST_003552,0.048492327,0.031991202,0.016501125
CUST_005263,0.038175113,0.02170807,0.016467044
CUST_007723,0.117543556,0.1010868,0.016456753
CUST_002866,0.117543556,0.1010868,0.016456753
CUST_003067,0.041854046,0.025430607,0.01642344
CUST_004921,0.044106793,0.027694713,0.01641208
CUST_000627,0.02698876,0.010591939,0.01639682
CUST_002681,0.04327195,0.026926568,0.016345384
CUST_006849,0.06259586,0.046280365,0.016315494
CUST_007539,0.024327429,0.008021907,0.016305521
CUST_005525,0.03195266,0.015687877,0.016264783
CUST_007486,0.025167696,0.008949421,0.016218275
CUST_004003,0.057990525,0.041794453,0.016196072
CUST_005214,0.040669683,0.024476893,0.01619279
CUST_004033,0.09304219,0.0768518,0.016190387
CUST_004732,0.017897027,0.0017462308,0.016150795
CUST_000642,0.020348616,0.0043225223,0.016026095
CUST_006721,0.018593172,0.0025709267,0.016022244
CUST_004110,0.062479056,0.046495084,0.015983973
CUST_004343,0.03200179,0.016035646,0.015966143
CUST_005431,0.017317679,0.0013570298,0.015960649
CUST_000620,0.06249748,0.04654645,0.01595103
CUST_000805,0.06300677,0.04706192,0.015944853
CUST_007854,0.06750877,0.051580902,0.01592787
CUST_005403,0.03380116,0.017887406,0.015913755
CUST_003749,0.027073879,0.011189874,0.015884005
CUST_003608,0.034829684,0.018957216,0.015872467
CUST_003805,0.04174361,0.02588297,0.01586064
CUST_001679,0.13419445,0.11838441,0.015810035
CUST_002902,0.055530567,0.039786033,0.015744533
CUST_007030,0.04382734,0.02809215,0.01573519
CUST_007443,0.036135018,0.020407502,0.015727516
CUST_004509,0.070134394,0.054492492,0.015641902
CUST_002944,0.015761014,0.00014141918,0.015619595
CUST_006853,0.03251589,0.016911028,0.015604863
CUST_001457,0.036887653,0.021283064,0.015604589
CUST_006907,0.016193882,0.0005956648,0.015598217
CUST_004563,0.04943294,0.03384021,0.015592732
CUST_002807,0.03708494,0.021556374,0.015528567
CUST_006839,0.049227893,0.033724844,0.015503049
CUST_003176,0.022836475,0.0073406235,0.015495852
CUST_007598,0.0884846,0.07300037,0.015484229
CUST_000449,0.040192187,0.02472196,0.015470227
CUST_003282,0.03875336,0.023322165,0.0154311955
CUST_001477,0.041831344,0.026435219,0.015396126
CUST_001306,0.04384247,0.028455202,0.015387267
CUST_004519,0.025306711,0.009999754,0.015306957
CUST_003729,0.023894435,0.008620383,0.015274052
CUST_001320,0.037290514,0.022030175,0.015260339
CUST_001151,0.027845932,0.012601545,0.015244387
CUST_001942,0.1559965,0.1407661,0.015230402
CUST_004327,0.025712764,0.010515656,0.015197108
CUST_001356,0.075584576,0.060390275,0.015194301
CUST_005976,0.07739625,0.062232107,0.015164144
CUST_003140,0.040440183,0.025277529,0.015162654
CUST_004243,0.11058195,0.09542186,0.015160091
CUST_005135,0.02817368,0.013019939,0.0151537405
CUST_000567,0.052374184,0.03734478,0.015029404
CUST_007843,0.068577245,0.053556267,0.015020978
CUST_005925,0.026623247,0.011605247,0.015018
CUST_003007,0.04678069,0.031764004,0.015016686
CUST_007164,0.028519802,0.013515985,0.015003817
CUST_001052,0.035024446,0.02002746,0.014996985
CUST_001345,0.025261099,0.010270032,0.014991066
CUST_001706,0.03857925,0.0236162,0.014963051
CUST_007570,0.031536613,0.01658172,0.014954893
CUST_000316,0.13092472,0.11603759,0.014887124
CUST_003381,0.116169706,0.10128266,0.014887042
CUST_000828,0.029457403,0.014579941,0.014877463
CUST_000544,0.029664306,0.0147961425,0.0148681635
CUST_007991,0.032265373,0.017402299,0.014863074
CUST_000551,0.052603777,0.037743077,0.014860701
CUST_001408,0.02419528,0.009384297,0.014810983
CUST_006727,0.046564475,0.03176667,0.014797803
CUST_001841,0.037869263,0.023075087,0.014794176
CUST_005225,0.04035036,0.025600858,0.014749501
CUST_000854,0.028143382,0.013415721,0.01472766
CUST_005032,0.047147952,0.032461833,0.014686119
CUST_006677,0.018252509,0.0036528702,0.014599638
CUST_000043,0.059129037,0.044541594,0.014587443
CUST_000099,0.084043436,0.06946456,0.014578879
CUST_007674,0.052905854,0.038351886,0.014553968
CUST_003475,0.03213733,0.017589321,0.014548009
CUST_000424,0.021256939,0.00673801,0.014518929
CUST_000386,0.10188221,0.0873747,0.01450751
CUST_003852,0.036745466,0.02224472,0.0145007465
CUST_001407,0.16302603,0.14859271,0.014433324
CUST_003820,0.030002391,0.015590216,0.014412175
CUST_005638,0.09256306,0.078154996,0.014408067
CUST_001738,0.039503157,0.02510782,0.014395338
CUST_005204,0.030691886,0.016322479,0.014369408
CUST_000148,0.020698871,0.006334769,0.014364103
CUST_005621,0.11287856,0.098576,0.014302559
CUST_004161,0.021942016,0.007641577,0.014300439
CUST_005442,0.055601187,0.04133765,0.014263537
CUST_007623,0.023537679,0.009296143,0.014241535
CUST_004256,0.024459986,0.010255777,0.014204209
CUST_001893,0.028739737,0.014603896,0.014135841
CUST_005737,0.03262658,0.01851384,0.014112741
CUST_001236,0.023701528,0.0096082175,0.014093311
CUST_002903,0.033757646,0.019696249,0.014061397
CUST_004671,0.080367655,0.06631649,0.014051162
CUST_001739,0.05640871,0.04239258,0.014016129
CUST_000115,0.014658723,0.0007243493,0.013934374
CUST_006993,0.21704134,0.20313135,0.013909996
CUST_004596,0.03142563,0.017579576,0.013846053
CUST_006671,0.038183976,0.024363095,0.013820881
CUST_000166,0.029013764,0.0152172195,0.013796545
CUST_007146,0.015249947,0.0014538871,0.01379606
CUST_001816,0.06355743,0.049855772,0.013701659
CUST_005668,0.06355743,0.049855772,0.013701659
CUST_004357,0.025516046,0.01182525,0.013690796
CUST_003297,0.04164665,0.028000005,0.013646644
CUST_004011,0.03736161,0.023715243,0.013646368
CUST_004201,0.03783667,0.024209969,0.013626702
CUST_003094,0.041776255,0.028170392,0.013605863
CUST_003409,0.062125903,0.04856276,0.013563141
CUST_000925,0.031823423,0.018265005,0.013558418
CUST_004088,0.023130706,0.009582243,0.013548463
CUST_000864,0.018861687,0.005339304,0.013522383
CUST_005513,0.027116751,0.013602558,0.013514194
CUST_000832,0.029194161,0.015693253,0.013500908
CUST_002483,0.023895724,0.010402005,0.013493719
CUST_007483,0.031652782,0.018183984,0.013468798
CUST_004632,0.039710883,0.026255038,0.013455845
CUST_000324,0.083193876,0.06976436,0.013429515
CUST_000516,0.024238247,0.010809961,0.013428287
CUST_006755,0.17150022,0.15809236,0.013407856
CUST_005444,0.02432461,0.010931309,0.0133933015
CUST_005027,0.024179844,0.010790623,0.013389221
CUST_000426,0.020354131,0.0070079984,0.013346133
CUST_003098,0.02186003,0.008540142,0.013319887
CUST_001650,0.025513884,0.012204667,0.013309217
CUST_005880,0.034972865,0.021718375,0.01325449
CUST_000922,0.14338785,0.13013914,0.013248712
CUST_004072,0.029900353,0.016663633,0.01323672
CUST_003326,0.058326624,0.045126952,0.013199672
CUST_003553,0.043547172,0.030347787,0.013199385
CUST_003925,0.032010756,0.018832127,0.01317863
CUST_000465,0.050426584,0.037298042,0.013128541
CUST_005512,0.027888814,0.014767741,0.013121073
CUST_002134,0.042006005,0.028915038,0.013090966
CUST_004679,0.027689366,0.014622105,0.01306726
CUST_002425,0.014898761,0.0018515413,0.01304722
CUST_003875,0.025109379,0.0120658185,0.01304356
CUST_005049,0.018875161,0.0058387155,0.013036446
CUST_002753,0.24021308,0.22718889,0.013024196
CUST_002261,0.021012986,0.00802662,0.012986366
CUST_007582,0.019830376,0.006852699,0.0129776765
CUST_007628,0.026689151,0.013716383,0.012972768
CUST_007961,0.025944447,0.012993463,0.012950984
CUST_001394,0.025308441,0.012410973,0.012897468
CUST_000224,0.019008348,0.0061234427,0.012884906
CUST_005766,0.018331805,0.00545336,0.012878446
CUST_005773,0.013971283,0.0011492491,0.012822034
CUST_008210,0.019287217,0.0064878757,0.012799341
CUST_007074,0.016020207,0.0032231463,0.01279706
CUST_007230,0.021789717,0.008998682,0.012791035
CUST_002833,0.023539798,0.010752425,0.012787374
CUST_001487,0.017199963,0.0044450825,0.012754881
CUST_003587,0.03644813,0.02372237,0.012725759
CUST_004441,0.05136451,0.03867675,0.012687761
CUST_005374,0.01723966,0.0045591295,0.012680531
CUST_000311,0.059443522,0.04678423,0.012659293
CUST_006723,0.022565603,0.009912163,0.01265344
CUST_002040,0.017333396,0.004719032,0.012614364
CUST_001282,0.039840307,0.027229538,0.012610769
CUST_004979,0.03558808,0.023015745,0.012572333
CUST_004529,0.02296898,0.010405167,0.012563813
CUST_004052,0.03552992,0.02297067,0.012559248
CUST_006961,0.021856038,0.009403857,0.0124521805
CUST_000475,0.019169094,0.0067574535,0.012411641
CUST_000596,0.029153781,0.016799614,0.012354167
CUST_007609,0.017382016,0.0050670006,0.012315016
CUST_005391,0.22353731,0.21123989,0.012297422
CUST_004865,0.02462096,0.012338594,0.012282366
CUST_001278,0.06113162,0.0488662,0.012265418
CUST_004031,0.031614628,0.019363811,0.012250816
CUST_000941,0.038522802,0.026315494,0.012207309
CUST_002603,0.022016596,0.009820495,0.012196101
CUST_003593,0.036291055,0.02409616,0.012194896
CUST_001522,0.029231692,0.017049575,0.0121821165
CUST_004978,0.02155909,0.009422821,0.012136268
CUST_000656,0.02155909,0.009422821,0.012136268
CUST_007972,0.01449759,0.0023702618,0.012127329
CUST_000270,0.0172036,0.005082474,0.012121125
CUST_000210,0.037129212,0.025032455,0.012096757
CUST_003113,0.12926517,0.11720232,0.012062855
CUST_000228,0.030568786,0.01851955,0.012049235
CUST_003864,0.03587593,0.02386717,0.012008762
CUST_003701,0.03003483,0.018036049,0.011998782
CUST_001276,0.017931145,0.0059435,0.011987645
CUST_005265,0.034576442,0.022619769,0.011956673
CUST_005007,0.020237822,0.008343267,0.011894555
CUST_000214,0.7898468,0.7779724,0.011874378
CUST_006820,0.030631877,0.018778177,0.0118537005
CUST_002212,0.018988084,0.00714423,0.011843855
CUST_003334,0.02774484,0.015905011,0.011839829
CUST_005992,0.0153300315,0.0034939176,0.011836113
CUST_001948,0.015105467,0.0033036578,0.011801809
CUST_002251,0.030999582,0.019201957,0.011797626
CUST_001210,0.05804286,0.046247523,0.011795338
CUST_002518,0.022800017,0.011065432,0.011734585
CUST_001710,0.012728586,0.001050753,0.011677833
CUST_002871,0.012949567,0.0012885376,0.011661029
CUST_004292,0.018161032,0.0065173013,0.011643731
CUST_000986,0.0224628,0.010827325,0.011635475
CUST_002248,0.021092484,0.009482475,0.011610009
CUST_002121,0.03384539,0.02224069,0.0116047
CUST_006172,0.0840933,0.07249911,0.011594191
CUST_007821,0.030151203,0.01857366,0.011577543
CUST_007459,0.03118889,0.019650787,0.011538103
CUST_004860,0.020685049,0.009159123,0.011525926
CUST_000813,0.027148405,0.015624305,0.0115241
CUST_000374,0.061916515,0.050436173,0.011480343
CUST_003105,0.0225188,0.011053072,0.011465728
CUST_006489,0.016994692,0.0055578123,0.01143688
CUST_006876,0.06476534,0.053340532,0.01142481
CUST_000195,0.30322102,0.29181105,0.011409968
CUST_005479,0.014857213,0.003472043,0.01138517
CUST_008235,0.04932452,0.037973814,0.011350706
CUST_005600,0.04549865,0.034164507,0.011334144
CUST_005349,0.028242396,0.016911615,0.0113307815
CUST_004691,0.023905978,0.012582846,0.011323132
CUST_002080,0.024339076,0.013032929,0.011306147
CUST_000965,0.017801287,0.0065002986,0.0113009885
CUST_000168,0.030623676,0.019342083,0.011281593
CUST_002384,0.016209349,0.0049381256,0.011271223
CUST_002042,0.04739937,0.036177028,0.011222344
CUST_001053,0.04913461,0.037935726,0.011198882
CUST_002038,0.02554768,0.014351309,0.01119637
CUST_001586,0.053758394,0.042564303,0.011194091
CUST_001086,0.020851947,0.009666619,0.0111853285
CUST_000731,0.034571406,0.023428334,0.011143072
CUST_001925,0.032327533,0.021192966,0.011134567
CUST_003981,0.08447197,0.07334195,0.01113002
CUST_000143,0.031045645,0.019917944,0.011127701
CUST_002308,0.020221362,0.009103373,0.011117989
CUST_004658,0.021842688,0.010766777,0.011075911
CUST_004255,0.022878367,0.011828198,0.011050169
CUST_001878,0.0447097,0.033702746,0.011006955
CUST_002059,0.026684007,0.015683688,0.011000318
CUST_006935,0.09893311,0.08794708,0.01098603
CUST_003295,0.029882276,0.018904885,0.010977391
CUST_001828,0.016896836,0.0059228996,0.010973937
CUST_007365,0.013009673,0.00206224,0.010947433
CUST_005982,0.09863648,0.08771851,0.010917969
CUST_002398,0.01844119,0.007574069,0.010867121
CUST_001369,0.019326026,0.0085068615,0.010819164
CUST_004032,0.041222658,0.030414814,0.010807844
CUST_001654,0.029270776,0.018466806,0.01080397
CUST_005107,0.04980504,0.039003782,0.010801259
CUST_007002,0.04223833,0.031438675,0.010799654
CUST_000388,0.04256878,0.031927068,0.010641713
CUST_000748,0.034052007,0.02341771,0.0106342975
CUST_002508,0.024595944,0.013963574,0.010632371
CUST_001167,0.020095386,0.009466316,0.01062907
CUST_006051,0.05502859,0.044449493,0.010579098
CUST_005487,0.02507049,0.014501679,0.010568812
CUST_003258,0.04987133,0.039303694,0.010567635
CUST_000705,0.011251874,0.0006959888,0.010555886
CUST_005545,0.06444094,0.05400773,0.010433212
CUST_006171,0.078541,0.06811308,0.010427922
CUST_000556,0.036307555,0.025889609,0.010417946
CUST_001261,0.10411168,0.0937492,0.010362476
CUST_008061,0.02821416,0.017910559,0.010303602
CUST_007154,0.036297195,0.026055107,0.010242088
CUST_004238,0.39327723,0.38303566,0.010241568
CUST_006203,0.022974266,0.012740311,0.0102339545
CUST_007243,0.022980599,0.01275304,0.010227559
CUST_005950,0.02557571,0.015364143,0.010211567
CUST_006668,0.1523629,0.14215155,0.0102113485
CUST_005521,0.012857592,0.0026490048,0.010208587
CUST_005495,0.062194936,0.051994618,0.010200318
CUST_003186,0.13143061,0.12124102,0.010189593
CUST_007503,0.040280953,0.03012523,0.0101557225
CUST_003384,0.11273117,0.10263722,0.010093957
CUST_001047,0.016774585,0.0067179184,0.010056667
CUST_007776,0.014686595,0.004658567,0.010028028
CUST_001106,0.017378848,0.0073521747,0.010026673
CUST_002795,0.015291924,0.005268161,0.0100237625
CUST_005986,0.017659992,0.0076441485,0.010015843
CUST_000918,0.027747227,0.017734911,0.010012316
CUST_002595,0.029438367,0.019448735,0.009989632
CUST_002376,0.0242944,0.014373762,0.009920639
CUST_008037,0.1723948,0.16248026,0.009914532
CUST_006100,0.0109555675,0.0010657524,0.009889815
CUST_000912,0.08450102,0.07462099,0.009880029
CUST_001471,0.02704962,0.0171739,0.00987572
CUST_007975,0.041228794,0.031379864,0.00984893
CUST_006000,0.07565877,0.0658301,0.009828672
CUST_006745,0.016376697,0.006557008,0.009819688
CUST_006937,0.016519258,0.006699619,0.009819639
CUST_000710,0.025862694,0.016058195,0.009804498
CUST_002068,0.03143178,0.021649888,0.0097818915
CUST_002845,0.024636835,0.01485863,0.009778205
CUST_006933,0.082697555,0.07293562,0.009761937
CUST_002182,0.028936004,0.01917764,0.009758364
CUST_000669,0.016703261,0.0069532087,0.009750052
CUST_003890,0.03956699,0.02984375,0.0097232405
CUST_003407,0.05714108,0.047473636,0.009667445
CUST_005043,0.031604216,0.021940537,0.009663679
CUST_004711,0.31841883,0.3087878,0.009631038
CUST_003883,0.021912036,0.012291625,0.009620411
CUST_006389,0.040975194,0.03139837,0.009576824
CUST_001674,0.02327562,0.013702985,0.0095726345
CUST_000612,0.018253585,0.008712228,0.009541357
CUST_000326,0.11476129,0.10526781,0.009493485
CUST_004958,0.49044022,0.48095492,0.009485304
CUST_003675,0.01695928,0.007486028,0.009473251
CUST_002424,0.012164903,0.0026997058,0.009465197
CUST_001941,0.024859646,0.015496757,0.009362889
CUST_006498,0.02099997,0.011639508,0.0093604615
CUST_000049,0.019988332,0.010635829,0.009352503
CUST_004779,0.020842597,0.01151971,0.009322887
CUST_005450,0.03246267,0.023183763,0.009278908
CUST_002215,0.037982386,0.028769307,0.009213079
CUST_003363,0.034485217,0.025305642,0.009179575
CUST_000843,0.021213148,0.012057409,0.009155739
CUST_005597,0.020029683,0.010875862,0.009153821
CUST_001832,0.027260661,0.018124852,0.009135809
CUST_003207,0.029391576,0.020257203,0.009134373
CUST_005298,0.027098503,0.017972436,0.009126067
CUST_000190,0.026726555,0.017602222,0.009124333
CUST_000882,0.020373149,0.011257849,0.0091153
CUST_002575,0.051438667,0.04233361,0.0091050565
CUST_007394,0.058111746,0.049027365,0.009084381
CUST_003643,0.041467343,0.03238524,0.009082101
CUST_004440,0.046632197,0.03756102,0.009071175
CUST_006190,0.015272068,0.006221611,0.009050457
CUST_000726,0.064431734,0.055411793,0.009019941
CUST_006627,0.023913706,0.0148981875,0.009015518
CUST_001824,0.036562335,0.02757119,0.008991145
CUST_002757,0.03610633,0.027128043,0.008978287
CUST_002464,0.01615642,0.0072023687,0.008954052
CUST_007111,0.023650857,0.014699033,0.008951823
CUST_006506,0.032228768,0.023303237,0.008925531
CUST_007931,0.015814353,0.006924468,0.008889885
CUST_006008,0.03844304,0.029577464,0.008865576
CUST_006932,0.018169228,0.009330477,0.008838751
CUST_005194,0.041489467,0.03265284,0.008836627
CUST_001609,0.053166203,0.044343255,0.008822948
CUST_003938,0.032798838,0.023980713,0.008818125
CUST_001221,0.01752799,0.008714061,0.008813929
CUST_007694,0.03429999,0.025501883,0.008798106
CUST_006692,0.03885073,0.030072562,0.008778166
CUST_000957,0.03652608,0.027768582,0.008757498
CUST_005667,0.02318204,0.014437128,0.008744912
CUST_007936,0.028767835,0.020042177,0.008725658
CUST_007211,0.092138566,0.08342059,0.0087179765
CUST_000583,0.015087041,0.0063750204,0.008712021
CUST_004590,0.027719192,0.019007413,0.0087117795
CUST_004738,0.014620937,0.0059149396,0.008705998
CUST_000590,0.017068582,0.00837448,0.008694102
CUST_008050,0.07149482,0.062805526,0.008689292
CUST_007300,0.01582667,0.0071523995,0.008674271
CUST_003420,0.05278264,0.04411037,0.008672271
CUST_005174,0.026896358,0.01825841,0.008637948
CUST_005631,0.017390708,0.008758199,0.008632508
CUST_002826,0.02191662,0.013307248,0.008609372
CUST_001563,0.021163978,0.012578083,0.0085858945
CUST_007947,0.031657066,0.023082558,0.008574508
CUST_006522,0.008785717,0.00031985002,0.0084658675
CUST_004804,0.07541626,0.066983715,0.008432545
CUST_002942,0.07541626,0.066983715,0.008432545
CUST_000754,0.024798777,0.016372511,0.008426266
CUST_001984,0.019973487,0.0116006145,0.008372872
CUST_001143,0.012219132,0.0038623158,0.008356816
CUST_005122,0.02082523,0.012477009,0.008348221
CUST_007627,0.029018816,0.020690672,0.0083281435
CUST_002498,0.03720458,0.028893542,0.008311037
CUST_001733,0.02564695,0.017338742,0.008308208
CUST_008105,0.021098537,0.012796331,0.008302206
CUST_003275,0.019929335,0.011637166,0.008292168
CUST_006413,0.78476596,0.7764942,0.008271754
CUST_001663,0.01653942,0.008279789,0.00825963
CUST_005037,0.020552563,0.012304767,0.0082477955
CUST_002277,0.008757136,0.00052197994,0.008235156
CUST_005055,0.023323562,0.015099758,0.008223804
CUST_000743,0.044097405,0.035905927,0.0081914775
CUST_007805,0.058180448,0.049988974,0.008191474
CUST_007168,0.021980971,0.013799602,0.008181369
CUST_001715,0.024347084,0.01619993,0.008147154
CUST_002957,0.055476647,0.047329493,0.008147154
CUST_001046,0.14407066,0.13592754,0.008143112
CUST_002653,0.031076027,0.02294727,0.008128757
CUST_004775,0.012199424,0.0040790504,0.008120374
CUST_004213,0.019472355,0.011356777,0.008115578
CUST_003100,0.020086912,0.011997891,0.008089022
CUST_001861,0.04226441,0.034177914,0.008086495
CUST_005289,0.049515385,0.041453507,0.008061878
CUST_000081,0.019702176,0.011654471,0.008047705
CUST_007499,0.013379819,0.005347548,0.008032271
CUST_005325,0.03352477,0.025514735,0.008010035
CUST_006576,0.040928256,0.03297227,0.007955987
CUST_003425,0.012710447,0.004761322,0.007949125
CUST_001885,0.022244902,0.014307129,0.007937773
CUST_006410,0.022516252,0.014614544,0.007901709
CUST_002769,0.025036452,0.01714245,0.007894002
CUST_000515,0.02243188,0.014547898,0.007883982
CUST_006214,0.033650793,0.025770888,0.007879905
CUST_004692,0.014466257,0.006648157,0.0078181
CUST_007777,0.023564972,0.01575608,0.007808892
CUST_004303,0.013939243,0.006146397,0.007792846
CUST_002910,0.023788719,0.016004777,0.007783942
CUST_003125,0.02122953,0.013452623,0.0077769067
CUST_007701,0.09911023,0.09136854,0.0077416897
CUST_004796,0.021121306,0.013382104,0.007739202
CUST_004174,0.09604459,0.08830912,0.007735476
CUST_004171,0.05013175,0.042410742,0.007721007
CUST_003567,0.03402246,0.026319385,0.007703077
CUST_001444,0.037598196,0.029913422,0.0076847747
CUST_007032,0.029824052,0.022140985,0.0076830667
CUST_003118,0.008817087,0.0011584201,0.007658667
CUST_000275,0.025482377,0.01783106,0.007651318
CUST_005274,0.024649195,0.017031709,0.0076174866
CUST_007353,0.77283865,0.76524514,0.0075935125
CUST_007485,0.026641574,0.019054508,0.007587066
CUST_006779,0.021416824,0.013847992,0.0075688325
CUST_001297,0.032679353,0.025116839,0.0075625144
CUST_007876,0.021340169,0.013808189,0.00753198
CUST_004883,0.018333398,0.010811006,0.007522392
CUST_001537,0.033416145,0.02590005,0.0075160954
CUST_002939,0.03737533,0.029922029,0.007453302
CUST_002905,0.010680212,0.0032315722,0.0074486397
CUST_004536,0.023627631,0.016188733,0.007438898
CUST_006200,0.49655056,0.48912922,0.0074213445
CUST_002274,0.01908954,0.011679236,0.0074103046
CUST_004097,0.019185865,0.011776383,0.0074094823
CUST_007818,0.032881066,0.025480555,0.007400511
CUST_002995,0.054716296,0.047318075,0.0073982216
CUST_005206,0.02591899,0.018532699,0.0073862914
CUST_007222,0.020526178,0.013145498,0.00738068
CUST_000461,0.0088576265,0.001480057,0.0073775696
CUST_000360,0.011472874,0.004114212,0.0073586623
CUST_001995,0.025531566,0.01817629,0.0073552765
CUST_000713,0.019176997,0.011829719,0.0073472783
CUST_006846,0.014021302,0.0066887815,0.00733252
CUST_004400,0.035855275,0.028581714,0.0072735604
CUST_002732,0.01702779,0.009790507,0.0072372826
CUST_007581,0.010892922,0.0036711781,0.007221744
CUST_006265,0.013761496,0.00654127,0.0072202263
CUST_000452,0.063243896,0.0560298,0.0072140954
CUST_005751,0.050294247,0.043100514,0.007193733
CUST_003564,0.07626009,0.06910178,0.007158309
CUST_007871,0.046632696,0.039475523,0.007157173
CUST_007996,0.014579948,0.00742491,0.007155038
CUST_001516,0.03271995,0.025567975,0.007151976
CUST_003699,0.1430321,0.13594101,0.00709109
CUST_007717,0.027316803,0.020261979,0.0070548244
CUST_004108,0.29372793,0.28669068,0.007037252
CUST_004572,0.05141978,0.044386692,0.0070330873
CUST_001818,0.014271298,0.0072730854,0.006998213
CUST_003225,0.026385317,0.019390631,0.006994685
CUST_005677,0.088885166,0.081892036,0.00699313
CUST_002463,0.054787666,0.04781376,0.0069739074
CUST_003012,0.03166288,0.024693647,0.006969234
CUST_000673,0.021769218,0.014812396,0.0069568222
CUST_005505,0.02121117,0.014268541,0.006942629
CUST_003410,0.016955035,0.010016686,0.0069383485
CUST_000352,0.025115555,0.018212019,0.0069035366
CUST_006411,0.03463921,0.027779108,0.0068601016
CUST_008109,0.016357182,0.009500707,0.006856475
CUST_002265,0.030967213,0.02411716,0.0068500526
CUST_003460,0.04603183,0.03918699,0.006844837
CUST_007007,0.012581542,0.0057519916,0.0068295505
CUST_002176,0.026853345,0.02004888,0.0068044662
CUST_005903,0.015719932,0.008974714,0.0067452174
CUST_001982,0.21765357,0.21094015,0.00671342
CUST_001499,0.057464413,0.05075271,0.006711703
CUST_002977,0.107704125,0.10099405,0.006710075
CUST_007980,0.107704125,0.10099405,0.006710075
CUST_002945,0.04620765,0.039503783,0.0067038685
CUST_005739,0.021991907,0.0152962245,0.006695682
CUST_002127,0.0137996655,0.0071211695,0.006678496
CUST_000446,0.011246331,0.0045989663,0.0066473647
CUST_001834,0.016549515,0.009984023,0.0065654917
CUST_000437,0.013918051,0.007424102,0.0064939484
CUST_002787,0.024248356,0.01775456,0.0064937957
CUST_006928,0.07006847,0.063582875,0.0064855963
CUST_007018,0.030983882,0.02450364,0.006480241
CUST_007773,0.030592313,0.024114585,0.0064777285
CUST_004761,0.03677292,0.030301481,0.00647144
CUST_001546,0.031292737,0.0248267,0.0064660367
CUST_004083,0.022640087,0.016199702,0.0064403843
CUST_007373,0.011950954,0.0055142455,0.0064367084
CUST_006244,0.2915509,0.28512534,0.0064255595
CUST_004547,0.03605609,0.029643655,0.0064124353
CUST_000774,0.024779474,0.018377194,0.00640228
CUST_003828,0.01640241,0.010001741,0.006400669
CUST_000294,0.010100723,0.0037366839,0.006364039
CUST_006643,0.009788187,0.003430802,0.0063573853
CUST_001594,0.025276871,0.018927323,0.0063495487
CUST_005536,0.028936468,0.022589533,0.0063469354
CUST_007620,0.013824686,0.0075088753,0.006315811
CUST_003669,0.01702882,0.010738668,0.0062901517
CUST_007830,0.036155608,0.029883645,0.006271962
CUST_000345,0.09136154,0.08509101,0.006270528
CUST_007086,0.05171921,0.045449875,0.0062693357
CUST_007326,0.031634174,0.025401384,0.0062327906
CUST_008043,0.026944721,0.020785091,0.0061596297
CUST_000523,0.36379388,0.35764512,0.0061487556
CUST_005003,0.049282722,0.043144953,0.0061377697
CUST_001877,0.029563384,0.023455704,0.0061076805
CUST_004849,0.016679464,0.010599438,0.006080026
CUST_006141,0.025679976,0.0196138,0.006066175
CUST_008156,0.033242695,0.027180225,0.0060624704
CUST_004715,0.03623569,0.030178705,0.006056985
CUST_007838,0.02234409,0.016295819,0.0060482714
CUST_005310,0.020450674,0.014403182,0.006047492
CUST_001005,0.03194199,0.02590109,0.006040901
CUST_004569,0.027679302,0.021640886,0.006038416
CUST_004138,0.010438074,0.004406072,0.006032002
CUST_001589,0.01898705,0.013039979,0.005947071
CUST_000271,0.015103899,0.00917745,0.005926449
CUST_006868,0.018296128,0.012372691,0.005923437
CUST_007410,0.045299068,0.039417967,0.005881101
CUST_001625,0.006293357,0.00042107125,0.0058722855
CUST_002834,0.015547719,0.009690422,0.005857297
CUST_003590,0.030562203,0.024704922,0.0058572814
CUST_003000,0.0111589255,0.005350212,0.0058087134
CUST_002706,0.021437095,0.015658306,0.0057787895
CUST_002201,0.40099934,0.39523497,0.005764365
CUST_008153,0.010086258,0.004324585,0.0057616727
CUST_000736,0.019946367,0.014187557,0.00575881
CUST_000366,0.011056362,0.005299004,0.005757358
CUST_008223,0.015717711,0.009973546,0.0057441657
CUST_004346,0.020035543,0.014311104,0.0057244385
CUST_000429,0.5663146,0.56068414,0.0056304336
CUST_004364,0.025600946,0.019986726,0.0056142192
CUST_004995,0.01167447,0.0060618185,0.005612652
CUST_002513,0.072676495,0.067066625,0.00560987
CUST_006836,0.031178541,0.025601232,0.005577309
CUST_001403,0.024782654,0.019208958,0.0055736955
CUST_002882,0.03395345,0.028384654,0.005568797
CUST_007535,0.014975202,0.009433995,0.0055412073
CUST_000808,0.022753933,0.01722417,0.005529763
CUST_000495,0.011403493,0.005874415,0.0055290777
CUST_000111,0.022327174,0.016803473,0.0055237003
CUST_002576,0.02323719,0.017752357,0.0054848325
CUST_000074,0.02430594,0.018854892,0.005451048
CUST_001697,0.014221436,0.008777744,0.005443692
CUST_005073,0.04111659,0.03567384,0.0054427497
CUST_001643,0.027726665,0.022285437,0.005441228
CUST_007815,0.015511582,0.010085773,0.005425809
CUST_002065,0.018521212,0.013105634,0.0054155784
CUST_003650,0.024243455,0.018832931,0.005410524
CUST_005997,0.05189571,0.046501968,0.0053937435
CUST_003757,0.04049291,0.035109393,0.0053835176
CUST_004358,0.017812246,0.012440997,0.0053712493
CUST_001137,0.013841566,0.008474018,0.0053675473
CUST_002130,0.024082024,0.018742971,0.0053390525
CUST_004430,0.037688434,0.032439563,0.0052488707
CUST_001579,0.022716869,0.017498462,0.005218407
CUST_002514,0.043173347,0.037980165,0.0051931813
CUST_000238,0.036558643,0.031373248,0.0051853955
CUST_005504,0.01983531,0.0146503085,0.0051850015
CUST_002434,0.005396965,0.0002405197,0.0051564453
CUST_003533,0.024096178,0.018952407,0.005143771
CUST_007316,0.01787585,0.012755969,0.0051198816
CUST_001097,0.0359488,0.030843098,0.005105704
CUST_000474,0.0098663885,0.0047828606,0.005083528
CUST_001373,0.020996092,0.015940718,0.0050553735
CUST_005167,0.039061364,0.03408517,0.0049761944
CUST_005705,0.028986555,0.024067353,0.004919201
CUST_000933,0.10535832,0.10047107,0.0048872456
CUST_006710,0.009354763,0.0044697355,0.004885027
CUST_005234,0.02866346,0.023810871,0.004852589
CUST_001892,0.041390207,0.036540415,0.0048497915
CUST_005078,0.012047949,0.007216235,0.004831714
CUST_006695,0.028008968,0.023178965,0.004830003
CUST_006295,0.039285447,0.034459952,0.004825495
CUST_000914,0.019359527,0.014546861,0.004812666
CUST_003905,0.02760034,0.022791041,0.0048092995
CUST_000022,0.017925998,0.013121537,0.0048044613
CUST_003071,0.021298097,0.016502695,0.0047954023
CUST_002974,0.027891291,0.023129739,0.0047615524
CUST_006971,0.051718406,0.046974972,0.0047434345
CUST_002273,0.010471462,0.005729638,0.004741824
CUST_000613,0.028735025,0.02404066,0.004694365
CUST_002237,0.01264183,0.007961053,0.004680777
CUST_000790,0.017663268,0.012987893,0.0046753753
CUST_002785,0.0096614435,0.0049984697,0.004662974
CUST_001665,0.0098818755,0.00521947,0.0046624057
CUST_002925,0.031794477,0.027136842,0.0046576355
CUST_005781,0.15615934,0.15152387,0.004635468
CUST_007583,0.073988385,0.06936344,0.004624948
CUST_003209,0.016790409,0.012175756,0.004614653
CUST_005883,0.036951687,0.032338813,0.0046128742
CUST_001633,0.025021264,0.020468611,0.004552653
CUST_005490,0.015621006,0.011102038,0.004518967
CUST_005649,0.030891238,0.026421122,0.0044701155
CUST_007247,0.025239678,0.020809997,0.004429681
CUST_006447,0.03792928,0.033506617,0.0044226646
CUST_005351,0.07308186,0.068687476,0.0043943822
CUST_006688,0.019224916,0.014869389,0.0043555265
CUST_008209,0.03908857,0.034752306,0.004336264
CUST_006714,0.02843782,0.024106303,0.004331516
CUST_004668,0.012447901,0.00814794,0.004299961
CUST_003703,0.031233111,0.026951112,0.0042819995
CUST_002523,0.036754824,0.032477234,0.0042775907
CUST_006832,0.03443244,0.03016529,0.0042671505
CUST_006235,0.3191999,0.31494215,0.0042577386
CUST_003520,0.03635849,0.03211786,0.004240632
CUST_007689,0.06475883,0.060534935,0.0042238943
CUST_002922,0.021891823,0.017707422,0.0041844007
CUST_001901,0.08608846,0.08195675,0.004131712
CUST_004453,0.024739988,0.02063289,0.004107099
CUST_007594,0.011710811,0.007612714,0.0040980973
CUST_007926,0.015934085,0.01183713,0.004096955
CUST_008038,0.024999049,0.020908372,0.004090676
CUST_000557,0.01472548,0.010663165,0.0040623154
CUST_000976,0.0050732163,0.0010623165,0.0040109
CUST_003861,0.008971517,0.0049634012,0.0040081157
CUST_002711,0.033286497,0.029282792,0.0040037055
CUST_001253,0.008880034,0.0049038325,0.0039762016
CUST_000861,0.034337014,0.030364942,0.003972072
CUST_006254,0.011624247,0.0076872623,0.0039369846
CUST_006209,0.028899055,0.025045926,0.0038531292
CUST_005040,0.012778861,0.008985998,0.0037928633
CUST_006817,0.029407209,0.025617592,0.0037896167
CUST_003066,0.017865874,0.014163881,0.0037019933
CUST_006976,0.007413768,0.0037265618,0.0036872064
CUST_006716,0.023515554,0.019845093,0.0036704615
CUST_001572,0.017678889,0.014008566,0.0036703227
CUST_003998,0.024042033,0.020460807,0.0035812259
CUST_000167,0.01328141,0.009701657,0.0035797525
CUST_003110,0.012617064,0.009058256,0.003558808
CUST_003273,0.020012585,0.016464802,0.003547784
CUST_003987,0.0970537,0.09354658,0.0035071224
CUST_001258,0.02304823,0.01954235,0.00350588
CUST_006827,0.018156596,0.014653882,0.0035027135
CUST_006660,0.02203978,0.018583937,0.0034558438
CUST_000545,0.012631466,0.009186043,0.0034454223
CUST_002692,0.14895569,0.14551534,0.0034403503
CUST_008215,0.47047052,0.46703938,0.0034311414
CUST_005184,0.024897281,0.02148834,0.0034089405
CUST_000476,0.10358332,0.10017649,0.0034068301
CUST_000444,0.009626104,0.006228525,0.0033975784
CUST_004141,0.029094677,0.025772596,0.0033220816
CUST_007540,0.03115874,0.027839687,0.003319053
CUST_007349,0.03037373,0.027096115,0.0032776147
CUST_002078,0.013132897,0.009870083,0.0032628141
CUST_003543,0.0078812465,0.004625681,0.0032555657
CUST_002683,0.009376277,0.0061216843,0.003254593
CUST_007321,0.027513208,0.024278823,0.0032343846
CUST_001351,0.14602928,0.14280872,0.0032205582
CUST_004163,0.01942749,0.016227335,0.0032001548
CUST_004834,0.021825297,0.01864657,0.0031787269
CUST_001054,0.027966743,0.024789687,0.003177056
CUST_002486,0.007379931,0.00420674,0.003173191
CUST_004096,0.014225461,0.011069947,0.0031555137
CUST_003387,0.032471966,0.029352043,0.0031199232
CUST_004099,0.024472846,0.021365337,0.0031075086
CUST_006974,0.015432171,0.012333992,0.0030981787
CUST_000309,0.028611869,0.025521785,0.0030900836
CUST_005377,0.020026697,0.016971415,0.003055282
CUST_001113,0.022045434,0.019038895,0.0030065384
CUST_006785,0.010886199,0.007928698,0.0029575005
CUST_007020,0.036591347,0.033674043,0.0029173046
CUST_004315,0.009486062,0.0065763253,0.0029097372
CUST_007814,0.010220379,0.007341447,0.0028789318
CUST_001506,0.019426236,0.0165614,0.0028648358
CUST_004038,0.016630974,0.01379951,0.0028314637
CUST_004012,0.0688919,0.06607141,0.0028204843
CUST_000560,0.009348486,0.006573058,0.0027754274
CUST_001171,0.028097006,0.025340768,0.002756238
CUST_002158,0.03305908,0.03031537,0.0027437098
CUST_007906,0.009352351,0.006623479,0.0027288715
CUST_004873,0.32118878,0.31846723,0.002721548
CUST_007924,0.09758727,0.09487927,0.002708003
CUST_006811,0.003547481,0.00084472686,0.0027027542
CUST_006945,0.015174812,0.012476215,0.0026985966
CUST_006206,0.0059092566,0.0032262346,0.002683022
CUST_004447,0.005502514,0.0028340858,0.0026684282
CUST_006798,0.032002173,0.029340185,0.0026619881
CUST_001338,0.016605943,0.013990163,0.0026157806
CUST_002164,0.024375588,0.021760948,0.0026146397
CUST_003117,0.01737731,0.014768303,0.0026090061
CUST_004321,0.020957787,0.018356388,0.0026013982
CUST_003975,0.045720756,0.043128725,0.002592031
CUST_001773,0.06843832,0.065889336,0.0025489852
CUST_003731,0.025779128,0.02323755,0.0025415774
CUST_002350,0.038100705,0.035574496,0.0025262088
CUST_004068,0.021765182,0.019258399,0.0025067832
CUST_003926,0.024122307,0.021617854,0.002504453
CUST_000348,0.02745218,0.024949288,0.0025028922
CUST_007449,0.012237632,0.009763358,0.0024742736
CUST_000157,0.03288288,0.030425325,0.0024575554
CUST_000496,0.0062902565,0.003842259,0.0024479975
CUST_004934,0.01768152,0.015234615,0.0024469057
CUST_001254,0.01312108,0.010705044,0.002416036
CUST_006024,0.01370927,0.0113079045,0.002401366
CUST_002135,0.006122085,0.0037312792,0.0023908056
CUST_004831,0.051432118,0.0490926,0.0023395196
CUST_002437,0.007631188,0.0053014546,0.0023297332
CUST_002533,0.024233295,0.021908373,0.002324922
CUST_001392,0.01041797,0.008131717,0.0022862526
CUST_001275,0.025059493,0.022783365,0.0022761282
CUST_000177,0.0065447907,0.0042861523,0.0022586384
CUST_003748,0.012833901,0.010634204,0.0021996964
CUST_000703,0.03077978,0.028583348,0.002196433
CUST_000152,0.008412011,0.0062240674,0.0021879436
CUST_004073,0.24608603,0.24390349,0.0021825433
CUST_006892,0.017517895,0.015353811,0.0021640835
CUST_005437,0.0026485955,0.00050913007,0.0021394654
CUST_002532,0.023178548,0.021043608,0.0021349397
CUST_003224,0.10693206,0.10480645,0.002125606
CUST_006842,0.016860928,0.014738838,0.0021220902
CUST_002487,0.027409235,0.025288912,0.0021203235
CUST_004653,0.0041314014,0.002015863,0.0021155383
CUST_005240,0.017263986,0.015166263,0.002097723
CUST_003057,0.04232003,0.04023205,0.0020879805
CUST_006367,0.03414549,0.032069344,0.0020761453
CUST_006417,0.035957497,0.033882536,0.0020749606
CUST_002805,0.030019797,0.0279631,0.0020566974
CUST_000685,0.020071972,0.018046755,0.0020252168
CUST_006698,0.01619803,0.014175604,0.0020224256
CUST_007703,0.02328101,0.021271715,0.002009295
CUST_000651,0.026100999,0.024093209,0.00200779
CUST_002456,0.1828535,0.18085228,0.002001226
CUST_000217,0.03484059,0.032857276,0.0019833148
CUST_002516,0.019734029,0.017756555,0.0019774735
CUST_008132,0.036836978,0.034887116,0.0019498616
CUST_004375,0.009930641,0.007996614,0.0019340273
CUST_003623,0.023933955,0.02201428,0.0019196738
CUST_001742,0.014338782,0.012426238,0.0019125445
CUST_007883,0.017297259,0.015395635,0.0019016238
CUST_004700,0.0075241076,0.005626262,0.0018978454
CUST_004205,0.22081411,0.21896096,0.0018531531
CUST_005315,0.026388405,0.024546938,0.0018414669
CUST_001835,0.015672062,0.013831129,0.0018409323
CUST_005506,0.033615652,0.031774864,0.0018407889
CUST_005864,0.017472314,0.015631957,0.0018403567
CUST_008058,0.0129846595,0.011152724,0.0018319357
CUST_005144,0.07967552,0.07784827,0.0018272474
CUST_006429,0.11828945,0.11646711,0.0018223375
CUST_000735,0.010953335,0.009143885,0.0018094499
CUST_006070,0.7930636,0.79127896,0.0017846227
CUST_005173,0.079303965,0.077520795,0.0017831698
CUST_005978,0.008423665,0.0066635315,0.0017601331
CUST_007115,0.0022827836,0.00055573625,0.0017270474
CUST_003254,0.09106582,0.08934037,0.0017254502
CUST_004589,0.017124953,0.01540089,0.0017240625
CUST_007354,0.09635035,0.09464993,0.0017004162
CUST_007766,0.00957691,0.00788864,0.0016882699
CUST_002499,0.030983223,0.029310107,0.0016731154
CUST_002579,0.059390157,0.057730693,0.0016594641
CUST_006569,0.06624223,0.064583756,0.0016584769
CUST_000667,0.0034326154,0.0017756907,0.0016569247
CUST_002288,0.018515859,0.016864793,0.0016510654
CUST_005825,0.011171455,0.009547231,0.0016242238
CUST_002908,0.020888047,0.01927633,0.001611717
CUST_008010,0.04575393,0.04414441,0.0016095191
CUST_006201,0.015921058,0.014318397,0.0016026609
CUST_004973,0.08169413,0.080113836,0.001580298
CUST_001393,0.038092498,0.03651822,0.0015742779
CUST_007673,0.014554286,0.013079294,0.0014749924
CUST_000054,0.03123778,0.029773204,0.0014645755
CUST_000635,0.043913193,0.042475324,0.0014378689
CUST_004868,0.006774543,0.005345106,0.0014294367
CUST_004696,0.029738093,0.028312173,0.00142592
CUST_000034,0.007200657,0.0057897824,0.0014108745
CUST_001970,0.0130317025,0.011628756,0.0014029462
CUST_005124,0.021026846,0.019639937,0.0013869088
CUST_000379,0.015570041,0.014192153,0.001377888
CUST_006561,0.017764581,0.016412636,0.0013519451
CUST_006307,0.010879639,0.009546293,0.0013333457
CUST_003977,0.07310118,0.071769424,0.001331754
CUST_004273,0.04929411,0.04796468,0.0013294294
CUST_005893,0.01937906,0.018053463,0.001325598
CUST_002790,0.0076156794,0.0062914165,0.0013242629
CUST_001232,0.013245263,0.011938673,0.0013065897
CUST_008151,0.01740556,0.01611638,0.0012891795
CUST_002844,0.2826658,0.28138566,0.001280129
CUST_005259,0.09506267,0.093787715,0.0012749583
CUST_001381,0.013878512,0.012622464,0.0012560477
CUST_003704,0.012368754,0.011112891,0.0012558624
CUST_002568,0.017060336,0.01582771,0.0012326259
CUST_001156,0.0018752705,0.000647381,0.0012278894
CUST_000561,0.024220008,0.022995966,0.0012240428
CUST_004957,0.03136173,0.030211171,0.0011505578
CUST_008007,0.015802521,0.0146793015,0.0011232197
CUST_001447,0.013964027,0.012841902,0.0011221254
CUST_007455,0.024970397,0.023863554,0.0011068434
CUST_003607,0.040613964,0.03955203,0.001061935
CUST_007352,0.001709556,0.0006629311,0.0010466248
CUST_007165,0.013864575,0.012822059,0.001042516
CUST_005748,0.011519747,0.010497924,0.0010218229
CUST_004546,0.013097046,0.012085518,0.0010115281
CUST_005205,0.0113366805,0.010326334,0.0010103462
CUST_001212,0.017686367,0.016695322,0.0009910446
CUST_004005,0.04066132,0.03968807,0.0009732507
CUST_006346,0.015733195,0.014782456,0.0009507397
CUST_002247,0.024635427,0.023691181,0.0009442456
CUST_001222,0.03231749,0.03138496,0.00093252957
CUST_006422,0.020799676,0.019888477,0.00091119856
CUST_001895,0.035712373,0.03480391,0.0009084642
CUST_007465,0.023190241,0.022300761,0.0008894801
CUST_003808,0.02254844,0.021665968,0.00088247284
CUST_002832,0.033039104,0.03216154,0.0008775629
CUST_000887,0.034612115,0.03377434,0.0008377768
CUST_006365,0.019925654,0.01909164,0.00083401427
CUST_001075,0.008988303,0.008159563,0.0008287402
CUST_006248,0.14043725,0.1396464,0.0007908493
CUST_006866,0.02910141,0.028317854,0.0007835571
CUST_005238,0.0073130173,0.006533196,0.0007798211
CUST_001952,0.05018276,0.0494267,0.00075605884
CUST_000508,0.0135582965,0.012819079,0.00073921774
CUST_000615,0.0010914422,0.00038477505,0.00070666714
CUST_003181,0.013337077,0.012645503,0.00069157407
CUST_005378,0.071356185,0.0706654,0.00069078803
CUST_007329,0.019676818,0.019013323,0.0006634947
CUST_002606,0.0073314244,0.00668786,0.0006435644
CUST_004514,0.008650441,0.008039471,0.00061096996
CUST_006508,0.030735673,0.030138811,0.0005968623
CUST_005690,0.027300399,0.02670617,0.0005942285
CUST_000165,0.0133718215,0.012791362,0.00058045983
CUST_001724,0.010137883,0.009559544,0.0005783392
CUST_004448,0.015059474,0.014489839,0.00056963507
CUST_004298,0.0417714,0.041202355,0.00056904554
CUST_006182,0.02705892,0.02650395,0.00055496953
CUST_006374,0.009420489,0.008872177,0.0005483115
CUST_005714,0.011655905,0.011114034,0.0005418714
CUST_001333,0.015775703,0.015234387,0.00054131635
CUST_005327,0.0076181055,0.0070795184,0.0005385871
CUST_008094,0.0014814353,0.000959479,0.00052195624
CUST_003921,0.010216198,0.009707977,0.00050822087
CUST_001445,0.0007066574,0.0002003859,0.0005062715
CUST_000112,0.016808359,0.016315797,0.0004925616
CUST_005075,0.045785524,0.045297533,0.00048799068
CUST_003662,0.039446205,0.038970783,0.00047542155
CUST_005562,0.0020059138,0.0015465522,0.0004593616
CUST_001343,0.0087688,0.008363194,0.00040560588
CUST_006608,0.032446187,0.03204686,0.00039932877
CUST_003210,0.016505675,0.016107181,0.0003984943
CUST_002418,0.024915665,0.024546381,0.0003692843
CUST_004023,0.03199621,0.031704947,0.00029126182
CUST_003880,0.010583138,0.010305115,0.00027802307
CUST_003780,0.041733842,0.04149523,0.0002386123
CUST_006333,0.017667579,0.01743153,0.0002360493
CUST_003300,0.0015810988,0.0013461815,0.00023491727
CUST_005046,0.034127183,0.033892434,0.00023474917
CUST_004915,0.008621484,0.008388609,0.00023287535
CUST_000427,0.032891523,0.032669358,0.00022216514
CUST_000423,0.14000446,0.13979799,0.00020647049
CUST_007553,0.0189011,0.018712046,0.00018905476
CUST_002930,0.015645396,0.015459538,0.00018585753
CUST_002202,0.022311417,0.022145808,0.00016560964
CUST_004822,0.030541865,0.030406862,0.00013500266
CUST_000857,0.011986648,0.011861082,0.00012556557
CUST_006408,0.0874801,0.08736348,0.00011661649
CUST_002382,0.009795039,0.009679577,0.00011546165
CUST_000094,0.02710433,0.027014062,9.026751e-05
CUST_000164,0.013952036,0.013879447,7.2589144e-05
CUST_005592,0.0007184538,0.0006479618,7.049198e-05
CUST_001518,0.012432453,0.012362707,6.9745816e-05
CUST_007342,0.12027242,0.120208256,6.41644e-05
CUST_007328,0.014940944,0.01489613,4.481338e-05
CUST_007383,0.029998185,0.029958058,4.0126964e-05
CUST_008057,0.30102378,0.30101264,1.1146069e-05
CUST_003177,0.037731547,0.03772804,3.5054982e-06
CUST_005099,0.036825415,0.036843028,-1.7613173e-05
CUST_001821,0.0074513946,0.0074910074,-3.9612874e-05
CUST_001063,0.009896835,0.009948298,-5.1463023e-05
CUST_007870,0.006131821,0.006192582,-6.0761347e-05
CUST_005981,0.03385895,0.033931747,-7.27959e-05
CUST_007743,0.01683069,0.01690713,-7.643923e-05
CUST_000844,0.021931268,0.022020534,-8.9265406e-05
CUST_005991,0.0068051624,0.0069135935,-0.00010843109
CUST_001862,0.051677555,0.05179301,-0.0001154542
CUST_005466,0.02409764,0.024232887,-0.00013524666
CUST_000985,0.008425286,0.008561281,-0.00013599452
CUST_000137,0.00950938,0.009649511,-0.00014013145
CUST_007536,0.008777084,0.0089183645,-0.0001412807
CUST_006164,0.03072604,0.030873185,-0.00014714524
CUST_001511,0.030899025,0.031049892,-0.0001508668
CUST_007780,0.02168686,0.021838974,-0.00015211478
CUST_004602,0.04629613,0.04648525,-0.00018911809
CUST_002140,0.07602648,0.07623574,-0.00020926446
CUST_003960,0.52707213,0.52728707,-0.00021493435
CUST_001994,0.050680112,0.050929423,-0.00024931133
CUST_000872,0.07911065,0.07937838,-0.00026772916
CUST_003556,0.00066427793,0.00093535904,-0.0002710811
CUST_006634,0.028774578,0.029051792,-0.00027721375
CUST_005275,0.021011991,0.02130348,-0.00029148906
CUST_003249,0.022554774,0.022848671,-0.00029389746
CUST_000481,0.0064714807,0.006781634,-0.00031015323
CUST_004655,0.011610482,0.011921878,-0.00031139608
CUST_002184,0.03684949,0.037180997,-0.00033150613
CUST_002590,0.0023741347,0.0027057866,-0.00033165189
CUST_001153,0.006055504,0.006417866,-0.00036236178
CUST_005807,0.018887527,0.0192618,-0.00037427247
CUST_006674,0.012919932,0.013297472,-0.00037754048
CUST_000478,0.0077686217,0.008238209,-0.00046958774
CUST_006034,0.04179278,0.04226702,-0.00047424063
CUST_007370,0.009883406,0.010368436,-0.00048503
CUST_005343,0.9123311,0.9128299,-0.00049877167
CUST_005984,0.030145347,0.030648883,-0.0005035363
CUST_007331,0.042536795,0.043048438,-0.00051164255
CUST_008177,0.008548415,0.009063286,-0.0005148705
CUST_006112,0.011810588,0.012335792,-0.00052520446
CUST_003649,0.024539238,0.025072748,-0.00053351
CUST_002658,0.008169281,0.008726856,-0.00055757444
CUST_004517,0.08122668,0.08178974,-0.0005630627
CUST_001423,0.0087050665,0.009291427,-0.0005863607
CUST_005412,0.011748187,0.012338716,-0.00059052836
CUST_003561,0.017477864,0.01807296,-0.0005950965
CUST_006313,0.023455285,0.024054036,-0.000598751
CUST_007790,0.026353303,0.026954569,-0.0006012656
CUST_005526,0.02933684,0.02994585,-0.00060901046
CUST_005849,0.017254733,0.017933268,-0.00067853555
CUST_002446,0.020342018,0.021021703,-0.0006796848
CUST_004461,0.011461793,0.012159908,-0.00069811475
CUST_003193,0.0070392727,0.0077501815,-0.0007109088
CUST_001029,0.040130418,0.040852815,-0.0007223971
CUST_005734,0.012226282,0.012950372,-0.00072409026
CUST_002839,0.017634524,0.018423855,-0.0007893313
CUST_007949,0.004686842,0.0055053383,-0.0008184961
CUST_004239,0.026642865,0.027468683,-0.0008258186
CUST_001803,0.030612927,0.031459603,-0.0008466765
CUST_000993,0.014733217,0.015583369,-0.0008501522
CUST_003670,0.012507296,0.0133609865,-0.0008536903
CUST_005902,0.13032518,0.13118224,-0.0008570552
CUST_006448,0.016719788,0.017587442,-0.00086765364
CUST_004479,0.023384465,0.024257677,-0.0008732118
CUST_000485,0.0059747114,0.006860109,-0.00088539766
CUST_005932,0.041880555,0.042782214,-0.0009016581
CUST_007550,0.012592441,0.01350577,-0.0009133285
CUST_005629,0.022824528,0.023746975,-0.00092244707
CUST_006659,0.013138745,0.014067172,-0.0009284271
CUST_001587,0.069024414,0.069961995,-0.00093758106
CUST_005615,0.01633032,0.017267933,-0.0009376127
CUST_001722,0.016094182,0.017063327,-0.00096914545
CUST_002015,0.007018921,0.007995449,-0.00097652804
CUST_004437,0.034687012,0.03566847,-0.0009814575
CUST_003039,0.009218233,0.010216294,-0.0009980612
CUST_004420,0.015011188,0.016033623,-0.0010224357
CUST_006670,0.022784028,0.023825688,-0.0010416601
CUST_002851,0.011601325,0.012649956,-0.001048631
CUST_001793,0.0013840391,0.0024338355,-0.0010497965
CUST_007433,0.0021782636,0.0032428426,-0.001064579
CUST_003325,0.02501871,0.026083734,-0.0010650232
CUST_006303,0.017818613,0.018899204,-0.0010805912
CUST_001165,0.044523578,0.045641806,-0.0011182278
CUST_004524,0.08150112,0.082621865,-0.0011207461
CUST_005117,0.014668279,0.01582125,-0.0011529708
CUST_003789,0.016277194,0.017450364,-0.0011731703
CUST_002933,0.027622996,0.028797634,-0.001174638
CUST_005529,0.019053582,0.020239485,-0.0011859033
CUST_002985,0.011828572,0.013045576,-0.0012170048
CUST_002975,0.021920495,0.023160115,-0.0012396201
CUST_006515,0.009679409,0.010931495,-0.0012520859
CUST_004933,0.008465865,0.009726845,-0.00126098
CUST_007708,0.030044314,0.03131152,-0.0012672059
CUST_003332,0.008059921,0.0093461685,-0.0012862477
CUST_005332,0.010108196,0.011409133,-0.0013009366
CUST_003388,0.09931856,0.10064533,-0.001326777
CUST_006867,0.034645062,0.03597875,-0.0013336875
CUST_006987,0.031003345,0.03233859,-0.0013352446
CUST_004789,0.015357148,0.016719388,-0.00136224
CUST_003714,0.022080936,0.023446985,-0.001366049
CUST_002010,0.00736729,0.008741938,-0.0013746475
CUST_004439,0.012373472,0.013754231,-0.0013807593
CUST_006232,0.021188095,0.022570243,-0.0013821479
CUST_003107,0.055020325,0.056404408,-0.0013840832
CUST_000706,0.039554056,0.040945422,-0.0013913661
CUST_007150,0.0018409806,0.003275334,-0.0014343533
CUST_004599,0.058893174,0.060360007,-0.001466833
CUST_006186,0.034043286,0.03551173,-0.0014684424
CUST_007012,0.23620306,0.23768513,-0.0014820695
CUST_005133,0.020148195,0.021640245,-0.0014920495
CUST_005182,0.006153421,0.00764625,-0.0014928291
CUST_001256,0.012824449,0.014318128,-0.0014936794
CUST_007671,0.070265085,0.07176676,-0.001501672
CUST_007396,0.010218247,0.011729633,-0.0015113866
CUST_002358,0.029795561,0.031308126,-0.0015125647
CUST_000558,0.012733632,0.01427751,-0.0015438786
CUST_003383,0.022483792,0.02405249,-0.0015686974
CUST_004057,0.038907632,0.040504713,-0.0015970804
CUST_004045,0.019252762,0.020867286,-0.001614524
CUST_000458,0.028610941,0.03023325,-0.0016223099
CUST_004739,0.0049007316,0.0065235686,-0.001622837
CUST_007343,0.030934114,0.032584567,-0.0016504526
CUST_002679,0.028578829,0.0302527,-0.0016738717
CUST_002968,0.010979074,0.012678546,-0.0016994718
CUST_001780,0.02419685,0.025902966,-0.0017061159
CUST_005508,0.032234922,0.033950493,-0.0017155707
CUST_006901,0.015524068,0.017269349,-0.0017452808
CUST_002255,0.093191706,0.094962776,-0.0017710701
CUST_003847,0.028084192,0.029862186,-0.0017779935
CUST_004723,0.088655666,0.09044418,-0.0017885119
CUST_005594,0.026492914,0.028286373,-0.001793459
CUST_004253,0.021145968,0.022944812,-0.001798844
CUST_005750,0.004255945,0.006058751,-0.0018028063
CUST_003799,0.027198372,0.029061075,-0.0018627029
CUST_003776,0.016214978,0.018091178,-0.0018761996
CUST_000283,0.003939778,0.005823473,-0.0018836949
CUST_001718,0.009489478,0.011379607,-0.0018901294
CUST_006759,0.0122783,0.014175604,-0.0018973043
CUST_003378,0.038241573,0.040145315,-0.0019037426
CUST_005033,0.038241573,0.040145315,-0.0019037426
CUST_000712,0.029575646,0.031488508,-0.0019128621
CUST_004618,0.0192985,0.02123676,-0.0019382611
CUST_002560,0.013420374,0.015396524,-0.00197615
CUST_000838,0.026709978,0.028702797,-0.0019928198
CUST_006691,0.028553706,0.030553903,-0.0020001978
CUST_002770,0.011321229,0.013327381,-0.0020061517
CUST_001731,0.03804614,0.040078487,-0.002032347
CUST_005277,0.012322298,0.014370228,-0.00204793
CUST_005559,0.009942889,0.012051014,-0.002108125
CUST_002043,0.21403033,0.2161494,-0.0021190792
CUST_004480,0.02337901,0.025544196,-0.0021651872
CUST_002264,0.015670488,0.01784212,-0.002171632
CUST_008046,0.057543363,0.059774242,-0.002230879
CUST_004833,0.007917626,0.010162135,-0.0022445088
CUST_000358,0.019403055,0.021663643,-0.002260588
CUST_002610,0.014559546,0.016825633,-0.0022660876
CUST_001783,0.013206655,0.015515319,-0.002308664
CUST_005756,0.012348138,0.014672028,-0.00232389
CUST_007994,0.011698152,0.014023333,-0.002325181
CUST_005816,0.005072939,0.007400667,-0.0023277276
CUST_007585,0.022044927,0.024381354,-0.0023364276
CUST_006922,0.013535452,0.015902443,-0.0023669908
CUST_003060,0.013535452,0.015902443,-0.0023669908
CUST_003996,0.029710786,0.032077856,-0.00236707
CUST_002378,0.008897947,0.011274214,-0.0023762668
CUST_001090,0.057389718,0.059769485,-0.0023797676
CUST_004947,0.0073504285,0.009799169,-0.0024487409
CUST_006063,0.011146909,0.013646915,-0.002500006
CUST_000680,0.023807425,0.026323289,-0.0025158636
CUST_004419,0.024429623,0.02695577,-0.0025261473
CUST_001039,0.041721977,0.04427294,-0.0025509633
CUST_001637,0.016506225,0.019059006,-0.0025527813
CUST_000435,0.018919466,0.021489425,-0.0025699586
CUST_000123,0.039363857,0.041980788,-0.0026169308
CUST_006480,0.026176948,0.028805222,-0.0026282743
CUST_006612,0.022967348,0.025626706,-0.002659358
CUST_003408,0.034705907,0.03738372,-0.0026778132
CUST_003265,0.0763599,0.07904426,-0.0026843622
CUST_006926,0.017331617,0.020028494,-0.0026968773
CUST_002738,0.016628712,0.019327508,-0.0026987959
CUST_006220,0.010077849,0.012785216,-0.0027073668
CUST_006648,0.02025132,0.0229605,-0.0027091801
CUST_000793,0.016611738,0.01932195,-0.002710212
CUST_007346,0.017662143,0.020379212,-0.0027170684
CUST_006796,0.021426225,0.024183726,-0.0027575009
CUST_004605,0.018884731,0.021651918,-0.0027671866
CUST_006067,0.05581293,0.058588292,-0.0027753636
CUST_004338,0.004803681,0.0076396246,-0.0028359438
CUST_002287,0.037525296,0.040375054,-0.0028497577
CUST_005726,0.0016315947,0.004484332,-0.0028527374
CUST_003914,0.10616266,0.10902557,-0.002862908
CUST_001641,0.0029299355,0.0057932665,-0.002863331
CUST_001946,0.0047752294,0.007661937,-0.0028867074
CUST_005025,0.025429742,0.028318707,-0.0028889645
CUST_008033,0.019363824,0.02227168,-0.0029078554
CUST_004594,0.003925097,0.006859459,-0.0029343618
CUST_002163,0.59567267,0.59860945,-0.0029367805
CUST_006223,0.012372284,0.015343917,-0.0029716324
CUST_001559,0.080631465,0.08362943,-0.0029979646
CUST_005517,0.14457169,0.14758475,-0.0030130595
CUST_004328,0.006547113,0.009589328,-0.0030422155
CUST_001544,0.0021821787,0.0052271676,-0.003044989
CUST_005459,0.0021821787,0.0052271676,-0.003044989
CUST_007772,0.016929613,0.01997603,-0.0030464157
CUST_007314,0.016738808,0.019801173,-0.0030623656
CUST_004148,0.10611095,0.10917532,-0.0030643642
CUST_007900,0.003878505,0.006960967,-0.0030824621
CUST_002559,0.007839665,0.010937725,-0.0030980604
CUST_005789,0.02739985,0.030504096,-0.0031042472
CUST_005151,0.017249996,0.020404601,-0.0031546056
CUST_003449,0.05390728,0.0570667,-0.0031594224
CUST_005862,0.0120628,0.015224696,-0.003161896
CUST_008163,0.0169382,0.020153556,-0.0032153558
CUST_007850,0.01716767,0.020396002,-0.003228331
CUST_005830,0.0011245738,0.0043787365,-0.0032541626
CUST_005796,0.010753079,0.01401423,-0.0032611508
CUST_002536,0.039821133,0.043087307,-0.0032661743
CUST_002262,0.014362181,0.017636191,-0.0032740105
CUST_002336,0.011276244,0.014568148,-0.003291904
CUST_001152,0.06435785,0.06765807,-0.0033002198
CUST_000421,0.029247317,0.03254862,-0.0033013038
CUST_005931,0.007449783,0.010789213,-0.0033394299
CUST_004857,0.0042304606,0.0075741047,-0.003343644
CUST_007809,0.071773574,0.0751195,-0.003345929
CUST_005162,0.05694785,0.06031779,-0.0033699386
CUST_000809,0.061563868,0.06495134,-0.0033874698
CUST_000547,0.011779758,0.015171043,-0.0033912845
CUST_003824,0.013770513,0.017166771,-0.0033962578
CUST_000609,0.0062002726,0.009611227,-0.003410954
CUST_002214,0.03493208,0.03836184,-0.0034297593
CUST_002927,0.33022353,0.33365566,-0.0034321249
CUST_006818,0.009902415,0.013353684,-0.0034512691
CUST_002333,0.011452509,0.014919891,-0.003467382
CUST_007775,0.018980287,0.022450894,-0.003470607
CUST_001188,0.2261017,0.22960818,-0.0035064816
CUST_004135,0.015933994,0.019477824,-0.0035438295
CUST_007240,0.01928981,0.022848923,-0.0035591125
CUST_005511,0.00042448763,0.003986698,-0.0035622106
CUST_008204,0.010834432,0.014409202,-0.00357477
CUST_007361,0.010440759,0.014038907,-0.003598148
CUST_003663,0.014481624,0.01809102,-0.0036093956
CUST_005456,0.008826443,0.012457593,-0.0036311503
CUST_006322,0.01181012,0.015484227,-0.0036741067
CUST_006092,0.0172405,0.02092255,-0.003682049
CUST_005071,0.012448464,0.016130775,-0.0036823116
CUST_001495,0.004770817,0.008457195,-0.0036863782
CUST_004606,0.01635185,0.020067306,-0.0037154555
CUST_003235,0.012894927,0.016628915,-0.0037339889
CUST_004162,0.015276737,0.019012736,-0.0037359996
CUST_000293,0.003238876,0.0069976626,-0.0037587867
CUST_006897,0.020027263,0.023816297,-0.0037890337
CUST_004999,0.00071738305,0.004515008,-0.003797625
CUST_001921,0.025130603,0.028941654,-0.0038110502
CUST_005650,0.14336947,0.14720407,-0.0038346052
CUST_000299,0.019870462,0.023751983,-0.0038815215
CUST_005687,0.03952748,0.043409567,-0.0038820878
CUST_005085,0.016010303,0.019935133,-0.00392483
CUST_003974,0.09558894,0.099516094,-0.0039271563
CUST_004523,0.0069615934,0.0109270625,-0.003965469
CUST_003992,0.068791844,0.07278354,-0.0039916933
CUST_001527,0.031697623,0.03570811,-0.0040104873
CUST_001107,0.011137788,0.015148924,-0.0040111355
CUST_002800,0.005250424,0.009284025,-0.004033601
CUST_001015,0.03426933,0.038309015,-0.004039686
CUST_006181,0.042686924,0.04672907,-0.004042145
CUST_006756,0.014323519,0.018418899,-0.00409538
CUST_004432,0.006972173,0.011067634,-0.004095461
CUST_002607,0.013653227,0.017773712,-0.004120485
CUST_005119,0.0129833715,0.017110752,-0.0041273804
CUST_001342,0.01198597,0.016118588,-0.004132618
CUST_000170,0.012779632,0.016967444,-0.004187812
CUST_007845,0.016673349,0.0208734,-0.0042000506
CUST_002691,0.01191651,0.016137429,-0.0042209188
CUST_002124,0.027941626,0.03217881,-0.004237186
CUST_001398,0.02780204,0.032042436,-0.0042403955
CUST_000588,0.010667678,0.01491081,-0.0042431317
CUST_005001,0.017539827,0.021807445,-0.004267618
CUST_002822,0.02465056,0.028955106,-0.004304545
CUST_005558,0.03377069,0.03807812,-0.0043074302
CUST_004548,0.026498236,0.030806156,-0.00430792
CUST_002987,0.012648991,0.016967969,-0.0043189777
CUST_003354,0.016824536,0.02115779,-0.004333254
CUST_000672,0.04694947,0.05130344,-0.0043539703
CUST_003196,0.018065356,0.022445066,-0.00437971
CUST_007430,0.0065801204,0.010967255,-0.004387134
CUST_007755,0.019122252,0.023529412,-0.00440716
CUST_002875,0.012168319,0.016576504,-0.0044081854
CUST_006858,0.91271514,0.91716284,-0.0044476986
CUST_008171,0.047362022,0.051821303,-0.0044592805
CUST_002582,0.020648053,0.025111679,-0.004463626
CUST_002857,0.027836777,0.03231329,-0.0044765137
CUST_005388,0.010229538,0.014711947,-0.004482409
CUST_002567,0.020622225,0.02511982,-0.004497595
CUST_004686,0.015662318,0.02018851,-0.0045261923
CUST_000851,0.006782402,0.011318923,-0.004536521
CUST_005792,0.04291603,0.047471907,-0.0045558773
CUST_002221,0.013500752,0.018097555,-0.0045968033
CUST_004528,0.05864634,0.0632994,-0.0046530627
CUST_001044,0.024340952,0.02904051,-0.004699558
CUST_007301,0.031860966,0.03657412,-0.0047131553
CUST_005599,0.0038486447,0.008577498,-0.004728853
CUST_008097,0.10870012,0.11344431,-0.0047441944
CUST_003003,0.04343888,0.048192833,-0.004753951
CUST_006122,0.057534587,0.062315058,-0.0047804713
CUST_000690,0.004216699,0.009013548,-0.0047968486
CUST_007681,0.007797902,0.012627868,-0.004829966
CUST_006134,0.0053119957,0.010172173,-0.0048601776
CUST_000733,0.026603324,0.031471267,-0.004867943
CUST_003775,0.018378045,0.023265615,-0.0048875697
CUST_005239,0.040909503,0.045828927,-0.0049194247
CUST_005828,0.059006687,0.06393053,-0.004923839
CUST_006145,0.007054754,0.011992539,-0.004937785
CUST_005172,0.47899833,0.48393798,-0.0049396455
CUST_002855,0.01563931,0.020613171,-0.0049738605
CUST_000525,0.008554981,0.013537262,-0.0049822805
CUST_005583,0.02918364,0.034213863,-0.005030224
CUST_005383,0.008912386,0.013947983,-0.005035597
CUST_006967,0.014187158,0.019244796,-0.0050576376
CUST_004841,0.0083687045,0.013487607,-0.005118903
CUST_002624,0.004209627,0.009440556,-0.0052309292
CUST_002082,0.011146909,0.01638703,-0.005240122
CUST_000792,0.007103682,0.012346435,-0.0052427533
CUST_007031,0.022042453,0.027348176,-0.0053057224
CUST_004219,0.044097334,0.049413856,-0.005316522
CUST_003961,0.13189699,0.13723029,-0.0053333044
CUST_001627,0.20874311,0.21408758,-0.0053444654
CUST_004538,0.2518318,0.25720173,-0.0053699315
CUST_002071,0.041700512,0.047071546,-0.005371034
CUST_007672,0.036422644,0.04184396,-0.0054213144
CUST_000206,0.0077380748,0.013238983,-0.0055009085
CUST_000069,0.006076284,0.011583416,-0.0055071316
CUST_000204,0.030431246,0.035970505,-0.005539259
CUST_005369,0.030371502,0.035927843,-0.0055563413
CUST_000569,0.006156635,0.011744236,-0.0055876006
CUST_006705,0.010805449,0.01639321,-0.0055877613
CUST_006125,0.020511683,0.026102655,-0.0055909716
CUST_007601,0.022102918,0.02770602,-0.005603101
CUST_001932,0.01784995,0.023467045,-0.005617095
CUST_000734,0.029442152,0.035061516,-0.005619364
CUST_005952,0.023638904,0.029264417,-0.0056255125
CUST_007145,0.0051073236,0.010779772,-0.0056724483
CUST_003104,0.01855618,0.024239078,-0.0056828987
CUST_003356,0.013228448,0.01891466,-0.0056862123
CUST_000262,0.024692459,0.030381791,-0.0056893323
CUST_004191,0.016679604,0.022379752,-0.0057001486
CUST_007045,0.03496323,0.040683564,-0.0057203323
CUST_005837,0.0104184905,0.0161411,-0.0057226093
CUST_005879,0.0083884895,0.0141181,-0.00572961
CUST_007644,0.018732915,0.02447826,-0.0057453457
CUST_000154,0.003832451,0.009604303,-0.005771852
CUST_005387,0.033622295,0.039435558,-0.0058132634
CUST_001591,0.0070787305,0.012894482,-0.005815752
CUST_000109,0.08649019,0.09230965,-0.005819455
CUST_004485,0.025590016,0.031424157,-0.0058341417
CUST_000193,0.014639623,0.020483542,-0.005843919
CUST_003530,0.0332085,0.039111592,-0.0059030913
CUST_000537,0.0813435,0.08728609,-0.0059425905
CUST_002049,0.06233327,0.06831245,-0.0059791803
CUST_002394,0.044738896,0.050725713,-0.005986817
CUST_002517,0.021926332,0.02792115,-0.0059948172
CUST_001078,0.023653094,0.029652119,-0.005999025
CUST_007517,0.016546797,0.022554742,-0.006007945
CUST_006012,0.029198417,0.035208292,-0.006009875
CUST_000907,0.031174626,0.03719258,-0.006017953
CUST_005770,0.0066537987,0.012722217,-0.006068418
CUST_006395,0.017963862,0.024064876,-0.006101014
CUST_004307,0.13629197,0.14239393,-0.006101966
CUST_002955,0.0058093825,0.011929986,-0.0061206035
CUST_006319,0.0063191475,0.012522135,-0.0062029874
CUST_000521,0.021080418,0.027294626,-0.006214209
CUST_008083,0.04779227,0.054007582,-0.0062153116
CUST_005716,0.04291223,0.049142633,-0.0062304027
CUST_005713,0.7399767,0.7462217,-0.006245017
CUST_001240,0.014955303,0.021221748,-0.006266445
CUST_006465,0.026929347,0.03319902,-0.006269673
CUST_005483,0.048968304,0.055274438,-0.006306134
CUST_007395,0.025427101,0.0317844,-0.006357299
CUST_000251,0.011201783,0.01757942,-0.0063776365
CUST_000207,0.011201783,0.01757942,-0.0063776365
CUST_007281,0.02263154,0.029063355,-0.0064318143
CUST_004139,0.009125125,0.015566766,-0.0064416416
CUST_005738,0.07899913,0.08545165,-0.0064525157
CUST_004612,0.029721923,0.03619075,-0.006468825
CUST_001084,0.009847415,0.016323535,-0.00647612
CUST_007337,0.010186039,0.016685283,-0.006499244
CUST_006672,0.0072744903,0.013778326,-0.006503836
CUST_001094,0.007040229,0.013573164,-0.006532935
CUST_003343,0.026236638,0.032778535,-0.0065418966
CUST_003047,0.0021011021,0.008644366,-0.006543264
CUST_003134,0.011225979,0.017775653,-0.006549674
CUST_003138,0.01177418,0.018363796,-0.0065896157
CUST_003073,0.037763163,0.04435295,-0.006589785
CUST_007295,0.021412449,0.028012266,-0.0065998174
CUST_006761,0.012937129,0.019541034,-0.006603906
CUST_003709,0.004585957,0.011202396,-0.0066164387
CUST_005896,0.01936218,0.026000513,-0.006638333
CUST_004850,0.20541033,0.21205534,-0.006645009
CUST_001509,0.023348551,0.029995196,-0.0066466443
CUST_000649,0.12299393,0.12967364,-0.0066797137
CUST_002126,0.021160314,0.027842572,-0.006682258
CUST_007893,0.013575578,0.020264937,-0.0066893585
CUST_002156,0.012221814,0.019012557,-0.006790743
CUST_000926,0.009520435,0.016325573,-0.0068051377
CUST_006854,0.004773879,0.011579906,-0.0068060267
CUST_004872,0.11293257,0.11973981,-0.006807238
CUST_002286,0.011792692,0.018611725,-0.006819033
CUST_003672,0.007084269,0.013904765,-0.006820496
CUST_004799,0.03921015,0.04603669,-0.0068265423
CUST_008147,0.016800663,0.02366514,-0.006864477
CUST_003470,0.020575695,0.027444478,-0.0068687834
CUST_002379,0.01504393,0.021929126,-0.006885196
CUST_004109,0.01069167,0.017584657,-0.0068929875
CUST_002992,0.0016960205,0.00860274,-0.00690672
CUST_006878,0.008128164,0.015138326,-0.007010162
CUST_002089,0.023586046,0.03064821,-0.007062163
CUST_002079,0.01345811,0.02052394,-0.007065829
CUST_006656,0.01589969,0.023012428,-0.0071127377
CUST_005026,0.3510487,0.3581616,-0.0071128905
CUST_004260,0.0050807865,0.012197062,-0.007116276
CUST_003204,0.0055962023,0.012724403,-0.007128201
CUST_005399,0.021105977,0.028240649,-0.0071346723
CUST_006885,0.014755528,0.021960035,-0.0072045065
CUST_001246,0.026850984,0.034077816,-0.007226832
CUST_007557,0.024518445,0.031781983,-0.0072635375
CUST_001141,0.011010689,0.018300887,-0.0072901985
CUST_006895,0.002070676,0.009361823,-0.007291147
CUST_006400,0.029143253,0.036435984,-0.0072927307
CUST_007089,0.017609017,0.024906509,-0.0072974917
CUST_005470,0.020675706,0.027998097,-0.0073223915
CUST_005637,0.07150963,0.078843705,-0.007334076
CUST_004920,0.07213093,0.079465695,-0.0073347613
CUST_004976,0.13768649,0.14502473,-0.0073382407
CUST_001195,0.011767862,0.019131713,-0.0073638503
CUST_005199,0.04725767,0.054655544,-0.007397875
CUST_007035,0.022534912,0.029932806,-0.007397894
CUST_007441,0.030689536,0.038122114,-0.007432578
CUST_006589,0.0092649665,0.016709905,-0.0074449386
CUST_001220,0.014611715,0.022058113,-0.007446397
CUST_002589,0.009369742,0.016859395,-0.0074896533
CUST_003154,0.012374486,0.019898798,-0.0075243125
CUST_001352,0.08824769,0.09577751,-0.007529825
CUST_006424,0.039024092,0.04660446,-0.007580366
CUST_001340,0.010040983,0.017626991,-0.007586009
CUST_008139,0.008964562,0.016553191,-0.0075886296
CUST_002131,0.01183195,0.019457603,-0.0076256525
CUST_006284,0.016534487,0.024173982,-0.0076394957
CUST_006418,0.025238372,0.03287921,-0.0076408386
CUST_003052,0.012022962,0.019666966,-0.007644004
CUST_006626,0.016056223,0.023706691,-0.0076504685
CUST_007102,0.04408582,0.051736355,-0.0076505356
CUST_006028,0.0069209603,0.014595988,-0.007675028
CUST_003919,0.01272964,0.020444151,-0.007714511
CUST_008187,0.034665994,0.042391922,-0.007725928
CUST_002299,0.020656442,0.028403018,-0.0077465754
CUST_002608,0.015067751,0.022895595,-0.0078278445
CUST_002946,0.0068904697,0.014752444,-0.007861974
CUST_001694,0.0071938634,0.015095148,-0.007901285
CUST_006652,0.020444343,0.028376635,-0.007932292
CUST_002881,0.009864703,0.017798554,-0.007933851
CUST_004384,0.021912169,0.029846434,-0.007934265
CUST_003822,0.0035560892,0.011501458,-0.007945368
CUST_000693,0.011390067,0.019368086,-0.007978019
CUST_000284,0.039344117,0.047334734,-0.007990617
CUST_000816,0.023702664,0.031708397,-0.008005733
CUST_006120,0.08908821,0.09711857,-0.008030362
CUST_005424,0.013412572,0.021450689,-0.008038117
CUST_000738,0.017274618,0.025318153,-0.008043535
CUST_006473,0.019292368,0.027351657,-0.008059289
CUST_002912,0.008007145,0.016067253,-0.008060109
CUST_004941,0.019109365,0.027169753,-0.008060388
CUST_002407,0.091288194,0.09935612,-0.008067928
CUST_002143,0.01513687,0.023214553,-0.008077683
CUST_003051,0.012128405,0.020216875,-0.0080884695
CUST_003087,0.018394753,0.02653919,-0.008144436
CUST_001329,0.009094126,0.017253116,-0.00815899
CUST_004537,0.13306567,0.14123207,-0.008166403
CUST_000432,0.00806031,0.016255798,-0.008195488
CUST_005195,0.010478124,0.01872875,-0.008250626
CUST_001759,0.007346487,0.015615316,-0.008268829
CUST_007573,0.013076863,0.021353064,-0.008276201
CUST_004945,0.058157757,0.066438876,-0.008281119
CUST_004142,0.03564067,0.0439941,-0.008353427
CUST_000780,0.009397511,0.017753836,-0.008356324
CUST_004609,0.030243503,0.038628176,-0.008384673
CUST_003302,0.013585422,0.021977333,-0.008391911
CUST_007912,0.018342294,0.026772786,-0.008430492
CUST_004848,0.0061143865,0.014545924,-0.008431537
CUST_003142,0.005849974,0.014289374,-0.0084394
CUST_005258,0.022566076,0.03102774,-0.0084616635
CUST_005243,0.020709869,0.029173104,-0.008463236
CUST_007808,0.01259922,0.021067787,-0.008468567
CUST_003968,0.015607124,0.024083884,-0.00847676
CUST_006376,0.04233735,0.05082385,-0.008486498
CUST_006860,0.0123172095,0.020815473,-0.008498264
CUST_008112,0.0041800006,0.01268853,-0.0085085295
CUST_008059,0.005472676,0.014046949,-0.008574273
CUST_001782,0.03505487,0.043646075,-0.008591205
CUST_000584,0.04771731,0.056320984,-0.008603673
CUST_001230,0.18866606,0.19728181,-0.008615747
CUST_006588,0.0058675515,0.014501597,-0.008634046
CUST_006299,0.017663749,0.026379732,-0.0087159835
CUST_006309,0.019015234,0.027767392,-0.008752158
CUST_007474,0.022743434,0.031573057,-0.008829623
CUST_006402,0.019812569,0.028650673,-0.008838104
CUST_006121,0.020515984,0.02937684,-0.008860856
CUST_000480,0.018106285,0.026995381,-0.008889096
CUST_004987,0.016512195,0.025410917,-0.008898722
CUST_005783,0.056115348,0.06502212,-0.0089067705
CUST_003916,0.27016842,0.2790846,-0.008916169
CUST_001149,0.014583696,0.023552984,-0.008969288
CUST_004284,0.07641586,0.08542455,-0.009008691
CUST_003887,0.008058667,0.017090395,-0.009031728
CUST_004387,0.009175989,0.018221244,-0.009045255
CUST_003419,0.004881427,0.013962024,-0.009080596
CUST_002493,0.00112994,0.010220298,-0.009090357
CUST_002663,0.11317856,0.12229566,-0.009117104
CUST_003671,0.009758321,0.018878061,-0.009119741
CUST_002445,0.006308548,0.015493404,-0.009184856
CUST_006270,0.005299987,0.014508501,-0.009208513
CUST_008020,0.01627562,0.025500147,-0.009224527
CUST_004015,0.053338792,0.06258012,-0.009241331
CUST_000008,0.060684178,0.069947176,-0.009262998
CUST_004782,0.02442909,0.033727374,-0.009298284
CUST_002856,0.017696384,0.027024927,-0.009328542
CUST_007347,0.020434065,0.029784227,-0.009350162
CUST_007029,0.1326884,0.1421322,-0.00944379
CUST_008008,0.0031147716,0.012616921,-0.00950215
CUST_006396,0.018191949,0.027724525,-0.009532576
CUST_000254,0.86055577,0.8701332,-0.009577453
CUST_007286,0.01581532,0.025413109,-0.0095977895
CUST_000281,0.008515014,0.01811762,-0.009602605
CUST_002479,0.00627718,0.015912311,-0.009635132
CUST_003035,0.032690395,0.042356398,-0.009666003
CUST_007659,0.025324414,0.03503564,-0.009711226
CUST_005076,0.0071503986,0.01690006,-0.009749662
CUST_002817,0.028828457,0.038588706,-0.009760249
CUST_000070,0.43135753,0.4411473,-0.009789765
CUST_004925,0.010391762,0.02019486,-0.009803099
CUST_008123,0.050648198,0.060454693,-0.009806495
CUST_003386,0.0051672924,0.015025372,-0.009858079
CUST_001915,0.01992356,0.02980828,-0.009884719
CUST_002435,0.020685542,0.030582078,-0.009896535
CUST_004877,0.011620101,0.021517355,-0.009897254
CUST_005413,0.07955958,0.08951132,-0.0099517405
CUST_000549,0.007683047,0.017639281,-0.009956234
CUST_002205,0.016405242,0.026376978,-0.009971736
CUST_002951,0.020872425,0.030872338,-0.009999912
CUST_003242,0.03899223,0.049036745,-0.010044515
CUST_001882,0.01278881,0.02285972,-0.010070911
CUST_002236,0.014787269,0.024874415,-0.010087146
CUST_003508,0.026642285,0.036735922,-0.010093637
CUST_002973,0.010104585,0.020216186,-0.0101116
CUST_000616,0.028836837,0.038949545,-0.010112708
CUST_001592,0.031493418,0.04163286,-0.010139443
CUST_004575,0.01063603,0.020783592,-0.010147562
CUST_000491,0.011534742,0.021690952,-0.01015621
CUST_007201,0.02501303,0.035196956,-0.010183927
CUST_000363,0.044108722,0.05432088,-0.010212157
CUST_000699,0.014808925,0.025029523,-0.010220598
CUST_004326,0.07983407,0.090081386,-0.01024732
CUST_001954,0.009863874,0.02012111,-0.010257237
CUST_002657,0.010122444,0.020443741,-0.010321298
CUST_006529,0.023723468,0.034080908,-0.0103574395
CUST_005128,0.01302627,0.023441624,-0.010415354
CUST_000235,0.0030347651,0.013450882,-0.0104161175
CUST_002474,0.007690409,0.01815371,-0.010463301
CUST_008217,0.08984571,0.10031346,-0.010467753
CUST_005106,0.021270037,0.03174024,-0.010470204
CUST_003346,0.008850839,0.019350786,-0.010499947
CUST_001950,0.015503,0.026042912,-0.010539913
CUST_007461,0.025302554,0.03584791,-0.010545356
CUST_001703,0.012040085,0.022591775,-0.01055169
CUST_004345,0.016715327,0.027279727,-0.0105644
CUST_007405,0.007808356,0.018412128,-0.0106037725
CUST_006572,0.120129526,0.130737,-0.010607481
CUST_003651,0.007674738,0.018288495,-0.010613757
CUST_001972,0.0060547986,0.01667589,-0.010621091
CUST_005696,0.03522221,0.045874957,-0.010652747
CUST_002544,0.015184578,0.025844157,-0.010659579
CUST_007734,0.0076121925,0.01829998,-0.010687787
CUST_004960,0.103581704,0.11427413,-0.010692425
CUST_001416,0.059035346,0.069730885,-0.010695539
CUST_000752,0.011930689,0.022673585,-0.010742895
CUST_008148,0.3560265,0.36677372,-0.010747224
CUST_003940,0.033675153,0.04442439,-0.010749236
CUST_003659,0.07885026,0.08960283,-0.010752566
CUST_003183,0.020886742,0.031659726,-0.0107729845
CUST_003666,0.00150089,0.01229825,-0.01079736
CUST_007621,0.02070226,0.03155502,-0.01085276
CUST_006011,0.019981707,0.030836483,-0.010854777
CUST_007682,0.009368021,0.020229304,-0.010861283
CUST_003289,0.0057368274,0.016609782,-0.0108729545
CUST_004067,0.018675653,0.029555472,-0.010879818
CUST_007625,0.012548914,0.023428762,-0.010879848
CUST_001348,0.007387158,0.018272903,-0.010885745
CUST_007940,0.0045686807,0.015460932,-0.0108922515
CUST_005308,0.006497473,0.017457692,-0.010960219
CUST_008000,0.957726,0.9687066,-0.010980606
CUST_005971,0.04821869,0.059414536,-0.011195846
CUST_001890,0.0062083397,0.017419683,-0.011211343
CUST_001237,0.0048880167,0.016100382,-0.011212366
CUST_006887,0.0059700236,0.017195806,-0.011225782
CUST_002109,0.09371398,0.10495102,-0.01123704
CUST_006597,0.028118271,0.03935909,-0.011240818
CUST_004709,0.010732626,0.021977881,-0.011245255
CUST_005802,0.009703004,0.02096793,-0.011264927
CUST_001235,0.15986143,0.17117417,-0.011312738
CUST_000880,0.0056106,0.016946651,-0.011336051
CUST_006406,0.009276371,0.02062735,-0.011350978
CUST_000834,0.038942274,0.050300647,-0.011358373
CUST_002765,0.02569487,0.03707734,-0.011382472
CUST_002687,0.015761664,0.027161205,-0.011399541
CUST_001218,0.12729044,0.1387282,-0.011437759
CUST_007956,0.009236359,0.020718265,-0.011481906
CUST_001164,0.02741887,0.038953938,-0.011535067
CUST_005731,0.010720138,0.022285547,-0.011565409
CUST_001174,0.05351541,0.06509562,-0.01158021
CUST_002193,0.017219596,0.028824365,-0.011604769
CUST_002557,0.013852635,0.025462026,-0.01160939
CUST_001427,0.031477857,0.04309815,-0.011620294
CUST_005436,0.012762756,0.024391882,-0.011629126
CUST_001595,0.008399182,0.020028321,-0.011629139
CUST_000849,0.013714668,0.02535026,-0.011635591
CUST_001198,0.052070778,0.063738905,-0.011668127
CUST_001436,0.052070778,0.063738905,-0.011668127
CUST_005544,0.026856879,0.038534787,-0.011677908
CUST_002645,0.011340047,0.023045164,-0.011705116
CUST_006603,0.011765401,0.023531744,-0.011766343
CUST_003313,0.039214198,0.05099644,-0.011782244
CUST_001172,0.014598326,0.026397515,-0.011799189
CUST_000333,0.008458027,0.020282468,-0.011824441
CUST_007756,0.0039046302,0.015750226,-0.011845595
CUST_008024,0.010608968,0.022501154,-0.011892186
CUST_006371,0.014491637,0.026406951,-0.011915314
CUST_006826,0.03610933,0.048026145,-0.011916816
CUST_007234,0.013206679,0.025153486,-0.011946807
CUST_005218,0.017254733,0.029216003,-0.01196127
CUST_002364,0.054373164,0.066435724,-0.012062561
CUST_003928,0.005348464,0.0175075,-0.012159035
CUST_008200,0.028288266,0.040484708,-0.012196442
CUST_002694,0.011281588,0.02350874,-0.0122271525
CUST_005428,0.014814867,0.027066296,-0.012251429
CUST_000176,0.01566162,0.027943252,-0.012281632
CUST_001057,0.024722263,0.03701866,-0.012296397
CUST_004041,0.028408175,0.04077146,-0.012363283
CUST_001814,0.008844487,0.021225873,-0.012381386
CUST_002685,0.014223862,0.02664404,-0.012420177
CUST_004672,0.023188919,0.035629366,-0.012440447
CUST_005264,0.08414947,0.09662204,-0.01247257
CUST_001207,0.0048534865,0.017329702,-0.012476215
CUST_007160,0.041215632,0.053697385,-0.012481753
CUST_004515,0.031271532,0.043761145,-0.012489613
CUST_000410,0.08486037,0.09738866,-0.012528293
CUST_004269,0.02257494,0.03512583,-0.012550889
CUST_005719,0.020511443,0.033103954,-0.012592511
CUST_005409,0.0576892,0.070290856,-0.012601655
CUST_006943,0.024736978,0.037339114,-0.012602136
CUST_005662,0.024131866,0.03674894,-0.012617072
CUST_001720,0.0128829805,0.025502546,-0.012619565
CUST_003947,0.004612595,0.017266024,-0.012653429
CUST_002708,0.0059613483,0.01863432,-0.012672971
CUST_005500,0.008784758,0.02146006,-0.012675302
CUST_007132,0.01958747,0.032267086,-0.012679616
CUST_006029,0.039482772,0.052163552,-0.01268078
CUST_001662,0.15913357,0.1718382,-0.012704626
CUST_000318,0.018660964,0.031377174,-0.0127162095
CUST_005626,0.0055949045,0.018339474,-0.012744569
CUST_007113,0.040604003,0.053391438,-0.012787435
CUST_006777,0.020739675,0.033533532,-0.012793858
CUST_006368,0.011495669,0.024297217,-0.012801548
CUST_005272,0.024158921,0.036962878,-0.012803957
CUST_004566,0.047152374,0.05996223,-0.012809858
CUST_006009,0.009670865,0.02254884,-0.012877975
CUST_003563,0.03132626,0.044221587,-0.012895327
CUST_006760,0.009458892,0.022378875,-0.012919983
CUST_005552,0.019522589,0.032446083,-0.012923494
CUST_007587,0.004249265,0.0172495,-0.013000235
CUST_003738,0.03929803,0.052349836,-0.013051804
CUST_003250,0.0023348716,0.015453364,-0.013118492
CUST_005224,0.0066418927,0.0197746,-0.013132708
CUST_004791,0.014870123,0.028027322,-0.013157199
CUST_002414,0.01813587,0.031305086,-0.013169216
CUST_000258,0.014979775,0.028177334,-0.013197559
CUST_001286,0.02200548,0.03522037,-0.01321489
CUST_001875,0.010301944,0.023522232,-0.013220288
CUST_000762,0.021866322,0.03511128,-0.013244957
CUST_000995,0.011629419,0.024888646,-0.013259226
CUST_005166,0.01058554,0.023880253,-0.013294713
CUST_004867,0.012994154,0.026325708,-0.013331554
CUST_005736,0.009312216,0.02266366,-0.013351444
CUST_003632,0.10998454,0.12337077,-0.013386227
CUST_000944,0.023463842,0.036893345,-0.013429504
CUST_000321,0.006266169,0.019719819,-0.013453649
CUST_002091,0.028957693,0.042447753,-0.01349006
CUST_006742,0.12052411,0.13402268,-0.0134985745
CUST_004948,0.016928796,0.030470263,-0.0135414675
CUST_003310,0.003751682,0.017355649,-0.013603967
CUST_003095,0.0072659547,0.02087329,-0.013607334
CUST_005664,0.016114777,0.02975615,-0.013641372
CUST_000369,0.011189442,0.024834089,-0.013644647
CUST_000163,0.03044085,0.044113044,-0.0136721935
CUST_007258,0.004606493,0.0182827,-0.0136762075
CUST_005887,0.0013204796,0.014996748,-0.013676269
CUST_004058,0.016693726,0.030376215,-0.013682488
CUST_004840,0.028033955,0.041817334,-0.0137833785
CUST_008205,0.047393583,0.061197225,-0.013803642
CUST_005146,0.046286575,0.060092885,-0.01380631
CUST_004492,0.003421374,0.017238624,-0.013817251
CUST_000714,0.009269056,0.023174748,-0.013905692
CUST_007566,0.015071297,0.029093808,-0.0140225105
CUST_005262,0.008596028,0.022658749,-0.01406272
CUST_004128,0.048353612,0.062453743,-0.014100131
CUST_002170,0.041149408,0.055289827,-0.01414042
CUST_004984,0.018202538,0.032355558,-0.01415302
CUST_002802,0.053133447,0.06731266,-0.014179211
CUST_005695,0.013185817,0.027378064,-0.014192247
CUST_006143,0.0048183557,0.01902179,-0.014203435
CUST_001848,0.022450851,0.036673844,-0.014222993
CUST_007067,0.023027983,0.037253443,-0.014225461
CUST_000378,0.010514922,0.024745867,-0.014230944
CUST_005613,0.040547565,0.054839432,-0.014291868
CUST_007209,0.008129452,0.022433214,-0.014303762
CUST_008124,0.0066493535,0.021019084,-0.014369731
CUST_001754,0.008421957,0.022793496,-0.0143715395
CUST_003760,0.010015391,0.02441035,-0.014394959
CUST_003778,0.052978568,0.06740554,-0.014426969
CUST_007744,0.052978568,0.06740554,-0.014426969
CUST_000061,0.050618216,0.06506466,-0.014446445
CUST_005358,0.012047546,0.026561871,-0.014514325
CUST_000336,0.34845993,0.363032,-0.014572084
CUST_000901,0.02530246,0.039897468,-0.0145950075
CUST_001208,0.02932804,0.043936383,-0.014608342
CUST_000110,0.029884191,0.044519164,-0.014634972
CUST_002809,0.014949437,0.029673928,-0.014724491
CUST_008044,0.014949437,0.029673928,-0.014724491
CUST_005780,0.27181083,0.28657553,-0.014764696
CUST_001239,0.004614585,0.0193841,-0.014769514
CUST_005053,0.30773413,0.3225052,-0.014771074
CUST_003261,0.022334222,0.037131753,-0.014797531
CUST_005432,0.0054514953,0.020321542,-0.014870048
CUST_005842,0.024546003,0.039448842,-0.014902839
CUST_000135,0.017196402,0.03211987,-0.014923468
CUST_005622,0.010398678,0.02533687,-0.014938193
CUST_004089,0.031344563,0.046285093,-0.01494053
CUST_005230,0.12962754,0.14458033,-0.014952794
CUST_001646,0.014208079,0.029174916,-0.014966837
CUST_006142,0.01946409,0.034480248,-0.015016157
CUST_002838,0.0072469455,0.022396034,-0.015149089
CUST_000507,0.00968495,0.024875237,-0.015190287
CUST_004521,0.01502269,0.03021411,-0.01519142
CUST_004279,0.009284166,0.024519272,-0.015235106
CUST_005727,0.051448964,0.06668963,-0.015240669
CUST_006896,0.0110635115,0.026350012,-0.015286501
CUST_005541,0.0035530592,0.018872432,-0.015319373
CUST_001988,0.02683362,0.042166304,-0.015332684
CUST_007960,0.012673634,0.028106691,-0.015433057
CUST_001678,0.0039242697,0.019363979,-0.01543971
CUST_006423,0.007936702,0.023409208,-0.015472506
CUST_004261,0.0144268945,0.029901747,-0.015474852
CUST_006071,0.022798136,0.038284786,-0.01548665
CUST_000122,0.027451148,0.043084774,-0.015633626
CUST_007375,0.007387249,0.02304926,-0.01566201
CUST_003276,0.052672986,0.06836456,-0.015691575
CUST_002155,0.0364413,0.052143414,-0.015702114
CUST_003710,0.033967763,0.049701508,-0.015733745
CUST_002438,0.01821455,0.033993945,-0.015779395
CUST_007524,0.011470073,0.027262386,-0.015792314
CUST_008040,0.022357577,0.038150534,-0.015792957
CUST_003829,0.013181256,0.028984193,-0.015802937
CUST_002503,0.003576173,0.019395668,-0.015819496
CUST_007823,0.009296283,0.025175916,-0.015879633
CUST_006229,0.037123352,0.053022984,-0.015899632
CUST_004006,0.011143741,0.027090767,-0.015947025
CUST_006697,0.017899524,0.0338562,-0.015956674
CUST_006380,0.01524444,0.031210532,-0.015966091
CUST_004075,0.0023154346,0.018303312,-0.015987877
CUST_004678,0.018277261,0.03432113,-0.016043868
CUST_002443,0.054230746,0.07030094,-0.01607019
CUST_006693,0.015594631,0.031687144,-0.016092513
CUST_001669,0.02244483,0.03869897,-0.016254142
CUST_005419,0.006889077,0.023167921,-0.016278844
CUST_001353,0.004799882,0.021087207,-0.016287325
CUST_006975,0.0109769935,0.027279222,-0.016302228
CUST_006735,0.03388369,0.05018707,-0.01630338
CUST_000543,0.050590873,0.066942915,-0.016352043
CUST_002115,0.06651933,0.082873456,-0.016354129
CUST_002626,0.023146478,0.039565425,-0.016418947
CUST_002477,0.014162557,0.030620426,-0.016457869
CUST_006091,0.013965845,0.030426301,-0.016460456
CUST_008225,0.013757076,0.030233594,-0.016476518
CUST_003036,0.027445141,0.043931596,-0.016486455
CUST_003953,0.010910023,0.027430674,-0.016520651
CUST_004845,0.11615528,0.13269418,-0.016538903
CUST_006533,0.0030318047,0.019608077,-0.016576272
CUST_006789,0.0075146984,0.024128221,-0.016613523
CUST_002952,0.04317056,0.059869975,-0.016699415
CUST_001545,0.035891023,0.052596103,-0.01670508
CUST_006146,0.003391649,0.020273052,-0.016881403
CUST_005673,0.044131618,0.06106536,-0.016933743
CUST_000257,0.007551125,0.024534564,-0.01698344
CUST_001772,0.03285689,0.04989046,-0.01703357
CUST_003985,0.029882712,0.04693318,-0.01705047
CUST_000636,0.00230243,0.019382559,-0.017080128
CUST_005671,0.15359981,0.17075244,-0.017152622
CUST_007993,0.008143779,0.02533853,-0.017194752
CUST_006343,0.0059808176,0.023177322,-0.017196504
CUST_004449,0.004004511,0.02120393,-0.01719942
CUST_006791,0.008148911,0.025359547,-0.017210636
CUST_007275,0.058399506,0.07565606,-0.01725655
CUST_002600,0.032896332,0.05015343,-0.017257098
CUST_006783,0.015609483,0.032872837,-0.017263353
CUST_000436,0.15481241,0.17211781,-0.017305404
CUST_008133,0.013326202,0.030773358,-0.017447157
CUST_006809,0.0125453165,0.03002023,-0.017474912
CUST_007981,0.006568943,0.024217937,-0.017648995
CUST_003245,0.014556557,0.032226298,-0.017669741
CUST_000742,0.00352146,0.02121104,-0.017689578
CUST_001248,0.020649353,0.038342074,-0.01769272
CUST_003708,0.03027525,0.04797157,-0.01769632
CUST_007563,0.01919445,0.03695064,-0.01775619
CUST_001911,0.019381426,0.037141867,-0.01776044
CUST_000056,0.09933581,0.11710084,-0.01776503
CUST_001357,0.011195823,0.028964613,-0.01776879
CUST_008032,0.009992972,0.027854852,-0.01786188
CUST_006196,0.111378,0.12928563,-0.017907634
CUST_005132,0.017533395,0.035452668,-0.017919272
CUST_005066,0.007832061,0.025828123,-0.017996062
CUST_007641,0.0063589048,0.024404548,-0.018045643
CUST_007527,0.13184853,0.14990298,-0.018054456
CUST_006208,0.006084589,0.024150014,-0.018065425
CUST_007163,0.0076120053,0.025688382,-0.018076377
CUST_007439,0.012781539,0.030896135,-0.018114597
CUST_007278,0.019206896,0.037341446,-0.01813455
CUST_005044,0.019206896,0.037341446,-0.01813455
CUST_000866,0.0381696,0.05633533,-0.01816573
CUST_001578,0.06783731,0.086003155,-0.018165842
CUST_007591,0.0069435616,0.025134277,-0.018190715
CUST_006838,0.0072150324,0.025450159,-0.018235127
CUST_005385,0.0068631177,0.025137462,-0.018274345
CUST_001998,0.012414579,0.03072004,-0.018305462
CUST_002239,0.020998772,0.039324425,-0.018325653
CUST_001252,0.052632373,0.07097397,-0.018341597
CUST_001385,0.0028257377,0.02124229,-0.018416554
CUST_005708,0.022847135,0.041315235,-0.0184681
CUST_007512,0.019883849,0.03837676,-0.018492911
CUST_004792,0.017083252,0.03558721,-0.018503958
CUST_000186,0.020015523,0.038642246,-0.018626723
CUST_004886,0.0171248,0.035799783,-0.018674983
CUST_002913,0.2641643,0.2829222,-0.01875791
CUST_004160,0.0039345887,0.022707013,-0.018772425
CUST_004628,0.25132215,0.27011356,-0.018791407
CUST_001963,0.013048523,0.03194444,-0.018895917
CUST_004688,0.003210659,0.022119591,-0.018908933
CUST_006017,0.004892344,0.023827398,-0.018935055
CUST_003835,0.031730644,0.050695267,-0.018964622
CUST_006058,0.0070482907,0.026028093,-0.018979803
CUST_000958,0.03347293,0.052459173,-0.018986244
CUST_004288,0.0724847,0.091526754,-0.019042052
CUST_007532,0.37584627,0.394898,-0.01905173
CUST_000156,0.010350016,0.029433673,-0.019083656
CUST_001580,0.14361833,0.16271552,-0.019097194
CUST_003541,0.07877388,0.0978881,-0.019114219
CUST_007110,0.10383827,0.122955784,-0.019117512
CUST_000608,0.009586299,0.028778175,-0.019191876
CUST_000290,0.027764777,0.047006425,-0.019241648
CUST_004086,0.0018684051,0.02118454,-0.019316135
CUST_006593,0.09132495,0.11064493,-0.019319981
CUST_002416,0.004250506,0.023596141,-0.019345636
CUST_003636,0.12252292,0.14188138,-0.019358456
CUST_006077,0.031636335,0.051067207,-0.019430872
CUST_007968,0.018924715,0.038421713,-0.019496998
CUST_006524,0.01244864,0.03194766,-0.019499023
CUST_000564,0.29614103,0.3157716,-0.019630581
CUST_004408,0.013749245,0.033380337,-0.019631092
CUST_003164,0.015758323,0.035392534,-0.019634211
CUST_007325,0.038865004,0.058580138,-0.019715134
CUST_005024,0.078092955,0.097836435,-0.01974348
CUST_007336,0.13340719,0.15317059,-0.019763395
CUST_002993,0.015058031,0.03487123,-0.0198132
CUST_004167,0.036289606,0.056110233,-0.019820627
CUST_001575,0.32686254,0.34673512,-0.019872576
CUST_005632,0.053261712,0.07316608,-0.019904368
CUST_000050,0.006290179,0.026241131,-0.019950952
CUST_002850,0.017483892,0.037436556,-0.019952664
CUST_003557,0.004541412,0.024524633,-0.01998322
CUST_007564,0.01851294,0.038535245,-0.020022305
CUST_007285,0.020894982,0.04095012,-0.020055138
CUST_003270,0.011100945,0.031163715,-0.02006277
CUST_002319,0.039024796,0.059107617,-0.02008282
CUST_004556,0.09071422,0.11081718,-0.020102955
CUST_002887,0.010401185,0.030514251,-0.020113066
CUST_002386,0.019141383,0.039362703,-0.020221319
CUST_004780,0.025846504,0.046115346,-0.020268843
CUST_005681,0.0051253187,0.025401931,-0.020276614
CUST_000288,0.03492673,0.055215824,-0.020289093
CUST_000668,0.024242355,0.044571314,-0.02032896
CUST_004444,0.034105342,0.054450154,-0.020344812
CUST_000845,0.006026449,0.026402319,-0.02037587
CUST_007418,0.023974178,0.044351857,-0.020377679
CUST_006801,0.01925282,0.03963266,-0.02037984
CUST_006445,0.040015474,0.060422126,-0.020406652
CUST_001367,0.21761881,0.23811363,-0.020494819
CUST_001191,0.019270286,0.039789412,-0.020519126
CUST_006774,0.0014190105,0.021998452,-0.020579442
CUST_006097,0.034217227,0.05483185,-0.020614624
CUST_005041,0.054017536,0.074716836,-0.0206993
CUST_007004,0.01636098,0.03706095,-0.02069997
CUST_004278,0.036073513,0.056897502,-0.020823989
CUST_007199,0.018517774,0.039472792,-0.020955019
CUST_006594,0.013861739,0.034840323,-0.020978585
CUST_004931,0.02950033,0.050481692,-0.020981362
CUST_003244,0.024054421,0.045052167,-0.020997746
CUST_000389,0.0052757356,0.026276894,-0.021001158
CUST_004336,0.027690688,0.048697058,-0.02100637
CUST_006494,0.038090684,0.059102982,-0.021012299
CUST_001902,0.010460045,0.031488515,-0.02102847
CUST_001000,0.037671905,0.058717825,-0.02104592
CUST_003431,0.014678123,0.035774313,-0.021096189
CUST_005686,0.073454514,0.09456124,-0.021106727
CUST_007787,0.03979647,0.060960423,-0.021163952
CUST_000659,0.01629325,0.037514646,-0.021221396
CUST_000086,0.01629325,0.037514646,-0.021221396
CUST_006776,0.006739701,0.02799994,-0.02126024
CUST_001688,0.016003927,0.037269153,-0.021265225
CUST_007123,0.010266877,0.031557888,-0.02129101
CUST_004157,0.044366065,0.06574004,-0.021373976
CUST_000012,0.01985989,0.04130886,-0.021448972
CUST_005485,0.017186517,0.038715605,-0.021529088
CUST_007401,0.0014672476,0.023014389,-0.02154714
CUST_007976,0.08359664,0.10516206,-0.021565422
CUST_000079,0.0090958355,0.030668661,-0.021572825
CUST_003442,0.03196607,0.053549763,-0.021583691
CUST_004209,0.022375856,0.04397197,-0.021596115
CUST_001016,0.09304621,0.11468556,-0.021639347
CUST_002524,0.008453341,0.030125484,-0.021672143
CUST_006458,0.008536167,0.030208537,-0.02167237
CUST_005455,0.008289104,0.029970068,-0.021680964
CUST_003680,0.032636426,0.05442931,-0.021792885
CUST_002761,0.025498291,0.047303353,-0.021805061
CUST_000252,0.023027983,0.044862162,-0.02183418
CUST_004325,0.010201781,0.032052066,-0.021850284
CUST_006279,0.00955958,0.031439763,-0.021880183
CUST_007268,0.08748408,0.10939984,-0.021915764
CUST_007072,0.006032147,0.027954387,-0.02192224
CUST_002786,0.02023005,0.04219535,-0.0219653
CUST_007016,0.021537645,0.0435132,-0.021975556
CUST_000000,0.1253093,0.14730906,-0.021999761
CUST_006930,0.008871913,0.030876113,-0.0220042
CUST_007985,0.020437669,0.042463653,-0.022025984
CUST_006957,0.025136795,0.047163278,-0.022026483
CUST_008001,0.003646789,0.025690572,-0.022043783
CUST_001497,0.018348673,0.04039408,-0.022045406
CUST_004407,0.011624992,0.03375269,-0.0221277
CUST_005235,0.04382845,0.06598208,-0.02215363
CUST_000664,0.034903802,0.057120003,-0.0222162
CUST_000197,0.034903802,0.057120003,-0.0222162
CUST_003009,0.01902124,0.041315366,-0.022294126
CUST_000279,0.012796855,0.035099704,-0.02230285
CUST_004367,0.011648793,0.033993796,-0.022345003
CUST_007044,0.03857174,0.060946245,-0.022374503
CUST_005141,0.029586136,0.052025598,-0.022439461
CUST_002029,0.12038506,0.14284915,-0.02246409
CUST_004991,0.019055886,0.041563,-0.022507114
CUST_000064,0.005399676,0.027911777,-0.0225121
CUST_002270,0.54546434,0.5680585,-0.022594154
CUST_006099,0.059545647,0.082154885,-0.022609238
CUST_006225,0.016170144,0.038796805,-0.02262666
CUST_006571,0.045726433,0.06838979,-0.022663355
CUST_001263,0.0058195484,0.028654706,-0.022835158
CUST_004264,0.02764857,0.050537664,-0.022889094
CUST_002919,0.02503064,0.047920182,-0.022889541
CUST_000046,0.027468003,0.050386094,-0.02291809
CUST_004617,0.09214856,0.11509156,-0.022943005
CUST_002009,0.060899407,0.083876245,-0.022976838
CUST_003043,0.0078067672,0.030909037,-0.02310227
CUST_005764,0.015027243,0.038153507,-0.023126263
CUST_006298,0.029115846,0.052313324,-0.023197478
CUST_004053,0.04420305,0.06741003,-0.023206979
CUST_000973,0.010439287,0.03381757,-0.023378283
CUST_002252,0.023093669,0.046483163,-0.023389494
CUST_008216,0.021664584,0.045060333,-0.023395749
CUST_006361,0.0140058575,0.037468545,-0.023462687
CUST_007706,0.109938666,0.13355576,-0.023617089
CUST_001865,0.013977761,0.037608333,-0.02363057
CUST_007612,0.01845138,0.04215022,-0.023698842
CUST_000391,0.06635712,0.09007486,-0.023717739
CUST_006378,0.01122619,0.03497329,-0.0237471
CUST_002717,0.01317249,0.03696656,-0.02379407
CUST_003906,0.015620821,0.039426357,-0.023805536
CUST_001573,0.01919855,0.043018747,-0.023820197
CUST_006069,0.007928417,0.03177455,-0.023846135
CUST_007687,0.032084286,0.055996973,-0.023912687
CUST_006039,0.0037756842,0.027733961,-0.023958277
CUST_008144,0.018577676,0.04257619,-0.023998514
CUST_005181,0.004579343,0.028579755,-0.024000412
CUST_003477,0.022724468,0.046748433,-0.024023965
CUST_001747,0.008123636,0.032291505,-0.02416787
CUST_000814,0.041876815,0.066139385,-0.02426257
CUST_003896,0.005262185,0.029527038,-0.024264853
CUST_002406,0.010055273,0.034375794,-0.02432052
CUST_002914,0.2211705,0.24554537,-0.024374872
CUST_001974,0.06284969,0.08724647,-0.024396777
CUST_002836,0.0027114812,0.027136607,-0.024425127
CUST_004854,0.034113243,0.05858786,-0.024474617
CUST_005941,0.005383521,0.029865755,-0.024482233
CUST_000756,0.028215373,0.05271127,-0.024495898
CUST_004129,0.019313969,0.043850467,-0.024536498
CUST_000848,0.0070404923,0.031577185,-0.024536692
CUST_000795,0.011318971,0.03590274,-0.024583768
CUST_007944,0.019857006,0.04451087,-0.024653865
CUST_006326,0.009597388,0.034282666,-0.024685279
CUST_008208,0.028395776,0.05314614,-0.024750363
CUST_002835,0.03862128,0.06338084,-0.024759557
CUST_006325,0.0037062087,0.028514497,-0.024808288
CUST_007704,0.016297983,0.041112155,-0.024814172
CUST_005232,0.47938305,0.50437325,-0.024990201
CUST_005057,0.020927116,0.046003696,-0.02507658
CUST_003777,0.044741124,0.06984398,-0.025102854
CUST_002447,0.015609418,0.040728252,-0.025118835
CUST_001918,0.19790584,0.22311775,-0.025211915
CUST_005492,0.019102648,0.044333387,-0.02523074
CUST_000377,0.083391026,0.10869882,-0.025307797
CUST_000462,0.016685627,0.042017825,-0.025332198
CUST_001851,0.29995692,0.325306,-0.02534908
CUST_006192,0.13051064,0.15586804,-0.025357395
CUST_007013,0.25271806,0.2780981,-0.025380045
CUST_001449,0.0035226836,0.028940408,-0.025417725
CUST_006056,0.011746593,0.037195664,-0.025449071
CUST_005685,0.03587601,0.06132673,-0.025450721
CUST_003319,0.014027909,0.03950804,-0.025480133
CUST_005005,0.009549084,0.03508448,-0.025535394
CUST_002323,0.027143028,0.05278962,-0.025646593
CUST_004510,0.012783844,0.03843913,-0.025655285
CUST_007476,0.03050096,0.056173615,-0.025672656
CUST_001581,0.008287792,0.034049965,-0.025762174
CUST_007027,0.030002574,0.05576898,-0.025766408
CUST_003476,0.017394995,0.043207455,-0.02581246
CUST_007265,0.1496369,0.17546965,-0.025832757
CUST_007749,0.010601428,0.036495376,-0.025893949
CUST_006775,0.012421464,0.03832902,-0.025907557
CUST_004493,0.034482803,0.060440462,-0.025957659
CUST_008005,0.032151807,0.05812932,-0.025977515
CUST_005211,0.06607926,0.092118666,-0.026039407
CUST_005453,0.004938658,0.031030659,-0.026092
CUST_005706,0.019016622,0.04514231,-0.02612569
CUST_003939,0.007018788,0.033203688,-0.0261849
CUST_004405,0.065742604,0.09196235,-0.026219748
CUST_001897,0.00999177,0.036272127,-0.026280358
CUST_003945,0.018049749,0.044403605,-0.026353857
CUST_004230,0.046474986,0.072961114,-0.026486129
CUST_003550,0.018030075,0.044568025,-0.02653795
CUST_003893,0.012421732,0.038967464,-0.026545733
CUST_005809,0.035660803,0.062273167,-0.026612364
CUST_003285,0.007904543,0.03455644,-0.026651898
CUST_005907,0.03398465,0.060715564,-0.026730914
CUST_002848,0.15015204,0.17692253,-0.026770487
CUST_004489,0.049329102,0.07614289,-0.02681379
CUST_004389,0.010087762,0.03694909,-0.026861329
CUST_007426,0.010709327,0.03761288,-0.026903555
CUST_001011,0.0075197755,0.03444733,-0.026927555
CUST_007084,0.012137916,0.039084755,-0.026946839
CUST_007120,0.20430528,0.23126777,-0.026962489
CUST_006851,0.1388351,0.16583578,-0.02700068
CUST_007829,0.038320515,0.0653523,-0.027031783
CUST_003515,0.028476808,0.05554337,-0.027066562
CUST_004154,0.057626985,0.08471509,-0.027088106
CUST_002849,0.046532497,0.07366265,-0.027130157
CUST_007181,0.015234544,0.042366996,-0.027132452
CUST_003721,0.01821518,0.045382235,-0.027167056
CUST_004446,0.21513532,0.24232642,-0.027191103
CUST_000602,0.040535666,0.06774744,-0.02721177
CUST_007786,0.001979243,0.02929447,-0.027315227
CUST_002282,0.0049724337,0.03236668,-0.027394248
CUST_007223,0.029114809,0.05651162,-0.02739681
CUST_004659,0.05045498,0.07785602,-0.027401038
CUST_005270,0.030852165,0.05833814,-0.027485974
CUST_005853,0.047504812,0.07500777,-0.027502954
CUST_000497,0.0069920886,0.034498207,-0.027506119
CUST_002242,0.073956825,0.10155505,-0.027598225
CUST_004176,0.04637751,0.07406442,-0.027686909
CUST_000038,0.012267132,0.0399568,-0.02768967
CUST_006833,0.0038782214,0.031601965,-0.027723745
CUST_007462,0.12808663,0.1558143,-0.027727678
CUST_002830,0.027962856,0.05590128,-0.027938426
CUST_001294,0.0035152044,0.031465147,-0.027949942
CUST_000514,0.013905648,0.041871164,-0.027965516
CUST_002621,0.0051550115,0.033121474,-0.027966462
CUST_006415,0.073749416,0.1017303,-0.027980886
CUST_001081,0.73023546,0.7582429,-0.028007448
CUST_005015,0.36966786,0.39771718,-0.02804932
CUST_005729,0.03150189,0.059622005,-0.028120115
CUST_004106,0.006996344,0.03514915,-0.028152805
CUST_002228,0.0068028644,0.03496674,-0.028163876
CUST_003771,0.023310574,0.05155434,-0.028243767
CUST_001289,0.035741244,0.064108334,-0.028367091
CUST_003279,0.0008646498,0.029240565,-0.028375916
CUST_002258,0.01632571,0.044767644,-0.028441934
CUST_002704,0.017523557,0.045983013,-0.028459456
CUST_000026,0.0069428184,0.03549778,-0.028554963
CUST_003698,0.011040778,0.03972036,-0.028679583
CUST_008108,0.030561734,0.059279613,-0.02871788
CUST_005988,0.042561922,0.07134871,-0.02878679
CUST_002812,0.055520616,0.08431271,-0.02879209
CUST_003495,0.016675396,0.04547154,-0.028796146
CUST_007091,0.021663664,0.050524622,-0.028860958
CUST_006722,0.010127324,0.039001968,-0.028874643
CUST_002969,0.03564873,0.06460136,-0.028952632
CUST_003065,0.0072043184,0.036161426,-0.028957108
CUST_002632,0.012539984,0.041616686,-0.029076703
CUST_004971,0.019487139,0.048582163,-0.029095024
CUST_002594,0.024643438,0.054082423,-0.029438986
CUST_003931,0.036231644,0.06570551,-0.029473864
CUST_005960,0.012928497,0.042430993,-0.029502496
CUST_003331,0.045413822,0.0749797,-0.029565878
CUST_004235,0.021249773,0.05083153,-0.029581757
CUST_000594,0.027901176,0.057501357,-0.02960018
CUST_001530,0.0046588387,0.034308676,-0.029649837
CUST_002037,0.009155623,0.038964275,-0.029808652
CUST_000878,0.013920013,0.04372894,-0.029808927
CUST_000090,0.0040670927,0.033920705,-0.029853612
CUST_001072,0.040870365,0.070791245,-0.02992088
CUST_004745,0.020097617,0.050054695,-0.029957078
CUST_008026,0.774979,0.8049528,-0.029973805
CUST_007711,0.008060993,0.038097985,-0.030036993
CUST_005357,0.030759064,0.06081721,-0.030058144
CUST_003734,0.0053314315,0.035410803,-0.030079372
CUST_008178,0.013766396,0.04392673,-0.030160334
CUST_000637,0.00577378,0.03593711,-0.030163333
CUST_000622,0.032854352,0.063050576,-0.030196223
CUST_001344,0.037367914,0.067626804,-0.03025889
CUST_005847,0.006724744,0.037002057,-0.030277312
CUST_005589,0.09477783,0.12506934,-0.030291505
CUST_004065,0.033942543,0.06425503,-0.030312486
CUST_007986,0.01755946,0.047913555,-0.030354096
CUST_004813,0.009264919,0.039669346,-0.030404426
CUST_001564,0.015519384,0.045961566,-0.030442182
CUST_002507,0.015781708,0.0462334,-0.030451693
CUST_001653,0.023812069,0.05431178,-0.03049971
CUST_003849,0.023812069,0.05431178,-0.03049971
CUST_004000,0.028159147,0.058715623,-0.030556476
CUST_007584,0.27664825,0.3072237,-0.030575454
CUST_007629,0.014870605,0.045540344,-0.030669738
CUST_003364,0.012760942,0.043465253,-0.030704312
CUST_000991,0.015678477,0.046441514,-0.030763038
CUST_003655,0.44116205,0.47196034,-0.030798286
CUST_004770,0.02053042,0.051409256,-0.030878836
CUST_001315,0.036317676,0.06723373,-0.03091605
CUST_003190,0.05074915,0.081679456,-0.030930307
CUST_000906,0.028588573,0.05951915,-0.030930577
CUST_002046,0.013206692,0.04415986,-0.030953167
CUST_007419,0.013486542,0.044579487,-0.031092945
CUST_005790,0.021900523,0.05308779,-0.031187266
CUST_004878,0.01777899,0.04905396,-0.031274967
CUST_001930,0.01226667,0.0435637,-0.03129703
CUST_005061,0.02836167,0.059662454,-0.031300783
CUST_002978,0.013667901,0.04502791,-0.03136001
CUST_005694,0.045975473,0.07738822,-0.031412747
CUST_002948,0.049622923,0.08106395,-0.031441025
CUST_007507,0.007356164,0.03879854,-0.031442378
CUST_007974,0.033980526,0.065462746,-0.03148222
CUST_006979,0.01483059,0.04635413,-0.03152354
CUST_000180,0.4373016,0.46882787,-0.031526268
CUST_007885,0.023281842,0.05500078,-0.031718936
CUST_006554,0.028874677,0.060599603,-0.031724926
CUST_004424,0.12955445,0.1613412,-0.031786755
CUST_002031,0.018398108,0.05019225,-0.031794146
CUST_002538,0.02102663,0.0529194,-0.03189277
CUST_002284,0.0022265224,0.034198117,-0.031971592
CUST_006293,0.019814657,0.051812556,-0.031997897
CUST_002342,0.023566421,0.055664316,-0.032097895
CUST_003946,0.1401242,0.17230491,-0.03218071
CUST_007454,0.117980845,0.15017371,-0.032192864
CUST_002788,0.030177694,0.062421154,-0.03224346
CUST_002114,0.015010489,0.04728598,-0.03227549
CUST_003639,0.029720962,0.062030327,-0.032309365
CUST_003262,0.36052594,0.39289278,-0.032366842
CUST_003259,0.014328455,0.046712928,-0.032384474
CUST_004874,0.14774306,0.18013029,-0.032387227
CUST_001327,0.021249797,0.0536649,-0.032415103
CUST_002144,0.024061782,0.056501344,-0.03243956
CUST_004474,0.025323426,0.05781618,-0.032492757
CUST_005974,0.005444837,0.038019594,-0.032574758
CUST_000457,0.03152781,0.06411588,-0.032588072
CUST_006605,0.04232487,0.07495424,-0.03262937
CUST_005641,0.01610963,0.048785158,-0.032675527
CUST_005282,0.012409003,0.04517265,-0.032763645
CUST_004651,0.011647043,0.04443375,-0.03278671
CUST_000438,0.5296621,0.56245804,-0.032795966
CUST_001473,0.066086836,0.09890782,-0.032820985
CUST_004818,0.03276772,0.06567198,-0.03290426
CUST_005185,0.02160786,0.0545406,-0.03293274
CUST_007665,0.027340611,0.060291983,-0.03295137
CUST_003817,0.04745431,0.0804072,-0.032952894
CUST_004757,0.107256256,0.14035918,-0.033102922
CUST_000877,0.049044773,0.08227967,-0.033234894
CUST_004104,0.009289255,0.042540953,-0.033251695
CUST_001964,0.023087611,0.056456473,-0.033368863
CUST_006642,0.028004276,0.061473776,-0.0334695
CUST_002484,0.014113972,0.047709044,-0.03359507
CUST_003359,0.013354595,0.046993174,-0.033638578
CUST_000708,0.03548464,0.06916561,-0.033680968
CUST_007764,0.017665511,0.051412255,-0.03374674
CUST_007412,0.017434657,0.051217962,-0.033783305
CUST_000153,0.004078682,0.038021065,-0.033942383
CUST_003433,0.007613892,0.041591473,-0.03397758
CUST_000893,0.49201685,0.5260096,-0.033992767
CUST_000764,0.0067451014,0.040762693,-0.034017593
CUST_003832,0.0061915494,0.04023585,-0.034044303
CUST_000017,0.07946174,0.11363943,-0.03417769
CUST_001219,0.022773579,0.05695182,-0.034178242
CUST_004442,0.012262552,0.04657384,-0.034311287
CUST_005320,0.021124655,0.055511303,-0.03438665
CUST_002136,0.07873239,0.113141745,-0.03440935
CUST_003293,0.016648725,0.05108238,-0.034433655
CUST_007282,0.0059435028,0.040419128,-0.034475625
CUST_004024,0.025417563,0.05997172,-0.034554157
CUST_000932,0.09031207,0.12489645,-0.03458438
CUST_000998,0.008722794,0.04333412,-0.034611326
CUST_003148,0.006105772,0.040746197,-0.034640424
CUST_004426,0.021817096,0.056657303,-0.034840208
CUST_007302,0.038645603,0.07357576,-0.034930155
CUST_008196,0.14618066,0.1811908,-0.035010144
CUST_006689,0.03143681,0.06647717,-0.035040364
CUST_001182,0.02474009,0.05982944,-0.03508935
CUST_006792,0.016026404,0.051226348,-0.035199944
CUST_003484,0.05409876,0.089345306,-0.035246547
CUST_005532,0.048946127,0.08429944,-0.03535331
CUST_004378,0.014576091,0.049960654,-0.035384562
CUST_003958,0.02655595,0.061991423,-0.035435475
CUST_005170,0.8490118,0.8845007,-0.035488904
CUST_002597,0.09364269,0.1291794,-0.035536714
CUST_001743,0.04391791,0.079458304,-0.035540394
CUST_007252,0.013012778,0.04855669,-0.03554391
CUST_006485,0.018805094,0.054400142,-0.03559505
CUST_000663,0.6748821,0.71073514,-0.03585303
CUST_003296,0.021629106,0.05762981,-0.036000703
CUST_001008,0.03713465,0.07314274,-0.036008086
CUST_000674,0.015057628,0.051097993,-0.036040366
CUST_006703,0.026876925,0.06296779,-0.036090866
CUST_003866,0.011070567,0.04719238,-0.03612181
CUST_008070,0.046765648,0.08293319,-0.03616754
CUST_001689,0.024593206,0.060789164,-0.036195956
CUST_006988,0.010698708,0.047011662,-0.036312953
CUST_002565,0.4790662,0.5154743,-0.036408126
CUST_006264,0.75695205,0.79336214,-0.036410093
CUST_007718,0.15590425,0.1923238,-0.036419556
CUST_007357,0.034491822,0.07096166,-0.03646984
CUST_007848,0.011465381,0.047958616,-0.036493234
CUST_006482,0.020882187,0.0574251,-0.036542915
CUST_001866,0.029289396,0.06590955,-0.036620155
CUST_001155,0.019607361,0.056289464,-0.036682103
CUST_005000,0.016857782,0.05355311,-0.03669533
CUST_004929,0.00836667,0.045070294,-0.036703624
CUST_001199,0.054343924,0.09106795,-0.036724024
CUST_003696,0.033617355,0.070373215,-0.03675586
CUST_000835,0.016923694,0.053924095,-0.037000403
CUST_000021,0.012344435,0.049374662,-0.037030227
CUST_003283,0.02533309,0.06238029,-0.0370472
CUST_003741,0.013373294,0.050565183,-0.03719189
CUST_005189,0.18117584,0.21842021,-0.037244365
CUST_005804,0.024459807,0.061764214,-0.03730441
CUST_004526,0.0086655505,0.046043914,-0.037378363
CUST_000571,0.41103348,0.4484462,-0.037412733
CUST_003695,0.00687602,0.044422857,-0.037546836
CUST_001850,0.023185756,0.06074344,-0.037557684
CUST_002047,0.12357076,0.1611347,-0.037563942
CUST_002803,0.043921564,0.08154029,-0.037618723
CUST_001561,0.03807519,0.07573706,-0.03766187
CUST_000420,0.022264196,0.059955943,-0.03769175
CUST_004098,0.0720952,0.10986988,-0.037774682
CUST_006296,0.012043868,0.04982006,-0.037776195
CUST_006236,0.016572913,0.05444503,-0.037872113
CUST_005963,0.0050126095,0.042941645,-0.037929036
CUST_002452,0.005107428,0.043055087,-0.03794766
CUST_006936,0.043774877,0.08180861,-0.038033735
CUST_002066,0.030731067,0.06887222,-0.038141154
CUST_006304,0.024874307,0.06301921,-0.0381449
CUST_005116,0.009335529,0.047516443,-0.038180914
CUST_000917,0.006378703,0.044618163,-0.03823946
CUST_003411,0.020868285,0.059163727,-0.03829544
CUST_003080,0.18409209,0.22240314,-0.03831105
CUST_003338,0.05749718,0.09584908,-0.0383519
CUST_003414,0.01385743,0.052216247,-0.038358815
CUST_006357,0.026724495,0.06509511,-0.038370617
CUST_000334,0.043229133,0.08161894,-0.03838981
CUST_007765,0.03817263,0.07660677,-0.038434144
CUST_007514,0.45304087,0.4914982,-0.038457334
CUST_004983,0.011910212,0.050474036,-0.038563825
CUST_005787,0.013380789,0.052105896,-0.038725108
CUST_000301,0.14749734,0.1862502,-0.038752854
CUST_008055,0.007803326,0.046558015,-0.03875469
CUST_006041,0.01662872,0.055581234,-0.038952515
CUST_006390,0.007859647,0.046816256,-0.03895661
CUST_001466,0.0023673512,0.041341685,-0.038974334
CUST_007147,0.049324308,0.088398665,-0.039074358
CUST_006610,0.040256787,0.07936028,-0.03910349
CUST_003812,0.0037816293,0.04294641,-0.03916478
CUST_007098,0.071127884,0.11057683,-0.039448947
CUST_001736,0.01365119,0.05321314,-0.03956195
CUST_007578,0.12649699,0.16608103,-0.03958404
CUST_000144,0.040101655,0.080032624,-0.03993097
CUST_001723,0.0042558075,0.04441779,-0.040161982
CUST_003588,0.0052088737,0.045564435,-0.040355563
CUST_002671,0.016266173,0.056693953,-0.04042778
CUST_001004,0.03336007,0.07382823,-0.040468156
CUST_006843,0.04606175,0.08654259,-0.04048084
CUST_002558,0.9179068,0.95848095,-0.040574133
CUST_007076,0.0036686587,0.044288315,-0.040619656
CUST_002189,0.014608571,0.055374246,-0.040765673
CUST_002810,0.4083476,0.4491526,-0.040804982
CUST_003545,0.0359525,0.0768206,-0.040868096
CUST_000469,0.02660202,0.0675236,-0.040921576
CUST_001860,0.040077765,0.0810119,-0.040934134
CUST_003304,0.014297288,0.05532231,-0.041025024
CUST_008182,0.012112664,0.053197514,-0.04108485
CUST_003795,0.051104248,0.092224464,-0.041120216
CUST_002226,0.053453017,0.09462015,-0.041167136
CUST_000409,0.0217797,0.06298489,-0.04120519
CUST_006882,0.0007899797,0.042067453,-0.041277472
CUST_001670,0.11119317,0.1524714,-0.04127822
CUST_008198,0.12305584,0.16453578,-0.041479938
CUST_002981,0.021569613,0.06310896,-0.041539345
CUST_005009,0.19864865,0.24033356,-0.04168491
CUST_000794,0.016142774,0.057871222,-0.041728448
CUST_004349,0.009236608,0.050968744,-0.041732136
CUST_000060,0.010909962,0.052675553,-0.041765593
CUST_001224,0.16260312,0.20462911,-0.042025983
CUST_001602,0.015722943,0.057841133,-0.04211819
CUST_003483,0.062001687,0.10414081,-0.042139124
CUST_005912,0.0030352008,0.045435067,-0.04239987
CUST_000033,0.013859542,0.05627875,-0.04241921
CUST_000185,0.023751657,0.06630228,-0.04255062
CUST_005254,0.82114446,0.8637365,-0.04259205
CUST_007881,0.08944657,0.13208139,-0.042634822
CUST_004734,0.026380057,0.069227844,-0.04284779
CUST_000815,0.010585835,0.053445973,-0.042860135
CUST_001067,0.017811645,0.060817808,-0.043006163
CUST_001112,0.010807635,0.053822342,-0.043014705
CUST_000431,0.037162293,0.08023723,-0.04307494
CUST_008062,0.019263595,0.062340133,-0.043076538
CUST_006470,0.021161163,0.06430735,-0.043146186
CUST_005200,0.028851401,0.07208048,-0.043229077
CUST_000459,0.0022529243,0.04554816,-0.043295234
CUST_003930,0.021006964,0.06439619,-0.043389224
CUST_000598,0.049720906,0.093177155,-0.04345625
CUST_004377,0.0826176,0.12613226,-0.04351466
CUST_005273,0.024348652,0.067980304,-0.04363165
CUST_005968,0.031620547,0.07529832,-0.04367777
CUST_002547,0.04514529,0.088916354,-0.043771062
CUST_001899,0.04595771,0.08985971,-0.043902
CUST_001869,0.028916745,0.07282841,-0.043911666
CUST_005595,0.0047020307,0.048623495,-0.043921463
CUST_003577,0.2024818,0.24669561,-0.0442138
CUST_007997,0.0071326112,0.051391225,-0.044258613
CUST_002083,0.0016088218,0.045912664,-0.044303842
CUST_002081,0.020555807,0.064912066,-0.044356257
CUST_002310,0.015851958,0.06021267,-0.044360712
CUST_007967,0.008004494,0.052404672,-0.044400178
CUST_007806,0.07908412,0.12353783,-0.04445371
CUST_007831,0.046051882,0.090509064,-0.044457182
CUST_004202,0.037190463,0.08181684,-0.044626374
CUST_002820,0.009216704,0.053988084,-0.04477138
CUST_000268,0.0038602948,0.04877235,-0.044912055
CUST_002462,0.00686383,0.05178416,-0.044920333
CUST_004252,0.019686958,0.064685434,-0.044998474
CUST_001288,0.04763765,0.09271222,-0.045074575
CUST_008188,0.8642791,0.90939194,-0.04511285
CUST_006881,0.27372795,0.31890294,-0.045174986
CUST_004412,0.04377686,0.08912337,-0.04534651
CUST_005031,0.023579152,0.06915847,-0.04557932
CUST_002060,0.02607681,0.071710035,-0.045633227
CUST_007964,0.6856274,0.7313595,-0.04573208
CUST_007543,0.032406513,0.0781946,-0.04578809
CUST_008140,0.03633744,0.08231166,-0.04597422
CUST_007280,0.06422728,0.11025563,-0.046028346
CUST_006972,0.04557953,0.09172079,-0.04614126
CUST_005326,0.012752991,0.0589905,-0.04623751
CUST_003115,0.003935893,0.05031744,-0.046381548
CUST_003481,0.47556183,0.5219475,-0.046385676
CUST_002403,0.009242225,0.055692933,-0.046450708
CUST_004638,0.007639726,0.054097515,-0.04645779
CUST_004095,0.05196911,0.0984318,-0.046462692
CUST_006495,0.4518283,0.498366,-0.046537697
CUST_005060,0.55816996,0.6047094,-0.046539426
CUST_007917,0.026718,0.073459335,-0.046741337
CUST_004905,0.023753282,0.07053805,-0.04678477
CUST_001960,0.44587663,0.49274093,-0.0468643
CUST_003174,0.0064717745,0.053347204,-0.04687543
CUST_007657,0.010522377,0.057415295,-0.04689292
CUST_002423,0.016054,0.0629952,-0.046941202
CUST_002415,0.017818997,0.06483041,-0.047011413
CUST_004267,0.011703606,0.05889995,-0.047196344
CUST_005468,0.015633058,0.062851,-0.04721794
CUST_004967,0.01156543,0.058933634,-0.047368206
CUST_005408,0.0072278627,0.05461769,-0.047389828
CUST_006947,0.30942112,0.3568876,-0.047466487
CUST_003478,0.00357834,0.051070835,-0.047492497
CUST_006810,0.02474076,0.072239265,-0.047498506
CUST_005375,0.025120733,0.072715685,-0.04759495
CUST_006020,0.01435591,0.061977822,-0.047621913
CUST_000566,0.01590581,0.06358146,-0.047675647
CUST_001484,0.1628179,0.21050368,-0.047685787
CUST_008018,0.030207453,0.077895634,-0.04768818
CUST_007011,0.008971966,0.056667347,-0.04769538
CUST_002631,0.91402334,0.9617487,-0.04772538
CUST_002806,0.013083241,0.06083762,-0.047754377
CUST_005786,0.15514214,0.20293416,-0.047792017
CUST_005875,0.039280448,0.087129876,-0.047849428
CUST_002840,0.015734658,0.06367452,-0.04793986
CUST_002271,0.026169425,0.07424718,-0.048077755
CUST_004641,0.04137599,0.08975038,-0.04837439
CUST_004299,0.014458128,0.06291456,-0.04845643
CUST_000969,0.0026357512,0.051161367,-0.048525617
CUST_005814,0.006538534,0.055127773,-0.04858924
CUST_004817,0.016903039,0.06549376,-0.048590723
CUST_003873,0.049304668,0.09792981,-0.048625145
CUST_003549,0.05639421,0.10505765,-0.04866344
CUST_005019,0.0041185766,0.052861508,-0.04874293
CUST_003540,0.018841013,0.06765271,-0.048811696
CUST_004120,0.37192026,0.42076507,-0.048844814
CUST_001975,0.12680322,0.17568986,-0.04888664
CUST_002931,0.024476733,0.073388115,-0.04891138
CUST_004450,0.37285545,0.42193526,-0.049079806
CUST_000408,0.012531189,0.06163233,-0.049101144
CUST_005889,0.5383066,0.58753383,-0.049227238
CUST_007318,0.024835723,0.074095495,-0.049259774
CUST_004937,0.020710057,0.07022996,-0.049519904
CUST_000796,0.055803,0.10555178,-0.04974878
CUST_007888,0.019776639,0.06961626,-0.04983962
CUST_006678,0.018596742,0.068640895,-0.050044153
CUST_007253,0.021993764,0.07211548,-0.050121717
CUST_004322,0.0040431935,0.054187633,-0.05014444
CUST_004317,0.04057535,0.09074357,-0.05016822
CUST_005845,0.0067345034,0.05717811,-0.050443605
CUST_000630,0.14641406,0.19703901,-0.05062495
CUST_001217,0.0316994,0.08236211,-0.050662708
CUST_003913,0.14074236,0.1916211,-0.050878733
CUST_000867,0.042308748,0.09333145,-0.0510227
CUST_000504,0.041282557,0.09237061,-0.05108805
CUST_006509,0.42727795,0.4783929,-0.051114947
CUST_003416,0.03001049,0.08121035,-0.05119986
CUST_003040,0.0034609295,0.054667767,-0.05120684
CUST_003200,0.552335,0.6035827,-0.051247656
CUST_002448,0.020369576,0.071671076,-0.0513015
CUST_005489,0.011618041,0.062979035,-0.051360995
CUST_000654,0.09575342,0.14714718,-0.051393762
CUST_007472,0.008908694,0.06059491,-0.051686216
CUST_000072,0.02185979,0.07377767,-0.05191788
CUST_000639,0.018049516,0.06998175,-0.05193223
CUST_004890,0.049530953,0.101699166,-0.052168213
CUST_005518,0.046884563,0.09923811,-0.05235355
CUST_007255,0.16204357,0.21442114,-0.052377567
CUST_000729,0.2636774,0.31624228,-0.05256489
CUST_000240,0.011815286,0.06447391,-0.052658625
CUST_007753,0.059332035,0.111992925,-0.05266089
CUST_001957,0.01608581,0.068899594,-0.052813783
CUST_001549,0.022436889,0.07536128,-0.052924395
CUST_003687,0.006562042,0.059589133,-0.05302709
CUST_005829,0.07708334,0.13016063,-0.053077288
CUST_003888,0.020908479,0.07402518,-0.053116698
CUST_000225,0.12133805,0.17457946,-0.05324141
CUST_001562,0.2785086,0.33192736,-0.053418756
CUST_000227,0.2874589,0.3409606,-0.053501695
CUST_003267,0.019913903,0.07358031,-0.053666405
CUST_007639,0.05254395,0.10631424,-0.053770293
CUST_004043,0.19810638,0.2519608,-0.053854436
CUST_000393,0.036002878,0.0899845,-0.05398162
CUST_006384,0.0077648736,0.06191236,-0.05414749
CUST_006620,0.034237362,0.08849654,-0.05425918
CUST_005147,0.015728116,0.07010463,-0.054376513
CUST_000782,0.032764565,0.087162934,-0.05439837
CUST_004180,0.008227736,0.062743515,-0.05451578
CUST_007235,0.11663337,0.17117287,-0.0545395
CUST_003074,0.010308821,0.064941965,-0.054633144
CUST_006702,0.010308821,0.064941965,-0.054633144
CUST_002749,0.041028153,0.095863186,-0.054835033
CUST_006437,0.045832343,0.10076318,-0.054930836
CUST_000256,0.09899957,0.15407816,-0.05507859
CUST_007692,0.008260079,0.063338935,-0.055078857
CUST_000341,0.015692126,0.07078077,-0.055088643
CUST_000529,0.018753357,0.07426916,-0.055515803
CUST_000678,0.29456073,0.35009867,-0.05553794
CUST_002368,0.02281034,0.0784086,-0.05559826
CUST_006080,0.6575972,0.71331495,-0.055717766
CUST_006154,0.062480472,0.11829564,-0.055815168
CUST_006359,0.0064008334,0.062441733,-0.056040898
CUST_008056,0.70469165,0.7607859,-0.05609423
CUST_006392,0.11943824,0.17556453,-0.05612629
CUST_000968,0.24154401,0.2977571,-0.05621308
CUST_003831,0.027639318,0.083994776,-0.056355458
CUST_006869,0.08988914,0.14642414,-0.056535006
CUST_004673,0.011193114,0.06786933,-0.056676213
CUST_001741,0.008704897,0.06541244,-0.056707542
CUST_005171,0.03956573,0.09638944,-0.05682371
CUST_000300,0.060095053,0.11695096,-0.056855906
CUST_002468,0.02981445,0.086714335,-0.056899883
CUST_002874,0.01882443,0.075791866,-0.056967437
CUST_001606,0.087870285,0.1448877,-0.057017416
CUST_001068,0.0106197195,0.06767326,-0.05705354
CUST_005008,0.16595958,0.22301477,-0.05705519
CUST_004501,0.04149493,0.09856337,-0.057068445
CUST_000739,0.04149493,0.09856337,-0.057068445
CUST_008202,0.011243749,0.06836022,-0.057116468
CUST_000947,0.023501588,0.080784924,-0.057283334
CUST_005346,0.6973611,0.7547217,-0.05736059
CUST_005577,0.09227703,0.14976166,-0.057484634
CUST_003028,0.022977326,0.08054966,-0.05757233
CUST_007549,0.04283761,0.10052752,-0.05768991
CUST_007901,0.016249355,0.07407937,-0.057830017
CUST_001196,0.06388078,0.12184212,-0.057961345
CUST_005870,0.3591665,0.41714072,-0.05797422
CUST_002909,0.7485559,0.8066439,-0.058088005
CUST_001651,0.028424803,0.086714946,-0.058290143
CUST_000241,0.0051646973,0.0635965,-0.058431804
CUST_004894,0.5295055,0.58799136,-0.058485866
CUST_004809,0.012635504,0.07130631,-0.058670808
CUST_007880,0.011308288,0.07007646,-0.058768168
CUST_004717,0.023628484,0.082439065,-0.05881058
CUST_000702,0.02772241,0.08655076,-0.058828346
CUST_003646,0.20646356,0.26536706,-0.0589035
CUST_005863,0.030019395,0.0890625,-0.059043102
CUST_005922,0.01489154,0.073958345,-0.059066806
CUST_001931,0.052272156,0.1115547,-0.05928254
CUST_003393,0.17989957,0.2392365,-0.05933693
CUST_002225,0.020605413,0.08001028,-0.059404865
CUST_000002,0.024043262,0.08358521,-0.05954195
CUST_007839,0.006838448,0.06640303,-0.059564583
CUST_000007,0.02814055,0.087867476,-0.059726924
CUST_004554,0.0097345,0.069618024,-0.059883524
CUST_006479,0.030770985,0.09091721,-0.06014622
CUST_001227,0.16358028,0.22379223,-0.06021194
CUST_000939,0.044364862,0.10461316,-0.0602483
CUST_004952,0.027155152,0.08742152,-0.060266368
CUST_006073,0.03082039,0.091194406,-0.060374014
CUST_007793,0.15855418,0.218998,-0.06044382
CUST_007050,0.02312417,0.08398194,-0.06085777
CUST_008045,0.010575187,0.07150626,-0.060931075
CUST_004518,0.006967642,0.067954585,-0.060986944
CUST_004206,0.019266397,0.08027508,-0.061008684
CUST_002986,0.022791706,0.084023766,-0.06123206
CUST_006563,0.0063334126,0.06758481,-0.061251402
CUST_004496,0.0057129506,0.06711344,-0.061400488
CUST_001308,0.013762835,0.075357266,-0.06159443
CUST_001442,0.04114262,0.10298423,-0.061841607
CUST_006057,0.48436388,0.5462069,-0.061843008
CUST_002617,0.007916799,0.06981728,-0.06190048
CUST_007143,0.18025519,0.24236788,-0.06211269
CUST_006162,0.7605137,0.82278293,-0.06226921
CUST_003706,0.042518042,0.10480936,-0.062291317
CUST_000524,0.02025199,0.08256478,-0.06231279
CUST_006478,0.04091989,0.103285275,-0.062365387
CUST_007341,0.00789297,0.070439234,-0.06254627
CUST_002313,0.5361505,0.59872884,-0.06257832
CUST_002634,0.025725555,0.08864207,-0.06291652
CUST_006084,0.0074343346,0.07039233,-0.062958
CUST_003754,0.020778012,0.08374566,-0.06296764
CUST_000766,0.015026664,0.07813016,-0.0631035
CUST_007025,0.034713082,0.09799324,-0.06328016
CUST_002693,0.03193143,0.0954599,-0.06352847
CUST_005857,0.059610378,0.12332677,-0.0637164
CUST_000604,0.02837426,0.09214078,-0.06376652
CUST_003621,0.023892337,0.08775007,-0.063857734
CUST_004093,0.026453318,0.09055019,-0.064096875
CUST_003898,0.027925171,0.0923576,-0.06443243
CUST_003151,0.0014513771,0.0659105,-0.06445912
CUST_006738,0.11857167,0.18307686,-0.06450519
CUST_007438,0.015481981,0.079994984,-0.064513005
CUST_002915,0.036861237,0.10139408,-0.064532846
CUST_007297,0.28187853,0.3464136,-0.06453508
CUST_004360,0.021967895,0.08650327,-0.06453537
CUST_000364,0.015748067,0.080363445,-0.06461538
CUST_003617,0.008231729,0.07312325,-0.06489152
CUST_006237,0.05418234,0.11924946,-0.06506713
CUST_004568,0.0128440475,0.078168094,-0.065324046
CUST_000096,0.8118584,0.8773228,-0.06546438
CUST_003446,0.018560566,0.08405014,-0.065489575
CUST_004395,0.082327746,0.14785141,-0.06552366
CUST_004729,0.030061778,0.09560934,-0.065547556
CUST_004545,0.020123517,0.08575867,-0.06563515
CUST_005030,0.020123517,0.08575867,-0.06563515
CUST_002570,0.21968931,0.28543946,-0.06575015
CUST_006824,0.005631058,0.07162258,-0.06599152
CUST_004689,0.032649316,0.098664105,-0.06601479
CUST_000717,0.022562485,0.08886686,-0.06630437
CUST_000924,0.043606244,0.109953254,-0.06634701
CUST_002764,0.18122207,0.24759115,-0.06636909
CUST_004263,0.015028929,0.08142842,-0.06639949
CUST_002259,0.003710759,0.07035532,-0.06664456
CUST_001114,0.0003866061,0.06724551,-0.06685891
CUST_007804,0.027093222,0.09405318,-0.066959955
CUST_004393,0.044540815,0.11157671,-0.0670359
CUST_005625,0.4521166,0.519369,-0.0672524
CUST_000332,0.01352027,0.080878735,-0.067358464
CUST_007364,0.042655755,0.11010769,-0.06745194
CUST_005376,0.063082166,0.13058913,-0.06750696
CUST_005775,0.13961224,0.20756583,-0.06795359
CUST_007277,0.03506378,0.10303322,-0.06796944
CUST_008174,0.539171,0.6071406,-0.06796962
CUST_007526,0.40614864,0.4749166,-0.068767965
CUST_004846,0.006799943,0.07570487,-0.06890493
CUST_000511,0.12402787,0.19304492,-0.069017045
CUST_001291,0.62725616,0.6964506,-0.069194436
CUST_000230,0.06459411,0.1339685,-0.06937439
CUST_007894,0.08687918,0.15639772,-0.06951854
CUST_001618,0.44087374,0.51059425,-0.06972051
CUST_006997,0.5904096,0.66031116,-0.069901586
CUST_006033,0.018017821,0.088363856,-0.070346035
CUST_008035,0.030347787,0.10075905,-0.070411265
CUST_007023,0.013196977,0.08381511,-0.07061814
CUST_003351,0.29325846,0.36392048,-0.07066202
CUST_007551,0.04422296,0.11506329,-0.07084033
CUST_007730,0.026845552,0.09777867,-0.07093312
CUST_007945,0.06815135,0.13909735,-0.070946
CUST_005554,0.023911184,0.0950098,-0.07109861
CUST_005926,0.12482762,0.19601555,-0.07118793
CUST_002306,0.07944064,0.15084775,-0.07140711
CUST_006401,0.030002058,0.1014982,-0.071496144
CUST_006948,0.028494108,0.100052625,-0.07155852
CUST_001916,0.009151908,0.0810529,-0.07190099
CUST_000660,0.1084633,0.1803911,-0.0719278
CUST_002767,0.4576612,0.5296987,-0.07203752
CUST_007705,0.18967094,0.26199058,-0.07231964
CUST_001226,0.03594568,0.10828222,-0.07233654
CUST_006420,0.1951147,0.26752192,-0.072407216
CUST_001059,0.5692202,0.64177644,-0.07255626
CUST_002222,0.016487975,0.08916377,-0.072675794
CUST_003830,0.009611004,0.0823218,-0.0727108
CUST_001699,0.12728253,0.20007348,-0.07279095
CUST_008039,0.0099152,0.082758605,-0.0728434
CUST_001116,0.03371121,0.10659217,-0.07288096
CUST_006580,0.46126622,0.53415614,-0.072889924
CUST_004018,0.02108116,0.094145164,-0.073064
CUST_005652,0.030256076,0.10339656,-0.07314048
CUST_003524,0.46190852,0.535054,-0.07314551
CUST_003451,0.017068839,0.09024426,-0.07317542
CUST_005488,0.26368612,0.3369519,-0.07326579
CUST_000940,0.046843603,0.120244935,-0.07340133
CUST_003843,0.49121982,0.565014,-0.073794186
CUST_006600,0.00767773,0.08151947,-0.073841736
CUST_003574,0.07032458,0.1442412,-0.07391662
CUST_005401,0.018664775,0.09259344,-0.07392866
CUST_007508,0.02940966,0.103414506,-0.074004844
CUST_006784,0.019476512,0.09358493,-0.07410842
CUST_001685,0.028296087,0.10242099,-0.0741249
CUST_006258,0.042054743,0.116390206,-0.07433546
CUST_003086,0.03924075,0.11379877,-0.07455802
CUST_001611,0.007382129,0.082034655,-0.07465252
CUST_008078,0.12346552,0.19815706,-0.074691534
CUST_003429,0.35495812,0.42985612,-0.074898005
CUST_005365,0.86515164,0.94012713,-0.07497549
CUST_003229,0.06657941,0.14179002,-0.07521061
CUST_003801,0.16606164,0.24131452,-0.075252876
CUST_004293,0.013844735,0.08912695,-0.075282216
CUST_006098,0.21337974,0.28926978,-0.075890034
CUST_005718,0.1410198,0.21727574,-0.07625593
CUST_007738,0.036784187,0.11306114,-0.07627695
CUST_004721,0.11219489,0.18856063,-0.07636575
CUST_008082,0.0115810735,0.08799905,-0.07641798
CUST_000586,0.019237852,0.09584928,-0.07661143
CUST_003932,0.047114566,0.12378375,-0.07666919
CUST_004353,0.32959393,0.40678835,-0.07719442
CUST_005812,0.012887778,0.09108881,-0.07820103
CUST_007081,0.058378216,0.13662437,-0.07824615
CUST_006010,0.09028589,0.16856852,-0.07828263
CUST_004310,0.19014698,0.2684716,-0.078324616
CUST_001711,0.004009042,0.082679,-0.078669965
CUST_007197,0.010988933,0.08995487,-0.07896593
CUST_005752,0.52348506,0.6027989,-0.079313815
CUST_007882,0.13559201,0.21496469,-0.079372674
CUST_006724,0.13559201,0.21496469,-0.079372674
CUST_001639,0.17488669,0.25431597,-0.079429284
CUST_002864,0.10223497,0.18174446,-0.07950949
CUST_000585,0.0069082268,0.086503856,-0.079595625
CUST_004472,0.11897951,0.19864874,-0.07966922
CUST_001629,0.3103242,0.39011353,-0.07978934
CUST_003702,0.09018374,0.17021097,-0.08002723
CUST_003189,0.051770568,0.1318717,-0.08010113
CUST_006266,0.3106888,0.39105228,-0.08036348
CUST_003956,0.038168076,0.118578024,-0.080409944
CUST_000859,0.0077365483,0.08815853,-0.080421984
CUST_005561,0.020579278,0.10118963,-0.08061035
CUST_004445,0.039890397,0.120707706,-0.08081731
CUST_006302,0.03832549,0.11928286,-0.08095737
CUST_003061,0.014210737,0.09517513,-0.080964394
CUST_001700,0.04701967,0.12817264,-0.08115296
CUST_006631,0.4398177,0.5211452,-0.08132753
CUST_003232,0.24785246,0.32920143,-0.08134897
CUST_004002,0.022366518,0.10417129,-0.081804775
CUST_002843,0.021513632,0.10337686,-0.081863225
CUST_007040,0.06315512,0.14524163,-0.08208651
CUST_000580,0.05751487,0.14022195,-0.082707085
CUST_004884,0.017138,0.10011595,-0.08297795
CUST_001959,0.042454444,0.12573573,-0.083281286
CUST_005028,0.005273479,0.08887576,-0.08360229
CUST_003487,0.01589118,0.09955099,-0.08365981
CUST_007034,0.045318868,0.12945178,-0.08413291
CUST_002755,0.063673176,0.1478519,-0.08417872
CUST_005672,0.09503405,0.17977583,-0.084741786
CUST_001108,0.019003978,0.104080215,-0.085076235
CUST_004636,0.11677848,0.20346761,-0.08668913
CUST_003461,0.009321006,0.09665498,-0.08733398
CUST_005768,0.24314654,0.33058652,-0.087439984
CUST_006488,0.011186256,0.098792434,-0.08760618
CUST_004695,0.87640995,0.9641985,-0.08778858
CUST_001460,0.48862532,0.5773381,-0.08871278
CUST_007555,0.025318157,0.11421763,-0.08889948
CUST_001121,0.09066728,0.17972733,-0.08906005
CUST_006915,0.3196623,0.40880698,-0.08914468
CUST_004313,0.013846969,0.10309608,-0.08924911
CUST_000723,0.012507738,0.10220057,-0.08969283
CUST_005507,0.37889186,0.46903905,-0.0901472
CUST_002650,0.0052102897,0.095681615,-0.09047133
CUST_004579,0.07220425,0.16309233,-0.09088808
CUST_002584,0.010243878,0.10117872,-0.09093484
CUST_004046,0.01231493,0.103589736,-0.091274805
CUST_002637,0.15331659,0.24466209,-0.091345504
CUST_002972,0.036224965,0.12804945,-0.09182449
CUST_004674,0.41635206,0.50825864,-0.09190658
CUST_003834,0.41635206,0.50825864,-0.09190658
CUST_003333,0.12775275,0.22005624,-0.092303485
CUST_005943,0.0056983805,0.09805958,-0.0923612
CUST_004413,0.047881734,0.14024375,-0.09236202
CUST_000945,0.17218693,0.26456234,-0.09237541
CUST_003676,0.018355928,0.11074209,-0.092386164
CUST_004558,0.8984442,0.991052,-0.092607796
CUST_002854,0.03087679,0.123752594,-0.09287581
CUST_002302,0.024792679,0.117679246,-0.09288657
CUST_001443,0.023041686,0.116174676,-0.09313299
CUST_001604,0.011662223,0.104968645,-0.09330642
CUST_001038,0.18833467,0.28226587,-0.0939312
CUST_002801,0.08606997,0.18053906,-0.094469085
CUST_008129,0.041157916,0.1356319,-0.09447399
CUST_001010,0.12383385,0.21863472,-0.094800875
CUST_007789,0.012985003,0.10805273,-0.095067725
CUST_007367,0.012985003,0.10805273,-0.095067725
CUST_007962,0.06355784,0.15893449,-0.09537665
CUST_008100,0.0067881728,0.10219391,-0.095405735
CUST_002169,0.06948224,0.16493025,-0.09544802
CUST_000030,0.13314109,0.22907409,-0.095933005
CUST_007541,0.14348455,0.2400668,-0.09658225
CUST_004645,0.020325696,0.1169779,-0.0966522
CUST_003733,0.25612757,0.35337374,-0.09724617
CUST_007669,0.68735784,0.78470117,-0.097343326
CUST_005103,0.019908793,0.11735011,-0.097441316
CUST_006682,0.01613861,0.11360035,-0.097461745
CUST_002198,0.012761597,0.11035636,-0.09759477
CUST_007386,0.2618929,0.3595283,-0.09763539
CUST_006538,0.029896243,0.12780495,-0.097908705
CUST_002245,0.31069127,0.40869683,-0.09800556
CUST_007714,0.22399731,0.3223052,-0.09830789
CUST_004469,0.025077842,0.123712495,-0.09863465
CUST_003312,0.023124471,0.12201411,-0.09888964
CUST_006484,0.017278438,0.11633748,-0.09905904
CUST_003248,0.05273981,0.15190282,-0.09916301
CUST_000062,0.05273981,0.15190282,-0.09916301
CUST_004231,0.0858622,0.18516117,-0.09929898
CUST_005301,0.35832837,0.45809388,-0.09976551
CUST_006772,0.03886112,0.13866699,-0.09980587
CUST_000761,0.016049324,0.11672163,-0.100672305
CUST_000066,0.016049324,0.11672163,-0.100672305
CUST_003570,0.21802342,0.31892118,-0.10089776
CUST_001379,0.6846034,0.7866136,-0.10201019
CUST_001185,0.013571888,0.11561729,-0.1020454
CUST_005079,0.7461061,0.8482264,-0.10212034
CUST_004454,0.6763686,0.77853507,-0.102166474
CUST_003585,0.17225339,0.27452222,-0.10226883
CUST_000960,0.27190387,0.37433195,-0.10242808
CUST_004347,0.03747725,0.13992721,-0.10244995
CUST_002113,0.03724467,0.13984257,-0.1025979
CUST_002411,0.022988932,0.12568696,-0.10269803
CUST_006499,0.21154448,0.31446725,-0.10292277
CUST_007921,0.03262768,0.13557641,-0.10294873
CUST_007393,0.010368509,0.11332784,-0.10295933
CUST_008203,0.019329913,0.122586705,-0.10325679
CUST_006466,0.44949025,0.55280155,-0.1033113
CUST_005868,0.08858638,0.19235972,-0.10377333
CUST_003551,0.015103857,0.118956074,-0.10385222
CUST_001515,0.115794964,0.22001176,-0.10421679
CUST_004843,0.123943955,0.22831522,-0.104371265
CUST_006116,0.05113427,0.15737066,-0.10623638
CUST_004277,0.060735483,0.16707382,-0.10633834
CUST_002546,0.63977945,0.7466045,-0.10682505
CUST_001055,0.07399639,0.18103684,-0.10704046
CUST_007929,0.036099777,0.14370407,-0.107604295
CUST_001801,0.01671539,0.12451416,-0.10779877
CUST_007606,0.040679198,0.14963976,-0.108960554
CUST_005422,0.3716684,0.4807934,-0.10912499
CUST_000413,0.016303731,0.12550564,-0.10920191
CUST_000101,0.019543748,0.12961341,-0.11006966
CUST_000306,0.14928801,0.25969866,-0.110410646
CUST_000967,0.010433718,0.12094101,-0.110507295
CUST_000018,0.28649762,0.3978529,-0.111355275
CUST_007542,0.3536217,0.46501303,-0.111391336
CUST_007505,0.12371016,0.23589316,-0.112183
CUST_006618,0.04909585,0.16128129,-0.11218543
CUST_006564,0.008194964,0.12044138,-0.11224641
CUST_006644,0.026010947,0.13857497,-0.11256403
CUST_005226,0.024107179,0.13687788,-0.1127707
CUST_007595,0.42323393,0.5361464,-0.112912476
CUST_004153,0.17748155,0.29050452,-0.11302297
CUST_000694,0.73680687,0.849908,-0.113101125
CUST_001492,0.2529233,0.36640385,-0.11348054
CUST_007330,0.021888306,0.13540433,-0.113516025
CUST_000434,0.022544058,0.13638316,-0.113839105
CUST_007322,0.1539442,0.26867568,-0.11473149
CUST_004634,0.20442995,0.31977844,-0.11534849
CUST_000347,0.0077181617,0.1232146,-0.11549644
CUST_002754,0.24576914,0.36154506,-0.11577591
CUST_004611,0.070256755,0.18619205,-0.115935296
CUST_002105,0.03563578,0.15163696,-0.116001174
CUST_000189,0.8208394,0.9371496,-0.11631018
CUST_004331,0.04237786,0.15904862,-0.11667076
CUST_003180,0.04278034,0.15977834,-0.116998
CUST_006537,0.002590335,0.120316766,-0.11772643
CUST_006526,0.026635526,0.14441821,-0.11778268
CUST_000314,0.009814812,0.12774245,-0.11792764
CUST_003097,0.013906956,0.1319626,-0.11805564
CUST_005653,0.025038235,0.1432136,-0.118175365
CUST_007256,0.0039547593,0.122729205,-0.118774444
CUST_004842,0.027322853,0.1470415,-0.11971865
CUST_008027,0.41897464,0.53886247,-0.11988783
CUST_003370,0.3238158,0.44371408,-0.11989829
CUST_006566,0.15981561,0.2798786,-0.12006298
CUST_006504,0.024177937,0.14428927,-0.12011133
CUST_001089,0.3228578,0.4433651,-0.1205073
CUST_006676,0.03991537,0.16148801,-0.12157264
CUST_001307,0.11533325,0.23691769,-0.12158444
CUST_000671,0.01732039,0.13890582,-0.12158543
CUST_006657,0.020822968,0.142824,-0.12200102
CUST_008134,0.22194405,0.344224,-0.12227996
CUST_007248,0.052553363,0.17519158,-0.12263822
CUST_000589,0.13452041,0.2573428,-0.122822374
CUST_001755,0.3154212,0.43825907,-0.12283787
CUST_003045,0.0030677158,0.12631224,-0.123244524
CUST_006624,0.21631752,0.3399746,-0.12365709
CUST_005411,0.29938763,0.42386368,-0.124476045
CUST_006654,0.4729551,0.59758884,-0.12463373
CUST_003798,0.018980926,0.14423813,-0.12525721
CUST_002655,0.019849773,0.14546204,-0.12561226
CUST_006519,0.11970278,0.2456766,-0.12597382
CUST_006669,0.14287123,0.26897138,-0.12610015
CUST_002592,0.026257146,0.15266424,-0.1264071
CUST_001280,0.009731862,0.13648061,-0.12674876
CUST_004683,0.016635435,0.14344376,-0.12680833
CUST_006999,0.2575974,0.38445675,-0.12685937
CUST_006230,0.27068055,0.39756033,-0.12687978
CUST_006709,0.030805454,0.15794845,-0.127143
CUST_006883,0.030641854,0.15788116,-0.1272393
CUST_004942,0.059050392,0.1867965,-0.1277461
CUST_007226,0.5942053,0.7220938,-0.1278885
CUST_005799,0.022893777,0.15088187,-0.1279881
CUST_000278,0.022893777,0.15088187,-0.1279881
CUST_008181,0.83328307,0.96163845,-0.12835538
CUST_003573,0.24997208,0.3787638,-0.12879172
CUST_003793,0.2848475,0.41366425,-0.12881675
CUST_000955,0.11525949,0.24426235,-0.12900287
CUST_007605,0.048275504,0.17753603,-0.12926053
CUST_006507,0.25390166,0.38326386,-0.1293622
CUST_006462,0.018766232,0.14850423,-0.129738
CUST_004643,0.21923156,0.3490784,-0.12984683
CUST_003948,0.05297255,0.18296017,-0.12998761
CUST_002735,0.82399803,0.953987,-0.12998897
CUST_005571,0.03767066,0.16771676,-0.1300461
CUST_000083,0.044425227,0.17474197,-0.13031673
CUST_007930,0.29190516,0.42254865,-0.13064349
CUST_001820,0.0026973588,0.13338651,-0.13068914
CUST_005793,0.30183706,0.43365788,-0.13182083
CUST_000572,0.011136759,0.14377198,-0.13263522
CUST_006559,0.08644415,0.21920769,-0.13276353
CUST_005157,0.17226636,0.30530894,-0.13304257
CUST_007538,0.35729548,0.4910367,-0.13374123
CUST_004170,0.5209002,0.6547992,-0.13389903
CUST_007416,0.034364074,0.16857952,-0.13421544
CUST_007533,0.6732847,0.8083353,-0.1350506
CUST_000519,0.07908153,0.21465108,-0.13556954
CUST_006318,0.25527483,0.39087385,-0.13559902
CUST_004391,0.2511563,0.38738012,-0.13622382
CUST_000846,0.34291688,0.47920066,-0.13628379
CUST_007572,0.31600782,0.45239094,-0.13638312
CUST_002119,0.14315127,0.2799269,-0.13677563
CUST_006921,0.019477796,0.1562745,-0.1367967
CUST_005722,0.15055852,0.28748,-0.13692148
CUST_007916,0.17035781,0.30737528,-0.13701747
CUST_007957,0.66749823,0.8052861,-0.13778788
CUST_002293,0.45801637,0.5970484,-0.13903204
CUST_004397,0.041191287,0.18116802,-0.13997674
CUST_003507,0.20485723,0.3472146,-0.14235738
CUST_004944,0.037239976,0.18059969,-0.14335972
CUST_005895,0.16070653,0.30468446,-0.14397793
CUST_003099,0.19221292,0.33623427,-0.14402135
CUST_004486,0.13736807,0.2820497,-0.14468162
CUST_005710,0.0120114805,0.15674971,-0.14473823
CUST_000468,0.5009862,0.64657176,-0.14558554
CUST_006061,0.33797848,0.4836815,-0.14570302
CUST_004344,0.5704141,0.716818,-0.14640385
CUST_000687,0.008083603,0.15451579,-0.14643219
CUST_007758,0.22815242,0.37492302,-0.1467706
CUST_001271,0.39562032,0.5425466,-0.14692625
CUST_007169,0.009413487,0.15645711,-0.14704363
CUST_002660,0.004684465,0.15197228,-0.14728782
CUST_003042,0.22429009,0.37172815,-0.14743806
CUST_004820,0.004130577,0.15158053,-0.14744996
CUST_001110,0.2756158,0.42332295,-0.14770713
CUST_006001,0.029872581,0.17802097,-0.14814839
CUST_007116,0.5550713,0.704154,-0.14908272
CUST_006908,0.8130248,0.9624919,-0.14946711
CUST_001013,0.010288617,0.16075936,-0.15047075
CUST_001175,0.44425303,0.594773,-0.15051997
CUST_007402,0.14253363,0.29344502,-0.15091139
CUST_000658,0.64097923,0.7919386,-0.15095937
CUST_003753,0.24179931,0.39328846,-0.15148915
CUST_008117,0.52097756,0.6726944,-0.15171683
CUST_004468,0.32094803,0.47267455,-0.15172651
CUST_003752,0.1916393,0.34422818,-0.15258887
CUST_006715,0.041790623,0.19459967,-0.15280905
CUST_007788,0.12290877,0.27581537,-0.1529066
CUST_001740,0.23570313,0.38902983,-0.1533267
CUST_003480,0.07663665,0.23063329,-0.15399665
CUST_001657,0.0033133798,0.1575481,-0.15423472
CUST_001372,0.77022016,0.92475164,-0.15453148
CUST_004802,0.064860694,0.21978329,-0.1549226
CUST_004101,0.011888481,0.16728975,-0.15540127
CUST_006140,0.14524963,0.3015971,-0.15634745
CUST_005100,0.5897295,0.7484327,-0.15870321
CUST_003723,0.03872463,0.19811733,-0.1593927
CUST_000951,0.037371445,0.19833402,-0.16096258
CUST_000261,0.64073455,0.80196255,-0.161228
CUST_004091,0.14256932,0.30441952,-0.1618502
CUST_000244,0.017161984,0.17912854,-0.16196656
CUST_002937,0.25840732,0.42141852,-0.1630112
CUST_007244,0.2790887,0.44215682,-0.16306812
CUST_006275,0.14881085,0.3124505,-0.16363965
CUST_004370,0.05600286,0.22054349,-0.16454063
CUST_001668,0.0092259925,0.17445542,-0.16522942
CUST_005302,0.03166048,0.19764629,-0.16598581
CUST_007919,0.038032684,0.20428915,-0.16625647
CUST_004482,0.11611278,0.28318062,-0.16706784
CUST_003320,0.6325043,0.8000068,-0.16750252
CUST_003376,0.15175116,0.3196388,-0.16788763
CUST_002455,0.23367356,0.40173805,-0.16806449
CUST_004516,0.62888074,0.79758245,-0.16870171
CUST_004008,0.15296024,0.3218336,-0.16887337
CUST_001817,0.32378823,0.49288645,-0.16909823
CUST_003489,0.10298636,0.27248073,-0.16949436
CUST_007423,0.78889745,0.9584906,-0.16959316
CUST_005253,0.08521926,0.25512883,-0.16990957
CUST_005682,0.20273836,0.37269455,-0.16995619
CUST_004289,0.36001194,0.5300551,-0.17004317
CUST_003084,0.15342279,0.32736197,-0.17393918
CUST_001846,0.047068242,0.22147176,-0.17440352
CUST_005527,0.021260452,0.19588287,-0.17462242
CUST_001200,0.2918613,0.46678078,-0.17491949
CUST_006305,0.02239343,0.19756357,-0.17517014
CUST_005509,0.0052105514,0.18053362,-0.17532307
CUST_000904,0.1728731,0.3484117,-0.17553861
CUST_003498,0.210069,0.38562006,-0.17555106
CUST_003868,0.19739203,0.37536663,-0.1779746
CUST_005824,0.17375611,0.35230252,-0.17854641
CUST_001770,0.057808258,0.23782076,-0.1800125
CUST_007237,0.3536503,0.5344426,-0.1807923
CUST_002488,0.28540063,0.46645784,-0.18105721
CUST_005836,0.07740967,0.25887883,-0.18146916
CUST_003499,0.54150933,0.7241448,-0.18263549
CUST_003318,0.142876,0.3267705,-0.18389452
CUST_003756,0.2218781,0.40660352,-0.18472542
CUST_001486,0.54760015,0.7325704,-0.18497026
CUST_000746,0.016663736,0.20168793,-0.1850242
CUST_007640,0.06054601,0.24557586,-0.18502985
CUST_001737,0.25705075,0.44208425,-0.1850335
CUST_004049,0.21991278,0.4057699,-0.18585713
CUST_007862,0.49602428,0.6823327,-0.18630841
CUST_002740,0.14847691,0.33520022,-0.1867233
CUST_004910,0.019550975,0.20640808,-0.1868571
CUST_005480,0.10023359,0.2880866,-0.18785301
CUST_006081,0.509639,0.69760925,-0.18797022
CUST_006144,0.082507476,0.27049425,-0.18798678
CUST_007794,0.05811036,0.24681422,-0.18870386
CUST_000628,0.007672508,0.19747528,-0.18980278
CUST_001880,0.08451345,0.2754681,-0.19095466
CUST_001671,0.14975756,0.3409394,-0.19118184
CUST_001211,0.50906247,0.7006293,-0.19156682
CUST_007751,0.7663073,0.9595679,-0.19326061
CUST_008158,0.5322106,0.72626007,-0.19404948
CUST_000539,0.2571574,0.45181137,-0.19465399
CUST_002877,0.7980385,0.9940975,-0.19605899
CUST_006929,0.32111976,0.51738185,-0.19626209
CUST_006959,0.031153394,0.2283185,-0.1971651
CUST_001704,0.2413315,0.43858036,-0.19724886
CUST_004959,0.3487558,0.54616606,-0.19741026
CUST_005050,0.7915368,0.98996735,-0.19843054
CUST_002195,0.21846956,0.41740283,-0.19893327
CUST_000903,0.12817815,0.32724053,-0.19906238
CUST_007000,0.21507102,0.41503018,-0.19995916
CUST_004648,0.033502925,0.23395194,-0.20044902
CUST_002892,0.0013603631,0.2021758,-0.20081544
CUST_000076,0.2453028,0.44659317,-0.20129037
CUST_000196,0.011378105,0.21336329,-0.20198518
CUST_007228,0.33334744,0.53695154,-0.2036041
CUST_004764,0.5736346,0.7775983,-0.2039637
CUST_003978,0.31074512,0.5148055,-0.20406038
CUST_004386,0.13287972,0.3370264,-0.20414667
CUST_000373,0.16072276,0.36728483,-0.20656207
CUST_002967,0.74687475,0.95386195,-0.2069872
CUST_006852,0.2897989,0.49725994,-0.20746106
CUST_005576,0.0764079,0.28451264,-0.20810473
CUST_001341,0.21246491,0.4208558,-0.20839088
CUST_004305,0.20755106,0.4161118,-0.20856073
CUST_001623,0.030705512,0.23975097,-0.20904545
CUST_001552,0.110065885,0.31962445,-0.20955858
CUST_002876,0.67299765,0.8829613,-0.20996362
CUST_006531,0.40171748,0.6118101,-0.2100926
CUST_002794,0.34982026,0.5601487,-0.21032846
CUST_005447,0.44192886,0.65233266,-0.2104038
CUST_004839,0.43409383,0.64549404,-0.21140021
CUST_004113,0.435194,0.6466485,-0.21145454
CUST_004747,0.03140056,0.24357222,-0.21217166
CUST_000891,0.182398,0.39483806,-0.21244006
CUST_003743,0.09136708,0.30419505,-0.21282797
CUST_005279,0.4125156,0.62630224,-0.21378663
CUST_002878,0.671526,0.8856088,-0.21408278
CUST_000323,0.114756994,0.329226,-0.21446899
CUST_004657,0.014454495,0.22898038,-0.21452588
CUST_002092,0.6344553,0.8493437,-0.2148884
CUST_002870,0.033226687,0.24858359,-0.2153569
CUST_007977,0.28566015,0.50144005,-0.2157799
CUST_005882,0.6164275,0.8328562,-0.2164287
CUST_003555,0.18399957,0.40056828,-0.21656871
CUST_007333,0.17986657,0.3964609,-0.21659432
CUST_005208,0.17045912,0.3871675,-0.21670839
CUST_005644,0.08351268,0.30124503,-0.21773235
CUST_005156,0.12000745,0.3377503,-0.21774283
CUST_005077,0.7243175,0.94274384,-0.21842635
CUST_001238,0.054046065,0.27250168,-0.21845561
CUST_005717,0.045432325,0.2661154,-0.22068307
CUST_007471,0.5635227,0.78427017,-0.22074747
CUST_004290,0.1655136,0.38657162,-0.22105801
CUST_005964,0.5470617,0.76828647,-0.22122478
CUST_002019,0.767459,0.988982,-0.22152305
CUST_004192,0.18684408,0.4091482,-0.2223041
CUST_004552,0.3679548,0.59265816,-0.22470337
CUST_005648,0.16542986,0.39327222,-0.22784236
CUST_006516,0.13895875,0.3685588,-0.22960004
CUST_002627,0.023994045,0.2536691,-0.22967507
CUST_005817,0.47800985,0.70770496,-0.22969511
CUST_005023,0.0686817,0.29918507,-0.23050337
CUST_001233,0.35322258,0.5838347,-0.23061213
CUST_003751,0.029361954,0.260917,-0.23155506
CUST_000526,0.23530215,0.46708643,-0.23178428
CUST_008085,0.19371618,0.42718393,-0.23346774
CUST_002359,0.27521825,0.5089889,-0.23377067
CUST_007899,0.004949578,0.23876366,-0.23381408
CUST_000490,0.13353397,0.36817777,-0.2346438
CUST_004076,0.5342323,0.77083933,-0.23660702
CUST_006290,0.44883093,0.6854971,-0.23666617
CUST_002161,0.09386549,0.33111012,-0.23724464
CUST_007148,0.42994994,0.66726136,-0.23731142
CUST_000850,0.36789486,0.60563,-0.23773512
CUST_000655,0.36795846,0.6058962,-0.23793772
CUST_006888,0.20596936,0.44409895,-0.23812959
CUST_001124,0.32241103,0.56171304,-0.23930201
CUST_001384,0.69041175,0.931544,-0.24113226
CUST_006679,0.006863602,0.24935128,-0.24248767
CUST_005269,0.28966644,0.533347,-0.24368057
CUST_003990,0.17039815,0.4147698,-0.24437165
CUST_006893,0.020951703,0.26549897,-0.24454726
CUST_007259,0.17751415,0.42318454,-0.2456704
CUST_001131,0.69657475,0.9426361,-0.24606133
CUST_007810,0.6897538,0.93640935,-0.24665558
CUST_002084,0.043645617,0.29198977,-0.24834415
CUST_002030,0.36024755,0.6087873,-0.24853975
CUST_005319,0.27033618,0.519868,-0.24953184
CUST_007448,0.37236136,0.6225764,-0.25021505
CUST_001692,0.29116973,0.54170114,-0.2505314
CUST_001640,0.17874394,0.42990187,-0.25115794
CUST_006570,0.3840051,0.6353261,-0.251321
CUST_002219,0.61071634,0.863495,-0.25277865
CUST_003301,0.10021228,0.35507968,-0.2548674
CUST_002244,0.03370982,0.2894467,-0.2557369
CUST_007270,0.4100775,0.66583323,-0.25575572
CUST_000208,0.014881213,0.27187926,-0.25699803
CUST_005633,0.08365644,0.34195736,-0.25830093
CUST_007492,0.3675074,0.6262561,-0.2587487
CUST_001705,0.14881246,0.4084253,-0.25961286
CUST_004966,0.43327582,0.6929546,-0.25967878
CUST_004525,0.08810165,0.35120887,-0.2631072
CUST_002094,0.09266156,0.35615492,-0.26349336
CUST_002534,0.61289823,0.8772795,-0.2643813
CUST_001842,0.20080358,0.46558267,-0.2647791
CUST_001767,0.2683311,0.5331466,-0.2648155
CUST_000395,0.124025114,0.38887322,-0.2648481
CUST_001040,0.54608244,0.8133818,-0.26729935
CUST_005680,0.049112625,0.31685922,-0.2677466
CUST_002846,0.06301394,0.33172634,-0.2687124
CUST_007377,0.2967558,0.56569135,-0.26893556
CUST_004177,0.08660591,0.3560104,-0.2694045
CUST_002541,0.13015832,0.3998017,-0.26964337
CUST_000582,0.24471374,0.51458365,-0.26986992
CUST_000277,0.023358187,0.2934378,-0.2700796
CUST_007339,0.29440692,0.5646756,-0.2702687
CUST_000092,0.25167936,0.5245442,-0.27286482
CUST_000117,0.035727218,0.31020436,-0.27447712
CUST_006463,0.119833015,0.3944753,-0.2746423
CUST_000020,0.27798653,0.55456036,-0.27657384
CUST_002583,0.33490306,0.61202127,-0.2771182
CUST_006647,0.037758183,0.31736976,-0.2796116
CUST_007567,0.4674834,0.7498862,-0.2824028
CUST_002088,0.07708704,0.3621558,-0.28506875
CUST_003362,0.192919,0.4801192,-0.2872002
CUST_006262,0.44895425,0.73781496,-0.2888607
CUST_004406,0.105956644,0.39651704,-0.2905604
CUST_002329,0.6434202,0.934512,-0.2910918
CUST_003690,0.0883402,0.37949273,-0.29115254
CUST_005029,0.0852158,0.37787926,-0.29266346
CUST_008224,0.568416,0.86188537,-0.29346937
CUST_004464,0.38387483,0.67738056,-0.29350573
CUST_005550,0.028336687,0.32284594,-0.29450926
CUST_005908,0.13036555,0.42544496,-0.2950794
CUST_001513,0.11312405,0.4092715,-0.29614747
CUST_005148,0.6082108,0.9058164,-0.29760557
CUST_002469,0.3601407,0.65940523,-0.29926452
CUST_007779,0.1706317,0.4706901,-0.3000584
CUST_002537,0.2802649,0.58318865,-0.30292374
CUST_004506,0.50715774,0.810202,-0.30304426
CUST_003853,0.0038992781,0.3070265,-0.30312723
CUST_007920,0.37793925,0.68109995,-0.3031607
CUST_001971,0.07100038,0.37479147,-0.3037911
CUST_003205,0.08032927,0.38517246,-0.3048432
CUST_006286,0.08967157,0.39610332,-0.30643177
CUST_005678,0.425882,0.7329671,-0.30708507
CUST_007435,0.25645486,0.5636826,-0.30722776
CUST_004540,0.21267243,0.52013814,-0.30746573
CUST_006414,0.23224247,0.5409526,-0.30871016
CUST_002363,0.011738751,0.32056525,-0.3088265
CUST_005813,0.63680995,0.946254,-0.30944407
CUST_000896,0.3441904,0.6565541,-0.3123637
CUST_004902,0.38431063,0.69731945,-0.31300882
CUST_004543,0.056408383,0.3714923,-0.31508392
CUST_005884,0.23803315,0.553819,-0.31578586
CUST_001091,0.5593241,0.8751974,-0.31587332
CUST_001142,0.28069645,0.5988198,-0.31812334
CUST_006719,0.14348099,0.46718106,-0.32370007
CUST_005958,0.5405294,0.86477345,-0.32424408
CUST_004861,0.2262275,0.55052334,-0.32429582
CUST_006189,0.13296962,0.4589167,-0.32594708
CUST_005838,0.17633675,0.50358945,-0.3272527
CUST_006159,0.015461158,0.34280682,-0.32734567
CUST_006377,0.10503216,0.43293986,-0.32790768
CUST_003211,0.62883157,0.9572993,-0.32846773
CUST_002501,0.060412206,0.3899749,-0.3295627
CUST_003468,0.64155614,0.9737704,-0.33221424
CUST_003802,0.36534515,0.6978593,-0.33251414
CUST_003661,0.13815808,0.47239006,-0.33423197
CUST_003344,0.20815499,0.5436385,-0.33548355
CUST_008017,0.21853478,0.5563528,-0.33781803
CUST_004810,0.12267833,0.46115232,-0.33847398
CUST_003595,0.035358176,0.37388554,-0.33852738
CUST_006863,0.54182684,0.88084763,-0.3390208
CUST_000048,0.25922167,0.5988465,-0.33962482
CUST_006844,0.34145492,0.6832793,-0.34182435
CUST_003342,0.45255205,0.79911214,-0.3465601
CUST_004576,0.4445873,0.79126763,-0.34668034
CUST_004615,0.3912416,0.73804855,-0.34680694
CUST_004116,0.024072243,0.37461084,-0.3505386
CUST_003127,0.11866802,0.47130963,-0.3526416
CUST_001324,0.010856802,0.36572704,-0.35487023
CUST_003901,0.2537543,0.61074096,-0.35698667
CUST_007381,0.11987722,0.4774732,-0.35759598
CUST_005691,0.14093101,0.49978134,-0.35885033
CUST_005389,0.22188318,0.5816971,-0.35981393
CUST_003596,0.5984127,0.9632051,-0.3647924
CUST_006850,0.34475428,0.71134025,-0.36658597
CUST_002863,0.025479743,0.39337143,-0.3678917
CUST_002705,0.3724337,0.7405584,-0.3681247
CUST_006598,0.11524525,0.48338258,-0.36813733
CUST_005089,0.17728664,0.5457172,-0.36843055
CUST_004415,0.020175245,0.38901132,-0.36883608
CUST_005565,0.08542075,0.45571315,-0.3702924
CUST_004330,0.38780978,0.7617293,-0.37391952
CUST_000159,0.06289904,0.43946436,-0.37656534
CUST_006472,0.5006685,0.88004684,-0.37937832
CUST_003682,0.30466712,0.68447125,-0.37980413
CUST_005280,0.28567585,0.6665486,-0.38087276
CUST_001748,0.23244306,0.6142623,-0.38181922
CUST_003809,0.22461542,0.60713184,-0.3825164
CUST_006339,0.46937788,0.85264397,-0.3832661
CUST_000162,0.3579124,0.74157673,-0.38366434
CUST_003952,0.0043564048,0.39158538,-0.38722897
CUST_004578,0.48084608,0.8722518,-0.39140573
CUST_004047,0.11086986,0.50303054,-0.39216068
CUST_003576,0.13117374,0.524426,-0.39325225
CUST_007575,0.3475111,0.74162674,-0.39411563
CUST_006941,0.44965342,0.844647,-0.39499357
CUST_005953,0.5798934,0.9814114,-0.401518
CUST_005688,0.17916965,0.58349055,-0.4043209
CUST_008106,0.5166417,0.9231895,-0.40654784
CUST_001370,0.008018868,0.41736296,-0.40934408
CUST_001365,0.4858034,0.8961311,-0.4103277
CUST_000304,0.22878118,0.64079416,-0.412013
CUST_000662,0.38409913,0.796604,-0.41250485
CUST_005515,0.40396866,0.8200332,-0.41606453
CUST_004497,0.03221957,0.44881964,-0.41660008
CUST_008013,0.35963094,0.77718943,-0.4175585
CUST_001154,0.3936446,0.81205374,-0.41840914
CUST_000505,0.24379638,0.6626718,-0.41887543
CUST_007151,0.30347574,0.7269358,-0.42346007
CUST_007615,0.095211476,0.52820057,-0.4329891
CUST_007305,0.0880419,0.52254957,-0.43450767
CUST_003358,0.50536126,0.9427827,-0.43742144
CUST_002175,0.12071929,0.5585116,-0.43779233
CUST_007896,0.5019555,0.94130075,-0.43934524
CUST_005372,0.30711916,0.7478158,-0.44069663
CUST_005136,0.428973,0.86982507,-0.44085208
CUST_005429,0.14955227,0.5920333,-0.44248104
CUST_001881,0.16953474,0.6141764,-0.44464165
CUST_003764,0.07649301,0.5238243,-0.44733125
CUST_001797,0.053582363,0.5021088,-0.44852644
CUST_007630,0.10308274,0.5525803,-0.44949755
CUST_000343,0.24742687,0.6980227,-0.45059586
CUST_004735,0.23093587,0.68168133,-0.45074546
CUST_002791,0.030123586,0.48341167,-0.45328808
CUST_007624,0.22064823,0.6879063,-0.4672581
CUST_007873,0.08300605,0.553091,-0.47008494
CUST_002569,0.15589169,0.6272344,-0.4713427
CUST_007059,0.13088544,0.60357845,-0.47269303
CUST_006291,0.40536013,0.8789266,-0.47356644
CUST_000576,0.060190994,0.5344932,-0.4743022
CUST_007131,0.02959861,0.50483423,-0.4752356
CUST_003521,0.15678422,0.6327501,-0.47596586
CUST_002748,0.12527983,0.6057076,-0.48042774
CUST_007683,0.23454353,0.7156739,-0.4811304
CUST_005292,0.16563468,0.64712423,-0.48148954
CUST_002317,0.3481806,0.8302363,-0.48205572
CUST_008228,0.3999972,0.8852051,-0.4852079
CUST_005543,0.3428028,0.82895863,-0.48615584
CUST_004866,0.20424327,0.6904428,-0.48619953
CUST_002588,0.16180696,0.6502332,-0.48842627
CUST_007052,0.106547885,0.6029807,-0.49643278
CUST_000355,0.16640735,0.66298926,-0.4965819
CUST_005126,0.2828463,0.78509235,-0.502246
CUST_006800,0.33050793,0.8421888,-0.51168084
CUST_001774,0.38084614,0.9139777,-0.53313154
CUST_001001,0.071900316,0.60532194,-0.53342164
CUST_004197,0.25033137,0.78462726,-0.5342959
CUST_002213,0.014981041,0.5526759,-0.5376949
CUST_002267,0.14777468,0.685598,-0.5378233
CUST_005180,0.2966681,0.8360415,-0.5393734
CUST_005905,0.16369964,0.7069306,-0.54323095
CUST_004379,0.0757573,0.62237453,-0.5466172
CUST_003761,0.16690305,0.7257565,-0.5588535
CUST_002510,0.3708885,0.9356122,-0.56472373
CUST_000755,0.2182639,0.78465456,-0.56639063
CUST_005096,0.19836648,0.76927024,-0.5709038
CUST_006103,0.1735505,0.7447951,-0.5712446
CUST_003746,0.18491147,0.75719225,-0.57228076
CUST_003434,0.02195623,0.59638405,-0.57442784
CUST_001541,0.3911124,0.98211426,-0.59100187
CUST_002504,0.31118846,0.90901524,-0.5978268
CUST_003872,0.018378634,0.6176133,-0.5992347
CUST_008093,0.2662015,0.8708284,-0.6046269
CUST_003159,0.30028403,0.9071845,-0.60690045
CUST_004233,0.13655204,0.7438904,-0.60733837
CUST_006461,0.28396097,0.8983445,-0.6143836
CUST_007183,0.31935495,0.93726456,-0.6179096
CUST_000425,0.2613238,0.88930935,-0.62798554
CUST_004870,0.25521857,0.94156206,-0.6863435
CUST_001450,0.22291483,0.97530705,-0.75239223
CUST_000634,0.026639886,0.8407346,-0.8140947
CUST_003667,0.13366164,0.95718735,-0.8235257
