age,job,marital,education,default,housing,loan,contact,month,day_of_week,campaign,pdays,previous,poutcome,emp.var.rate,cons.price.idx,cons.conf.idx,euribor3m,nr.employed
37,technician,single,professional.course,no,yes,no,cellular,aug,thu,8,999,0,nonexistent,1.4,93.444,-36.1,4.962,5228.1
58,entrepreneur,married,university.degree,unknown,no,no,telephone,may,fri,4,999,0,nonexistent,1.1,93.994,-36.4,4.855,5191.0
36,self-employed,single,university.degree,no,no,no,telephone,jun,fri,3,999,0,nonexistent,1.4,94.465,-41.8,4.959,5228.1
29,housemaid,married,high.school,no,yes,no,cellular,nov,thu,1,999,0,nonexistent,-0.1,93.2,-42.0,4.076,5195.8
31,admin.,married,high.school,unknown,yes,no,telephone,may,thu,2,999,0,nonexistent,1.1,93.994,-36.4,4.86,5191.0
27,admin.,single,high.school,unknown,yes,no,cellular,jul,thu,1,999,0,nonexistent,1.4,93.918,-42.7,4.958,5228.1
29,admin.,single,basic.9y,unknown,no,no,telephone,jun,mon,2,999,0,nonexistent,1.4,94.465,-41.8,4.96,5228.1
29,student,single,unknown,no,yes,no,cellular,apr,fri,5,999,0,nonexistent,-1.8,93.075,-47.1,1.405,5099.1
34,admin.,single,university.degree,no,yes,yes,cellular,apr,tue,2,999,0,nonexistent,-1.8,93.075,-47.1,1.423,5099.1
36,admin.,married,university.degree,no,no,no,cellular,may,tue,4,999,0,nonexistent,-1.8,93.876,-40.0,0.697,5008.7
32,entrepreneur,married,basic.6y,no,yes,no,telephone,may,wed,1,999,0,nonexistent,1.1,93.994,-36.4,4.856,5191.0
32,blue-collar,married,basic.9y,no,no,no,telephone,may,fri,3,999,0,nonexistent,1.1,93.994,-36.4,4.857,5191.0
53,admin.,married,professional.course,no,yes,no,cellular,apr,mon,3,999,0,nonexistent,-1.8,93.075,-47.1,1.405,5099.1
42,blue-collar,divorced,basic.4y,unknown,no,no,cellular,nov,thu,6,999,0,nonexistent,-0.1,93.2,-42.0,4.076,5195.8
37,student,single,unknown,no,no,no,cellular,aug,thu,1,999,0,nonexistent,-2.9,92.201,-31.4,0.851,5076.2
39,admin.,married,high.school,no,yes,no,cellular,may,mon,3,999,0,nonexistent,-1.8,92.893,-46.2,1.354,5099.1
33,blue-collar,married,basic.6y,no,no,no,cellular,may,thu,1,999,0,nonexistent,-1.8,92.893,-46.2,1.266,5099.1
36,management,married,university.degree,no,yes,yes,telephone,may,fri,3,999,0,nonexistent,-1.8,92.893,-46.2,1.25,5099.1
22,technician,single,basic.9y,no,no,no,telephone,jul,thu,1,999,0,nonexistent,1.4,93.918,-42.7,4.963,5228.1
37,self-employed,married,professional.course,unknown,yes,no,telephone,may,fri,13,999,0,nonexistent,1.1,93.994,-36.4,4.864,5191.0
42,blue-collar,married,basic.4y,unknown,no,no,cellular,apr,fri,1,999,1,failure,-1.8,93.075,-47.1,1.405,5099.1
60,management,married,university.degree,no,yes,yes,cellular,jul,thu,1,4,2,success,-1.7,94.215,-40.3,0.782,4991.6
36,technician,married,professional.course,no,yes,no,cellular,may,thu,2,999,0,nonexistent,-1.8,92.893,-46.2,1.327,5099.1
49,admin.,married,basic.6y,unknown,yes,no,cellular,apr,thu,3,999,0,nonexistent,-1.8,93.075,-47.1,1.483,5099.1
55,retired,married,professional.course,no,yes,no,cellular,aug,thu,3,999,0,nonexistent,1.4,93.444,-36.1,4.968,5228.1
23,student,single,basic.9y,no,yes,no,cellular,jun,tue,1,6,3,success,-1.7,94.055,-39.8,0.761,4991.6
36,technician,single,professional.course,unknown,no,no,telephone,may,fri,3,999,0,nonexistent,1.1,93.994,-36.4,4.855,5191.0
45,services,divorced,high.school,no,no,no,cellular,jul,mon,1,999,0,nonexistent,1.4,93.918,-42.7,4.96,5228.1
42,services,married,basic.6y,no,no,no,cellular,nov,thu,7,999,1,failure,-0.1,93.2,-42.0,4.076,5195.8
28,admin.,single,high.school,no,no,no,cellular,jul,tue,14,999,0,nonexistent,1.4,93.918,-42.7,4.961,5228.1
39,management,married,university.degree,no,yes,no,cellular,apr,fri,1,999,0,nonexistent,-1.8,93.075,-47.1,1.405,5099.1
47,blue-collar,married,basic.9y,no,no,no,cellular,aug,fri,11,999,0,nonexistent,1.4,93.444,-36.1,4.964,5228.1
30,admin.,single,high.school,no,no,no,cellular,jul,wed,3,999,0,nonexistent,1.4,93.918,-42.7,4.963,5228.1
39,management,married,basic.6y,unknown,no,no,telephone,may,tue,1,999,0,nonexistent,1.1,93.994,-36.4,4.857,5191.0
37,admin.,married,high.school,no,yes,no,cellular,apr,fri,2,999,1,failure,-1.8,93.075,-47.1,1.479,5099.1
30,technician,married,professional.course,no,yes,no,cellular,aug,thu,4,999,0,nonexistent,1.4,93.444,-36.1,4.963,5228.1
44,admin.,married,high.school,unknown,yes,no,cellular,aug,fri,3,999,0,nonexistent,1.4,93.444,-36.1,4.966,5228.1
55,technician,divorced,professional.course,unknown,yes,no,cellular,aug,tue,1,999,0,nonexistent,1.4,93.444,-36.1,4.965,5228.1
68,retired,married,basic.4y,no,no,no,telephone,sep,tue,1,999,1,failure,-3.4,92.379,-29.8,0.788,5017.5
39,admin.,married,university.degree,unknown,yes,no,cellular,aug,wed,4,999,0,nonexistent,1.4,93.444,-36.1,4.964,5228.1
59,retired,married,university.degree,no,yes,no,cellular,jul,mon,7,999,0,nonexistent,1.4,93.918,-42.7,4.962,5228.1
32,admin.,married,university.degree,no,yes,no,cellular,aug,mon,1,999,0,nonexistent,1.4,93.444,-36.1,4.963,5228.1
32,self-employed,divorced,professional.course,unknown,yes,no,telephone,jun,wed,3,999,0,nonexistent,1.4,94.465,-41.8,4.962,5228.1
37,technician,single,high.school,no,yes,yes,cellular,aug,wed,1,999,0,nonexistent,1.4,93.444,-36.1,4.967,5228.1
37,technician,divorced,professional.course,no,no,no,telephone,may,wed,1,999,0,nonexistent,1.1,93.994,-36.4,4.856,5191.0
57,blue-collar,married,basic.4y,unknown,no,no,cellular,jul,fri,2,999,0,nonexistent,1.4,93.918,-42.7,4.962,5228.1
41,blue-collar,married,basic.4y,no,no,no,telephone,may,tue,2,999,0,nonexistent,1.1,93.994,-36.4,4.857,5191.0
27,technician,married,university.degree,no,yes,no,cellular,jul,tue,1,999,0,nonexistent,1.4,93.918,-42.7,4.961,5228.1
45,admin.,single,professional.course,no,yes,no,telephone,may,wed,1,999,0,nonexistent,1.1,93.994,-36.4,4.858,5191.0
46,services,married,unknown,unknown,yes,no,cellular,aug,mon,5,999,0,nonexistent,1.4,93.444,-36.1,4.963,5228.1
29,self-employed,single,high.school,no,yes,yes,cellular,nov,thu,3,999,0,nonexistent,-0.1,93.2,-42.0,4.076,5195.8
30,technician,married,university.degree,no,yes,no,telephone,nov,thu,5,999,0,nonexistent,-0.1,93.2,-42.0,4.076,5195.8
50,blue-collar,married,professional.course,unknown,no,no,cellular,aug,tue,1,999,0,nonexistent,1.4,93.444,-36.1,4.966,5228.1
48,entrepreneur,married,basic.6y,no,yes,no,telephone,jul,thu,1,999,0,nonexistent,1.4,93.918,-42.7,4.966,5228.1
22,student,single,basic.6y,no,yes,no,cellular,aug,thu,2,4,2,success,-2.9,92.201,-31.4,0.873,5076.2
50,admin.,single,university.degree,no,yes,no,telephone,may,tue,1,999,0,nonexistent,1.1,93.994,-36.4,4.856,5191.0
59,retired,single,professional.course,unknown,yes,no,telephone,jul,thu,1,999,0,nonexistent,1.4,93.918,-42.7,4.962,5228.1
30,self-employed,single,university.degree,no,no,no,telephone,jun,wed,3,999,0,nonexistent,1.4,94.465,-41.8,4.959,5228.1
35,entrepreneur,divorced,professional.course,unknown,no,no,cellular,aug,tue,1,999,0,nonexistent,1.4,93.444,-36.1,4.963,5228.1
41,admin.,single,university.degree,no,yes,no,cellular,aug,tue,2,999,0,nonexistent,-2.9,92.201,-31.4,0.883,5076.2
41,admin.,married,high.school,no,no,no,cellular,jul,mon,8,999,0,nonexistent,1.4,93.918,-42.7,4.962,5228.1
54,retired,married,professional.course,unknown,no,no,cellular,aug,tue,2,999,0,nonexistent,-2.9,92.201,-31.4,0.838,5076.2
42,admin.,divorced,high.school,no,yes,no,telephone,may,wed,5,999,1,failure,-1.8,92.893,-46.2,1.281,5099.1
56,retired,married,basic.4y,unknown,no,no,cellular,jul,mon,1,999,0,nonexistent,1.4,93.918,-42.7,4.96,5228.1
48,blue-collar,married,basic.6y,unknown,no,no,cellular,apr,fri,1,999,1,failure,-1.8,93.075,-47.1,1.405,5099.1
29,management,single,university.degree,no,yes,no,cellular,mar,mon,2,999,1,failure,-1.8,93.369,-34.8,0.652,5008.7
34,services,married,high.school,unknown,yes,no,telephone,jul,tue,6,999,0,nonexistent,1.4,93.918,-42.7,4.961,5228.1
24,student,single,high.school,no,yes,no,cellular,may,wed,1,3,5,success,-1.8,93.876,-40.0,0.672,5008.7
45,admin.,married,university.degree,no,yes,no,telephone,jul,thu,3,999,0,nonexistent,-2.9,92.469,-33.6,0.969,5076.2
25,services,single,unknown,no,yes,no,cellular,jun,tue,1,999,0,nonexistent,-1.7,94.055,-39.8,0.702,4991.6
29,admin.,single,high.school,unknown,yes,no,cellular,jul,fri,2,999,0,nonexistent,1.4,93.918,-42.7,4.963,5228.1
37,entrepreneur,divorced,university.degree,no,no,yes,cellular,may,thu,3,999,0,nonexistent,-1.8,92.893,-46.2,1.27,5099.1
33,admin.,single,university.degree,no,yes,no,cellular,aug,tue,6,999,0,nonexistent,1.4,93.444,-36.1,4.963,5228.1
34,services,married,high.school,unknown,no,no,telephone,may,wed,1,999,0,nonexistent,1.1,93.994,-36.4,4.859,5191.0
40,blue-collar,married,basic.6y,no,yes,no,cellular,nov,wed,1,999,0,nonexistent,-0.1,93.2,-42.0,4.12,5195.8
32,student,married,university.degree,no,no,no,cellular,nov,wed,3,999,1,failure,-0.1,93.2,-42.0,4.12,5195.8
56,entrepreneur,married,unknown,unknown,yes,no,telephone,jun,tue,1,999,0,nonexistent,1.4,94.465,-41.8,4.864,5228.1
41,blue-collar,married,basic.4y,unknown,yes,no,cellular,jul,mon,2,999,0,nonexistent,1.4,93.918,-42.7,4.96,5228.1
30,admin.,single,university.degree,no,no,no,cellular,jul,mon,3,999,0,nonexistent,1.4,93.918,-42.7,4.962,5228.1
38,blue-collar,married,basic.9y,no,yes,no,cellular,nov,tue,1,999,0,nonexistent,-0.1,93.2,-42.0,4.153,5195.8
58,management,married,university.degree,no,no,no,cellular,aug,mon,2,999,0,nonexistent,1.4,93.444,-36.1,4.965,5228.1
32,technician,married,professional.course,no,unknown,unknown,cellular,jun,mon,2,999,1,failure,-2.9,92.963,-40.8,1.266,5076.2
32,technician,single,university.degree,no,yes,no,cellular,aug,wed,3,999,0,nonexistent,1.4,93.444,-36.1,4.965,5228.1
36,housemaid,married,basic.4y,no,yes,yes,cellular,jul,mon,6,999,0,nonexistent,1.4,93.918,-42.7,4.962,5228.1
41,entrepreneur,divorced,unknown,no,no,no,telephone,may,fri,1,999,0,nonexistent,-1.8,92.893,-46.2,1.25,5099.1
27,services,single,university.degree,no,no,yes,cellular,jul,thu,2,999,0,nonexistent,1.4,93.918,-42.7,4.962,5228.1
45,self-employed,divorced,university.degree,no,yes,no,telephone,may,thu,4,999,0,nonexistent,1.1,93.994,-36.4,4.86,5191.0
49,technician,divorced,professional.course,no,yes,no,cellular,jul,mon,3,15,1,success,-1.7,94.215,-40.3,0.87,4991.6
57,blue-collar,married,basic.4y,unknown,yes,no,cellular,aug,wed,1,999,0,nonexistent,1.4,93.444,-36.1,4.964,5228.1
39,admin.,married,high.school,no,yes,no,telephone,may,tue,4,999,0,nonexistent,1.1,93.994,-36.4,4.857,5191.0
41,technician,divorced,professional.course,no,no,no,cellular,apr,thu,2,999,1,failure,-1.8,93.075,-47.1,1.365,5099.1
57,blue-collar,married,basic.9y,no,yes,yes,telephone,jun,wed,2,999,0,nonexistent,1.4,94.465,-41.8,4.864,5228.1
41,housemaid,married,university.degree,no,no,no,telephone,may,thu,1,999,0,nonexistent,1.1,93.994,-36.4,4.86,5191.0
51,admin.,married,basic.6y,unknown,no,no,telephone,may,wed,3,999,0,nonexistent,1.1,93.994,-36.4,4.856,5191.0
39,self-employed,single,university.degree,no,no,no,telephone,may,tue,1,999,0,nonexistent,1.1,93.994,-36.4,4.856,5191.0
57,services,divorced,basic.4y,no,no,no,cellular,may,thu,6,999,0,nonexistent,-1.8,92.893,-46.2,1.266,5099.1
32,services,married,high.school,unknown,yes,no,telephone,may,wed,2,999,0,nonexistent,1.1,93.994,-36.4,4.858,5191.0
35,technician,single,university.degree,no,yes,no,cellular,may,mon,2,999,0,nonexistent,-1.8,92.893,-46.2,1.299,5099.1
53,admin.,divorced,university.degree,no,yes,no,cellular,may,mon,1,999,0,nonexistent,-1.8,92.893,-46.2,1.354,5099.1
32,admin.,single,high.school,no,no,yes,cellular,may,fri,15,999,0,nonexistent,-1.8,92.893,-46.2,1.25,5099.1
56,admin.,married,high.school,no,yes,no,telephone,jun,fri,20,999,0,nonexistent,1.4,94.465,-41.8,4.967,5228.1
30,technician,married,professional.course,no,yes,yes,cellular,jul,mon,2,999,0,nonexistent,1.4,93.918,-42.7,4.962,5228.1
42,blue-collar,married,basic.4y,unknown,yes,no,telephone,may,mon,5,999,0,nonexistent,1.1,93.994,-36.4,4.857,5191.0
49,self-employed,divorced,unknown,unknown,no,no,cellular,apr,fri,1,999,0,nonexistent,-1.8,93.075,-47.1,1.479,5099.1
31,admin.,married,university.degree,no,yes,no,cellular,sep,fri,2,13,1,success,-1.1,94.199,-37.5,0.879,4963.6
58,admin.,married,university.degree,no,yes,no,cellular,aug,fri,5,999,0,nonexistent,1.4,93.444,-36.1,4.963,5228.1
25,services,single,high.school,no,no,no,cellular,may,thu,1,999,0,nonexistent,-1.8,92.893,-46.2,1.327,5099.1
39,services,married,unknown,unknown,yes,no,cellular,jul,wed,1,999,0,nonexistent,1.4,93.918,-42.7,4.963,5228.1
49,self-employed,married,professional.course,no,no,no,telephone,may,fri,2,999,0,nonexistent,1.1,93.994,-36.4,4.859,5191.0
33,admin.,single,professional.course,no,no,no,telephone,may,tue,3,999,0,nonexistent,1.1,93.994,-36.4,4.856,5191.0
40,technician,married,basic.9y,no,no,no,telephone,may,tue,2,999,0,nonexistent,1.1,93.994,-36.4,4.857,5191.0
51,entrepreneur,single,basic.9y,no,yes,no,cellular,may,wed,3,999,0,nonexistent,-1.8,92.893,-46.2,1.334,5099.1
22,student,single,high.school,no,no,no,cellular,may,fri,1,999,0,nonexistent,-1.8,92.893,-46.2,1.313,5099.1
35,services,divorced,high.school,no,no,no,telephone,may,mon,3,999,0,nonexistent,1.1,93.994,-36.4,4.857,5191.0
29,admin.,married,high.school,no,no,no,cellular,jun,mon,1,999,1,failure,-2.9,92.963,-40.8,1.26,5076.2
38,blue-collar,divorced,unknown,no,yes,no,telephone,may,thu,2,999,0,nonexistent,1.1,93.994,-36.4,4.86,5191.0
33,management,single,university.degree,no,yes,no,telephone,nov,thu,2,999,1,failure,-0.1,93.2,-42.0,4.076,5195.8
35,admin.,single,basic.9y,no,yes,no,cellular,apr,mon,1,999,1,failure,-1.8,93.075,-47.1,1.405,5099.1
53,admin.,married,university.degree,no,yes,no,cellular,nov,tue,2,999,0,nonexistent,-3.4,92.649,-30.1,0.715,5017.5
34,technician,married,professional.course,no,no,no,cellular,apr,mon,3,999,0,nonexistent,-1.8,93.075,-47.1,1.405,5099.1
37,technician,single,university.degree,no,yes,no,telephone,may,fri,1,999,0,nonexistent,1.1,93.994,-36.4,4.864,5191.0
27,blue-collar,married,basic.4y,no,yes,no,telephone,jun,thu,3,999,0,nonexistent,1.4,94.465,-41.8,4.866,5228.1
32,technician,married,university.degree,no,no,no,cellular,aug,fri,2,999,0,nonexistent,1.4,93.444,-36.1,4.963,5228.1
32,unknown,unknown,university.degree,no,no,no,telephone,jun,thu,7,999,0,nonexistent,1.4,94.465,-41.8,4.961,5228.1
37,services,married,high.school,no,no,no,telephone,jun,tue,3,999,0,nonexistent,1.4,94.465,-41.8,4.864,5228.1
34,blue-collar,single,high.school,no,no,no,telephone,may,fri,5,999,1,failure,-1.8,92.893,-46.2,1.25,5099.1
27,admin.,single,high.school,no,no,no,telephone,may,wed,1,999,0,nonexistent,-1.8,92.893,-46.2,1.281,5099.1
38,technician,single,university.degree,no,no,no,telephone,may,tue,1,999,0,nonexistent,1.1,93.994,-36.4,4.856,5191.0
30,management,married,university.degree,no,no,no,cellular,nov,wed,5,999,0,nonexistent,-0.1,93.2,-42.0,4.12,5195.8
36,management,married,university.degree,no,no,no,cellular,jun,tue,1,999,1,failure,-1.7,94.055,-39.8,0.761,4991.6
35,blue-collar,married,basic.6y,no,no,no,telephone,may,wed,3,999,0,nonexistent,-1.8,92.893,-46.2,1.281,5099.1
56,blue-collar,married,basic.4y,no,no,no,cellular,aug,wed,2,999,0,nonexistent,1.4,93.444,-36.1,4.967,5228.1
34,admin.,married,high.school,no,yes,no,telephone,may,tue,1,999,0,nonexistent,1.1,93.994,-36.4,4.857,5191.0
39,blue-collar,married,basic.6y,no,no,no,telephone,may,thu,1,999,0,nonexistent,1.1,93.994,-36.4,4.855,5191.0
32,admin.,single,university.degree,no,yes,yes,telephone,may,fri,2,999,0,nonexistent,1.1,93.994,-36.4,4.855,5191.0
53,unknown,married,basic.4y,unknown,no,no,cellular,aug,tue,2,999,0,nonexistent,1.4,93.444,-36.1,4.965,5228.1
26,admin.,married,high.school,no,no,yes,telephone,jun,mon,1,999,0,nonexistent,1.4,94.465,-41.8,4.96,5228.1
25,admin.,single,high.school,no,no,no,cellular,may,fri,3,999,1,failure,-1.8,92.893,-46.2,1.313,5099.1
44,blue-collar,married,basic.4y,unknown,yes,yes,cellular,may,thu,5,999,0,nonexistent,-1.8,92.893,-46.2,1.327,5099.1
46,admin.,married,high.school,no,no,no,cellular,aug,wed,3,999,0,nonexistent,1.4,93.444,-36.1,4.964,5228.1
38,technician,single,professional.course,unknown,yes,no,telephone,may,thu,1,999,0,nonexistent,1.1,93.994,-36.4,4.86,5191.0
42,entrepreneur,married,basic.9y,no,no,no,cellular,oct,wed,3,999,0,nonexistent,-3.4,92.431,-26.9,0.742,5017.5
52,admin.,married,university.degree,no,no,no,cellular,nov,thu,2,999,0,nonexistent,-0.1,93.2,-42.0,4.076,5195.8
38,blue-collar,married,high.school,unknown,yes,no,cellular,may,mon,1,999,0,nonexistent,-1.8,92.893,-46.2,1.299,5099.1
77,retired,married,unknown,no,yes,yes,cellular,may,fri,3,999,0,nonexistent,-1.8,93.876,-40.0,0.684,5008.7
32,blue-collar,married,basic.9y,no,no,no,cellular,may,fri,8,999,0,nonexistent,-1.8,92.893,-46.2,1.25,5099.1
33,services,divorced,high.school,no,yes,no,telephone,jun,fri,4,999,0,nonexistent,1.4,94.465,-41.8,4.959,5228.1
49,technician,married,professional.course,no,yes,no,telephone,may,tue,1,999,0,nonexistent,1.1,93.994,-36.4,4.856,5191.0
42,blue-collar,married,basic.6y,no,yes,no,cellular,may,thu,1,999,0,nonexistent,-1.8,92.893,-46.2,1.327,5099.1
28,student,single,university.degree,no,unknown,unknown,cellular,may,fri,3,3,2,success,-1.8,93.876,-40.0,0.695,5008.7
56,blue-collar,married,basic.9y,no,unknown,unknown,cellular,aug,mon,1,999,0,nonexistent,1.4,93.444,-36.1,4.97,5228.1
53,blue-collar,married,basic.4y,no,no,yes,telephone,jun,mon,2,999,0,nonexistent,1.4,94.465,-41.8,4.961,5228.1
47,technician,married,professional.course,no,no,no,cellular,aug,tue,1,999,0,nonexistent,1.4,93.444,-36.1,4.966,5228.1
53,housemaid,married,basic.4y,unknown,yes,no,telephone,aug,thu,7,999,0,nonexistent,1.4,93.444,-36.1,4.962,5228.1
45,admin.,married,university.degree,unknown,no,no,telephone,may,tue,1,999,0,nonexistent,1.1,93.994,-36.4,4.857,5191.0
26,blue-collar,married,basic.9y,no,yes,no,cellular,may,wed,1,999,0,nonexistent,-1.8,92.893,-46.2,1.334,5099.1
32,admin.,married,university.degree,no,yes,no,cellular,aug,thu,8,999,0,nonexistent,1.4,93.444,-36.1,4.962,5228.1
34,management,married,university.degree,no,yes,no,telephone,may,tue,3,999,0,nonexistent,1.1,93.994,-36.4,4.856,5191.0
37,technician,married,professional.course,no,yes,no,cellular,jul,fri,6,999,0,nonexistent,1.4,93.918,-42.7,4.957,5228.1
38,admin.,married,university.degree,no,no,no,telephone,jun,tue,2,999,0,nonexistent,1.4,94.465,-41.8,4.961,5228.1
55,unknown,married,university.degree,unknown,unknown,unknown,telephone,may,mon,1,999,0,nonexistent,1.1,93.994,-36.4,4.857,5191.0
27,admin.,married,high.school,no,no,no,cellular,may,thu,1,999,0,nonexistent,-1.8,92.893,-46.2,1.327,5099.1
34,admin.,married,high.school,no,yes,no,cellular,may,fri,2,999,1,failure,-1.8,92.893,-46.2,1.25,5099.1
45,admin.,divorced,high.school,no,no,no,cellular,jul,thu,5,999,0,nonexistent,1.4,93.918,-42.7,4.962,5228.1
39,blue-collar,married,professional.course,no,no,no,cellular,nov,mon,1,999,0,nonexistent,-0.1,93.2,-42.0,4.191,5195.8
53,retired,married,basic.4y,unknown,yes,no,telephone,may,thu,2,999,0,nonexistent,1.1,93.994,-36.4,4.86,5191.0
32,management,single,university.degree,no,yes,no,telephone,may,wed,1,999,0,nonexistent,1.1,93.994,-36.4,4.858,5191.0
39,technician,divorced,professional.course,no,no,yes,cellular,may,wed,2,999,1,failure,-1.8,92.893,-46.2,1.334,5099.1
57,management,married,university.degree,unknown,no,no,telephone,jun,mon,3,999,0,nonexistent,1.4,94.465,-41.8,4.96,5228.1
44,admin.,single,professional.course,unknown,yes,no,cellular,may,tue,4,999,0,nonexistent,-1.8,92.893,-46.2,1.344,5099.1
43,admin.,divorced,high.school,no,yes,no,telephone,may,mon,8,999,0,nonexistent,-1.8,92.893,-46.2,1.244,5099.1
57,admin.,married,high.school,no,yes,no,cellular,aug,mon,1,999,0,nonexistent,1.4,93.444,-36.1,4.97,5228.1
57,retired,married,university.degree,no,yes,yes,cellular,nov,mon,2,999,0,nonexistent,-0.1,93.2,-42.0,4.191,5195.8
47,admin.,married,university.degree,no,no,no,telephone,jun,fri,1,999,0,nonexistent,1.4,94.465,-41.8,4.967,5228.1
34,technician,single,professional.course,no,no,no,cellular,aug,fri,4,999,0,nonexistent,1.4,93.444,-36.1,4.966,5228.1
42,blue-collar,married,basic.9y,unknown,yes,no,telephone,may,tue,2,999,0,nonexistent,1.1,93.994,-36.4,4.856,5191.0
45,admin.,single,high.school,no,no,no,telephone,jun,wed,6,999,0,nonexistent,1.4,94.465,-41.8,4.864,5228.1
53,services,married,basic.6y,no,yes,no,cellular,may,thu,4,999,1,failure,-1.8,92.893,-46.2,1.266,5099.1
30,blue-collar,married,high.school,no,no,no,cellular,aug,fri,3,999,0,nonexistent,1.4,93.444,-36.1,4.966,5228.1
47,technician,divorced,professional.course,no,yes,no,cellular,jul,wed,1,999,0,nonexistent,1.4,93.918,-42.7,4.957,5228.1
30,unemployed,married,professional.course,no,unknown,unknown,cellular,jul,thu,6,999,0,nonexistent,1.4,93.918,-42.7,4.958,5228.1
31,admin.,divorced,university.degree,no,no,no,cellular,may,mon,3,999,1,failure,-1.8,92.893,-46.2,1.299,5099.1
35,blue-collar,married,basic.9y,no,yes,no,cellular,jul,mon,2,999,0,nonexistent,1.4,93.918,-42.7,4.962,5228.1
47,blue-collar,married,high.school,unknown,yes,no,telephone,may,tue,1,999,0,nonexistent,1.1,93.994,-36.4,4.857,5191.0
52,blue-collar,married,basic.4y,unknown,no,yes,cellular,jul,fri,10,999,0,nonexistent,1.4,93.918,-42.7,4.962,5228.1
37,self-employed,married,professional.course,no,yes,yes,cellular,nov,mon,1,5,1,success,-3.4,92.649,-30.1,0.722,5017.5
32,blue-collar,married,basic.9y,no,yes,yes,cellular,may,fri,1,999,0,nonexistent,-1.8,92.893,-46.2,1.313,5099.1
40,technician,divorced,university.degree,no,yes,yes,telephone,jun,fri,1,999,0,nonexistent,1.4,94.465,-41.8,4.959,5228.1
51,blue-collar,married,basic.9y,unknown,yes,no,telephone,may,tue,2,999,0,nonexistent,1.1,93.994,-36.4,4.857,5191.0
51,management,married,university.degree,no,yes,no,telephone,may,fri,1,999,0,nonexistent,1.1,93.994,-36.4,4.857,5191.0
38,technician,married,university.degree,no,yes,no,cellular,aug,tue,5,999,0,nonexistent,1.4,93.444,-36.1,4.965,5228.1
51,admin.,single,university.degree,unknown,yes,yes,cellular,nov,fri,2,999,0,nonexistent,-0.1,93.2,-42.0,4.021,5195.8
53,admin.,married,university.degree,unknown,yes,no,telephone,may,fri,2,999,0,nonexistent,1.1,93.994,-36.4,4.855,5191.0
32,admin.,married,university.degree,no,yes,yes,cellular,nov,thu,1,999,0,nonexistent,-0.1,93.2,-42.0,4.076,5195.8
52,blue-collar,married,basic.4y,no,yes,no,cellular,aug,tue,2,999,0,nonexistent,1.4,93.444,-36.1,4.965,5228.1
36,blue-collar,married,basic.9y,no,yes,no,cellular,may,wed,1,999,0,nonexistent,-1.8,92.893,-46.2,1.334,5099.1
41,services,married,high.school,no,yes,no,cellular,may,wed,1,999,0,nonexistent,-1.8,92.893,-46.2,1.281,5099.1
38,self-employed,single,university.degree,no,no,no,telephone,may,fri,1,999,0,nonexistent,1.1,93.994,-36.4,4.859,5191.0
36,technician,single,university.degree,unknown,no,no,telephone,may,fri,4,999,0,nonexistent,1.1,93.994,-36.4,4.857,5191.0
68,retired,married,high.school,no,no,yes,cellular,apr,mon,2,999,0,nonexistent,-1.8,93.075,-47.1,1.405,5099.1
23,admin.,single,professional.course,no,no,no,cellular,jul,wed,1,999,0,nonexistent,1.4,93.918,-42.7,4.963,5228.1
31,unemployed,married,university.degree,no,yes,no,cellular,aug,wed,11,999,0,nonexistent,1.4,93.444,-36.1,4.964,5228.1
46,admin.,married,high.school,unknown,yes,no,cellular,may,wed,1,999,1,failure,-1.8,92.893,-46.2,1.334,5099.1
30,self-employed,married,university.degree,no,yes,no,telephone,jul,thu,27,999,0,nonexistent,1.4,93.918,-42.7,4.963,5228.1
34,technician,married,professional.course,no,yes,no,cellular,aug,thu,9,999,0,nonexistent,1.4,93.444,-36.1,4.963,5228.1
31,admin.,married,high.school,no,no,no,cellular,jul,mon,1,999,0,nonexistent,1.4,93.918,-42.7,4.96,5228.1
71,retired,married,basic.4y,no,no,no,cellular,sep,tue,1,999,0,nonexistent,-3.4,92.379,-29.8,0.788,5017.5
46,entrepreneur,married,high.school,no,yes,no,cellular,may,tue,1,999,0,nonexistent,-1.8,92.893,-46.2,1.291,5099.1
36,admin.,married,university.degree,no,no,no,cellular,aug,thu,1,999,0,nonexistent,1.4,93.444,-36.1,4.962,5228.1
49,services,married,high.school,unknown,yes,no,cellular,aug,fri,2,999,0,nonexistent,1.4,93.444,-36.1,4.966,5228.1
53,services,married,high.school,no,yes,no,cellular,aug,fri,1,999,0,nonexistent,1.4,93.444,-36.1,4.966,5228.1
34,self-employed,single,university.degree,no,yes,yes,cellular,apr,mon,2,999,0,nonexistent,-1.8,93.075,-47.1,1.405,5099.1
49,self-employed,married,professional.course,no,yes,no,telephone,may,tue,1,999,0,nonexistent,1.1,93.994,-36.4,4.856,5191.0
54,retired,divorced,professional.course,no,no,no,telephone,may,mon,3,999,0,nonexistent,1.1,93.994,-36.4,4.857,5191.0
34,technician,single,professional.course,no,no,no,cellular,aug,mon,1,999,1,failure,-2.9,92.201,-31.4,0.861,5076.2
55,technician,married,university.degree,no,no,yes,cellular,aug,wed,1,999,0,nonexistent,1.4,93.444,-36.1,4.967,5228.1
44,blue-collar,single,basic.4y,no,no,no,telephone,jun,mon,1,999,0,nonexistent,1.4,94.465,-41.8,4.961,5228.1
50,services,married,high.school,no,yes,no,telephone,may,wed,3,999,0,nonexistent,1.1,93.994,-36.4,4.857,5191.0
58,blue-collar,married,basic.9y,no,no,no,cellular,aug,tue,2,999,0,nonexistent,1.4,93.444,-36.1,4.968,5228.1
40,admin.,married,university.degree,unknown,yes,no,telephone,jun,mon,1,999,0,nonexistent,1.4,94.465,-41.8,4.865,5228.1
35,self-employed,single,professional.course,no,yes,no,cellular,nov,thu,1,999,0,nonexistent,-0.1,93.2,-42.0,4.076,5195.8
36,housemaid,married,university.degree,no,yes,no,cellular,jul,mon,1,999,0,nonexistent,1.4,93.918,-42.7,4.96,5228.1
57,blue-collar,married,basic.9y,no,no,no,cellular,apr,fri,1,999,0,nonexistent,-1.8,93.075,-47.1,1.405,5099.1
44,management,married,university.degree,no,no,no,cellular,aug,fri,1,999,0,nonexistent,1.4,93.444,-36.1,4.966,5228.1
26,technician,single,professional.course,no,yes,no,telephone,apr,fri,2,999,0,nonexistent,-1.8,93.075,-47.1,1.405,5099.1
43,unemployed,divorced,basic.9y,no,yes,no,cellular,jul,tue,2,999,0,nonexistent,1.4,93.918,-42.7,4.961,5228.1
39,management,married,university.degree,no,no,no,cellular,jun,mon,1,999,1,failure,-1.7,94.055,-39.8,0.72,4991.6
36,blue-collar,married,basic.6y,no,no,no,cellular,apr,fri,2,999,1,failure,-1.8,93.075,-47.1,1.405,5099.1
45,technician,divorced,university.degree,unknown,no,no,cellular,may,fri,1,999,0,nonexistent,-1.8,92.893,-46.2,1.313,5099.1
29,admin.,single,university.degree,no,no,no,telephone,jun,mon,2,999,0,nonexistent,1.4,94.465,-41.8,4.96,5228.1
32,technician,single,professional.course,no,unknown,unknown,telephone,jun,mon,2,999,0,nonexistent,1.4,94.465,-41.8,4.865,5228.1
86,retired,married,unknown,unknown,yes,no,cellular,sep,tue,1,999,0,nonexistent,-1.1,94.199,-37.5,0.877,4963.6
46,admin.,married,high.school,no,yes,no,cellular,oct,wed,1,999,0,nonexistent,-3.4,92.431,-26.9,0.724,5017.5
34,services,married,university.degree,no,yes,no,cellular,may,wed,2,999,1,failure,-1.8,92.893,-46.2,1.281,5099.1
35,management,married,basic.9y,no,yes,no,telephone,jun,fri,3,999,0,nonexistent,1.4,94.465,-41.8,4.959,5228.1
58,retired,divorced,professional.course,unknown,no,no,telephone,jun,mon,2,999,0,nonexistent,1.4,94.465,-41.8,4.961,5228.1
35,technician,married,professional.course,no,yes,no,cellular,apr,wed,1,999,0,nonexistent,-1.8,93.075,-47.1,1.415,5099.1
35,technician,single,professional.course,unknown,yes,no,cellular,jul,thu,1,999,0,nonexistent,1.4,93.918,-42.7,4.968,5228.1
28,unemployed,single,basic.4y,no,yes,no,cellular,apr,thu,2,999,0,nonexistent,-1.8,93.075,-47.1,1.365,5099.1
58,retired,married,high.school,no,no,no,telephone,jun,thu,1,999,0,nonexistent,1.4,94.465,-41.8,4.866,5228.1
34,services,divorced,basic.9y,no,no,no,cellular,jul,fri,1,999,0,nonexistent,1.4,93.918,-42.7,4.963,5228.1
32,services,single,high.school,no,no,no,cellular,apr,thu,2,999,0,nonexistent,-1.8,93.075,-47.1,1.41,5099.1
35,services,married,high.school,no,yes,no,cellular,apr,thu,1,5,1,success,-1.8,93.075,-47.1,1.365,5099.1
35,technician,married,professional.course,no,no,yes,cellular,may,wed,4,999,0,nonexistent,-1.8,92.893,-46.2,1.334,5099.1
36,admin.,married,university.degree,no,yes,no,telephone,jun,mon,2,999,0,nonexistent,1.4,94.465,-41.8,4.865,5228.1
31,technician,single,professional.course,no,no,no,cellular,aug,mon,2,999,0,nonexistent,1.4,93.444,-36.1,4.965,5228.1
31,admin.,single,professional.course,no,no,no,cellular,jul,tue,1,999,0,nonexistent,1.4,93.918,-42.7,4.962,5228.1
25,blue-collar,married,basic.9y,no,yes,no,telephone,may,fri,2,999,0,nonexistent,1.1,93.994,-36.4,4.857,5191.0
39,blue-collar,married,basic.6y,unknown,yes,no,telephone,may,mon,3,999,0,nonexistent,1.1,93.994,-36.4,4.857,5191.0
34,admin.,single,university.degree,no,yes,no,cellular,apr,mon,2,999,1,failure,-1.8,93.075,-47.1,1.405,5099.1
32,blue-collar,married,basic.9y,no,yes,no,telephone,jun,thu,1,999,0,nonexistent,1.4,94.465,-41.8,4.866,5228.1
26,admin.,married,high.school,no,no,yes,cellular,nov,wed,1,999,1,failure,-3.4,92.649,-30.1,0.719,5017.5
45,unemployed,married,high.school,no,yes,no,cellular,jul,mon,2,999,0,nonexistent,1.4,93.918,-42.7,4.962,5228.1
29,admin.,single,high.school,no,unknown,unknown,cellular,may,wed,1,999,0,nonexistent,-1.8,92.893,-46.2,1.334,5099.1
35,blue-collar,single,unknown,no,no,no,telephone,jun,mon,1,999,0,nonexistent,1.4,94.465,-41.8,4.865,5228.1
36,technician,married,university.degree,no,no,no,cellular,aug,tue,1,999,0,nonexistent,1.4,93.444,-36.1,4.963,5228.1
34,technician,married,professional.course,no,yes,yes,telephone,may,fri,3,999,0,nonexistent,1.1,93.994,-36.4,4.855,5191.0
30,blue-collar,single,high.school,no,yes,no,cellular,aug,thu,7,999,0,nonexistent,1.4,93.444,-36.1,4.968,5228.1
36,technician,married,university.degree,no,yes,no,cellular,jul,mon,1,999,0,nonexistent,1.4,93.918,-42.7,4.96,5228.1
34,unemployed,married,unknown,no,yes,no,telephone,may,fri,3,999,0,nonexistent,1.1,93.994,-36.4,4.864,5191.0
34,admin.,married,university.degree,no,yes,yes,telephone,jun,tue,1,999,0,nonexistent,1.4,94.465,-41.8,4.961,5228.1
56,blue-collar,married,basic.4y,unknown,yes,no,telephone,jun,wed,1,999,0,nonexistent,1.4,94.465,-41.8,4.959,5228.1
34,technician,married,professional.course,no,yes,yes,telephone,jun,mon,1,999,0,nonexistent,1.4,94.465,-41.8,4.96,5228.1
35,management,married,high.school,no,yes,no,cellular,may,wed,1,999,1,failure,-1.8,92.893,-46.2,1.281,5099.1
55,admin.,divorced,high.school,no,yes,no,cellular,aug,tue,2,6,3,success,-1.7,94.027,-38.3,0.904,4991.6
41,blue-collar,married,basic.9y,no,yes,no,cellular,may,tue,3,999,0,nonexistent,-1.8,92.893,-46.2,1.291,5099.1
33,admin.,single,university.degree,no,yes,no,cellular,apr,thu,3,999,0,nonexistent,-1.8,93.749,-34.6,0.659,5008.7
42,admin.,married,professional.course,unknown,yes,yes,cellular,aug,thu,1,999,0,nonexistent,1.4,93.444,-36.1,4.964,5228.1
49,management,married,basic.4y,no,yes,no,telephone,may,thu,3,999,0,nonexistent,1.1,93.994,-36.4,4.86,5191.0
43,admin.,married,high.school,no,yes,no,cellular,jul,mon,2,999,0,nonexistent,1.4,93.918,-42.7,4.962,5228.1
35,technician,married,professional.course,no,yes,no,telephone,aug,mon,1,999,0,nonexistent,1.4,93.444,-36.1,4.963,5228.1
42,services,married,high.school,no,yes,no,telephone,may,fri,1,999,0,nonexistent,-1.8,92.893,-46.2,1.313,5099.1
37,blue-collar,married,basic.6y,no,no,no,cellular,may,tue,3,999,0,nonexistent,-1.8,92.893,-46.2,1.344,5099.1
56,admin.,married,professional.course,no,yes,no,cellular,aug,wed,1,999,0,nonexistent,1.4,93.444,-36.1,4.965,5228.1
50,admin.,divorced,high.school,no,no,no,telephone,jun,fri,2,999,0,nonexistent,1.4,94.465,-41.8,4.959,5228.1
33,admin.,single,high.school,no,yes,no,cellular,may,thu,1,999,0,nonexistent,-1.8,92.893,-46.2,1.266,5099.1
32,technician,married,professional.course,no,yes,no,cellular,aug,mon,3,999,0,nonexistent,1.4,93.444,-36.1,4.965,5228.1
28,services,single,university.degree,no,yes,no,cellular,jul,wed,1,999,0,nonexistent,1.4,93.918,-42.7,4.962,5228.1
29,blue-collar,single,basic.6y,no,no,no,telephone,nov,fri,2,999,0,nonexistent,-0.1,93.2,-42.0,4.021,5195.8
40,blue-collar,married,basic.4y,unknown,yes,no,cellular,nov,thu,1,999,0,nonexistent,-0.1,93.2,-42.0,4.076,5195.8
36,admin.,single,university.degree,no,no,no,cellular,aug,thu,1,999,0,nonexistent,1.4,93.444,-36.1,4.968,5228.1
35,services,married,high.school,no,no,no,telephone,may,thu,1,999,0,nonexistent,1.1,93.994,-36.4,4.86,5191.0
49,admin.,single,university.degree,no,yes,no,telephone,jul,thu,1,999,0,nonexistent,1.4,93.918,-42.7,4.958,5228.1
43,blue-collar,married,basic.4y,no,yes,no,telephone,jun,wed,1,999,0,nonexistent,1.4,94.465,-41.8,4.959,5228.1
57,admin.,married,university.degree,no,no,yes,telephone,jun,thu,1,999,0,nonexistent,1.4,94.465,-41.8,4.961,5228.1
31,technician,single,university.degree,no,yes,yes,cellular,jun,fri,5,999,0,nonexistent,-2.9,92.963,-40.8,1.224,5076.2
40,blue-collar,single,basic.9y,no,yes,no,cellular,jul,thu,3,999,0,nonexistent,1.4,93.918,-42.7,4.968,5228.1
43,blue-collar,married,basic.4y,unknown,yes,yes,telephone,may,tue,7,999,0,nonexistent,1.1,93.994,-36.4,4.856,5191.0
36,services,single,basic.4y,no,no,no,telephone,may,mon,1,999,0,nonexistent,1.1,93.994,-36.4,4.857,5191.0
59,entrepreneur,married,university.degree,unknown,no,no,telephone,jun,fri,1,999,0,nonexistent,1.4,94.465,-41.8,4.959,5228.1
33,blue-collar,single,basic.4y,no,no,no,telephone,may,thu,2,999,0,nonexistent,1.1,93.994,-36.4,4.86,5191.0
50,admin.,married,university.degree,no,yes,no,cellular,may,wed,2,3,3,success,-1.8,93.876,-40.0,0.682,5008.7
29,admin.,married,high.school,no,yes,no,cellular,may,mon,1,999,1,failure,-1.8,92.893,-46.2,1.299,5099.1
34,admin.,single,university.degree,no,no,no,cellular,aug,mon,2,999,0,nonexistent,1.4,93.444,-36.1,4.97,5228.1
38,admin.,married,university.degree,unknown,yes,no,cellular,aug,fri,5,999,0,nonexistent,1.4,93.444,-36.1,4.966,5228.1
39,blue-collar,married,basic.6y,unknown,no,yes,cellular,nov,wed,5,999,0,nonexistent,-0.1,93.2,-42.0,4.12,5195.8
28,blue-collar,single,basic.4y,unknown,yes,no,telephone,jul,fri,2,999,0,nonexistent,1.4,93.918,-42.7,4.963,5228.1
28,services,married,high.school,no,no,no,cellular,apr,fri,3,999,0,nonexistent,-1.8,93.075,-47.1,1.405,5099.1
34,admin.,married,university.degree,no,yes,no,telephone,jun,fri,6,999,0,nonexistent,1.4,94.465,-41.8,4.959,5228.1
30,entrepreneur,married,high.school,no,unknown,unknown,telephone,jun,wed,8,999,0,nonexistent,1.4,94.465,-41.8,4.962,5228.1
56,admin.,married,high.school,no,no,no,telephone,jun,fri,2,999,0,nonexistent,1.4,94.465,-41.8,4.959,5228.1
33,entrepreneur,married,high.school,no,yes,no,cellular,nov,wed,2,999,0,nonexistent,-0.1,93.2,-42.0,4.12,5195.8
30,admin.,married,high.school,no,no,yes,cellular,may,tue,1,999,0,nonexistent,-1.8,92.893,-46.2,1.344,5099.1
51,blue-collar,married,basic.4y,unknown,yes,no,cellular,aug,fri,1,999,0,nonexistent,1.4,93.444,-36.1,4.966,5228.1
30,technician,single,university.degree,unknown,yes,no,telephone,jun,mon,3,999,0,nonexistent,1.4,94.465,-41.8,4.96,5228.1
32,admin.,single,university.degree,unknown,no,no,telephone,jun,tue,12,999,0,nonexistent,1.4,94.465,-41.8,4.864,5228.1
30,admin.,divorced,university.degree,no,no,yes,telephone,may,fri,3,999,0,nonexistent,1.1,93.994,-36.4,4.857,5191.0
36,admin.,single,high.school,no,yes,no,cellular,apr,fri,3,999,0,nonexistent,-1.8,93.075,-47.1,1.405,5099.1
36,admin.,married,high.school,no,no,no,telephone,may,tue,1,999,0,nonexistent,1.1,93.994,-36.4,4.856,5191.0
39,blue-collar,married,basic.6y,no,yes,no,telephone,may,tue,6,999,0,nonexistent,1.1,93.994,-36.4,4.857,5191.0
53,retired,married,basic.9y,no,no,no,telephone,apr,thu,3,999,0,nonexistent,-1.8,93.075,-47.1,1.406,5099.1
26,unemployed,married,basic.4y,no,no,no,telephone,may,fri,1,999,0,nonexistent,-1.8,93.876,-40.0,0.699,5008.7
31,technician,married,professional.course,no,yes,no,cellular,jun,tue,5,9,2,success,-1.7,94.055,-39.8,0.723,4991.6
43,management,divorced,university.degree,no,no,no,telephone,jun,wed,1,999,0,nonexistent,1.4,94.465,-41.8,4.962,5228.1
47,services,married,high.school,no,no,no,cellular,aug,mon,1,999,0,nonexistent,1.4,93.444,-36.1,4.97,5228.1
33,technician,single,basic.9y,no,no,no,cellular,jul,thu,2,999,0,nonexistent,1.4,93.918,-42.7,4.962,5228.1
54,blue-collar,married,basic.9y,unknown,yes,no,cellular,aug,mon,2,999,0,nonexistent,1.4,93.444,-36.1,4.963,5228.1
37,blue-collar,single,basic.9y,no,no,no,telephone,may,wed,2,999,0,nonexistent,1.1,93.994,-36.4,4.857,5191.0
34,technician,married,professional.course,no,no,no,cellular,aug,fri,1,999,0,nonexistent,1.4,93.444,-36.1,4.963,5228.1
33,technician,single,professional.course,no,yes,yes,telephone,may,wed,6,999,0,nonexistent,1.1,93.994,-36.4,4.859,5191.0
38,technician,married,basic.6y,unknown,yes,yes,telephone,may,wed,3,999,0,nonexistent,1.1,93.994,-36.4,4.859,5191.0
43,blue-collar,married,basic.4y,no,yes,no,cellular,jul,thu,11,999,0,nonexistent,1.4,93.918,-42.7,4.958,5228.1
57,blue-collar,married,basic.9y,no,yes,no,cellular,aug,mon,4,999,0,nonexistent,1.4,93.444,-36.1,4.965,5228.1
36,blue-collar,married,basic.4y,no,no,no,cellular,may,tue,1,999,1,failure,-1.8,92.893,-46.2,1.291,5099.1
38,blue-collar,divorced,high.school,no,yes,no,cellular,may,tue,6,999,1,failure,-1.8,92.893,-46.2,1.344,5099.1
44,admin.,married,university.degree,no,no,no,telephone,may,wed,2,999,0,nonexistent,1.1,93.994,-36.4,4.856,5191.0
42,blue-collar,married,basic.6y,unknown,yes,no,telephone,may,mon,1,999,0,nonexistent,1.1,93.994,-36.4,4.857,5191.0
28,student,single,university.degree,no,yes,no,telephone,aug,wed,1,999,0,nonexistent,-1.7,94.027,-38.3,0.89,4991.6
37,admin.,married,university.degree,no,yes,no,cellular,nov,fri,2,999,0,nonexistent,-0.1,93.2,-42.0,4.021,5195.8
38,technician,married,professional.course,no,yes,no,cellular,aug,fri,1,999,0,nonexistent,1.4,93.444,-36.1,4.966,5228.1
55,admin.,married,basic.9y,unknown,yes,no,telephone,jul,thu,1,999,0,nonexistent,1.4,93.918,-42.7,4.966,5228.1
35,services,married,basic.6y,no,yes,no,telephone,jun,fri,10,999,0,nonexistent,1.4,94.465,-41.8,4.959,5228.1
34,admin.,married,university.degree,no,yes,no,cellular,aug,fri,2,999,0,nonexistent,1.4,93.444,-36.1,4.963,5228.1
32,blue-collar,married,basic.4y,unknown,no,no,cellular,jul,wed,1,999,0,nonexistent,1.4,93.918,-42.7,4.962,5228.1
55,admin.,married,high.school,no,no,no,cellular,dec,fri,2,999,0,nonexistent,-3.0,92.713,-33.0,0.718,5023.5
45,blue-collar,single,high.school,no,yes,yes,cellular,sep,wed,1,999,0,nonexistent,-1.1,94.199,-37.5,0.886,4963.6
46,management,married,university.degree,no,no,no,cellular,may,mon,1,999,0,nonexistent,-1.8,92.893,-46.2,1.244,5099.1
52,admin.,divorced,university.degree,no,yes,no,telephone,may,wed,2,999,0,nonexistent,1.1,93.994,-36.4,4.857,5191.0
26,admin.,married,high.school,no,no,no,cellular,jul,tue,1,999,0,nonexistent,1.4,93.918,-42.7,4.962,5228.1
29,management,single,university.degree,no,yes,no,cellular,may,tue,1,999,0,nonexistent,-1.8,92.893,-46.2,1.266,5099.1
55,technician,single,professional.course,no,yes,yes,cellular,mar,mon,2,999,0,nonexistent,-1.8,92.843,-50.0,1.703,5099.1
33,technician,married,professional.course,no,yes,no,cellular,may,wed,1,999,0,nonexistent,-1.8,92.893,-46.2,1.334,5099.1
35,technician,married,university.degree,no,no,no,telephone,may,wed,6,999,0,nonexistent,1.1,93.994,-36.4,4.858,5191.0
55,blue-collar,married,basic.4y,no,yes,yes,telephone,may,wed,1,999,0,nonexistent,1.1,93.994,-36.4,4.856,5191.0
55,technician,married,basic.9y,no,no,no,telephone,jun,mon,3,999,0,nonexistent,1.4,94.465,-41.8,4.865,5228.1
55,blue-collar,married,basic.4y,no,yes,yes,cellular,aug,thu,4,999,0,nonexistent,1.4,93.444,-36.1,4.962,5228.1
45,blue-collar,divorced,basic.9y,no,yes,no,cellular,nov,wed,1,999,1,failure,-0.1,93.2,-42.0,4.12,5195.8
33,services,married,university.degree,unknown,no,yes,cellular,aug,thu,8,999,0,nonexistent,1.4,93.444,-36.1,4.962,5228.1
38,admin.,single,university.degree,no,yes,no,telephone,may,wed,4,999,0,nonexistent,1.1,93.994,-36.4,4.857,5191.0
31,technician,single,university.degree,no,no,no,cellular,aug,mon,3,999,0,nonexistent,1.4,93.444,-36.1,4.963,5228.1
36,management,married,university.degree,no,yes,no,cellular,nov,tue,2,999,0,nonexistent,-0.1,93.2,-42.0,4.153,5195.8
49,services,divorced,high.school,no,yes,no,cellular,aug,fri,1,999,0,nonexistent,1.4,93.444,-36.1,4.963,5228.1
38,blue-collar,married,basic.9y,unknown,yes,no,cellular,jul,mon,6,999,0,nonexistent,1.4,93.918,-42.7,4.96,5228.1
38,services,married,high.school,unknown,no,no,telephone,jun,thu,5,999,0,nonexistent,1.4,94.465,-41.8,4.866,5228.1
35,admin.,married,university.degree,no,yes,yes,cellular,jul,tue,20,999,0,nonexistent,1.4,93.918,-42.7,4.961,5228.1
56,entrepreneur,married,unknown,unknown,yes,no,telephone,may,mon,1,999,0,nonexistent,1.1,93.994,-36.4,4.857,5191.0
57,blue-collar,divorced,unknown,unknown,yes,no,telephone,may,fri,1,999,0,nonexistent,1.1,93.994,-36.4,4.857,5191.0
56,admin.,married,high.school,unknown,yes,no,cellular,jul,fri,4,999,0,nonexistent,1.4,93.918,-42.7,4.962,5228.1
57,blue-collar,married,basic.4y,no,yes,no,cellular,may,tue,1,999,0,nonexistent,-1.8,92.893,-46.2,1.344,5099.1
40,technician,married,professional.course,no,yes,no,cellular,apr,thu,2,2,1,success,-1.8,93.075,-47.1,1.365,5099.1
45,technician,single,professional.course,no,yes,no,cellular,nov,thu,4,999,0,nonexistent,-0.1,93.2,-42.0,4.076,5195.8
52,services,married,high.school,unknown,unknown,unknown,telephone,may,fri,2,999,0,nonexistent,1.1,93.994,-36.4,4.864,5191.0
58,entrepreneur,married,basic.4y,unknown,yes,no,cellular,nov,tue,4,999,0,nonexistent,-0.1,93.2,-42.0,4.153,5195.8
28,admin.,married,high.school,no,yes,no,cellular,may,fri,1,999,0,nonexistent,-1.8,92.893,-46.2,1.313,5099.1
38,admin.,single,university.degree,no,yes,no,telephone,jun,wed,2,999,0,nonexistent,1.4,94.465,-41.8,4.962,5228.1
52,entrepreneur,married,university.degree,no,yes,no,cellular,apr,wed,1,999,2,failure,-1.8,93.075,-47.1,1.415,5099.1
36,management,single,high.school,no,yes,no,cellular,apr,mon,1,999,0,nonexistent,-1.8,93.075,-47.1,1.405,5099.1
49,management,married,university.degree,no,yes,no,telephone,may,wed,2,999,0,nonexistent,1.1,93.994,-36.4,4.858,5191.0
30,admin.,married,university.degree,no,no,no,cellular,aug,thu,1,999,0,nonexistent,1.4,93.444,-36.1,4.968,5228.1
29,technician,married,university.degree,no,unknown,unknown,cellular,apr,wed,1,999,0,nonexistent,-1.8,93.075,-47.1,1.445,5099.1
42,management,married,university.degree,no,no,no,telephone,may,mon,1,999,0,nonexistent,1.1,93.994,-36.4,4.857,5191.0
35,admin.,married,high.school,no,no,no,cellular,apr,tue,2,999,1,failure,-1.8,93.075,-47.1,1.453,5099.1
50,blue-collar,married,basic.9y,no,no,no,cellular,aug,thu,3,999,0,nonexistent,1.4,93.444,-36.1,4.968,5228.1
39,technician,married,professional.course,no,yes,no,telephone,jun,mon,4,999,0,nonexistent,1.4,94.465,-41.8,4.865,5228.1
50,retired,married,basic.4y,no,yes,no,telephone,jun,mon,6,999,0,nonexistent,1.4,94.465,-41.8,4.865,5228.1
34,admin.,single,high.school,no,yes,yes,telephone,may,wed,1,999,0,nonexistent,1.1,93.994,-36.4,4.859,5191.0
31,blue-collar,single,high.school,no,no,no,cellular,nov,wed,1,999,0,nonexistent,-0.1,93.2,-42.0,4.12,5195.8
48,blue-collar,married,professional.course,no,yes,yes,cellular,nov,fri,1,999,0,nonexistent,-0.1,93.2,-42.0,4.021,5195.8
70,retired,divorced,high.school,no,yes,no,telephone,may,wed,2,4,2,success,-1.8,93.876,-40.0,0.697,5008.7
31,blue-collar,divorced,basic.6y,no,yes,no,cellular,jul,mon,3,999,0,nonexistent,1.4,93.918,-42.7,4.962,5228.1
24,services,single,high.school,no,yes,no,cellular,apr,wed,1,999,0,nonexistent,-1.8,93.075,-47.1,1.445,5099.1
45,admin.,married,university.degree,no,no,no,cellular,aug,thu,1,999,0,nonexistent,-1.7,94.027,-38.3,0.904,4991.6
46,admin.,married,university.degree,no,yes,no,cellular,nov,fri,1,999,0,nonexistent,-0.1,93.2,-42.0,4.021,5195.8
25,admin.,single,high.school,no,yes,no,cellular,may,fri,6,999,2,failure,-1.8,92.893,-46.2,1.313,5099.1
30,unknown,married,professional.course,no,no,no,cellular,may,mon,1,999,0,nonexistent,-1.8,92.893,-46.2,1.354,5099.1
50,management,married,university.degree,unknown,unknown,unknown,telephone,may,mon,4,999,0,nonexistent,1.1,93.994,-36.4,4.858,5191.0
22,student,single,high.school,no,no,no,cellular,apr,thu,1,999,0,nonexistent,-1.8,93.075,-47.1,1.365,5099.1
36,admin.,married,high.school,no,yes,no,telephone,may,wed,1,999,0,nonexistent,1.1,93.994,-36.4,4.857,5191.0
44,blue-collar,single,high.school,unknown,no,no,telephone,jul,mon,2,999,0,nonexistent,1.4,93.918,-42.7,4.962,5228.1
57,retired,married,basic.9y,no,no,no,cellular,aug,tue,27,999,0,nonexistent,1.4,93.444,-36.1,4.965,5228.1
32,services,divorced,high.school,no,yes,no,telephone,may,fri,2,999,0,nonexistent,1.1,93.994,-36.4,4.857,5191.0
53,retired,married,basic.6y,unknown,no,yes,telephone,may,thu,5,999,0,nonexistent,1.1,93.994,-36.4,4.855,5191.0
34,blue-collar,married,basic.9y,no,no,no,telephone,may,thu,2,999,0,nonexistent,1.1,93.994,-36.4,4.855,5191.0
58,retired,married,university.degree,unknown,no,no,cellular,aug,thu,5,999,0,nonexistent,1.4,93.444,-36.1,4.962,5228.1
42,management,married,university.degree,unknown,yes,yes,cellular,aug,tue,1,999,0,nonexistent,1.4,93.444,-36.1,4.965,5228.1
34,entrepreneur,married,professional.course,no,yes,no,cellular,aug,wed,3,999,0,nonexistent,1.4,93.444,-36.1,4.965,5228.1
37,admin.,single,university.degree,no,yes,yes,telephone,may,fri,4,999,0,nonexistent,1.1,93.994,-36.4,4.857,5191.0
56,housemaid,married,basic.4y,no,no,no,telephone,may,mon,2,999,0,nonexistent,1.1,93.994,-36.4,4.858,5191.0
37,unknown,single,university.degree,no,no,no,cellular,sep,wed,1,1,1,success,-3.4,92.379,-29.8,0.753,5017.5
45,entrepreneur,married,basic.4y,no,yes,no,cellular,nov,tue,5,999,0,nonexistent,-0.1,93.2,-42.0,4.153,5195.8
53,unknown,married,high.school,unknown,no,no,telephone,may,thu,1,999,0,nonexistent,1.1,93.994,-36.4,4.86,5191.0
51,admin.,divorced,professional.course,no,no,no,cellular,may,wed,1,999,1,failure,-1.8,92.893,-46.2,1.334,5099.1
57,unemployed,married,university.degree,no,yes,no,cellular,jul,thu,4,999,0,nonexistent,1.4,93.918,-42.7,4.962,5228.1
31,blue-collar,married,basic.4y,no,yes,no,telephone,may,mon,3,999,0,nonexistent,1.1,93.994,-36.4,4.858,5191.0
41,services,married,unknown,no,no,no,cellular,nov,fri,5,999,0,nonexistent,-0.1,93.2,-42.0,4.021,5195.8
26,student,single,basic.9y,no,yes,no,telephone,oct,tue,3,999,0,nonexistent,-3.4,92.431,-26.9,0.742,5017.5
33,student,married,high.school,no,no,yes,cellular,jul,wed,3,999,0,nonexistent,1.4,93.918,-42.7,4.963,5228.1
48,services,married,high.school,no,yes,no,cellular,aug,wed,2,999,0,nonexistent,1.4,93.444,-36.1,4.964,5228.1
35,services,divorced,professional.course,unknown,no,no,telephone,may,tue,1,999,0,nonexistent,1.1,93.994,-36.4,4.856,5191.0
31,admin.,single,university.degree,no,no,no,cellular,aug,mon,1,999,0,nonexistent,1.4,93.444,-36.1,4.965,5228.1
54,admin.,single,university.degree,no,yes,no,cellular,nov,tue,1,999,1,failure,-0.1,93.2,-42.0,4.153,5195.8
50,blue-collar,married,basic.4y,no,unknown,unknown,telephone,jun,thu,2,999,0,nonexistent,1.4,94.465,-41.8,4.866,5228.1
34,blue-collar,single,basic.9y,unknown,no,yes,telephone,may,thu,1,999,0,nonexistent,1.1,93.994,-36.4,4.86,5191.0
27,retired,single,basic.9y,no,no,no,cellular,jul,thu,1,999,0,nonexistent,1.4,93.918,-42.7,4.963,5228.1
27,blue-collar,married,high.school,no,unknown,unknown,cellular,may,wed,2,999,0,nonexistent,-1.8,92.893,-46.2,1.281,5099.1
36,services,single,basic.6y,unknown,yes,no,telephone,may,thu,2,999,0,nonexistent,1.1,93.994,-36.4,4.86,5191.0
40,management,married,university.degree,no,no,no,cellular,aug,mon,3,999,0,nonexistent,1.4,93.444,-36.1,4.965,5228.1
31,technician,single,professional.course,no,no,no,cellular,aug,wed,4,999,0,nonexistent,1.4,93.444,-36.1,4.964,5228.1
38,management,married,university.degree,no,no,no,telephone,may,mon,2,999,0,nonexistent,1.1,93.994,-36.4,4.857,5191.0
35,admin.,single,high.school,no,unknown,unknown,cellular,may,fri,2,10,1,success,-1.8,92.893,-46.2,1.313,5099.1
34,management,single,high.school,no,no,no,cellular,jul,mon,1,999,0,nonexistent,1.4,93.918,-42.7,4.96,5228.1
62,admin.,married,university.degree,no,yes,no,cellular,aug,fri,1,999,0,nonexistent,-2.9,92.201,-31.4,0.849,5076.2
42,self-employed,married,professional.course,unknown,yes,no,cellular,may,fri,1,999,0,nonexistent,-1.8,92.893,-46.2,1.25,5099.1
53,blue-collar,married,unknown,no,no,no,cellular,aug,mon,1,999,0,nonexistent,1.4,93.444,-36.1,4.97,5228.1
39,blue-collar,married,basic.6y,unknown,yes,no,cellular,jul,tue,2,999,0,nonexistent,1.4,93.918,-42.7,4.961,5228.1
58,entrepreneur,married,university.degree,no,no,no,telephone,jul,wed,1,999,0,nonexistent,1.4,93.918,-42.7,4.963,5228.1
24,blue-collar,single,basic.9y,no,no,no,cellular,oct,mon,1,6,1,success,-1.1,94.601,-49.5,0.977,4963.6
29,unemployed,single,high.school,no,no,no,cellular,jun,tue,1,999,0,nonexistent,-2.9,92.963,-40.8,1.262,5076.2
48,admin.,married,high.school,no,no,yes,cellular,aug,mon,6,999,0,nonexistent,1.4,93.444,-36.1,4.965,5228.1
47,entrepreneur,married,university.degree,no,no,no,cellular,aug,tue,3,999,0,nonexistent,1.4,93.444,-36.1,4.968,5228.1
33,blue-collar,married,high.school,no,yes,no,cellular,may,fri,1,999,0,nonexistent,-1.8,92.893,-46.2,1.313,5099.1
31,admin.,single,university.degree,no,yes,no,cellular,mar,mon,1,999,0,nonexistent,-1.8,92.843,-50.0,1.811,5099.1
64,retired,married,university.degree,no,no,no,telephone,apr,mon,3,999,0,nonexistent,-1.8,93.075,-47.1,1.392,5099.1
26,technician,single,professional.course,no,unknown,unknown,cellular,jul,wed,1,999,0,nonexistent,1.4,93.918,-42.7,4.957,5228.1
38,technician,single,professional.course,no,yes,no,cellular,may,wed,2,999,0,nonexistent,-1.8,92.893,-46.2,1.281,5099.1
40,blue-collar,married,professional.course,no,no,no,telephone,jul,mon,5,999,0,nonexistent,1.4,93.918,-42.7,4.962,5228.1
42,management,married,high.school,no,no,no,cellular,nov,thu,2,999,0,nonexistent,-0.1,93.2,-42.0,4.076,5195.8
53,self-employed,married,basic.4y,no,yes,yes,cellular,nov,tue,2,999,1,failure,-0.1,93.2,-42.0,4.153,5195.8
37,technician,married,professional.course,no,yes,no,cellular,nov,tue,3,999,0,nonexistent,-0.1,93.2,-42.0,4.153,5195.8
50,blue-collar,divorced,professional.course,no,yes,yes,cellular,nov,fri,1,999,0,nonexistent,-0.1,93.2,-42.0,4.021,5195.8
35,unemployed,divorced,professional.course,no,no,no,cellular,nov,tue,2,999,0,nonexistent,-0.1,93.2,-42.0,4.153,5195.8
50,blue-collar,married,basic.4y,no,no,no,telephone,may,wed,2,999,0,nonexistent,1.1,93.994,-36.4,4.858,5191.0
46,admin.,married,university.degree,no,yes,yes,telephone,may,fri,2,999,0,nonexistent,1.1,93.994,-36.4,4.855,5191.0
52,housemaid,single,university.degree,no,no,no,cellular,jul,thu,3,999,0,nonexistent,1.4,93.918,-42.7,4.958,5228.1
30,technician,single,high.school,no,no,no,cellular,apr,fri,1,999,0,nonexistent,-1.8,93.075,-47.1,1.479,5099.1
35,management,married,university.degree,no,yes,no,cellular,nov,mon,1,999,0,nonexistent,-0.1,93.2,-42.0,4.191,5195.8
26,blue-collar,married,basic.9y,no,yes,no,telephone,jun,wed,1,999,0,nonexistent,1.4,94.465,-41.8,4.864,5228.1
46,entrepreneur,married,basic.9y,no,no,no,telephone,jun,mon,1,999,0,nonexistent,1.4,94.465,-41.8,4.865,5228.1
29,blue-collar,married,unknown,no,no,no,cellular,jul,mon,3,999,0,nonexistent,1.4,93.918,-42.7,4.96,5228.1
47,admin.,married,university.degree,no,no,no,telephone,dec,mon,2,999,0,nonexistent,-3.0,92.713,-33.0,0.717,5023.5
52,blue-collar,married,basic.4y,no,no,no,telephone,may,fri,9,999,0,nonexistent,1.1,93.994,-36.4,4.857,5191.0
49,technician,single,university.degree,unknown,yes,no,telephone,may,wed,1,999,0,nonexistent,1.1,93.994,-36.4,4.856,5191.0
39,technician,divorced,professional.course,no,yes,no,cellular,aug,thu,17,999,0,nonexistent,1.4,93.444,-36.1,4.962,5228.1
26,admin.,married,high.school,no,yes,no,telephone,jun,tue,2,999,0,nonexistent,1.4,94.465,-41.8,4.961,5228.1
37,self-employed,single,university.degree,unknown,yes,no,telephone,may,fri,2,999,0,nonexistent,1.1,93.994,-36.4,4.855,5191.0
43,management,single,basic.4y,no,yes,no,telephone,may,thu,3,999,0,nonexistent,1.1,93.994,-36.4,4.86,5191.0
49,technician,married,professional.course,no,yes,no,cellular,jul,thu,3,999,0,nonexistent,1.4,93.918,-42.7,4.962,5228.1
32,admin.,married,university.degree,no,yes,yes,cellular,may,thu,3,999,0,nonexistent,-1.8,92.893,-46.2,1.27,5099.1
32,admin.,married,university.degree,no,unknown,unknown,cellular,jul,thu,1,999,0,nonexistent,1.4,93.918,-42.7,4.963,5228.1
59,retired,married,basic.4y,no,no,yes,telephone,jul,thu,3,999,0,nonexistent,1.4,93.918,-42.7,4.968,5228.1
30,student,single,unknown,unknown,no,no,telephone,may,tue,1,999,0,nonexistent,1.1,93.994,-36.4,4.857,5191.0
30,admin.,single,high.school,no,yes,no,cellular,may,fri,5,999,0,nonexistent,-1.8,93.876,-40.0,0.684,5008.7
35,admin.,married,high.school,no,yes,yes,telephone,jun,mon,1,999,0,nonexistent,1.4,94.465,-41.8,4.961,5228.1
44,management,married,high.school,unknown,no,yes,cellular,jul,mon,1,999,0,nonexistent,1.4,93.918,-42.7,4.962,5228.1
39,admin.,married,high.school,no,yes,no,cellular,apr,wed,1,999,0,nonexistent,-1.8,93.075,-47.1,1.498,5099.1
38,admin.,married,university.degree,no,no,no,telephone,jun,thu,1,999,0,nonexistent,1.4,94.465,-41.8,4.961,5228.1
37,admin.,married,university.degree,no,no,no,cellular,may,wed,2,999,1,failure,-1.8,92.893,-46.2,1.334,5099.1
36,blue-collar,single,basic.9y,no,yes,yes,telephone,jun,thu,3,999,0,nonexistent,1.4,94.465,-41.8,4.955,5228.1
42,blue-collar,married,basic.9y,unknown,yes,no,cellular,apr,tue,2,999,0,nonexistent,-1.8,93.075,-47.1,1.423,5099.1
41,unknown,unknown,unknown,no,yes,no,cellular,jul,mon,13,999,0,nonexistent,1.4,93.918,-42.7,4.962,5228.1
39,unemployed,married,university.degree,unknown,yes,no,cellular,nov,mon,1,999,1,failure,-0.1,93.2,-42.0,4.191,5195.8
24,self-employed,single,unknown,no,no,yes,cellular,jul,thu,2,999,0,nonexistent,-2.9,92.469,-33.6,1.072,5076.2
41,self-employed,married,high.school,no,yes,no,telephone,may,tue,1,999,0,nonexistent,1.1,93.994,-36.4,4.857,5191.0
37,unemployed,single,basic.9y,unknown,yes,yes,cellular,jul,wed,1,999,0,nonexistent,1.4,93.918,-42.7,4.963,5228.1
35,management,married,professional.course,no,yes,yes,telephone,may,wed,1,999,0,nonexistent,1.1,93.994,-36.4,4.857,5191.0
39,blue-collar,married,basic.9y,no,yes,no,telephone,may,tue,2,999,0,nonexistent,1.1,93.994,-36.4,4.857,5191.0
34,blue-collar,single,basic.4y,unknown,no,yes,telephone,may,wed,2,999,0,nonexistent,1.1,93.994,-36.4,4.859,5191.0
53,services,single,high.school,unknown,no,yes,telephone,may,fri,4,999,0,nonexistent,1.1,93.994,-36.4,4.857,5191.0
44,blue-collar,single,basic.9y,no,yes,no,cellular,jul,wed,18,999,0,nonexistent,1.4,93.918,-42.7,4.963,5228.1
37,technician,single,university.degree,unknown,yes,no,cellular,jul,wed,2,999,0,nonexistent,1.4,93.918,-42.7,4.957,5228.1
29,blue-collar,divorced,basic.4y,no,no,no,telephone,may,tue,1,999,0,nonexistent,1.1,93.994,-36.4,4.857,5191.0
50,admin.,married,high.school,no,no,no,cellular,aug,mon,6,999,0,nonexistent,1.4,93.444,-36.1,4.97,5228.1
31,blue-collar,married,basic.9y,no,yes,no,cellular,nov,wed,3,999,0,nonexistent,-0.1,93.2,-42.0,4.12,5195.8
31,admin.,married,high.school,no,yes,no,cellular,jul,thu,1,999,0,nonexistent,1.4,93.918,-42.7,4.963,5228.1
22,blue-collar,single,high.school,no,yes,no,cellular,jul,wed,2,999,0,nonexistent,1.4,93.918,-42.7,4.963,5228.1
30,technician,married,high.school,unknown,yes,no,cellular,may,thu,3,999,0,nonexistent,-1.8,92.893,-46.2,1.266,5099.1
50,services,single,high.school,unknown,no,no,telephone,may,tue,1,999,0,nonexistent,1.1,93.994,-36.4,4.857,5191.0
59,retired,married,unknown,no,no,no,cellular,aug,fri,2,999,0,nonexistent,1.4,93.444,-36.1,4.964,5228.1
29,admin.,married,high.school,no,yes,no,cellular,jun,wed,1,999,1,failure,-1.7,94.055,-39.8,0.727,4991.6
48,blue-collar,married,basic.4y,no,no,yes,cellular,apr,thu,1,999,0,nonexistent,-1.8,93.075,-47.1,1.41,5099.1
30,blue-collar,married,high.school,unknown,yes,no,cellular,aug,mon,3,999,0,nonexistent,1.4,93.444,-36.1,4.965,5228.1
28,services,single,unknown,no,yes,no,telephone,may,thu,1,999,0,nonexistent,1.1,93.994,-36.4,4.855,5191.0
59,services,divorced,high.school,no,no,no,telephone,may,wed,1,999,0,nonexistent,1.1,93.994,-36.4,4.856,5191.0
38,blue-collar,married,basic.9y,unknown,no,no,telephone,jun,fri,5,999,0,nonexistent,1.4,94.465,-41.8,4.959,5228.1
44,self-employed,married,high.school,no,yes,no,cellular,may,mon,1,999,0,nonexistent,-1.8,92.893,-46.2,1.354,5099.1
50,unknown,married,unknown,no,no,no,cellular,oct,wed,1,8,3,failure,-3.4,92.431,-26.9,0.74,5017.5
56,blue-collar,divorced,basic.4y,no,yes,no,telephone,aug,mon,1,12,4,failure,-1.7,94.027,-38.3,0.904,4991.6
33,management,single,university.degree,no,no,no,telephone,may,fri,16,999,0,nonexistent,1.1,93.994,-36.4,4.864,5191.0
64,admin.,married,university.degree,no,no,yes,cellular,dec,thu,3,999,0,nonexistent,-3.0,92.713,-33.0,0.72,5023.5
56,blue-collar,married,basic.4y,unknown,yes,no,cellular,jul,tue,5,999,0,nonexistent,1.4,93.918,-42.7,4.961,5228.1
37,technician,married,basic.9y,no,no,no,telephone,jul,thu,2,999,0,nonexistent,1.4,93.918,-42.7,4.966,5228.1
44,blue-collar,single,professional.course,unknown,no,no,telephone,may,mon,2,999,0,nonexistent,1.1,93.994,-36.4,4.857,5191.0
44,entrepreneur,married,professional.course,no,no,no,cellular,jul,fri,1,999,0,nonexistent,1.4,93.918,-42.7,4.957,5228.1
50,management,divorced,high.school,unknown,no,no,telephone,may,wed,7,999,0,nonexistent,1.1,93.994,-36.4,4.859,5191.0
48,technician,married,high.school,unknown,yes,no,cellular,jul,tue,4,999,0,nonexistent,1.4,93.918,-42.7,4.962,5228.1
56,self-employed,single,basic.9y,unknown,no,no,telephone,jun,thu,2,999,0,nonexistent,1.4,94.465,-41.8,4.961,5228.1
35,technician,single,professional.course,no,no,no,cellular,jul,tue,2,999,0,nonexistent,1.4,93.918,-42.7,4.961,5228.1
37,self-employed,single,university.degree,unknown,yes,no,telephone,may,thu,5,999,0,nonexistent,1.1,93.994,-36.4,4.86,5191.0
62,technician,married,unknown,no,no,no,cellular,mar,mon,3,6,1,success,-1.8,93.369,-34.8,0.646,5008.7
41,technician,married,basic.6y,no,no,no,telephone,jun,thu,1,999,0,nonexistent,1.4,94.465,-41.8,4.866,5228.1
39,technician,divorced,professional.course,no,no,no,telephone,jun,wed,2,999,0,nonexistent,1.4,94.465,-41.8,4.959,5228.1
32,admin.,married,high.school,no,no,no,cellular,jul,thu,11,999,0,nonexistent,1.4,93.918,-42.7,4.968,5228.1
31,technician,divorced,high.school,no,yes,no,cellular,aug,mon,3,999,0,nonexistent,1.4,93.444,-36.1,4.965,5228.1
24,blue-collar,single,basic.9y,no,yes,no,cellular,jul,wed,1,999,0,nonexistent,1.4,93.918,-42.7,4.963,5228.1
30,services,single,high.school,no,yes,no,cellular,jul,thu,10,999,0,nonexistent,1.4,93.918,-42.7,4.968,5228.1
38,technician,married,basic.6y,unknown,no,no,telephone,may,fri,1,999,0,nonexistent,1.1,93.994,-36.4,4.857,5191.0
55,management,married,university.degree,unknown,no,no,telephone,may,tue,2,999,0,nonexistent,1.1,93.994,-36.4,4.857,5191.0
46,blue-collar,married,basic.6y,unknown,yes,no,telephone,jul,tue,3,999,0,nonexistent,1.4,93.918,-42.7,4.962,5228.1
43,management,married,high.school,no,yes,no,telephone,jun,thu,1,999,0,nonexistent,1.4,94.465,-41.8,4.958,5228.1
47,services,married,high.school,no,yes,no,cellular,nov,tue,1,999,1,failure,-0.1,93.2,-42.0,4.153,5195.8
38,admin.,divorced,high.school,no,no,no,cellular,may,mon,1,999,0,nonexistent,-1.8,92.893,-46.2,1.299,5099.1
28,services,single,unknown,no,yes,no,cellular,may,tue,4,999,1,failure,-1.8,92.893,-46.2,1.344,5099.1
28,blue-collar,single,basic.9y,no,no,yes,telephone,may,fri,4,999,0,nonexistent,1.1,93.994,-36.4,4.859,5191.0
27,unknown,single,high.school,unknown,yes,yes,cellular,may,mon,1,999,0,nonexistent,-1.8,92.893,-46.2,1.299,5099.1
47,management,married,university.degree,no,no,no,cellular,aug,thu,1,999,0,nonexistent,1.4,93.444,-36.1,4.968,5228.1
53,blue-collar,married,basic.4y,unknown,yes,no,cellular,apr,mon,2,999,1,failure,-1.8,93.075,-47.1,1.466,5099.1
52,admin.,married,university.degree,no,yes,no,cellular,jun,wed,2,999,0,nonexistent,-1.7,94.055,-39.8,0.767,4991.6
42,admin.,married,high.school,unknown,no,yes,cellular,jul,thu,5,999,0,nonexistent,1.4,93.918,-42.7,4.968,5228.1
30,technician,single,university.degree,no,yes,no,cellular,aug,mon,13,999,0,nonexistent,1.4,93.444,-36.1,4.965,5228.1
32,technician,married,professional.course,no,yes,no,telephone,jun,tue,1,999,0,nonexistent,1.4,94.465,-41.8,4.961,5228.1
38,admin.,divorced,high.school,no,no,no,telephone,jun,mon,3,999,0,nonexistent,1.4,94.465,-41.8,4.96,5228.1
49,admin.,single,high.school,no,no,no,telephone,may,tue,5,999,0,nonexistent,1.1,93.994,-36.4,4.856,5191.0
34,technician,single,university.degree,no,no,no,cellular,oct,thu,1,999,1,failure,-3.4,92.431,-26.9,0.722,5017.5
57,retired,married,unknown,unknown,no,no,cellular,aug,fri,6,999,0,nonexistent,1.4,93.444,-36.1,4.966,5228.1
29,blue-collar,married,professional.course,no,no,no,telephone,may,wed,8,999,0,nonexistent,-1.8,92.893,-46.2,1.281,5099.1
26,services,single,high.school,no,yes,no,telephone,may,wed,3,999,0,nonexistent,-1.8,92.893,-46.2,1.281,5099.1
30,admin.,single,high.school,no,no,no,cellular,jul,thu,4,999,0,nonexistent,1.4,93.918,-42.7,4.968,5228.1
40,blue-collar,married,basic.4y,unknown,yes,no,cellular,jul,thu,15,999,0,nonexistent,1.4,93.918,-42.7,4.963,5228.1
41,blue-collar,married,basic.9y,unknown,no,no,telephone,jun,thu,2,999,0,nonexistent,1.4,94.465,-41.8,4.866,5228.1
31,blue-collar,married,basic.9y,no,no,no,telephone,may,wed,2,999,0,nonexistent,1.1,93.994,-36.4,4.856,5191.0
60,unemployed,married,basic.6y,no,yes,no,cellular,sep,thu,1,3,1,success,-3.4,92.379,-29.8,0.809,5017.5
40,services,married,high.school,no,yes,no,cellular,apr,fri,1,999,1,failure,-1.8,93.075,-47.1,1.479,5099.1
37,services,married,high.school,no,no,no,telephone,jun,thu,1,999,0,nonexistent,1.4,94.465,-41.8,4.866,5228.1
34,blue-collar,married,basic.9y,no,yes,no,telephone,may,mon,2,999,0,nonexistent,1.1,93.994,-36.4,4.858,5191.0
38,management,divorced,university.degree,no,no,no,cellular,apr,mon,1,999,1,failure,-1.8,93.075,-47.1,1.405,5099.1
49,admin.,married,university.degree,no,yes,no,telephone,may,mon,5,999,0,nonexistent,-1.8,92.893,-46.2,1.354,5099.1
40,self-employed,single,university.degree,no,no,yes,cellular,jun,wed,4,999,0,nonexistent,-2.9,92.963,-40.8,1.244,5076.2
38,unemployed,divorced,high.school,no,no,no,telephone,may,tue,3,999,0,nonexistent,1.1,93.994,-36.4,4.857,5191.0
37,blue-collar,single,basic.6y,no,yes,no,cellular,apr,fri,2,999,0,nonexistent,-1.8,93.075,-47.1,1.405,5099.1
33,admin.,married,university.degree,no,yes,no,telephone,may,wed,1,999,0,nonexistent,1.1,93.994,-36.4,4.858,5191.0
32,admin.,single,high.school,no,yes,no,cellular,jul,fri,2,999,0,nonexistent,1.4,93.918,-42.7,4.962,5228.1
51,management,married,university.degree,no,yes,no,cellular,aug,tue,1,999,0,nonexistent,-2.9,92.201,-31.4,0.884,5076.2
24,management,married,basic.9y,no,no,no,telephone,jul,wed,11,999,0,nonexistent,1.4,93.918,-42.7,4.957,5228.1
39,blue-collar,married,basic.9y,no,yes,no,cellular,may,wed,1,999,0,nonexistent,-1.8,92.893,-46.2,1.334,5099.1
36,entrepreneur,married,high.school,no,no,yes,telephone,jun,thu,1,999,0,nonexistent,1.4,94.465,-41.8,4.958,5228.1
32,self-employed,married,basic.9y,no,no,no,cellular,may,tue,2,999,0,nonexistent,-1.8,92.893,-46.2,1.344,5099.1
34,management,married,university.degree,no,yes,yes,telephone,may,wed,1,999,0,nonexistent,1.1,93.994,-36.4,4.856,5191.0
39,admin.,married,high.school,unknown,yes,no,telephone,jun,thu,6,999,0,nonexistent,1.4,94.465,-41.8,4.958,5228.1
56,entrepreneur,married,basic.4y,unknown,yes,yes,cellular,jul,thu,20,999,0,nonexistent,1.4,93.918,-42.7,4.968,5228.1
36,admin.,married,university.degree,no,no,no,cellular,aug,mon,2,999,0,nonexistent,1.4,93.444,-36.1,4.965,5228.1
36,unknown,single,unknown,no,no,no,cellular,jul,fri,2,999,0,nonexistent,1.4,93.918,-42.7,4.962,5228.1
31,services,single,high.school,unknown,yes,no,telephone,may,wed,1,999,0,nonexistent,1.1,93.994,-36.4,4.857,5191.0
57,retired,divorced,basic.9y,no,yes,no,telephone,may,tue,5,999,1,failure,-1.8,92.893,-46.2,1.291,5099.1
29,admin.,single,university.degree,no,yes,no,cellular,aug,wed,1,999,0,nonexistent,1.4,93.444,-36.1,4.964,5228.1
60,admin.,married,professional.course,no,yes,no,cellular,apr,thu,1,999,0,nonexistent,-1.8,93.075,-47.1,1.365,5099.1
53,technician,married,basic.9y,no,no,no,telephone,jun,mon,6,999,0,nonexistent,1.4,94.465,-41.8,4.947,5228.1
29,technician,single,professional.course,no,no,no,telephone,may,thu,7,999,0,nonexistent,-1.8,92.893,-46.2,1.266,5099.1
55,retired,married,professional.course,no,no,yes,telephone,jun,tue,4,999,0,nonexistent,1.4,94.465,-41.8,4.961,5228.1
36,admin.,married,university.degree,no,yes,yes,cellular,jun,fri,1,4,4,success,-1.7,94.055,-39.8,0.748,4991.6
59,retired,divorced,basic.4y,no,yes,no,telephone,may,wed,3,999,0,nonexistent,1.1,93.994,-36.4,4.856,5191.0
42,technician,single,professional.course,no,yes,no,cellular,jul,tue,6,999,0,nonexistent,1.4,93.918,-42.7,4.961,5228.1
53,management,married,basic.4y,no,no,no,cellular,nov,wed,2,999,0,nonexistent,-0.1,93.2,-42.0,4.12,5195.8
23,admin.,single,professional.course,no,no,yes,cellular,jul,wed,3,999,0,nonexistent,1.4,93.918,-42.7,4.963,5228.1
33,admin.,married,university.degree,no,unknown,unknown,cellular,aug,fri,1,999,0,nonexistent,1.4,93.444,-36.1,4.964,5228.1
40,technician,married,basic.9y,no,no,no,cellular,nov,wed,1,999,0,nonexistent,-0.1,93.2,-42.0,4.12,5195.8
25,technician,married,professional.course,no,no,no,cellular,jul,thu,3,999,0,nonexistent,1.4,93.918,-42.7,4.963,5228.1
58,retired,married,basic.4y,no,no,no,cellular,apr,wed,1,999,0,nonexistent,-1.8,93.749,-34.6,0.639,5008.7
46,self-employed,married,basic.9y,unknown,yes,no,telephone,may,fri,7,999,0,nonexistent,1.1,93.994,-36.4,4.855,5191.0
49,blue-collar,married,basic.4y,unknown,no,no,telephone,may,tue,1,999,0,nonexistent,1.1,93.994,-36.4,4.856,5191.0
31,technician,single,professional.course,no,no,no,cellular,aug,thu,1,999,0,nonexistent,1.4,93.444,-36.1,4.963,5228.1
28,admin.,single,high.school,no,no,no,telephone,jul,fri,2,999,0,nonexistent,1.4,93.918,-42.7,4.957,5228.1
47,services,married,high.school,no,yes,yes,cellular,aug,fri,1,999,0,nonexistent,1.4,93.444,-36.1,4.966,5228.1
59,housemaid,married,basic.4y,no,yes,no,cellular,oct,tue,2,6,1,success,-3.4,92.431,-26.9,0.737,5017.5
49,admin.,divorced,basic.9y,no,yes,yes,telephone,may,mon,3,999,0,nonexistent,1.1,93.994,-36.4,4.857,5191.0
48,technician,married,professional.course,yes,no,no,cellular,aug,tue,1,999,0,nonexistent,1.4,93.444,-36.1,4.963,5228.1
44,management,divorced,university.degree,no,yes,no,telephone,jun,mon,8,999,0,nonexistent,1.4,94.465,-41.8,4.96,5228.1
52,blue-collar,married,basic.4y,no,no,no,cellular,aug,fri,1,999,0,nonexistent,1.4,93.444,-36.1,4.966,5228.1
32,technician,married,professional.course,no,no,no,telephone,jun,mon,2,999,0,nonexistent,1.4,94.465,-41.8,4.96,5228.1
33,admin.,single,university.degree,no,no,no,telephone,nov,thu,3,999,0,nonexistent,-0.1,93.2,-42.0,4.076,5195.8
36,housemaid,divorced,basic.9y,no,yes,no,cellular,nov,tue,1,999,1,failure,-0.1,93.2,-42.0,4.153,5195.8
36,housemaid,divorced,basic.9y,unknown,yes,no,cellular,nov,wed,1,999,0,nonexistent,-0.1,93.2,-42.0,4.12,5195.8
36,admin.,married,high.school,no,yes,no,cellular,jul,wed,2,999,0,nonexistent,1.4,93.918,-42.7,4.963,5228.1
42,services,married,high.school,unknown,yes,no,cellular,jul,mon,4,999,0,nonexistent,1.4,93.918,-42.7,4.96,5228.1
38,technician,divorced,high.school,no,no,no,cellular,aug,mon,2,999,0,nonexistent,1.4,93.444,-36.1,4.965,5228.1
35,admin.,single,university.degree,no,yes,yes,cellular,aug,mon,1,999,0,nonexistent,1.4,93.444,-36.1,4.963,5228.1
48,admin.,single,university.degree,no,yes,no,cellular,jul,fri,2,3,1,success,-1.7,94.215,-40.3,0.79,4991.6
37,housemaid,married,high.school,unknown,no,no,cellular,aug,thu,1,999,0,nonexistent,1.4,93.444,-36.1,4.968,5228.1
38,admin.,married,high.school,unknown,no,no,telephone,apr,mon,4,999,0,nonexistent,-1.8,93.075,-47.1,1.405,5099.1
38,management,married,university.degree,no,yes,no,telephone,may,wed,2,999,0,nonexistent,1.1,93.994,-36.4,4.858,5191.0
56,services,married,high.school,unknown,no,no,telephone,may,wed,2,999,0,nonexistent,1.1,93.994,-36.4,4.857,5191.0
34,technician,divorced,university.degree,no,yes,yes,cellular,aug,thu,1,999,0,nonexistent,1.4,93.444,-36.1,4.968,5228.1
45,admin.,married,university.degree,no,no,no,cellular,aug,mon,1,999,0,nonexistent,1.4,93.444,-36.1,4.965,5228.1
29,admin.,married,basic.9y,no,yes,no,telephone,nov,fri,1,999,0,nonexistent,-0.1,93.2,-42.0,4.474,5195.8
36,admin.,single,university.degree,no,yes,no,cellular,apr,thu,3,999,2,failure,-1.8,93.075,-47.1,1.435,5099.1
42,entrepreneur,married,university.degree,unknown,yes,yes,cellular,aug,thu,2,999,0,nonexistent,1.4,93.444,-36.1,4.963,5228.1
32,admin.,married,university.degree,no,yes,yes,cellular,jun,tue,1,999,0,nonexistent,-2.9,92.963,-40.8,1.262,5076.2
43,housemaid,married,basic.6y,no,no,no,cellular,aug,fri,1,999,0,nonexistent,1.4,93.444,-36.1,4.964,5228.1
56,retired,married,university.degree,no,yes,no,cellular,jun,wed,1,999,2,failure,-2.9,92.963,-40.8,1.26,5076.2
44,blue-collar,single,university.degree,unknown,yes,yes,cellular,jul,tue,2,999,0,nonexistent,1.4,93.918,-42.7,4.962,5228.1
47,admin.,married,university.degree,unknown,no,no,telephone,jun,thu,2,999,0,nonexistent,1.4,94.465,-41.8,4.961,5228.1
36,admin.,married,university.degree,unknown,no,no,cellular,jul,fri,2,999,0,nonexistent,1.4,93.918,-42.7,4.963,5228.1
31,services,single,basic.6y,no,no,no,telephone,jun,wed,3,999,0,nonexistent,1.4,94.465,-41.8,4.962,5228.1
40,admin.,married,university.degree,unknown,yes,no,telephone,jun,mon,1,999,0,nonexistent,1.4,94.465,-41.8,4.865,5228.1
36,blue-collar,married,unknown,no,no,no,telephone,may,wed,2,999,0,nonexistent,1.1,93.994,-36.4,4.859,5191.0
40,blue-collar,divorced,basic.9y,no,no,no,cellular,nov,fri,1,999,0,nonexistent,-0.1,93.2,-42.0,4.021,5195.8
37,blue-collar,married,professional.course,no,no,no,telephone,may,tue,1,999,0,nonexistent,1.1,93.994,-36.4,4.857,5191.0
75,housemaid,divorced,basic.4y,no,no,no,cellular,apr,fri,4,999,0,nonexistent,-1.8,93.075,-47.1,1.405,5099.1
32,admin.,married,high.school,no,unknown,unknown,cellular,sep,mon,1,6,4,success,-1.1,94.199,-37.5,0.882,4963.6
29,admin.,single,university.degree,no,no,no,cellular,jul,thu,1,999,0,nonexistent,1.4,93.918,-42.7,4.963,5228.1
29,blue-collar,married,professional.course,unknown,yes,no,telephone,may,mon,6,999,0,nonexistent,1.1,93.994,-36.4,4.857,5191.0
41,housemaid,married,university.degree,no,yes,no,cellular,aug,thu,1,999,0,nonexistent,1.4,93.444,-36.1,4.963,5228.1
29,technician,single,university.degree,no,unknown,unknown,telephone,may,mon,1,999,0,nonexistent,1.1,93.994,-36.4,4.858,5191.0
33,unknown,married,unknown,unknown,no,no,cellular,aug,thu,1,999,0,nonexistent,1.4,93.444,-36.1,4.968,5228.1
29,admin.,single,high.school,no,yes,yes,telephone,apr,wed,4,999,0,nonexistent,-1.8,93.075,-47.1,1.405,5099.1
33,management,married,university.degree,no,yes,no,cellular,nov,tue,1,999,0,nonexistent,-0.1,93.2,-42.0,4.153,5195.8
33,services,married,high.school,unknown,yes,no,telephone,jun,fri,3,999,0,nonexistent,1.4,94.465,-41.8,4.959,5228.1
45,blue-collar,married,basic.9y,unknown,yes,no,telephone,may,wed,1,999,0,nonexistent,1.1,93.994,-36.4,4.856,5191.0
32,unemployed,single,high.school,unknown,yes,no,telephone,jun,fri,1,999,0,nonexistent,1.4,94.465,-41.8,4.967,5228.1
82,housemaid,divorced,basic.4y,no,unknown,unknown,cellular,apr,tue,6,999,0,nonexistent,-1.8,93.749,-34.6,0.638,5008.7
43,entrepreneur,married,basic.6y,no,yes,no,cellular,may,mon,3,999,1,failure,-1.8,92.893,-46.2,1.354,5099.1
32,admin.,single,university.degree,no,yes,no,cellular,jun,mon,1,999,0,nonexistent,-2.9,92.963,-40.8,1.266,5076.2
18,student,single,unknown,no,no,no,telephone,may,wed,1,999,2,failure,-1.8,93.876,-40.0,0.672,5008.7
43,blue-collar,divorced,unknown,no,yes,no,telephone,jun,mon,2,999,0,nonexistent,1.4,94.465,-41.8,4.865,5228.1
41,admin.,married,high.school,no,no,no,telephone,may,thu,2,999,0,nonexistent,1.1,93.994,-36.4,4.86,5191.0
24,blue-collar,single,unknown,no,yes,no,cellular,may,thu,2,999,0,nonexistent,-1.8,92.893,-46.2,1.266,5099.1
44,self-employed,married,university.degree,unknown,no,no,telephone,may,wed,2,999,0,nonexistent,1.1,93.994,-36.4,4.856,5191.0
37,entrepreneur,married,basic.9y,no,no,no,cellular,may,mon,1,9,1,success,-1.8,92.893,-46.2,1.299,5099.1
31,unemployed,married,professional.course,no,yes,no,cellular,may,tue,1,999,0,nonexistent,-1.8,92.893,-46.2,1.291,5099.1
56,retired,married,university.degree,no,yes,no,cellular,aug,mon,1,999,0,nonexistent,1.4,93.444,-36.1,4.97,5228.1
32,technician,single,high.school,no,yes,no,cellular,aug,fri,2,999,0,nonexistent,1.4,93.444,-36.1,4.963,5228.1
38,blue-collar,single,basic.4y,unknown,no,no,telephone,may,thu,3,999,0,nonexistent,1.1,93.994,-36.4,4.855,5191.0
38,admin.,married,university.degree,no,yes,no,cellular,aug,mon,1,999,0,nonexistent,1.4,93.444,-36.1,4.965,5228.1
40,blue-collar,married,professional.course,no,no,no,cellular,jul,mon,5,999,0,nonexistent,1.4,93.918,-42.7,4.962,5228.1
35,admin.,married,university.degree,no,no,yes,cellular,aug,thu,1,999,0,nonexistent,1.4,93.444,-36.1,4.964,5228.1
44,blue-collar,divorced,basic.4y,no,no,no,telephone,jun,wed,2,999,0,nonexistent,1.4,94.465,-41.8,4.864,5228.1
29,housemaid,married,high.school,no,no,no,telephone,may,wed,1,999,0,nonexistent,1.1,93.994,-36.4,4.859,5191.0
58,admin.,divorced,university.degree,no,yes,yes,telephone,may,wed,6,999,0,nonexistent,1.1,93.994,-36.4,4.858,5191.0
32,entrepreneur,single,university.degree,no,yes,no,cellular,jul,tue,3,999,0,nonexistent,1.4,93.918,-42.7,4.961,5228.1
38,technician,single,university.degree,no,yes,no,telephone,may,wed,2,999,0,nonexistent,1.1,93.994,-36.4,4.856,5191.0
56,blue-collar,married,basic.9y,unknown,no,yes,cellular,apr,wed,2,999,0,nonexistent,-1.8,93.075,-47.1,1.415,5099.1
29,admin.,single,university.degree,no,no,no,cellular,aug,fri,7,999,0,nonexistent,1.4,93.444,-36.1,4.963,5228.1
40,self-employed,single,university.degree,unknown,yes,yes,cellular,apr,thu,1,2,1,success,-1.8,93.075,-47.1,1.365,5099.1
56,blue-collar,married,basic.4y,no,no,no,telephone,jun,thu,2,999,0,nonexistent,1.4,94.465,-41.8,4.958,5228.1
42,entrepreneur,married,basic.4y,unknown,yes,no,cellular,jul,thu,1,999,0,nonexistent,1.4,93.918,-42.7,4.958,5228.1
52,retired,married,high.school,no,no,no,telephone,jun,thu,2,999,0,nonexistent,1.4,94.465,-41.8,4.866,5228.1
36,admin.,married,unknown,unknown,yes,no,cellular,nov,thu,3,999,0,nonexistent,-0.1,93.2,-42.0,4.076,5195.8
42,blue-collar,married,basic.9y,unknown,yes,no,telephone,may,wed,1,999,0,nonexistent,1.1,93.994,-36.4,4.859,5191.0
38,technician,single,high.school,no,yes,yes,cellular,aug,tue,1,999,0,nonexistent,1.4,93.444,-36.1,4.965,5228.1
73,retired,divorced,basic.4y,unknown,yes,no,telephone,aug,mon,1,999,0,nonexistent,-1.7,94.027,-38.3,0.904,4991.6
31,management,single,university.degree,no,yes,no,telephone,jun,tue,2,999,0,nonexistent,1.4,94.465,-41.8,4.864,5228.1
53,blue-collar,married,basic.4y,unknown,yes,yes,cellular,nov,fri,1,999,0,nonexistent,-0.1,93.2,-42.0,4.021,5195.8
43,management,married,university.degree,no,yes,yes,cellular,apr,mon,5,999,0,nonexistent,-1.8,93.075,-47.1,1.405,5099.1
50,technician,married,professional.course,unknown,yes,yes,telephone,jun,wed,1,999,0,nonexistent,1.4,94.465,-41.8,4.864,5228.1
35,admin.,married,university.degree,unknown,no,no,cellular,aug,wed,5,999,0,nonexistent,1.4,93.444,-36.1,4.965,5228.1
44,technician,married,professional.course,unknown,no,no,telephone,may,thu,1,999,0,nonexistent,1.1,93.994,-36.4,4.855,5191.0
47,services,married,high.school,unknown,yes,no,telephone,jun,fri,3,999,0,nonexistent,1.4,94.465,-41.8,4.959,5228.1
31,admin.,single,university.degree,no,yes,yes,cellular,aug,thu,1,999,0,nonexistent,1.4,93.444,-36.1,4.964,5228.1
70,retired,married,unknown,no,yes,no,cellular,apr,thu,2,999,0,nonexistent,-1.8,93.075,-47.1,1.41,5099.1
57,services,married,high.school,no,yes,no,cellular,may,mon,4,999,0,nonexistent,-1.8,92.893,-46.2,1.244,5099.1
39,blue-collar,married,basic.6y,unknown,yes,no,cellular,jul,tue,5,999,0,nonexistent,1.4,93.918,-42.7,4.961,5228.1
38,admin.,married,high.school,no,no,no,telephone,may,tue,1,999,0,nonexistent,1.1,93.994,-36.4,4.857,5191.0
55,services,married,high.school,no,yes,no,cellular,aug,tue,3,999,0,nonexistent,1.4,93.444,-36.1,4.963,5228.1
27,blue-collar,married,basic.9y,no,no,no,telephone,may,tue,1,999,0,nonexistent,1.1,93.994,-36.4,4.857,5191.0
28,self-employed,single,university.degree,no,yes,no,telephone,mar,wed,1,999,1,failure,-1.8,93.369,-34.8,0.651,5008.7
38,blue-collar,single,basic.9y,unknown,yes,no,telephone,may,mon,3,999,0,nonexistent,1.1,93.994,-36.4,4.857,5191.0
30,unemployed,single,high.school,no,yes,no,cellular,oct,mon,1,999,0,nonexistent,-3.4,92.431,-26.9,0.731,5017.5
39,management,single,university.degree,unknown,yes,no,telephone,apr,thu,2,999,0,nonexistent,-1.8,93.075,-47.1,1.41,5099.1
37,admin.,single,university.degree,no,no,no,cellular,jul,thu,6,999,0,nonexistent,1.4,93.918,-42.7,4.958,5228.1
40,admin.,single,university.degree,no,yes,yes,telephone,may,mon,2,999,0,nonexistent,1.1,93.994,-36.4,4.857,5191.0
40,technician,married,basic.9y,unknown,no,no,cellular,jul,mon,1,999,0,nonexistent,1.4,93.918,-42.7,4.96,5228.1
35,admin.,married,university.degree,unknown,no,no,telephone,aug,mon,1,999,0,nonexistent,1.4,93.444,-36.1,4.963,5228.1
30,blue-collar,married,basic.6y,no,no,no,cellular,jul,mon,2,999,0,nonexistent,1.4,93.918,-42.7,4.96,5228.1
25,student,single,university.degree,no,no,no,telephone,jul,fri,2,999,0,nonexistent,1.4,93.918,-42.7,4.963,5228.1
30,admin.,single,university.degree,no,no,no,telephone,may,wed,1,999,0,nonexistent,1.1,93.994,-36.4,4.858,5191.0
52,blue-collar,married,basic.4y,no,yes,no,cellular,aug,wed,1,999,0,nonexistent,1.4,93.444,-36.1,4.967,5228.1
56,housemaid,divorced,high.school,no,no,no,telephone,may,fri,2,999,0,nonexistent,1.1,93.994,-36.4,4.855,5191.0
59,technician,married,professional.course,no,no,yes,cellular,aug,tue,2,999,0,nonexistent,1.4,93.444,-36.1,4.966,5228.1
32,technician,single,professional.course,no,no,no,cellular,may,fri,2,999,1,failure,-1.8,92.893,-46.2,1.25,5099.1
40,admin.,single,basic.9y,no,yes,no,cellular,jul,mon,1,999,0,nonexistent,1.4,93.918,-42.7,4.96,5228.1
40,services,single,high.school,no,yes,yes,telephone,jun,mon,21,999,0,nonexistent,1.4,94.465,-41.8,4.96,5228.1
43,blue-collar,married,high.school,unknown,no,yes,telephone,may,mon,1,999,0,nonexistent,1.1,93.994,-36.4,4.857,5191.0
36,services,single,high.school,no,no,no,telephone,jun,wed,1,999,0,nonexistent,1.4,94.465,-41.8,4.962,5228.1
33,entrepreneur,married,professional.course,no,yes,no,cellular,jul,wed,2,999,0,nonexistent,1.4,93.918,-42.7,4.957,5228.1
37,blue-collar,single,professional.course,no,yes,no,cellular,aug,wed,1,999,0,nonexistent,-2.9,92.201,-31.4,0.879,5076.2
30,technician,single,high.school,no,yes,no,cellular,aug,fri,1,999,0,nonexistent,1.4,93.444,-36.1,4.963,5228.1
35,technician,single,university.degree,no,no,yes,cellular,aug,wed,1,999,0,nonexistent,1.4,93.444,-36.1,4.964,5228.1
32,admin.,single,university.degree,no,unknown,unknown,telephone,nov,mon,3,7,1,success,-3.4,92.649,-30.1,0.722,5017.5
30,self-employed,married,high.school,no,no,no,cellular,nov,wed,1,999,0,nonexistent,-0.1,93.2,-42.0,4.12,5195.8
65,retired,married,basic.4y,no,yes,yes,cellular,oct,mon,1,3,1,success,-1.1,94.601,-49.5,0.977,4963.6
50,housemaid,married,unknown,no,yes,no,cellular,jul,wed,2,999,0,nonexistent,1.4,93.918,-42.7,4.963,5228.1
29,blue-collar,married,unknown,unknown,no,no,telephone,jun,wed,2,999,0,nonexistent,1.4,94.465,-41.8,4.962,5228.1
29,admin.,single,university.degree,no,yes,no,cellular,aug,wed,3,999,0,nonexistent,1.4,93.444,-36.1,4.964,5228.1
31,admin.,single,university.degree,no,no,no,telephone,jun,fri,2,999,0,nonexistent,1.4,94.465,-41.8,4.967,5228.1
39,services,single,basic.9y,unknown,yes,no,cellular,apr,mon,2,999,0,nonexistent,-1.8,93.075,-47.1,1.405,5099.1
26,blue-collar,single,basic.9y,no,yes,no,cellular,jul,tue,3,999,0,nonexistent,1.4,93.918,-42.7,4.961,5228.1
49,unemployed,married,high.school,no,yes,no,telephone,may,mon,1,999,0,nonexistent,-1.8,92.893,-46.2,1.354,5099.1
32,blue-collar,single,basic.4y,no,no,no,cellular,nov,thu,1,999,0,nonexistent,-0.1,93.2,-42.0,4.076,5195.8
35,admin.,divorced,university.degree,no,yes,no,telephone,may,fri,1,999,0,nonexistent,1.1,93.994,-36.4,4.859,5191.0
57,services,married,basic.6y,no,no,no,telephone,may,thu,2,999,0,nonexistent,1.1,93.994,-36.4,4.855,5191.0
83,retired,married,university.degree,no,yes,no,cellular,jul,tue,1,6,2,success,-1.7,94.215,-40.3,0.835,4991.6
32,admin.,single,university.degree,unknown,yes,no,cellular,aug,wed,2,999,0,nonexistent,1.4,93.444,-36.1,4.965,5228.1
54,blue-collar,single,unknown,no,no,no,cellular,jul,mon,2,999,0,nonexistent,1.4,93.918,-42.7,4.962,5228.1
41,technician,married,university.degree,no,yes,no,cellular,aug,mon,2,999,0,nonexistent,1.4,93.444,-36.1,4.97,5228.1
52,entrepreneur,married,basic.4y,unknown,yes,no,telephone,jun,mon,2,999,0,nonexistent,1.4,94.465,-41.8,4.96,5228.1
57,services,divorced,high.school,no,yes,no,telephone,may,wed,2,999,0,nonexistent,1.1,93.994,-36.4,4.858,5191.0
43,blue-collar,married,basic.9y,no,no,no,telephone,may,wed,18,999,0,nonexistent,1.1,93.994,-36.4,4.857,5191.0
45,blue-collar,single,high.school,unknown,no,no,cellular,may,mon,4,999,0,nonexistent,-1.8,92.893,-46.2,1.244,5099.1
49,admin.,married,university.degree,no,yes,no,cellular,apr,mon,6,999,1,failure,-1.8,93.075,-47.1,1.405,5099.1
30,services,married,university.degree,unknown,no,yes,telephone,jun,mon,2,999,0,nonexistent,1.4,94.465,-41.8,4.961,5228.1
50,technician,married,basic.9y,no,yes,no,telephone,nov,mon,2,999,0,nonexistent,-0.1,93.2,-42.0,4.191,5195.8
45,services,single,high.school,no,no,no,telephone,jun,tue,1,999,0,nonexistent,1.4,94.465,-41.8,4.864,5228.1
43,blue-collar,married,basic.4y,unknown,no,no,telephone,jun,thu,1,999,0,nonexistent,1.4,94.465,-41.8,4.866,5228.1
29,blue-collar,single,basic.9y,no,no,no,telephone,may,fri,2,999,0,nonexistent,1.1,93.994,-36.4,4.855,5191.0
46,technician,married,professional.course,no,no,no,cellular,aug,thu,1,999,1,failure,-1.7,94.027,-38.3,0.904,4991.6
46,admin.,married,basic.9y,unknown,no,yes,telephone,jun,fri,4,999,0,nonexistent,1.4,94.465,-41.8,4.959,5228.1
34,technician,single,professional.course,no,unknown,unknown,telephone,may,wed,3,999,0,nonexistent,1.1,93.994,-36.4,4.856,5191.0
23,services,single,professional.course,unknown,no,no,telephone,jun,thu,1,999,0,nonexistent,1.4,94.465,-41.8,4.866,5228.1
30,self-employed,single,university.degree,no,yes,yes,cellular,dec,fri,2,6,1,success,-3.0,92.713,-33.0,0.71,5023.5
50,admin.,married,basic.9y,unknown,yes,no,cellular,aug,thu,3,999,0,nonexistent,1.4,93.444,-36.1,4.963,5228.1
58,retired,married,basic.4y,unknown,no,no,cellular,aug,mon,1,999,0,nonexistent,1.4,93.444,-36.1,4.965,5228.1
47,technician,divorced,high.school,no,yes,no,cellular,jul,thu,3,999,0,nonexistent,1.4,93.918,-42.7,4.962,5228.1
37,admin.,divorced,university.degree,unknown,yes,no,cellular,may,wed,4,999,0,nonexistent,-1.8,92.893,-46.2,1.281,5099.1
39,blue-collar,married,basic.4y,no,no,yes,telephone,may,fri,1,999,0,nonexistent,1.1,93.994,-36.4,4.857,5191.0
40,admin.,married,university.degree,no,no,no,cellular,jul,mon,1,999,0,nonexistent,1.4,93.918,-42.7,4.96,5228.1
49,blue-collar,married,basic.9y,unknown,no,yes,telephone,may,wed,3,999,0,nonexistent,1.1,93.994,-36.4,4.858,5191.0
39,unemployed,married,basic.9y,unknown,no,no,cellular,nov,tue,1,999,1,failure,-0.1,93.2,-42.0,4.153,5195.8
32,blue-collar,single,high.school,no,no,no,telephone,jun,tue,3,999,0,nonexistent,1.4,94.465,-41.8,4.864,5228.1
47,admin.,married,high.school,no,no,no,cellular,may,wed,2,999,0,nonexistent,-1.8,92.893,-46.2,1.27,5099.1
23,blue-collar,married,high.school,no,no,yes,telephone,jun,thu,3,999,0,nonexistent,1.4,94.465,-41.8,4.866,5228.1
31,admin.,married,university.degree,no,no,no,cellular,may,tue,5,999,0,nonexistent,-1.8,92.893,-46.2,1.344,5099.1
43,blue-collar,married,basic.4y,no,yes,no,cellular,may,thu,3,999,0,nonexistent,-1.8,92.893,-46.2,1.266,5099.1
33,technician,married,professional.course,no,no,no,cellular,aug,thu,1,999,0,nonexistent,1.4,93.444,-36.1,4.963,5228.1
35,services,married,high.school,no,yes,yes,cellular,jul,mon,1,999,0,nonexistent,1.4,93.918,-42.7,4.96,5228.1
48,services,married,high.school,unknown,yes,no,telephone,may,wed,9,999,0,nonexistent,1.1,93.994,-36.4,4.858,5191.0
32,blue-collar,married,basic.9y,no,no,no,telephone,may,fri,1,999,0,nonexistent,1.1,93.994,-36.4,4.864,5191.0
24,blue-collar,single,high.school,no,yes,no,cellular,may,fri,3,999,0,nonexistent,-1.8,92.893,-46.2,1.25,5099.1
51,blue-collar,married,basic.4y,unknown,no,no,telephone,may,mon,2,999,0,nonexistent,1.1,93.994,-36.4,4.857,5191.0
34,technician,married,professional.course,no,no,no,cellular,jul,mon,1,999,0,nonexistent,1.4,93.918,-42.7,4.96,5228.1
28,student,single,university.degree,no,yes,no,cellular,apr,tue,3,11,2,failure,-1.8,93.075,-47.1,1.453,5099.1
31,self-employed,married,university.degree,no,no,yes,telephone,may,thu,6,999,0,nonexistent,1.1,93.994,-36.4,4.86,5191.0
32,management,married,professional.course,no,no,no,cellular,may,thu,1,999,1,failure,-1.8,92.893,-46.2,1.266,5099.1
33,admin.,single,high.school,no,yes,no,cellular,aug,tue,1,999,0,nonexistent,1.4,93.444,-36.1,4.963,5228.1
41,retired,single,basic.4y,no,yes,no,cellular,oct,fri,1,999,0,nonexistent,-1.1,94.601,-49.5,0.942,4963.6
34,technician,married,professional.course,no,yes,yes,telephone,may,mon,4,999,0,nonexistent,1.1,93.994,-36.4,4.857,5191.0
31,technician,married,university.degree,no,yes,no,cellular,may,mon,1,999,0,nonexistent,-1.8,92.893,-46.2,1.299,5099.1
54,blue-collar,married,basic.9y,unknown,yes,no,cellular,jul,thu,1,999,0,nonexistent,1.4,93.918,-42.7,4.963,5228.1
34,admin.,married,high.school,no,yes,no,telephone,may,tue,2,999,1,failure,-1.8,92.893,-46.2,1.291,5099.1
45,technician,single,university.degree,no,no,no,cellular,may,fri,2,999,1,failure,-1.8,92.893,-46.2,1.313,5099.1
50,blue-collar,married,basic.6y,unknown,yes,no,telephone,jun,tue,2,999,0,nonexistent,1.4,94.465,-41.8,4.864,5228.1
33,services,single,high.school,unknown,yes,no,cellular,jul,tue,2,999,0,nonexistent,1.4,93.918,-42.7,4.961,5228.1
48,admin.,married,high.school,no,no,yes,telephone,may,thu,1,999,0,nonexistent,1.1,93.994,-36.4,4.86,5191.0
34,admin.,married,university.degree,no,yes,no,cellular,aug,fri,1,999,0,nonexistent,-2.9,92.201,-31.4,0.881,5076.2
41,services,single,high.school,unknown,yes,no,cellular,may,fri,2,999,0,nonexistent,-1.8,92.893,-46.2,1.313,5099.1
32,technician,married,professional.course,no,no,no,cellular,jul,tue,1,999,0,nonexistent,1.4,93.918,-42.7,4.962,5228.1
26,technician,single,professional.course,no,no,no,cellular,jul,thu,3,999,2,failure,-1.7,94.215,-40.3,0.899,4991.6
30,admin.,single,university.degree,no,no,no,cellular,jun,fri,1,999,0,nonexistent,-2.9,92.963,-40.8,1.268,5076.2
53,retired,married,high.school,no,yes,no,cellular,nov,fri,2,999,0,nonexistent,-0.1,93.2,-42.0,4.021,5195.8
40,housemaid,divorced,high.school,unknown,no,yes,telephone,jul,thu,2,999,0,nonexistent,1.4,93.918,-42.7,4.958,5228.1
40,unemployed,married,university.degree,no,yes,yes,cellular,sep,wed,4,999,0,nonexistent,-3.4,92.379,-29.8,0.813,5017.5
34,blue-collar,single,basic.6y,no,unknown,unknown,cellular,jul,wed,3,999,0,nonexistent,1.4,93.918,-42.7,4.957,5228.1
48,technician,married,university.degree,no,yes,no,cellular,nov,tue,1,999,0,nonexistent,-0.1,93.2,-42.0,4.153,5195.8
42,technician,married,basic.9y,no,no,yes,cellular,apr,mon,2,999,0,nonexistent,-1.8,93.075,-47.1,1.466,5099.1
38,admin.,single,university.degree,no,yes,yes,cellular,apr,mon,1,999,0,nonexistent,-1.8,93.075,-47.1,1.405,5099.1
41,admin.,divorced,high.school,no,yes,no,cellular,aug,fri,1,4,3,failure,-1.7,94.027,-38.3,0.905,4991.6
58,blue-collar,married,basic.6y,unknown,yes,yes,telephone,jul,thu,3,999,0,nonexistent,1.4,93.918,-42.7,4.968,5228.1
59,retired,divorced,university.degree,no,no,no,telephone,jun,mon,6,999,0,nonexistent,1.4,94.465,-41.8,4.865,5228.1
37,self-employed,divorced,university.degree,no,yes,no,telephone,may,mon,1,999,0,nonexistent,1.1,93.994,-36.4,4.857,5191.0
54,admin.,married,high.school,no,yes,no,cellular,aug,wed,2,999,0,nonexistent,1.4,93.444,-36.1,4.964,5228.1
48,entrepreneur,married,high.school,no,no,no,cellular,aug,wed,5,999,0,nonexistent,1.4,93.444,-36.1,4.964,5228.1
34,technician,single,university.degree,no,no,no,cellular,aug,wed,1,999,0,nonexistent,1.4,93.444,-36.1,4.967,5228.1
29,services,single,basic.9y,no,yes,no,cellular,may,fri,2,999,1,failure,-1.8,92.893,-46.2,1.25,5099.1
29,technician,single,professional.course,no,yes,no,cellular,nov,fri,2,999,0,nonexistent,-0.1,93.2,-42.0,4.021,5195.8
26,admin.,single,university.degree,no,yes,no,cellular,jul,wed,1,999,0,nonexistent,1.4,93.918,-42.7,4.957,5228.1
43,blue-collar,married,basic.9y,no,no,no,telephone,jun,fri,3,999,0,nonexistent,1.4,94.465,-41.8,4.967,5228.1
49,unemployed,married,high.school,unknown,yes,no,cellular,aug,fri,1,999,0,nonexistent,1.4,93.444,-36.1,4.964,5228.1
38,admin.,single,basic.9y,no,no,no,telephone,jun,thu,1,999,0,nonexistent,1.4,94.465,-41.8,4.958,5228.1
40,technician,married,professional.course,unknown,no,yes,telephone,may,tue,1,999,0,nonexistent,1.1,93.994,-36.4,4.857,5191.0
56,entrepreneur,married,basic.9y,no,no,yes,cellular,nov,wed,2,999,1,failure,-0.1,93.2,-42.0,4.12,5195.8
32,self-employed,married,basic.9y,no,yes,no,cellular,may,thu,2,999,0,nonexistent,-1.8,92.893,-46.2,1.266,5099.1
46,unemployed,married,basic.9y,unknown,no,no,telephone,jun,tue,7,999,0,nonexistent,1.4,94.465,-41.8,4.864,5228.1
54,admin.,married,unknown,no,yes,no,cellular,sep,tue,1,999,0,nonexistent,-3.4,92.379,-29.8,0.819,5017.5
32,blue-collar,divorced,basic.4y,no,no,no,cellular,apr,thu,4,999,0,nonexistent,-1.8,93.075,-47.1,1.41,5099.1
35,technician,married,professional.course,no,no,no,cellular,aug,thu,1,999,0,nonexistent,1.4,93.444,-36.1,4.964,5228.1
45,blue-collar,married,basic.9y,unknown,yes,yes,telephone,may,wed,1,999,0,nonexistent,1.1,93.994,-36.4,4.856,5191.0
31,admin.,single,university.degree,no,yes,no,cellular,aug,tue,1,999,0,nonexistent,1.4,93.444,-36.1,4.963,5228.1
34,admin.,single,university.degree,no,no,no,cellular,nov,mon,2,999,0,nonexistent,-0.1,93.2,-42.0,4.191,5195.8
29,management,married,university.degree,no,no,no,cellular,nov,fri,4,999,0,nonexistent,-0.1,93.2,-42.0,4.021,5195.8
38,blue-collar,married,basic.4y,unknown,no,no,telephone,may,wed,9,999,0,nonexistent,1.1,93.994,-36.4,4.859,5191.0
39,services,married,high.school,no,no,no,telephone,may,tue,2,999,0,nonexistent,1.1,93.994,-36.4,4.857,5191.0
38,technician,married,university.degree,no,no,no,cellular,nov,thu,1,999,0,nonexistent,-0.1,93.2,-42.0,4.076,5195.8
57,admin.,married,university.degree,no,yes,no,telephone,jul,tue,4,999,0,nonexistent,1.4,93.918,-42.7,4.961,5228.1
33,blue-collar,single,basic.9y,no,yes,no,cellular,jul,tue,3,999,0,nonexistent,1.4,93.918,-42.7,4.962,5228.1
30,services,married,high.school,unknown,no,no,telephone,may,thu,1,999,0,nonexistent,1.1,93.994,-36.4,4.855,5191.0
49,blue-collar,married,basic.4y,unknown,yes,no,telephone,may,fri,1,999,0,nonexistent,1.1,93.994,-36.4,4.857,5191.0
36,admin.,single,university.degree,no,no,no,cellular,jul,thu,16,999,0,nonexistent,1.4,93.918,-42.7,4.968,5228.1
32,entrepreneur,single,university.degree,no,no,yes,cellular,nov,thu,1,999,1,failure,-0.1,93.2,-42.0,4.076,5195.8
44,services,divorced,high.school,no,yes,yes,cellular,jul,mon,1,999,0,nonexistent,1.4,93.918,-42.7,4.962,5228.1
44,blue-collar,married,basic.6y,no,no,no,cellular,may,thu,4,999,0,nonexistent,-1.8,92.893,-46.2,1.327,5099.1
30,blue-collar,single,unknown,no,yes,no,cellular,nov,thu,1,999,0,nonexistent,-0.1,93.2,-42.0,4.076,5195.8
51,technician,divorced,professional.course,no,yes,yes,cellular,apr,fri,1,999,1,failure,-1.8,93.075,-47.1,1.479,5099.1
56,admin.,married,university.degree,unknown,yes,yes,cellular,aug,wed,1,999,0,nonexistent,1.4,93.444,-36.1,4.965,5228.1
47,services,married,high.school,no,yes,no,cellular,aug,tue,1,999,0,nonexistent,1.4,93.444,-36.1,4.968,5228.1
49,unknown,married,unknown,unknown,yes,no,telephone,may,tue,1,999,0,nonexistent,1.1,93.994,-36.4,4.857,5191.0
63,retired,married,basic.4y,no,yes,no,cellular,nov,fri,1,3,2,success,-1.1,94.767,-50.8,1.049,4963.6
23,entrepreneur,married,professional.course,no,yes,no,cellular,jul,tue,1,999,0,nonexistent,1.4,93.918,-42.7,4.962,5228.1
32,entrepreneur,single,university.degree,no,yes,no,telephone,may,tue,2,999,0,nonexistent,1.1,93.994,-36.4,4.857,5191.0
40,blue-collar,married,professional.course,unknown,no,no,telephone,jun,fri,2,999,0,nonexistent,1.4,94.465,-41.8,4.967,5228.1
30,admin.,single,high.school,no,yes,no,cellular,may,thu,7,999,0,nonexistent,-1.8,92.893,-46.2,1.266,5099.1
60,retired,married,basic.4y,unknown,yes,no,cellular,aug,fri,2,999,0,nonexistent,1.4,93.444,-36.1,4.964,5228.1
54,admin.,divorced,university.degree,no,unknown,unknown,cellular,may,wed,1,999,0,nonexistent,-1.8,92.893,-46.2,1.27,5099.1
29,services,married,high.school,no,yes,yes,telephone,may,wed,3,999,0,nonexistent,1.1,93.994,-36.4,4.856,5191.0
30,blue-collar,single,basic.9y,no,yes,no,cellular,may,thu,1,999,0,nonexistent,-1.8,92.893,-46.2,1.327,5099.1
51,admin.,single,basic.6y,no,no,no,telephone,jun,thu,1,999,0,nonexistent,1.4,94.465,-41.8,4.958,5228.1
31,admin.,single,university.degree,no,no,no,telephone,aug,thu,10,999,0,nonexistent,1.4,93.444,-36.1,4.962,5228.1
37,management,married,high.school,no,yes,no,cellular,apr,fri,1,999,2,failure,-1.8,93.075,-47.1,1.479,5099.1
30,technician,married,basic.9y,no,yes,no,cellular,may,fri,2,999,0,nonexistent,-1.8,92.893,-46.2,1.25,5099.1
53,management,married,basic.4y,unknown,no,no,telephone,may,wed,2,999,0,nonexistent,1.1,93.994,-36.4,4.857,5191.0
47,technician,single,unknown,no,yes,yes,telephone,jul,tue,1,999,0,nonexistent,1.4,93.918,-42.7,4.961,5228.1
32,admin.,married,university.degree,no,yes,no,cellular,mar,mon,1,999,0,nonexistent,-1.8,92.843,-50.0,1.52,5099.1
51,services,married,high.school,unknown,yes,no,telephone,may,thu,2,999,0,nonexistent,1.1,93.994,-36.4,4.855,5191.0
59,housemaid,married,basic.4y,unknown,no,no,cellular,aug,tue,6,999,0,nonexistent,1.4,93.444,-36.1,4.965,5228.1
57,admin.,single,high.school,no,unknown,unknown,telephone,oct,tue,1,999,0,nonexistent,-3.4,92.431,-26.9,0.737,5017.5
45,blue-collar,married,basic.9y,no,yes,yes,cellular,may,mon,4,999,0,nonexistent,-1.8,92.893,-46.2,1.354,5099.1
32,admin.,single,university.degree,no,no,no,cellular,nov,tue,2,999,0,nonexistent,-0.1,93.2,-42.0,4.153,5195.8
34,admin.,married,university.degree,no,no,no,cellular,jul,wed,2,999,0,nonexistent,1.4,93.918,-42.7,4.957,5228.1
47,admin.,married,basic.9y,no,yes,no,cellular,jul,mon,1,999,0,nonexistent,1.4,93.918,-42.7,4.96,5228.1
27,services,single,high.school,no,yes,yes,cellular,may,thu,2,999,1,failure,-1.8,92.893,-46.2,1.327,5099.1
32,admin.,single,high.school,no,yes,no,cellular,nov,mon,2,999,0,nonexistent,-0.1,93.2,-42.0,4.191,5195.8
88,retired,divorced,basic.4y,no,yes,no,cellular,mar,wed,1,999,0,nonexistent,-1.8,92.843,-50.0,1.663,5099.1
32,admin.,married,university.degree,no,yes,no,cellular,aug,fri,2,999,0,nonexistent,1.4,93.444,-36.1,4.963,5228.1
47,blue-collar,divorced,basic.9y,unknown,no,no,telephone,may,fri,3,999,0,nonexistent,1.1,93.994,-36.4,4.859,5191.0
63,housemaid,married,basic.4y,no,yes,no,telephone,aug,mon,1,6,2,failure,-2.9,92.201,-31.4,0.884,5076.2
31,blue-collar,married,basic.9y,unknown,yes,no,telephone,may,mon,2,999,0,nonexistent,1.1,93.994,-36.4,4.857,5191.0
32,unknown,single,professional.course,no,yes,no,telephone,jul,thu,1,999,0,nonexistent,1.4,93.918,-42.7,4.963,5228.1
18,student,single,high.school,no,no,no,telephone,nov,thu,1,999,0,nonexistent,-0.1,93.2,-42.0,4.245,5195.8
46,technician,married,professional.course,no,yes,no,cellular,apr,thu,2,999,0,nonexistent,-1.8,93.075,-47.1,1.365,5099.1
50,admin.,divorced,high.school,no,no,no,telephone,may,tue,1,999,0,nonexistent,1.1,93.994,-36.4,4.857,5191.0
44,blue-collar,married,basic.9y,unknown,no,no,telephone,may,wed,3,999,0,nonexistent,1.1,93.994,-36.4,4.856,5191.0
54,technician,divorced,professional.course,no,yes,no,cellular,dec,mon,1,6,1,success,-3.0,92.713,-33.0,0.715,5023.5
28,blue-collar,single,basic.6y,no,no,no,telephone,may,fri,1,999,0,nonexistent,1.1,93.994,-36.4,4.855,5191.0
46,technician,married,professional.course,no,no,no,cellular,may,fri,2,999,0,nonexistent,-1.8,92.893,-46.2,1.313,5099.1
31,blue-collar,single,basic.9y,no,yes,no,cellular,may,mon,1,999,0,nonexistent,-1.8,92.893,-46.2,1.299,5099.1
31,technician,single,high.school,no,yes,no,cellular,aug,wed,2,999,0,nonexistent,1.4,93.444,-36.1,4.967,5228.1
37,housemaid,married,high.school,unknown,no,yes,telephone,may,fri,1,999,0,nonexistent,1.1,93.994,-36.4,4.855,5191.0
48,admin.,divorced,university.degree,no,no,no,cellular,aug,thu,3,3,6,success,-1.7,94.027,-38.3,0.904,4991.6
44,technician,single,basic.6y,unknown,no,no,telephone,jun,fri,9,999,0,nonexistent,1.4,94.465,-41.8,4.959,5228.1
36,entrepreneur,single,basic.4y,no,no,no,cellular,jun,tue,1,999,0,nonexistent,-2.9,92.963,-40.8,1.099,5076.2
48,blue-collar,married,high.school,no,yes,no,cellular,aug,wed,6,999,0,nonexistent,1.4,93.444,-36.1,4.964,5228.1
31,admin.,married,university.degree,no,yes,no,cellular,nov,thu,1,999,0,nonexistent,-0.1,93.2,-42.0,4.076,5195.8
27,unemployed,single,university.degree,no,no,no,telephone,jun,wed,2,999,0,nonexistent,1.4,94.465,-41.8,4.864,5228.1
27,blue-collar,divorced,unknown,no,no,no,cellular,jul,thu,2,999,0,nonexistent,1.4,93.918,-42.7,4.958,5228.1
33,admin.,married,university.degree,no,yes,no,cellular,mar,wed,3,4,1,success,-1.8,93.369,-34.8,0.655,5008.7
31,blue-collar,married,basic.9y,unknown,no,no,cellular,jul,tue,4,999,0,nonexistent,1.4,93.918,-42.7,4.961,5228.1
40,blue-collar,married,basic.9y,unknown,no,yes,cellular,jul,fri,1,999,0,nonexistent,1.4,93.918,-42.7,4.962,5228.1
21,services,single,professional.course,no,yes,yes,cellular,jun,thu,1,999,0,nonexistent,-2.9,92.963,-40.8,1.26,5076.2
61,blue-collar,married,high.school,no,no,no,cellular,oct,wed,1,2,1,success,-3.4,92.431,-26.9,0.724,5017.5
48,admin.,divorced,high.school,no,no,no,telephone,may,tue,2,999,0,nonexistent,1.1,93.994,-36.4,4.857,5191.0
31,admin.,married,university.degree,no,no,no,cellular,aug,tue,1,999,0,nonexistent,1.4,93.444,-36.1,4.963,5228.1
60,management,married,unknown,no,yes,no,cellular,may,thu,3,3,5,success,-1.8,93.876,-40.0,0.683,5008.7
34,blue-collar,married,unknown,no,yes,no,cellular,may,wed,1,999,1,failure,-1.8,92.893,-46.2,1.334,5099.1
35,blue-collar,single,university.degree,no,yes,yes,telephone,may,fri,3,999,0,nonexistent,1.1,93.994,-36.4,4.864,5191.0
56,housemaid,married,basic.4y,no,no,no,telephone,may,mon,1,999,0,nonexistent,1.1,93.994,-36.4,4.857,5191.0
34,blue-collar,married,basic.6y,no,yes,yes,telephone,jun,thu,1,999,0,nonexistent,1.4,94.465,-41.8,4.961,5228.1
30,services,single,high.school,no,yes,no,cellular,may,fri,2,999,0,nonexistent,-1.8,92.893,-46.2,1.25,5099.1
42,blue-collar,married,basic.4y,no,no,no,cellular,jul,mon,1,999,0,nonexistent,1.4,93.918,-42.7,4.96,5228.1
41,management,married,high.school,unknown,no,no,cellular,may,tue,1,999,0,nonexistent,-1.8,92.893,-46.2,1.291,5099.1
32,admin.,married,university.degree,no,no,no,cellular,nov,thu,6,999,0,nonexistent,-0.1,93.2,-42.0,4.076,5195.8
45,admin.,divorced,basic.9y,unknown,no,no,cellular,may,thu,1,12,1,success,-1.8,92.893,-46.2,1.327,5099.1
36,housemaid,married,basic.6y,no,no,no,cellular,aug,mon,9,999,0,nonexistent,1.4,93.444,-36.1,4.965,5228.1
49,services,married,high.school,unknown,yes,no,telephone,jun,tue,5,999,0,nonexistent,1.4,94.465,-41.8,4.864,5228.1
46,housemaid,married,basic.4y,unknown,no,no,cellular,jul,fri,2,999,0,nonexistent,1.4,93.918,-42.7,4.963,5228.1
59,admin.,divorced,high.school,unknown,no,yes,cellular,jul,mon,3,999,0,nonexistent,1.4,93.918,-42.7,4.962,5228.1
35,technician,married,university.degree,no,yes,no,cellular,aug,mon,3,999,0,nonexistent,1.4,93.444,-36.1,4.965,5228.1
33,admin.,married,university.degree,no,yes,yes,cellular,aug,fri,2,999,0,nonexistent,1.4,93.444,-36.1,4.964,5228.1
27,technician,single,basic.9y,no,yes,no,cellular,apr,wed,7,999,0,nonexistent,-1.8,93.075,-47.1,1.445,5099.1
33,management,single,unknown,no,yes,no,telephone,may,wed,2,999,0,nonexistent,1.1,93.994,-36.4,4.856,5191.0
39,admin.,married,university.degree,no,unknown,unknown,cellular,apr,fri,2,999,1,failure,-1.8,93.075,-47.1,1.405,5099.1
40,blue-collar,married,basic.6y,no,yes,no,cellular,may,thu,1,999,0,nonexistent,-1.8,92.893,-46.2,1.327,5099.1
36,admin.,married,university.degree,no,no,no,cellular,oct,wed,1,999,0,nonexistent,-3.4,92.431,-26.9,0.735,5017.5
50,admin.,married,professional.course,unknown,yes,no,cellular,apr,fri,1,999,0,nonexistent,-1.8,93.075,-47.1,1.479,5099.1
44,blue-collar,married,unknown,no,no,yes,telephone,may,tue,1,999,0,nonexistent,1.1,93.994,-36.4,4.856,5191.0
23,student,single,basic.9y,no,yes,no,cellular,sep,mon,1,999,1,failure,-1.1,94.199,-37.5,0.879,4963.6
45,self-employed,married,basic.9y,no,yes,no,cellular,jul,wed,1,999,0,nonexistent,1.4,93.918,-42.7,4.962,5228.1
32,admin.,divorced,high.school,no,no,no,cellular,jul,wed,3,999,0,nonexistent,1.4,93.918,-42.7,4.962,5228.1
33,services,single,high.school,no,yes,no,cellular,may,thu,2,999,1,failure,-1.8,92.893,-46.2,1.266,5099.1
43,technician,married,professional.course,unknown,yes,no,telephone,jul,thu,7,999,0,nonexistent,1.4,93.918,-42.7,4.962,5228.1
42,blue-collar,single,basic.4y,no,yes,yes,cellular,jul,fri,4,999,0,nonexistent,1.4,93.918,-42.7,4.962,5228.1
38,technician,single,professional.course,no,yes,no,cellular,nov,mon,1,999,1,failure,-0.1,93.2,-42.0,4.191,5195.8
29,admin.,married,university.degree,no,yes,no,cellular,jul,wed,1,999,0,nonexistent,1.4,93.918,-42.7,4.962,5228.1
39,blue-collar,divorced,basic.9y,no,yes,no,telephone,may,fri,3,999,0,nonexistent,1.1,93.994,-36.4,4.864,5191.0
27,blue-collar,single,basic.9y,no,no,no,cellular,jul,tue,2,999,0,nonexistent,1.4,93.918,-42.7,4.961,5228.1
47,admin.,single,university.degree,no,no,yes,telephone,jul,fri,9,999,0,nonexistent,1.4,93.918,-42.7,4.957,5228.1
39,admin.,married,university.degree,no,yes,no,cellular,nov,mon,2,999,0,nonexistent,-0.1,93.2,-42.0,4.191,5195.8
35,technician,single,high.school,unknown,yes,yes,cellular,aug,fri,1,999,0,nonexistent,1.4,93.444,-36.1,4.964,5228.1
30,blue-collar,married,basic.4y,no,no,no,telephone,may,tue,2,999,0,nonexistent,1.1,93.994,-36.4,4.857,5191.0
41,admin.,married,basic.6y,no,no,no,cellular,apr,fri,2,999,1,failure,-1.8,93.075,-47.1,1.479,5099.1
28,blue-collar,married,basic.9y,no,yes,no,cellular,may,thu,3,999,0,nonexistent,-1.8,92.893,-46.2,1.266,5099.1
52,services,married,high.school,unknown,yes,yes,cellular,aug,mon,3,999,0,nonexistent,1.4,93.444,-36.1,4.965,5228.1
33,services,single,high.school,no,yes,no,cellular,may,fri,1,999,1,failure,-1.8,92.893,-46.2,1.313,5099.1
32,management,married,university.degree,no,yes,yes,cellular,may,wed,9,999,1,failure,-1.8,92.893,-46.2,1.281,5099.1
56,blue-collar,married,basic.4y,no,yes,yes,cellular,may,wed,2,999,0,nonexistent,-1.8,92.893,-46.2,1.281,5099.1
27,blue-collar,unknown,high.school,no,no,no,cellular,aug,fri,1,4,1,success,-2.9,92.201,-31.4,0.881,5076.2
27,blue-collar,single,basic.9y,no,no,no,telephone,jun,wed,2,999,0,nonexistent,1.4,94.465,-41.8,4.864,5228.1
31,admin.,single,university.degree,no,no,no,cellular,nov,thu,1,999,0,nonexistent,-0.1,93.2,-42.0,4.076,5195.8
39,admin.,married,university.degree,no,no,no,cellular,jul,mon,3,999,0,nonexistent,1.4,93.918,-42.7,4.962,5228.1
53,blue-collar,married,basic.9y,no,yes,no,telephone,may,wed,1,999,0,nonexistent,1.1,93.994,-36.4,4.857,5191.0
30,services,married,high.school,no,yes,no,telephone,jun,fri,1,999,0,nonexistent,1.4,94.465,-41.8,4.967,5228.1
34,technician,single,professional.course,no,no,no,cellular,jul,thu,1,999,0,nonexistent,1.4,93.918,-42.7,4.958,5228.1
51,services,married,high.school,no,yes,no,cellular,apr,mon,1,999,0,nonexistent,-1.8,93.075,-47.1,1.405,5099.1
34,technician,married,professional.course,unknown,no,yes,telephone,may,wed,4,999,0,nonexistent,1.1,93.994,-36.4,4.859,5191.0
29,blue-collar,married,basic.4y,no,yes,yes,cellular,jul,mon,1,999,0,nonexistent,1.4,93.918,-42.7,4.96,5228.1
58,admin.,married,university.degree,no,no,no,cellular,aug,wed,2,999,0,nonexistent,1.4,93.444,-36.1,4.965,5228.1
48,technician,married,university.degree,no,no,no,cellular,aug,fri,1,999,0,nonexistent,1.4,93.444,-36.1,4.964,5228.1
50,technician,married,university.degree,no,unknown,unknown,cellular,aug,mon,2,999,0,nonexistent,1.4,93.444,-36.1,4.963,5228.1
37,unemployed,single,university.degree,no,no,yes,cellular,nov,fri,2,999,0,nonexistent,-0.1,93.2,-42.0,4.021,5195.8
45,technician,married,university.degree,no,yes,no,telephone,jun,tue,1,999,0,nonexistent,1.4,94.465,-41.8,4.961,5228.1
54,admin.,divorced,unknown,no,yes,yes,cellular,jul,mon,7,999,0,nonexistent,1.4,93.918,-42.7,4.962,5228.1
29,technician,single,professional.course,no,no,no,cellular,mar,tue,2,999,0,nonexistent,-1.8,92.843,-50.0,1.614,5099.1
53,management,married,high.school,no,no,no,cellular,jul,fri,10,999,0,nonexistent,1.4,93.918,-42.7,4.957,5228.1
40,blue-collar,married,high.school,no,yes,no,cellular,aug,mon,1,4,1,success,-2.9,92.201,-31.4,0.884,5076.2
36,admin.,married,university.degree,unknown,yes,yes,cellular,jun,tue,1,3,1,success,-2.9,92.963,-40.8,1.262,5076.2
42,admin.,married,university.degree,no,no,no,telephone,may,fri,2,999,0,nonexistent,1.1,93.994,-36.4,4.855,5191.0
41,technician,married,professional.course,no,yes,yes,telephone,may,thu,2,999,0,nonexistent,1.1,93.994,-36.4,4.855,5191.0
37,technician,single,professional.course,no,yes,no,cellular,aug,wed,2,999,0,nonexistent,1.4,93.444,-36.1,4.964,5228.1
35,blue-collar,married,high.school,no,yes,no,cellular,may,thu,1,999,0,nonexistent,-1.8,92.893,-46.2,1.266,5099.1
40,management,married,university.degree,no,no,no,cellular,nov,fri,2,999,0,nonexistent,-0.1,93.2,-42.0,4.021,5195.8
34,blue-collar,married,professional.course,no,yes,no,telephone,jun,mon,1,999,0,nonexistent,1.4,94.465,-41.8,4.961,5228.1
39,services,divorced,high.school,no,no,yes,cellular,jul,thu,1,999,0,nonexistent,1.4,93.918,-42.7,4.962,5228.1
32,blue-collar,married,basic.4y,no,no,no,cellular,apr,thu,2,999,1,failure,-1.8,93.075,-47.1,1.41,5099.1
46,services,married,unknown,no,yes,no,cellular,apr,tue,3,999,1,failure,-1.8,93.075,-47.1,1.453,5099.1
29,services,single,university.degree,no,no,no,cellular,jul,fri,1,999,0,nonexistent,1.4,93.918,-42.7,4.957,5228.1
29,admin.,single,university.degree,no,no,no,cellular,aug,wed,1,999,0,nonexistent,1.4,93.444,-36.1,4.964,5228.1
50,services,single,high.school,no,yes,no,cellular,nov,fri,2,999,0,nonexistent,-0.1,93.2,-42.0,4.021,5195.8
29,blue-collar,single,basic.9y,unknown,no,no,cellular,may,fri,2,999,1,failure,-1.8,92.893,-46.2,1.313,5099.1
45,blue-collar,single,basic.6y,no,yes,no,telephone,may,wed,5,999,0,nonexistent,1.1,93.994,-36.4,4.856,5191.0
36,admin.,married,basic.9y,no,yes,yes,cellular,may,fri,1,999,0,nonexistent,-1.8,92.893,-46.2,1.313,5099.1
31,technician,married,professional.course,no,yes,no,cellular,may,thu,1,999,0,nonexistent,-1.8,92.893,-46.2,1.327,5099.1
31,entrepreneur,single,basic.6y,unknown,yes,no,telephone,jun,fri,3,999,0,nonexistent,1.4,94.465,-41.8,4.959,5228.1
30,blue-collar,married,basic.9y,no,yes,no,cellular,aug,mon,4,999,0,nonexistent,1.4,93.444,-36.1,4.965,5228.1
22,student,single,unknown,no,yes,no,cellular,jun,mon,1,999,0,nonexistent,-2.9,92.963,-40.8,1.26,5076.2
28,student,single,university.degree,no,yes,no,cellular,may,thu,2,999,0,nonexistent,-1.8,92.893,-46.2,1.266,5099.1
36,blue-collar,divorced,basic.9y,unknown,yes,no,cellular,may,wed,4,999,0,nonexistent,-1.8,92.893,-46.2,1.281,5099.1
32,services,married,high.school,unknown,yes,no,cellular,may,mon,2,999,0,nonexistent,-1.8,92.893,-46.2,1.244,5099.1
30,admin.,single,high.school,no,no,yes,cellular,jul,mon,3,999,0,nonexistent,1.4,93.918,-42.7,4.96,5228.1
45,admin.,divorced,high.school,unknown,yes,no,cellular,apr,mon,1,999,0,nonexistent,-1.8,93.075,-47.1,1.405,5099.1
51,management,married,unknown,no,no,no,telephone,nov,mon,1,999,0,nonexistent,-0.1,93.2,-42.0,4.191,5195.8
35,self-employed,married,professional.course,no,yes,no,cellular,nov,tue,1,999,1,failure,-0.1,93.2,-42.0,4.153,5195.8
37,blue-collar,divorced,basic.9y,no,yes,no,cellular,jul,fri,1,999,0,nonexistent,1.4,93.918,-42.7,4.957,5228.1
38,admin.,single,high.school,no,yes,no,cellular,apr,fri,1,999,2,failure,-1.8,93.075,-47.1,1.405,5099.1
32,admin.,married,high.school,no,no,no,cellular,apr,mon,5,999,0,nonexistent,-1.8,93.075,-47.1,1.405,5099.1
58,services,married,high.school,no,no,no,cellular,mar,mon,2,999,2,failure,-1.8,93.369,-34.8,0.635,5008.7
47,services,married,unknown,no,no,no,telephone,may,wed,2,999,0,nonexistent,1.1,93.994,-36.4,4.856,5191.0
36,blue-collar,single,high.school,no,no,yes,telephone,may,mon,1,999,0,nonexistent,1.1,93.994,-36.4,4.857,5191.0
33,services,single,high.school,no,yes,no,cellular,jul,tue,1,999,0,nonexistent,1.4,93.918,-42.7,4.961,5228.1
46,technician,divorced,professional.course,no,yes,no,cellular,may,mon,1,999,0,nonexistent,-1.8,92.893,-46.2,1.244,5099.1
39,blue-collar,married,high.school,unknown,no,no,cellular,may,thu,2,999,1,failure,-1.8,92.893,-46.2,1.327,5099.1
46,blue-collar,married,professional.course,no,yes,no,telephone,nov,wed,1,999,0,nonexistent,-0.1,93.2,-42.0,4.286,5195.8
25,technician,single,university.degree,no,no,yes,cellular,may,mon,3,12,2,failure,-1.8,92.893,-46.2,1.299,5099.1
41,management,married,high.school,no,unknown,unknown,telephone,jun,fri,1,999,0,nonexistent,1.4,94.465,-41.8,4.967,5228.1
25,admin.,married,university.degree,no,yes,no,cellular,apr,mon,1,999,1,failure,-1.8,93.075,-47.1,1.405,5099.1
45,technician,married,university.degree,no,no,no,cellular,nov,wed,2,999,1,failure,-0.1,93.2,-42.0,4.12,5195.8
51,admin.,married,high.school,no,yes,no,cellular,aug,wed,1,999,0,nonexistent,1.4,93.444,-36.1,4.967,5228.1
55,services,divorced,high.school,no,yes,no,cellular,jul,fri,3,999,0,nonexistent,-1.7,94.215,-40.3,0.896,4991.6
45,technician,married,professional.course,unknown,yes,yes,cellular,aug,thu,5,999,0,nonexistent,1.4,93.444,-36.1,4.963,5228.1
25,services,married,high.school,no,unknown,unknown,cellular,jul,tue,2,999,0,nonexistent,1.4,93.918,-42.7,4.962,5228.1
40,blue-collar,married,basic.9y,unknown,no,no,telephone,may,fri,1,999,0,nonexistent,1.1,93.994,-36.4,4.855,5191.0
36,admin.,married,university.degree,unknown,no,no,cellular,jul,thu,3,999,0,nonexistent,1.4,93.918,-42.7,4.958,5228.1
35,services,single,high.school,no,no,no,cellular,may,wed,2,999,1,failure,-1.8,92.893,-46.2,1.334,5099.1
59,retired,married,unknown,no,no,yes,telephone,jun,mon,4,999,0,nonexistent,1.4,94.465,-41.8,4.865,5228.1
28,services,married,high.school,no,yes,no,telephone,may,mon,1,999,0,nonexistent,1.1,93.994,-36.4,4.857,5191.0
31,student,single,unknown,no,no,yes,cellular,may,mon,2,999,0,nonexistent,-1.8,92.893,-46.2,1.354,5099.1
42,technician,married,university.degree,unknown,no,no,telephone,jun,tue,1,999,0,nonexistent,1.4,94.465,-41.8,4.864,5228.1
39,blue-collar,single,basic.4y,no,no,yes,cellular,may,tue,2,999,0,nonexistent,-1.8,92.893,-46.2,1.344,5099.1
34,admin.,married,university.degree,no,no,no,cellular,may,wed,2,999,0,nonexistent,-1.8,92.893,-46.2,1.334,5099.1
54,admin.,married,university.degree,no,no,yes,cellular,jul,fri,5,999,2,failure,-1.7,94.215,-40.3,0.861,4991.6
34,technician,married,professional.course,no,no,no,cellular,aug,fri,1,999,0,nonexistent,1.4,93.444,-36.1,4.963,5228.1
82,retired,divorced,basic.4y,no,yes,no,cellular,nov,tue,2,3,1,success,-3.4,92.649,-30.1,0.715,5017.5
41,services,married,unknown,no,yes,yes,cellular,nov,thu,1,999,0,nonexistent,-0.1,93.2,-42.0,4.076,5195.8
18,student,single,basic.9y,no,yes,no,cellular,dec,mon,2,999,0,nonexistent,-3.0,92.713,-33.0,0.715,5023.5
49,technician,divorced,unknown,no,yes,yes,cellular,oct,thu,1,999,0,nonexistent,-3.4,92.431,-26.9,0.754,5017.5
43,blue-collar,married,basic.4y,no,no,no,telephone,may,thu,1,999,0,nonexistent,1.1,93.994,-36.4,4.86,5191.0
37,housemaid,single,professional.course,no,yes,no,cellular,jul,thu,1,999,0,nonexistent,1.4,93.918,-42.7,4.968,5228.1
45,blue-collar,married,basic.9y,no,no,no,telephone,jun,wed,1,999,0,nonexistent,1.4,94.465,-41.8,4.959,5228.1
33,services,married,professional.course,no,no,no,cellular,oct,mon,1,999,3,failure,-1.1,94.601,-49.5,0.977,4963.6
45,housemaid,married,professional.course,unknown,no,no,telephone,may,tue,2,999,0,nonexistent,1.1,93.994,-36.4,4.857,5191.0
32,technician,married,university.degree,no,yes,no,telephone,may,fri,5,999,0,nonexistent,1.1,93.994,-36.4,4.855,5191.0
35,technician,married,professional.course,no,no,no,cellular,aug,tue,2,999,0,nonexistent,1.4,93.444,-36.1,4.963,5228.1
36,admin.,single,university.degree,no,no,no,cellular,mar,mon,1,999,0,nonexistent,-1.8,93.369,-34.8,0.652,5008.7
44,housemaid,single,unknown,unknown,yes,yes,telephone,may,fri,2,999,0,nonexistent,1.1,93.994,-36.4,4.857,5191.0
37,entrepreneur,married,basic.9y,no,yes,no,telephone,may,fri,1,999,0,nonexistent,-1.8,92.893,-46.2,1.313,5099.1
50,admin.,married,high.school,no,no,yes,cellular,aug,tue,3,999,0,nonexistent,1.4,93.444,-36.1,4.968,5228.1
20,student,single,basic.9y,no,no,no,cellular,aug,wed,2,999,0,nonexistent,-2.9,92.201,-31.4,0.854,5076.2
47,blue-collar,married,basic.4y,unknown,yes,no,telephone,jun,thu,5,999,0,nonexistent,1.4,94.465,-41.8,4.866,5228.1
50,blue-collar,married,basic.4y,no,yes,no,telephone,may,fri,4,999,0,nonexistent,-1.8,92.893,-46.2,1.313,5099.1
38,admin.,married,university.degree,no,yes,no,cellular,oct,wed,1,6,1,success,-3.4,92.431,-26.9,0.735,5017.5
33,admin.,single,university.degree,no,no,yes,cellular,oct,wed,1,999,2,failure,-3.4,92.431,-26.9,0.735,5017.5
38,admin.,single,university.degree,no,yes,yes,telephone,may,wed,3,999,0,nonexistent,1.1,93.994,-36.4,4.859,5191.0
48,unemployed,married,university.degree,no,yes,no,cellular,mar,tue,1,999,2,failure,-1.8,93.369,-34.8,0.646,5008.7
49,services,married,high.school,no,no,no,cellular,jun,tue,4,999,0,nonexistent,-2.9,92.963,-40.8,1.286,5076.2
33,management,divorced,university.degree,no,yes,no,cellular,jun,wed,1,999,0,nonexistent,-2.9,92.963,-40.8,1.26,5076.2
53,blue-collar,married,basic.9y,no,yes,no,telephone,may,fri,1,999,0,nonexistent,1.1,93.994,-36.4,4.857,5191.0
31,admin.,divorced,university.degree,no,yes,yes,cellular,aug,tue,1,999,0,nonexistent,1.4,93.444,-36.1,4.963,5228.1
49,management,married,university.degree,no,no,no,telephone,may,wed,3,999,0,nonexistent,1.1,93.994,-36.4,4.859,5191.0
26,blue-collar,single,high.school,no,yes,yes,cellular,jul,mon,2,999,0,nonexistent,1.4,93.918,-42.7,4.962,5228.1
27,blue-collar,married,basic.4y,no,yes,no,telephone,may,thu,3,999,0,nonexistent,1.1,93.994,-36.4,4.86,5191.0
25,services,single,high.school,no,no,no,cellular,may,fri,2,999,0,nonexistent,-1.8,92.893,-46.2,1.25,5099.1
33,admin.,single,university.degree,no,no,no,cellular,aug,wed,1,999,0,nonexistent,-2.9,92.201,-31.4,0.879,5076.2
26,technician,single,professional.course,no,yes,no,telephone,jun,wed,1,999,0,nonexistent,1.4,94.465,-41.8,4.864,5228.1
50,blue-collar,married,basic.4y,unknown,unknown,unknown,telephone,may,wed,3,999,0,nonexistent,1.1,93.994,-36.4,4.858,5191.0
33,unemployed,single,university.degree,no,no,no,cellular,aug,mon,1,999,0,nonexistent,-2.9,92.201,-31.4,0.861,5076.2
36,management,married,university.degree,no,no,no,cellular,aug,thu,1,999,0,nonexistent,1.4,93.444,-36.1,4.964,5228.1
30,student,single,high.school,no,yes,no,cellular,apr,mon,6,999,1,failure,-1.8,93.075,-47.1,1.405,5099.1
32,technician,married,high.school,no,no,no,cellular,jul,thu,1,999,0,nonexistent,1.4,93.918,-42.7,4.963,5228.1
33,admin.,married,university.degree,no,no,no,cellular,jul,mon,2,999,0,nonexistent,1.4,93.918,-42.7,4.96,5228.1
45,technician,married,university.degree,no,no,no,telephone,jun,wed,2,999,0,nonexistent,1.4,94.465,-41.8,4.959,5228.1
39,admin.,single,university.degree,unknown,yes,no,cellular,apr,mon,2,999,0,nonexistent,-1.8,93.075,-47.1,1.405,5099.1
31,blue-collar,single,high.school,no,yes,no,cellular,nov,wed,1,999,0,nonexistent,-0.1,93.2,-42.0,4.12,5195.8
32,admin.,single,high.school,no,no,no,cellular,aug,tue,4,999,0,nonexistent,1.4,93.444,-36.1,4.963,5228.1
51,services,married,high.school,unknown,yes,no,cellular,jul,fri,1,999,0,nonexistent,1.4,93.918,-42.7,4.962,5228.1
45,blue-collar,divorced,unknown,unknown,yes,no,telephone,jun,wed,2,999,0,nonexistent,1.4,94.465,-41.8,4.962,5228.1
59,management,married,basic.4y,unknown,yes,no,telephone,may,thu,4,999,0,nonexistent,1.1,93.994,-36.4,4.86,5191.0
31,technician,single,professional.course,no,unknown,unknown,cellular,oct,thu,2,999,0,nonexistent,-1.1,94.601,-49.5,1.025,4963.6
29,technician,married,university.degree,no,yes,no,cellular,jul,thu,1,999,0,nonexistent,1.4,93.918,-42.7,4.963,5228.1
24,student,single,high.school,no,no,yes,cellular,jun,thu,2,12,2,failure,-1.7,94.055,-39.8,0.729,4991.6
22,blue-collar,single,basic.9y,no,yes,no,telephone,may,tue,1,999,0,nonexistent,1.1,93.994,-36.4,4.856,5191.0
35,self-employed,married,basic.4y,unknown,unknown,unknown,cellular,aug,wed,3,999,0,nonexistent,1.4,93.444,-36.1,4.967,5228.1
40,admin.,divorced,professional.course,no,no,no,telephone,may,mon,1,999,0,nonexistent,1.1,93.994,-36.4,4.858,5191.0
57,blue-collar,married,high.school,no,yes,no,cellular,apr,tue,3,999,0,nonexistent,-1.8,93.075,-47.1,1.453,5099.1
54,admin.,divorced,university.degree,no,yes,yes,cellular,nov,tue,2,999,0,nonexistent,-0.1,93.2,-42.0,4.153,5195.8
28,blue-collar,single,high.school,no,yes,yes,telephone,jun,wed,1,999,0,nonexistent,1.4,94.465,-41.8,4.864,5228.1
37,services,married,high.school,no,no,no,telephone,may,thu,2,999,0,nonexistent,1.1,93.994,-36.4,4.855,5191.0
47,housemaid,married,unknown,no,yes,no,cellular,nov,wed,1,999,0,nonexistent,-0.1,93.2,-42.0,4.12,5195.8
27,technician,single,university.degree,no,yes,no,cellular,dec,tue,3,10,1,success,-3.0,92.713,-33.0,0.708,5023.5
43,services,single,high.school,unknown,yes,no,cellular,nov,fri,4,999,0,nonexistent,-0.1,93.2,-42.0,4.021,5195.8
31,admin.,married,university.degree,no,yes,no,cellular,sep,thu,1,999,0,nonexistent,-1.1,94.199,-37.5,0.879,4963.6
36,blue-collar,married,basic.6y,unknown,no,no,telephone,may,wed,1,999,0,nonexistent,1.1,93.994,-36.4,4.859,5191.0
44,admin.,married,high.school,unknown,no,no,cellular,jul,mon,2,999,0,nonexistent,1.4,93.918,-42.7,4.962,5228.1
30,student,single,professional.course,no,no,yes,cellular,apr,fri,2,999,1,failure,-1.8,93.075,-47.1,1.405,5099.1
57,blue-collar,married,basic.4y,no,no,no,telephone,may,mon,2,999,0,nonexistent,1.1,93.994,-36.4,4.857,5191.0
42,blue-collar,married,basic.9y,no,no,no,telephone,may,thu,2,999,0,nonexistent,-1.8,92.893,-46.2,1.266,5099.1
31,technician,single,basic.9y,unknown,yes,yes,cellular,nov,wed,1,999,1,failure,-0.1,93.2,-42.0,4.12,5195.8
21,student,single,high.school,no,yes,yes,cellular,jun,wed,2,999,0,nonexistent,-1.7,94.055,-39.8,0.767,4991.6
33,admin.,married,high.school,no,yes,no,telephone,jun,mon,3,999,0,nonexistent,1.4,94.465,-41.8,4.865,5228.1
26,admin.,single,high.school,no,no,no,cellular,jul,fri,2,999,0,nonexistent,1.4,93.918,-42.7,4.963,5228.1
35,unknown,married,basic.9y,no,no,no,cellular,aug,tue,1,999,0,nonexistent,1.4,93.444,-36.1,4.968,5228.1
33,management,single,university.degree,no,yes,no,cellular,jun,wed,2,999,3,failure,-1.7,94.055,-39.8,0.739,4991.6
36,services,married,high.school,no,yes,yes,cellular,jul,thu,4,999,0,nonexistent,1.4,93.918,-42.7,4.968,5228.1
38,admin.,married,university.degree,no,yes,no,cellular,nov,mon,3,999,0,nonexistent,-3.4,92.649,-30.1,0.719,5017.5
33,services,married,high.school,no,yes,yes,cellular,nov,thu,1,999,0,nonexistent,-0.1,93.2,-42.0,4.076,5195.8
35,blue-collar,married,high.school,no,yes,no,cellular,may,tue,1,999,0,nonexistent,-1.8,92.893,-46.2,1.291,5099.1
54,services,married,basic.4y,no,yes,yes,cellular,aug,wed,1,999,0,nonexistent,1.4,93.444,-36.1,4.965,5228.1
37,unemployed,single,professional.course,no,no,no,cellular,oct,fri,4,6,1,success,-1.1,94.601,-49.5,1.029,4963.6
37,blue-collar,married,professional.course,no,yes,no,cellular,jul,wed,4,999,0,nonexistent,1.4,93.918,-42.7,4.963,5228.1
32,technician,single,high.school,no,no,no,cellular,jun,tue,1,999,1,failure,-2.9,92.963,-40.8,1.262,5076.2
41,admin.,divorced,high.school,no,no,no,cellular,apr,fri,1,999,0,nonexistent,-1.8,93.075,-47.1,1.405,5099.1
35,admin.,married,university.degree,no,yes,no,cellular,aug,wed,6,999,0,nonexistent,1.4,93.444,-36.1,4.967,5228.1
32,technician,single,professional.course,no,no,yes,cellular,jul,tue,1,999,0,nonexistent,1.4,93.918,-42.7,4.961,5228.1
44,blue-collar,divorced,basic.9y,no,yes,no,cellular,may,tue,1,999,0,nonexistent,-1.8,92.893,-46.2,1.291,5099.1
39,blue-collar,married,basic.6y,no,yes,no,telephone,may,wed,2,999,0,nonexistent,1.1,93.994,-36.4,4.857,5191.0
59,self-employed,married,university.degree,no,no,no,cellular,dec,mon,1,999,1,failure,-3.0,92.713,-33.0,0.706,5023.5
52,admin.,single,university.degree,unknown,unknown,unknown,cellular,aug,wed,3,999,0,nonexistent,1.4,93.444,-36.1,4.964,5228.1
26,student,single,university.degree,no,yes,no,telephone,may,wed,1,999,0,nonexistent,1.1,93.994,-36.4,4.859,5191.0
44,technician,married,professional.course,no,yes,yes,cellular,may,thu,3,999,0,nonexistent,-1.8,92.893,-46.2,1.266,5099.1
31,services,single,high.school,no,no,no,telephone,sep,mon,1,999,0,nonexistent,-1.1,94.199,-37.5,0.879,4963.6
31,admin.,single,high.school,no,no,no,cellular,apr,thu,1,999,1,failure,-1.8,93.075,-47.1,1.365,5099.1
43,blue-collar,married,basic.6y,unknown,yes,no,telephone,may,wed,2,999,0,nonexistent,-1.8,92.893,-46.2,1.281,5099.1
52,blue-collar,married,basic.4y,no,yes,no,telephone,jun,fri,1,999,0,nonexistent,1.4,94.465,-41.8,4.967,5228.1
49,services,married,high.school,no,no,no,telephone,jun,thu,1,999,0,nonexistent,1.4,94.465,-41.8,4.961,5228.1
28,unknown,single,unknown,unknown,yes,yes,telephone,may,tue,1,999,0,nonexistent,1.1,93.994,-36.4,4.857,5191.0
41,blue-collar,single,basic.6y,unknown,no,no,cellular,may,fri,2,999,1,failure,-1.8,92.893,-46.2,1.313,5099.1
30,blue-collar,married,basic.9y,no,no,no,telephone,jun,thu,3,999,0,nonexistent,1.4,94.465,-41.8,4.961,5228.1
49,management,single,university.degree,no,yes,yes,cellular,may,tue,1,999,1,failure,-1.8,92.893,-46.2,1.266,5099.1
32,management,married,university.degree,no,yes,no,cellular,jun,mon,3,999,0,nonexistent,-2.9,92.963,-40.8,1.26,5076.2
58,retired,married,university.degree,unknown,no,no,cellular,aug,thu,11,999,0,nonexistent,1.4,93.444,-36.1,4.962,5228.1
57,technician,married,university.degree,no,no,no,cellular,aug,thu,1,999,0,nonexistent,1.4,93.444,-36.1,4.963,5228.1
23,student,single,university.degree,no,yes,no,cellular,may,thu,1,999,0,nonexistent,-1.8,92.893,-46.2,1.266,5099.1
28,services,married,high.school,no,no,no,cellular,jul,tue,1,999,0,nonexistent,1.4,93.918,-42.7,4.962,5228.1
35,technician,married,university.degree,no,no,no,telephone,jun,mon,1,999,0,nonexistent,1.4,94.465,-41.8,4.961,5228.1
32,housemaid,single,basic.4y,no,yes,yes,telephone,jun,mon,1,999,0,nonexistent,1.4,94.465,-41.8,4.961,5228.1
46,admin.,divorced,university.degree,no,yes,no,cellular,apr,wed,6,999,1,failure,-1.8,93.075,-47.1,1.415,5099.1
28,technician,married,basic.9y,no,yes,no,cellular,apr,thu,1,999,0,nonexistent,-1.8,93.075,-47.1,1.41,5099.1
48,admin.,single,basic.6y,unknown,yes,no,telephone,may,tue,2,999,0,nonexistent,1.1,93.994,-36.4,4.857,5191.0
45,housemaid,divorced,basic.4y,unknown,yes,no,cellular,jul,fri,2,999,0,nonexistent,1.4,93.918,-42.7,4.957,5228.1
22,student,single,high.school,no,no,no,cellular,sep,wed,3,5,1,success,-1.1,94.199,-37.5,0.886,4963.6
32,technician,married,professional.course,no,no,no,cellular,may,fri,2,999,1,failure,-1.8,92.893,-46.2,1.313,5099.1
34,student,single,basic.4y,unknown,yes,no,telephone,may,thu,3,999,0,nonexistent,1.1,93.994,-36.4,4.86,5191.0
57,retired,divorced,high.school,no,no,no,telephone,may,wed,2,999,0,nonexistent,1.1,93.994,-36.4,4.856,5191.0
35,admin.,married,high.school,no,no,no,cellular,jul,fri,2,999,0,nonexistent,1.4,93.918,-42.7,4.963,5228.1
35,services,married,high.school,no,no,no,telephone,may,wed,1,999,0,nonexistent,1.1,93.994,-36.4,4.859,5191.0
36,technician,married,professional.course,no,no,no,telephone,may,mon,2,999,0,nonexistent,1.1,93.994,-36.4,4.857,5191.0
36,services,married,high.school,no,yes,no,telephone,may,tue,2,999,0,nonexistent,1.1,93.994,-36.4,4.857,5191.0
38,blue-collar,single,basic.4y,no,no,no,telephone,jun,tue,1,999,0,nonexistent,1.4,94.465,-41.8,4.961,5228.1
47,blue-collar,divorced,basic.4y,no,no,no,telephone,jun,mon,3,999,0,nonexistent,1.4,94.465,-41.8,4.865,5228.1
40,blue-collar,married,basic.6y,no,yes,no,telephone,may,tue,2,999,0,nonexistent,1.1,93.994,-36.4,4.857,5191.0
38,technician,married,professional.course,no,yes,no,telephone,jun,mon,2,999,0,nonexistent,1.4,94.465,-41.8,4.961,5228.1
53,blue-collar,divorced,basic.4y,unknown,no,no,telephone,jun,fri,3,999,0,nonexistent,1.4,94.465,-41.8,4.967,5228.1
47,admin.,married,university.degree,unknown,no,no,telephone,may,tue,1,999,0,nonexistent,1.1,93.994,-36.4,4.856,5191.0
53,technician,married,university.degree,unknown,yes,yes,cellular,aug,mon,11,999,0,nonexistent,1.4,93.444,-36.1,4.963,5228.1
36,student,single,basic.9y,no,yes,no,telephone,jun,thu,1,999,0,nonexistent,1.4,94.465,-41.8,4.961,5228.1
60,housemaid,married,basic.4y,no,yes,yes,cellular,apr,thu,1,12,1,success,-1.8,93.749,-34.6,0.635,5008.7
30,services,married,high.school,no,no,no,cellular,may,wed,1,999,1,failure,-1.8,92.893,-46.2,1.281,5099.1
48,management,married,university.degree,no,yes,no,cellular,jul,mon,2,999,0,nonexistent,1.4,93.918,-42.7,4.962,5228.1
32,services,married,high.school,unknown,yes,no,telephone,jun,wed,2,999,0,nonexistent,1.4,94.465,-41.8,4.864,5228.1
28,admin.,single,university.degree,no,no,no,cellular,apr,fri,1,999,0,nonexistent,-1.8,93.075,-47.1,1.405,5099.1
38,admin.,married,university.degree,no,yes,no,cellular,oct,wed,1,999,1,failure,-3.4,92.431,-26.9,0.735,5017.5
39,admin.,married,high.school,unknown,yes,no,telephone,jun,fri,3,999,0,nonexistent,1.4,94.465,-41.8,4.967,5228.1
33,self-employed,married,university.degree,no,yes,no,cellular,nov,fri,2,999,0,nonexistent,-0.1,93.2,-42.0,4.021,5195.8
56,blue-collar,married,basic.9y,no,yes,no,cellular,aug,thu,1,999,0,nonexistent,1.4,93.444,-36.1,4.963,5228.1
42,blue-collar,married,basic.9y,unknown,no,no,telephone,jul,fri,4,999,0,nonexistent,1.4,93.918,-42.7,4.959,5228.1
54,blue-collar,married,high.school,no,yes,no,telephone,jul,thu,1,999,0,nonexistent,1.4,93.918,-42.7,4.963,5228.1
30,admin.,single,university.degree,no,no,no,cellular,may,wed,2,999,1,failure,-1.8,92.893,-46.2,1.334,5099.1
34,blue-collar,married,basic.9y,no,no,no,telephone,jun,tue,2,999,0,nonexistent,1.4,94.465,-41.8,4.864,5228.1
35,unknown,married,basic.9y,no,no,no,telephone,may,wed,1,999,0,nonexistent,1.1,93.994,-36.4,4.859,5191.0
69,retired,married,basic.4y,no,no,no,cellular,sep,mon,3,6,1,success,-1.1,94.199,-37.5,0.879,4963.6
46,management,divorced,high.school,no,yes,yes,cellular,nov,wed,2,999,0,nonexistent,-0.1,93.2,-42.0,4.12,5195.8
38,admin.,married,high.school,no,no,yes,cellular,apr,wed,1,999,1,failure,-1.8,93.075,-47.1,1.445,5099.1
32,technician,single,high.school,no,yes,no,cellular,aug,tue,3,999,0,nonexistent,1.4,93.444,-36.1,4.963,5228.1
39,housemaid,married,basic.4y,no,yes,no,cellular,oct,fri,2,999,2,failure,-1.1,94.601,-49.5,0.972,4963.6
37,blue-collar,married,basic.6y,unknown,no,no,telephone,jun,wed,1,999,0,nonexistent,1.4,94.465,-41.8,4.959,5228.1
53,management,married,university.degree,no,yes,no,cellular,aug,tue,3,999,0,nonexistent,1.4,93.444,-36.1,4.966,5228.1
52,self-employed,divorced,university.degree,no,yes,no,cellular,may,fri,1,999,0,nonexistent,-1.8,92.893,-46.2,1.25,5099.1
28,management,married,university.degree,no,yes,no,telephone,jun,wed,1,999,0,nonexistent,1.4,94.465,-41.8,4.962,5228.1
23,blue-collar,single,high.school,no,yes,no,cellular,may,mon,1,999,0,nonexistent,-1.8,92.893,-46.2,1.244,5099.1
30,technician,divorced,university.degree,no,no,no,cellular,aug,mon,3,999,0,nonexistent,1.4,93.444,-36.1,4.965,5228.1
44,blue-collar,married,basic.6y,no,yes,no,cellular,jul,wed,5,999,0,nonexistent,1.4,93.918,-42.7,4.963,5228.1
50,blue-collar,married,basic.4y,no,yes,no,telephone,may,tue,1,999,0,nonexistent,1.1,93.994,-36.4,4.856,5191.0
38,admin.,single,high.school,no,no,no,cellular,aug,wed,1,999,0,nonexistent,1.4,93.444,-36.1,4.967,5228.1
40,blue-collar,married,high.school,no,yes,no,telephone,may,tue,1,999,0,nonexistent,1.1,93.994,-36.4,4.857,5191.0
36,entrepreneur,married,university.degree,no,no,no,telephone,jul,fri,2,999,0,nonexistent,1.4,93.918,-42.7,4.959,5228.1
34,blue-collar,married,basic.9y,no,no,yes,telephone,jul,mon,4,999,0,nonexistent,1.4,93.918,-42.7,4.96,5228.1
42,admin.,divorced,university.degree,no,yes,no,telephone,may,fri,1,999,0,nonexistent,1.1,93.994,-36.4,4.857,5191.0
35,admin.,married,high.school,no,yes,yes,telephone,jun,mon,3,999,0,nonexistent,1.4,94.465,-41.8,4.865,5228.1
33,self-employed,married,basic.9y,unknown,no,no,cellular,jul,thu,1,999,0,nonexistent,1.4,93.918,-42.7,4.963,5228.1
36,blue-collar,single,high.school,no,yes,yes,telephone,may,mon,3,999,0,nonexistent,1.1,93.994,-36.4,4.857,5191.0
47,services,married,high.school,unknown,yes,no,telephone,jun,mon,3,999,0,nonexistent,1.4,94.465,-41.8,4.96,5228.1
58,retired,married,professional.course,unknown,no,no,telephone,nov,fri,1,999,0,nonexistent,-0.1,93.2,-42.0,4.021,5195.8
44,blue-collar,married,basic.4y,no,yes,no,cellular,jul,wed,1,999,0,nonexistent,1.4,93.918,-42.7,4.957,5228.1
49,blue-collar,married,basic.9y,unknown,no,no,telephone,jun,fri,1,999,0,nonexistent,1.4,94.465,-41.8,4.959,5228.1
42,blue-collar,married,basic.9y,no,yes,no,telephone,may,wed,1,999,0,nonexistent,1.1,93.994,-36.4,4.857,5191.0
46,blue-collar,married,basic.6y,unknown,yes,no,cellular,aug,tue,3,999,0,nonexistent,1.4,93.444,-36.1,4.963,5228.1
28,admin.,single,university.degree,no,no,no,telephone,may,wed,2,999,0,nonexistent,1.1,93.994,-36.4,4.858,5191.0
35,management,married,university.degree,no,yes,no,cellular,nov,fri,1,999,0,nonexistent,-0.1,93.2,-42.0,4.021,5195.8
48,services,married,high.school,no,no,no,cellular,aug,wed,2,999,0,nonexistent,1.4,93.444,-36.1,4.964,5228.1
44,admin.,married,basic.9y,unknown,yes,yes,cellular,aug,thu,10,999,0,nonexistent,1.4,93.444,-36.1,4.962,5228.1
30,blue-collar,single,basic.6y,no,no,no,cellular,jul,fri,1,999,0,nonexistent,1.4,93.918,-42.7,4.963,5228.1
47,self-employed,divorced,university.degree,no,no,no,cellular,mar,tue,1,999,0,nonexistent,-1.8,93.369,-34.8,0.646,5008.7
36,self-employed,married,basic.9y,no,yes,no,cellular,nov,thu,2,999,0,nonexistent,-0.1,93.2,-42.0,4.076,5195.8
40,technician,married,basic.9y,no,no,no,cellular,nov,wed,1,999,0,nonexistent,-0.1,93.2,-42.0,4.12,5195.8
44,blue-collar,married,basic.9y,unknown,yes,no,cellular,jul,mon,1,999,0,nonexistent,1.4,93.918,-42.7,4.96,5228.1
48,self-employed,married,university.degree,no,no,no,cellular,aug,thu,1,4,3,success,-2.9,92.201,-31.4,0.873,5076.2
29,blue-collar,single,professional.course,no,yes,no,telephone,may,mon,7,999,0,nonexistent,1.1,93.994,-36.4,4.858,5191.0
40,blue-collar,married,basic.9y,no,no,yes,telephone,may,mon,1,999,0,nonexistent,1.1,93.994,-36.4,4.857,5191.0
46,admin.,divorced,basic.9y,no,yes,no,cellular,may,fri,1,999,1,failure,-1.8,92.893,-46.2,1.313,5099.1
26,management,single,university.degree,no,yes,no,cellular,jul,tue,1,999,0,nonexistent,1.4,93.918,-42.7,4.962,5228.1
29,admin.,married,university.degree,unknown,yes,no,cellular,may,mon,4,3,1,success,-1.8,92.893,-46.2,1.354,5099.1
37,admin.,married,university.degree,no,no,no,telephone,may,mon,1,999,0,nonexistent,1.1,93.994,-36.4,4.857,5191.0
37,services,married,high.school,no,no,yes,cellular,jul,mon,5,999,0,nonexistent,1.4,93.918,-42.7,4.962,5228.1
52,technician,married,professional.course,unknown,yes,no,telephone,may,tue,3,999,0,nonexistent,1.1,93.994,-36.4,4.857,5191.0
38,housemaid,married,university.degree,no,yes,no,cellular,may,wed,1,999,0,nonexistent,-1.8,92.893,-46.2,1.27,5099.1
35,technician,married,university.degree,no,no,no,cellular,nov,tue,2,999,1,failure,-0.1,93.2,-42.0,4.153,5195.8
41,self-employed,married,basic.6y,no,yes,no,telephone,aug,thu,15,999,0,nonexistent,1.4,93.444,-36.1,4.962,5228.1
44,management,single,university.degree,unknown,no,no,cellular,nov,fri,2,999,0,nonexistent,-0.1,93.2,-42.0,4.021,5195.8
42,services,married,high.school,unknown,no,no,cellular,aug,fri,2,999,0,nonexistent,1.4,93.444,-36.1,4.964,5228.1
39,management,single,university.degree,no,yes,no,telephone,may,tue,1,999,0,nonexistent,1.1,93.994,-36.4,4.857,5191.0
32,management,married,university.degree,no,yes,no,cellular,nov,fri,3,999,0,nonexistent,-0.1,93.2,-42.0,4.021,5195.8
31,admin.,married,high.school,no,no,no,telephone,may,wed,3,999,0,nonexistent,1.1,93.994,-36.4,4.857,5191.0
34,technician,single,professional.course,no,yes,no,cellular,jul,wed,8,999,0,nonexistent,1.4,93.918,-42.7,4.963,5228.1
47,services,divorced,high.school,no,yes,no,telephone,may,tue,1,999,0,nonexistent,1.1,93.994,-36.4,4.857,5191.0
24,management,single,university.degree,no,yes,no,cellular,apr,thu,1,999,0,nonexistent,-1.8,93.075,-47.1,1.41,5099.1
40,admin.,married,professional.course,unknown,no,no,cellular,apr,mon,3,999,0,nonexistent,-1.8,93.075,-47.1,1.405,5099.1
30,management,married,university.degree,no,no,no,cellular,jul,wed,2,999,0,nonexistent,1.4,93.918,-42.7,4.963,5228.1
49,management,married,university.degree,no,no,no,telephone,jun,thu,2,999,0,nonexistent,1.4,94.465,-41.8,4.961,5228.1
33,technician,unknown,professional.course,unknown,no,no,telephone,may,fri,2,999,0,nonexistent,1.1,93.994,-36.4,4.864,5191.0
34,services,married,high.school,no,no,no,telephone,may,fri,5,999,0,nonexistent,1.1,93.994,-36.4,4.864,5191.0
30,self-employed,married,university.degree,no,yes,no,cellular,jun,mon,1,999,0,nonexistent,-1.7,94.055,-39.8,0.72,4991.6
33,technician,single,basic.9y,no,yes,no,cellular,jul,thu,3,999,0,nonexistent,1.4,93.918,-42.7,4.962,5228.1
29,admin.,single,basic.9y,unknown,no,no,telephone,may,tue,4,999,0,nonexistent,1.1,93.994,-36.4,4.857,5191.0
39,admin.,single,high.school,no,yes,no,cellular,mar,tue,3,999,0,nonexistent,-1.8,92.843,-50.0,1.687,5099.1
36,blue-collar,married,basic.9y,no,yes,no,telephone,jun,wed,1,999,0,nonexistent,1.4,94.465,-41.8,4.958,5228.1
33,blue-collar,single,high.school,no,no,no,cellular,mar,wed,2,999,0,nonexistent,-1.8,92.843,-50.0,1.602,5099.1
32,management,single,professional.course,no,yes,no,cellular,nov,wed,4,999,0,nonexistent,-0.1,93.2,-42.0,4.12,5195.8
40,blue-collar,single,basic.9y,no,yes,yes,telephone,may,wed,4,999,0,nonexistent,-1.8,92.893,-46.2,1.281,5099.1
41,blue-collar,married,basic.9y,unknown,yes,no,cellular,may,wed,2,999,1,failure,-1.8,92.893,-46.2,1.281,5099.1
47,admin.,single,university.degree,no,no,no,cellular,aug,thu,3,999,0,nonexistent,1.4,93.444,-36.1,4.963,5228.1
24,blue-collar,single,basic.9y,unknown,yes,no,cellular,jul,tue,3,999,0,nonexistent,1.4,93.918,-42.7,4.961,5228.1
45,blue-collar,married,basic.4y,unknown,yes,yes,telephone,jun,tue,1,999,0,nonexistent,1.4,94.465,-41.8,4.864,5228.1
42,admin.,married,university.degree,no,yes,no,telephone,aug,fri,2,999,0,nonexistent,1.4,93.444,-36.1,4.963,5228.1
33,blue-collar,married,basic.9y,unknown,yes,no,cellular,may,fri,4,999,0,nonexistent,-1.8,92.893,-46.2,1.25,5099.1
35,blue-collar,married,basic.9y,no,no,no,telephone,may,tue,3,999,0,nonexistent,1.1,93.994,-36.4,4.857,5191.0
53,housemaid,married,basic.4y,no,yes,no,cellular,jun,tue,2,999,0,nonexistent,-2.9,92.963,-40.8,1.252,5076.2
40,services,married,basic.9y,unknown,no,no,telephone,may,thu,2,999,0,nonexistent,1.1,93.994,-36.4,4.855,5191.0
36,technician,married,professional.course,no,yes,no,telephone,jun,mon,1,999,0,nonexistent,1.4,94.465,-41.8,4.865,5228.1
24,admin.,single,high.school,unknown,unknown,unknown,cellular,jul,thu,1,999,0,nonexistent,1.4,93.918,-42.7,4.958,5228.1
34,blue-collar,married,basic.9y,no,yes,no,telephone,jun,thu,2,999,0,nonexistent,1.4,94.465,-41.8,4.961,5228.1
42,admin.,married,university.degree,unknown,no,no,cellular,jul,fri,1,999,0,nonexistent,1.4,93.918,-42.7,4.962,5228.1
34,technician,married,professional.course,no,no,no,cellular,aug,mon,2,999,0,nonexistent,1.4,93.444,-36.1,4.965,5228.1
35,blue-collar,divorced,basic.4y,no,yes,no,cellular,jul,tue,1,999,0,nonexistent,1.4,93.918,-42.7,4.961,5228.1
39,blue-collar,married,basic.6y,no,no,no,telephone,may,thu,3,999,0,nonexistent,1.1,93.994,-36.4,4.855,5191.0
46,services,married,basic.6y,no,no,no,telephone,may,tue,3,999,0,nonexistent,1.1,93.994,-36.4,4.857,5191.0
48,self-employed,divorced,professional.course,no,no,no,telephone,jul,fri,2,999,0,nonexistent,1.4,93.918,-42.7,4.962,5228.1
40,management,married,university.degree,no,yes,no,cellular,jul,tue,2,999,0,nonexistent,1.4,93.918,-42.7,4.961,5228.1
46,blue-collar,married,basic.9y,no,yes,yes,cellular,may,thu,2,999,0,nonexistent,-1.8,92.893,-46.2,1.266,5099.1
40,management,married,professional.course,no,unknown,unknown,cellular,may,tue,2,999,1,failure,-1.8,92.893,-46.2,1.344,5099.1
56,management,married,university.degree,no,no,yes,telephone,jul,wed,1,999,0,nonexistent,1.4,93.918,-42.7,4.963,5228.1
43,management,married,university.degree,unknown,no,no,cellular,apr,fri,2,999,0,nonexistent,-1.8,93.075,-47.1,1.479,5099.1
43,blue-collar,married,basic.9y,unknown,no,no,cellular,jul,thu,1,999,0,nonexistent,1.4,93.918,-42.7,4.962,5228.1
31,blue-collar,married,basic.9y,no,yes,no,cellular,may,fri,1,999,1,failure,-1.8,92.893,-46.2,1.313,5099.1
35,admin.,single,high.school,no,no,no,cellular,may,wed,2,999,0,nonexistent,-1.8,92.893,-46.2,1.281,5099.1
35,blue-collar,divorced,basic.9y,no,no,no,cellular,may,fri,1,999,1,failure,-1.8,92.893,-46.2,1.25,5099.1
40,technician,married,professional.course,no,no,no,cellular,aug,tue,1,999,0,nonexistent,1.4,93.444,-36.1,4.968,5228.1
58,technician,married,university.degree,unknown,yes,no,cellular,jul,thu,1,999,0,nonexistent,-2.9,92.469,-33.6,1.072,5076.2
47,blue-collar,married,basic.6y,unknown,yes,yes,telephone,may,fri,1,999,0,nonexistent,1.1,93.994,-36.4,4.859,5191.0
39,management,married,high.school,no,no,no,telephone,may,fri,1,999,0,nonexistent,1.1,93.994,-36.4,4.855,5191.0
41,admin.,single,university.degree,no,no,no,telephone,may,tue,4,999,0,nonexistent,1.1,93.994,-36.4,4.857,5191.0
37,technician,single,university.degree,no,yes,no,cellular,aug,wed,3,999,0,nonexistent,1.4,93.444,-36.1,4.964,5228.1
37,entrepreneur,divorced,university.degree,no,yes,no,cellular,may,thu,2,999,1,failure,-1.8,92.893,-46.2,1.27,5099.1
41,technician,married,professional.course,no,no,no,cellular,aug,wed,7,999,0,nonexistent,1.4,93.444,-36.1,4.964,5228.1
27,blue-collar,single,basic.6y,no,no,no,cellular,jul,tue,1,999,0,nonexistent,1.4,93.918,-42.7,4.961,5228.1
54,services,divorced,high.school,no,no,no,cellular,oct,wed,1,999,1,failure,-1.1,94.601,-49.5,1.016,4963.6
32,blue-collar,married,basic.9y,no,yes,no,telephone,may,fri,3,999,0,nonexistent,1.1,93.994,-36.4,4.864,5191.0
36,management,married,university.degree,no,no,no,cellular,aug,tue,2,999,0,nonexistent,1.4,93.444,-36.1,4.966,5228.1
22,services,single,professional.course,no,yes,yes,cellular,sep,tue,1,3,2,success,-3.4,92.379,-29.8,0.755,5017.5
56,blue-collar,married,basic.9y,no,no,no,cellular,jul,wed,5,999,0,nonexistent,1.4,93.918,-42.7,4.963,5228.1
28,admin.,single,basic.9y,no,no,yes,cellular,may,tue,1,10,1,success,-1.8,92.893,-46.2,1.291,5099.1
45,unemployed,married,university.degree,no,no,no,telephone,may,fri,1,999,0,nonexistent,1.1,93.994,-36.4,4.857,5191.0
30,admin.,single,university.degree,no,no,no,cellular,apr,thu,1,999,0,nonexistent,-1.8,93.075,-47.1,1.365,5099.1
37,blue-collar,married,basic.6y,no,no,no,cellular,jul,fri,3,999,0,nonexistent,1.4,93.918,-42.7,4.957,5228.1
62,self-employed,married,university.degree,unknown,no,no,cellular,sep,fri,1,999,0,nonexistent,-3.4,92.379,-29.8,0.741,5017.5
52,housemaid,married,university.degree,no,yes,no,telephone,may,thu,1,999,0,nonexistent,1.1,93.994,-36.4,4.855,5191.0
24,student,single,basic.9y,no,no,no,cellular,may,wed,1,999,0,nonexistent,-1.8,92.893,-46.2,1.334,5099.1
37,management,married,university.degree,no,no,no,cellular,apr,mon,1,999,0,nonexistent,-1.8,93.075,-47.1,1.405,5099.1
41,blue-collar,divorced,basic.9y,no,yes,no,cellular,may,tue,2,999,0,nonexistent,-1.8,92.893,-46.2,1.344,5099.1
52,self-employed,married,university.degree,unknown,no,no,cellular,nov,mon,2,999,0,nonexistent,-0.1,93.2,-42.0,4.191,5195.8
24,blue-collar,married,basic.9y,unknown,no,no,cellular,jul,wed,1,999,0,nonexistent,1.4,93.918,-42.7,4.957,5228.1
41,entrepreneur,married,professional.course,no,yes,no,cellular,jul,thu,1,999,0,nonexistent,1.4,93.918,-42.7,4.958,5228.1
54,management,divorced,university.degree,no,yes,no,telephone,may,mon,3,999,0,nonexistent,1.1,93.994,-36.4,4.857,5191.0
41,admin.,married,high.school,no,yes,no,cellular,nov,mon,2,999,0,nonexistent,-0.1,93.2,-42.0,4.191,5195.8
41,blue-collar,married,basic.4y,no,no,no,telephone,jun,tue,2,999,0,nonexistent,1.4,94.465,-41.8,4.864,5228.1
33,technician,divorced,professional.course,no,yes,no,cellular,nov,thu,3,999,1,failure,-0.1,93.2,-42.0,4.076,5195.8
31,services,married,high.school,no,yes,no,cellular,nov,fri,3,999,0,nonexistent,-1.1,94.767,-50.8,1.04,4963.6
55,retired,married,basic.4y,no,no,no,cellular,oct,thu,1,999,2,failure,-3.4,92.431,-26.9,0.722,5017.5
49,admin.,married,high.school,unknown,yes,no,telephone,jun,thu,4,999,0,nonexistent,1.4,94.465,-41.8,4.961,5228.1
41,admin.,married,university.degree,no,no,no,telephone,may,mon,2,999,0,nonexistent,-1.8,93.876,-40.0,0.682,5008.7
44,technician,married,professional.course,no,yes,no,cellular,aug,mon,6,999,0,nonexistent,1.4,93.444,-36.1,4.965,5228.1
49,blue-collar,divorced,unknown,unknown,no,no,cellular,jul,wed,2,999,0,nonexistent,1.4,93.918,-42.7,4.957,5228.1
33,blue-collar,married,basic.6y,unknown,yes,no,cellular,jul,fri,2,999,0,nonexistent,1.4,93.918,-42.7,4.957,5228.1
44,admin.,married,high.school,no,no,no,cellular,may,fri,3,999,0,nonexistent,-1.8,92.893,-46.2,1.25,5099.1
54,blue-collar,married,basic.9y,unknown,no,yes,telephone,may,thu,2,999,0,nonexistent,1.1,93.994,-36.4,4.855,5191.0
49,services,married,high.school,no,no,no,cellular,jul,wed,1,999,0,nonexistent,1.4,93.918,-42.7,4.962,5228.1
44,blue-collar,divorced,basic.6y,no,no,no,telephone,may,mon,2,999,0,nonexistent,1.1,93.994,-36.4,4.857,5191.0
35,student,single,university.degree,unknown,no,no,telephone,may,thu,1,999,0,nonexistent,1.1,93.994,-36.4,4.86,5191.0
30,blue-collar,married,basic.9y,no,no,no,cellular,jun,mon,1,999,0,nonexistent,-2.9,92.963,-40.8,1.266,5076.2
44,technician,married,high.school,no,yes,yes,cellular,oct,mon,1,999,1,failure,-1.1,94.601,-49.5,1.0,4963.6
28,student,single,unknown,no,yes,no,cellular,aug,thu,1,999,1,failure,-2.9,92.201,-31.4,0.883,5076.2
51,technician,married,professional.course,no,yes,no,cellular,aug,mon,2,999,1,failure,-2.9,92.201,-31.4,0.821,5076.2
37,technician,married,university.degree,no,yes,no,telephone,sep,tue,1,3,2,success,-3.4,92.379,-29.8,0.755,5017.5
33,technician,divorced,professional.course,no,yes,no,cellular,jul,mon,4,999,0,nonexistent,1.4,93.918,-42.7,4.962,5228.1
46,blue-collar,married,high.school,no,yes,no,telephone,jun,wed,2,999,0,nonexistent,1.4,94.465,-41.8,4.864,5228.1
51,retired,married,basic.9y,unknown,yes,no,cellular,jul,fri,1,999,0,nonexistent,1.4,93.918,-42.7,4.962,5228.1
45,blue-collar,married,basic.4y,no,yes,yes,cellular,may,thu,5,999,0,nonexistent,-1.8,92.893,-46.2,1.266,5099.1
33,unemployed,divorced,basic.9y,no,yes,no,telephone,may,thu,2,999,0,nonexistent,1.1,93.994,-36.4,4.86,5191.0
30,technician,married,university.degree,no,no,yes,cellular,aug,mon,3,999,0,nonexistent,1.4,93.444,-36.1,4.965,5228.1
54,blue-collar,married,basic.9y,no,yes,yes,cellular,nov,wed,1,999,0,nonexistent,-3.4,92.649,-30.1,0.719,5017.5
41,blue-collar,married,unknown,no,no,yes,cellular,may,thu,2,999,1,failure,-1.8,92.893,-46.2,1.327,5099.1
32,blue-collar,married,basic.6y,no,no,no,telephone,jun,fri,2,999,0,nonexistent,1.4,94.465,-41.8,4.967,5228.1
33,admin.,married,university.degree,no,yes,no,cellular,nov,thu,1,999,0,nonexistent,-0.1,93.2,-42.0,4.076,5195.8
56,retired,married,university.degree,no,yes,no,cellular,nov,wed,2,3,3,success,-3.4,92.649,-30.1,0.716,5017.5
75,retired,married,basic.4y,no,no,no,cellular,oct,wed,2,999,0,nonexistent,-3.4,92.431,-26.9,0.724,5017.5
33,admin.,single,university.degree,no,yes,no,telephone,aug,thu,2,999,0,nonexistent,1.4,93.444,-36.1,4.962,5228.1
34,blue-collar,married,basic.9y,unknown,yes,no,telephone,jun,thu,4,999,0,nonexistent,1.4,94.465,-41.8,4.961,5228.1
41,blue-collar,married,basic.9y,no,yes,no,cellular,may,wed,2,999,0,nonexistent,-1.8,92.893,-46.2,1.334,5099.1
24,technician,single,university.degree,no,yes,no,cellular,apr,thu,1,999,0,nonexistent,-1.8,93.075,-47.1,1.365,5099.1
34,admin.,married,university.degree,no,yes,yes,telephone,aug,thu,10,999,0,nonexistent,1.4,93.444,-36.1,4.962,5228.1
50,technician,single,professional.course,no,yes,yes,cellular,jun,thu,1,999,1,failure,-2.9,92.963,-40.8,1.26,5076.2
36,services,married,high.school,no,no,yes,telephone,may,tue,2,999,0,nonexistent,1.1,93.994,-36.4,4.857,5191.0
46,management,married,university.degree,no,no,no,cellular,may,mon,2,999,0,nonexistent,-1.8,92.893,-46.2,1.299,5099.1
30,admin.,single,university.degree,no,no,no,telephone,may,tue,1,999,0,nonexistent,1.1,93.994,-36.4,4.856,5191.0
47,services,married,high.school,unknown,yes,no,telephone,jun,fri,7,999,0,nonexistent,1.4,94.465,-41.8,4.959,5228.1
37,blue-collar,married,basic.4y,no,no,no,telephone,jun,fri,3,999,0,nonexistent,1.4,94.465,-41.8,4.967,5228.1
30,blue-collar,single,high.school,no,no,no,cellular,may,wed,1,999,1,failure,-1.8,92.893,-46.2,1.281,5099.1
46,blue-collar,married,professional.course,no,yes,no,cellular,may,wed,1,999,0,nonexistent,-1.8,93.876,-40.0,0.697,5008.7
30,blue-collar,married,basic.9y,no,no,yes,telephone,may,thu,2,999,0,nonexistent,1.1,93.994,-36.4,4.86,5191.0
54,blue-collar,married,basic.6y,unknown,yes,no,telephone,jul,tue,1,999,0,nonexistent,1.4,93.918,-42.7,4.955,5228.1
40,management,married,university.degree,no,no,no,telephone,jun,fri,1,999,0,nonexistent,1.4,94.465,-41.8,4.959,5228.1
54,admin.,divorced,university.degree,no,no,yes,cellular,aug,wed,1,999,0,nonexistent,1.4,93.444,-36.1,4.964,5228.1
30,admin.,single,high.school,no,no,no,cellular,may,wed,1,13,1,success,-1.8,93.876,-40.0,0.682,5008.7
43,blue-collar,divorced,basic.9y,unknown,no,no,cellular,jul,tue,4,999,0,nonexistent,1.4,93.918,-42.7,4.962,5228.1
49,self-employed,married,professional.course,no,unknown,unknown,telephone,may,thu,2,999,0,nonexistent,1.1,93.994,-36.4,4.86,5191.0
40,technician,married,professional.course,no,no,no,cellular,aug,tue,1,999,0,nonexistent,1.4,93.444,-36.1,4.968,5228.1
49,services,married,high.school,unknown,yes,no,cellular,jul,wed,1,999,0,nonexistent,1.4,93.918,-42.7,4.957,5228.1
36,blue-collar,single,high.school,no,no,no,telephone,jun,tue,1,999,0,nonexistent,1.4,94.465,-41.8,4.864,5228.1
39,technician,married,professional.course,no,yes,no,cellular,apr,thu,2,999,0,nonexistent,-1.8,93.075,-47.1,1.365,5099.1
38,unemployed,married,basic.9y,unknown,yes,no,telephone,jun,wed,3,999,0,nonexistent,1.4,94.465,-41.8,4.962,5228.1
33,blue-collar,single,high.school,no,yes,no,cellular,mar,wed,10,999,0,nonexistent,-1.8,92.843,-50.0,1.602,5099.1
36,admin.,divorced,university.degree,no,no,no,cellular,aug,tue,1,999,0,nonexistent,1.4,93.444,-36.1,4.966,5228.1
26,admin.,single,high.school,no,no,no,cellular,may,mon,2,999,0,nonexistent,-1.8,92.893,-46.2,1.299,5099.1
32,admin.,single,high.school,no,no,yes,telephone,nov,thu,1,999,0,nonexistent,-0.1,93.2,-42.0,4.076,5195.8
56,technician,married,professional.course,no,no,yes,telephone,may,fri,1,999,0,nonexistent,1.1,93.994,-36.4,4.859,5191.0
51,admin.,married,high.school,no,yes,no,cellular,may,fri,1,999,0,nonexistent,-1.8,92.893,-46.2,1.25,5099.1
36,blue-collar,married,basic.4y,unknown,yes,no,cellular,apr,thu,1,999,0,nonexistent,-1.8,93.075,-47.1,1.41,5099.1
35,services,married,high.school,unknown,no,no,telephone,may,fri,2,999,0,nonexistent,1.1,93.994,-36.4,4.859,5191.0
48,technician,married,high.school,no,yes,no,telephone,may,fri,1,999,0,nonexistent,1.1,93.994,-36.4,4.857,5191.0
32,admin.,married,university.degree,no,no,no,cellular,aug,tue,3,999,0,nonexistent,1.4,93.444,-36.1,4.966,5228.1
40,management,married,unknown,no,yes,no,cellular,nov,thu,1,999,1,failure,-0.1,93.2,-42.0,4.076,5195.8
30,management,married,university.degree,no,no,no,cellular,oct,tue,2,999,0,nonexistent,-3.4,92.431,-26.9,0.742,5017.5
46,technician,divorced,university.degree,no,no,no,telephone,jun,fri,3,999,0,nonexistent,1.4,94.465,-41.8,4.967,5228.1
39,admin.,single,unknown,no,yes,no,cellular,nov,fri,4,999,0,nonexistent,-0.1,93.2,-42.0,4.021,5195.8
54,blue-collar,married,basic.9y,no,no,no,telephone,may,wed,2,999,0,nonexistent,1.1,93.994,-36.4,4.859,5191.0
37,admin.,married,high.school,no,no,no,telephone,may,mon,2,999,0,nonexistent,-1.8,92.893,-46.2,1.299,5099.1
25,admin.,single,university.degree,no,yes,yes,cellular,oct,fri,1,999,1,failure,-3.4,92.431,-26.9,0.739,5017.5
40,management,married,high.school,no,no,no,cellular,may,fri,1,999,1,failure,-1.8,92.893,-46.2,1.259,5099.1
60,admin.,married,high.school,no,yes,no,telephone,may,fri,2,999,0,nonexistent,1.1,93.994,-36.4,4.864,5191.0
25,technician,single,professional.course,no,yes,yes,cellular,apr,thu,1,999,1,failure,-1.8,93.075,-47.1,1.365,5099.1
44,technician,divorced,university.degree,unknown,no,no,cellular,aug,tue,1,999,0,nonexistent,1.4,93.444,-36.1,4.968,5228.1
41,admin.,married,university.degree,no,no,no,cellular,nov,wed,1,999,1,failure,-0.1,93.2,-42.0,4.12,5195.8
29,admin.,single,high.school,no,yes,no,cellular,jul,fri,2,6,1,success,-1.7,94.215,-40.3,0.861,4991.6
29,technician,married,professional.course,no,yes,no,cellular,jul,wed,2,999,0,nonexistent,1.4,93.918,-42.7,4.962,5228.1
55,retired,married,basic.6y,unknown,yes,no,telephone,jul,tue,3,999,0,nonexistent,1.4,93.918,-42.7,4.962,5228.1
53,retired,married,basic.9y,unknown,yes,no,cellular,jul,fri,2,999,0,nonexistent,1.4,93.918,-42.7,4.963,5228.1
32,technician,married,professional.course,no,yes,no,cellular,may,mon,1,999,0,nonexistent,-1.8,92.893,-46.2,1.299,5099.1
26,technician,single,professional.course,no,yes,no,cellular,jun,wed,1,999,0,nonexistent,-2.9,92.963,-40.8,1.26,5076.2
34,blue-collar,married,basic.4y,no,no,no,telephone,jul,mon,4,999,0,nonexistent,1.4,93.918,-42.7,4.962,5228.1
38,admin.,single,university.degree,no,no,no,cellular,may,mon,4,999,0,nonexistent,-1.8,92.893,-46.2,1.244,5099.1
36,technician,married,university.degree,no,yes,no,telephone,jun,mon,1,999,0,nonexistent,1.4,94.465,-41.8,4.961,5228.1
57,retired,married,basic.6y,no,no,no,cellular,may,thu,3,999,1,failure,-1.8,92.893,-46.2,1.266,5099.1
38,blue-collar,married,unknown,no,no,no,cellular,jul,wed,1,999,0,nonexistent,1.4,93.918,-42.7,4.962,5228.1
49,technician,married,high.school,unknown,no,no,cellular,aug,fri,2,999,0,nonexistent,1.4,93.444,-36.1,4.963,5228.1
46,technician,divorced,professional.course,no,yes,no,cellular,jul,tue,5,999,0,nonexistent,1.4,93.918,-42.7,4.961,5228.1
29,blue-collar,single,basic.9y,no,no,no,telephone,may,fri,14,999,0,nonexistent,1.1,93.994,-36.4,4.864,5191.0
32,admin.,married,professional.course,no,yes,no,telephone,jul,wed,2,999,0,nonexistent,1.4,93.918,-42.7,4.963,5228.1
45,technician,divorced,professional.course,no,yes,yes,cellular,nov,tue,1,999,0,nonexistent,-0.1,93.2,-42.0,4.153,5195.8
31,blue-collar,married,basic.6y,no,yes,no,cellular,jul,tue,4,999,0,nonexistent,1.4,93.918,-42.7,4.961,5228.1
39,services,married,high.school,unknown,no,yes,telephone,may,fri,3,999,0,nonexistent,1.1,93.994,-36.4,4.855,5191.0
33,admin.,married,high.school,no,no,yes,cellular,may,thu,1,999,1,failure,-1.8,92.893,-46.2,1.327,5099.1
34,entrepreneur,married,professional.course,no,no,no,telephone,aug,tue,1,999,0,nonexistent,-1.7,94.027,-38.3,0.895,4991.6
32,technician,married,professional.course,no,yes,no,telephone,jun,tue,10,999,0,nonexistent,1.4,94.465,-41.8,4.864,5228.1
32,blue-collar,single,basic.9y,no,no,no,cellular,may,thu,2,999,0,nonexistent,-1.8,92.893,-46.2,1.266,5099.1
38,technician,single,professional.course,no,yes,no,cellular,aug,tue,4,999,0,nonexistent,1.4,93.444,-36.1,4.963,5228.1
52,services,married,high.school,no,yes,no,cellular,aug,tue,5,999,0,nonexistent,1.4,93.444,-36.1,4.963,5228.1
33,admin.,married,high.school,no,no,yes,telephone,may,mon,1,999,0,nonexistent,1.1,93.994,-36.4,4.857,5191.0
30,admin.,single,university.degree,no,yes,no,cellular,jun,wed,2,999,0,nonexistent,-2.9,92.963,-40.8,1.26,5076.2
37,admin.,single,high.school,no,yes,no,telephone,may,fri,6,999,1,failure,-1.8,92.893,-46.2,1.25,5099.1
26,services,single,high.school,no,no,no,cellular,jul,tue,2,999,0,nonexistent,-2.9,92.469,-33.6,1.044,5076.2
41,services,single,high.school,no,no,no,cellular,may,fri,2,999,0,nonexistent,-1.8,92.893,-46.2,1.313,5099.1
41,blue-collar,divorced,basic.4y,no,yes,no,cellular,apr,thu,3,999,1,failure,-1.8,93.075,-47.1,1.41,5099.1
22,unemployed,single,high.school,no,yes,no,cellular,jul,thu,3,999,0,nonexistent,1.4,93.918,-42.7,4.968,5228.1
33,blue-collar,married,basic.9y,unknown,no,no,cellular,may,wed,2,999,0,nonexistent,-1.8,92.893,-46.2,1.334,5099.1
32,admin.,single,university.degree,no,yes,yes,cellular,apr,fri,5,6,1,success,-1.8,93.749,-34.6,0.645,5008.7
52,services,married,professional.course,unknown,yes,yes,cellular,aug,mon,3,999,0,nonexistent,1.4,93.444,-36.1,4.965,5228.1
24,student,single,high.school,no,yes,yes,cellular,jul,tue,3,999,1,failure,-1.7,94.215,-40.3,0.835,4991.6
57,technician,married,professional.course,no,yes,no,cellular,nov,fri,2,999,0,nonexistent,-0.1,93.2,-42.0,4.021,5195.8
31,admin.,single,university.degree,no,yes,no,telephone,may,mon,2,999,0,nonexistent,1.1,93.994,-36.4,4.857,5191.0
31,services,married,high.school,unknown,no,no,telephone,may,wed,2,999,0,nonexistent,1.1,93.994,-36.4,4.857,5191.0
28,admin.,single,high.school,no,no,no,telephone,may,mon,4,999,0,nonexistent,1.1,93.994,-36.4,4.858,5191.0
39,admin.,married,university.degree,no,yes,no,telephone,jun,tue,12,999,0,nonexistent,1.4,94.465,-41.8,4.864,5228.1
43,blue-collar,married,basic.6y,no,no,no,cellular,jul,tue,2,999,0,nonexistent,1.4,93.918,-42.7,4.961,5228.1
32,technician,single,university.degree,no,no,no,cellular,apr,tue,4,999,0,nonexistent,-1.8,93.075,-47.1,1.453,5099.1
55,blue-collar,married,basic.4y,unknown,no,no,cellular,aug,mon,4,999,0,nonexistent,1.4,93.444,-36.1,4.963,5228.1
52,management,married,university.degree,no,yes,no,cellular,nov,tue,1,999,0,nonexistent,-0.1,93.2,-42.0,4.153,5195.8
30,technician,married,university.degree,no,yes,yes,cellular,jul,mon,4,999,0,nonexistent,-1.7,94.215,-40.3,0.87,4991.6
36,admin.,married,university.degree,no,no,no,cellular,jul,mon,6,999,0,nonexistent,1.4,93.918,-42.7,4.96,5228.1
49,technician,married,basic.9y,no,no,no,telephone,may,mon,1,999,0,nonexistent,1.1,93.994,-36.4,4.857,5191.0
32,admin.,single,university.degree,no,no,no,telephone,may,thu,1,999,0,nonexistent,1.1,93.994,-36.4,4.86,5191.0
44,technician,divorced,high.school,no,no,no,telephone,may,thu,1,999,0,nonexistent,1.1,93.994,-36.4,4.855,5191.0
35,blue-collar,married,basic.9y,no,no,no,telephone,may,wed,6,999,0,nonexistent,1.1,93.994,-36.4,4.857,5191.0
33,technician,divorced,high.school,no,yes,no,cellular,may,tue,1,999,1,failure,-1.8,92.893,-46.2,1.291,5099.1
37,technician,married,professional.course,no,yes,no,cellular,aug,wed,1,999,0,nonexistent,1.4,93.444,-36.1,4.964,5228.1
45,admin.,married,unknown,no,no,no,telephone,jun,tue,6,999,0,nonexistent,1.4,94.465,-41.8,4.864,5228.1
59,retired,divorced,university.degree,unknown,unknown,unknown,cellular,jul,wed,1,999,0,nonexistent,1.4,93.918,-42.7,4.962,5228.1
43,admin.,single,high.school,no,no,yes,telephone,jun,tue,2,999,0,nonexistent,1.4,94.465,-41.8,4.961,5228.1
54,management,divorced,university.degree,no,yes,no,telephone,may,mon,2,999,0,nonexistent,1.1,93.994,-36.4,4.857,5191.0
45,housemaid,married,basic.4y,unknown,no,no,cellular,aug,tue,1,999,0,nonexistent,1.4,93.444,-36.1,4.968,5228.1
54,admin.,married,high.school,no,no,no,cellular,aug,wed,10,999,0,nonexistent,1.4,93.444,-36.1,4.964,5228.1
34,management,married,university.degree,no,no,no,cellular,nov,fri,1,999,0,nonexistent,-0.1,93.2,-42.0,4.021,5195.8
36,technician,divorced,professional.course,no,yes,no,telephone,may,wed,2,999,0,nonexistent,1.1,93.994,-36.4,4.858,5191.0
26,blue-collar,single,basic.9y,unknown,no,yes,telephone,jun,fri,14,999,0,nonexistent,1.4,94.465,-41.8,4.959,5228.1
39,technician,single,professional.course,unknown,no,no,telephone,jun,thu,1,999,0,nonexistent,1.4,94.465,-41.8,4.961,5228.1
35,admin.,married,university.degree,no,yes,no,cellular,may,wed,2,999,1,failure,-1.8,92.893,-46.2,1.334,5099.1
40,services,single,high.school,no,no,no,cellular,apr,mon,1,999,0,nonexistent,-1.8,93.075,-47.1,1.466,5099.1
45,technician,single,university.degree,no,yes,no,cellular,nov,fri,1,999,1,failure,-0.1,93.2,-42.0,4.021,5195.8
35,management,single,university.degree,no,yes,no,telephone,jun,mon,21,999,0,nonexistent,1.4,94.465,-41.8,4.865,5228.1
44,blue-collar,married,basic.6y,no,no,yes,cellular,nov,fri,3,999,0,nonexistent,-0.1,93.2,-42.0,4.021,5195.8
78,retired,married,basic.4y,no,yes,no,telephone,apr,tue,2,999,0,nonexistent,-1.8,93.075,-47.1,1.405,5099.1
37,technician,single,university.degree,no,yes,no,cellular,apr,mon,2,999,0,nonexistent,-1.8,93.075,-47.1,1.405,5099.1
28,admin.,married,university.degree,no,yes,no,cellular,apr,wed,1,999,0,nonexistent,-1.8,93.075,-47.1,1.445,5099.1
36,admin.,divorced,high.school,no,yes,no,telephone,may,tue,2,999,0,nonexistent,-1.8,92.893,-46.2,1.344,5099.1
33,technician,single,university.degree,no,yes,no,cellular,aug,tue,1,999,0,nonexistent,1.4,93.444,-36.1,4.963,5228.1
55,technician,married,professional.course,no,no,yes,cellular,may,fri,3,999,1,failure,-1.8,92.893,-46.2,1.25,5099.1
32,services,divorced,high.school,no,yes,no,cellular,nov,tue,2,999,1,failure,-0.1,93.2,-42.0,4.153,5195.8
52,management,divorced,university.degree,no,yes,yes,telephone,jun,thu,1,999,0,nonexistent,1.4,94.465,-41.8,4.866,5228.1
58,retired,married,basic.4y,unknown,yes,no,cellular,jul,wed,1,999,0,nonexistent,1.4,93.918,-42.7,4.963,5228.1
45,management,married,university.degree,no,yes,no,cellular,jul,thu,1,999,0,nonexistent,1.4,93.918,-42.7,4.968,5228.1
35,blue-collar,married,professional.course,no,yes,no,cellular,jul,mon,5,999,0,nonexistent,1.4,93.918,-42.7,4.96,5228.1
56,technician,married,university.degree,unknown,yes,no,telephone,may,tue,3,999,0,nonexistent,1.1,93.994,-36.4,4.857,5191.0
30,student,single,professional.course,no,yes,no,cellular,jul,wed,4,999,2,failure,-1.7,94.215,-40.3,0.84,4991.6
26,admin.,single,university.degree,no,yes,no,cellular,jul,wed,1,999,0,nonexistent,-2.9,92.469,-33.6,1.029,5076.2
38,technician,married,professional.course,no,yes,no,telephone,may,tue,2,999,0,nonexistent,1.1,93.994,-36.4,4.857,5191.0
32,blue-collar,married,basic.9y,no,no,no,cellular,apr,thu,1,5,1,success,-1.8,93.075,-47.1,1.41,5099.1
30,services,married,university.degree,no,yes,no,telephone,jun,mon,4,999,0,nonexistent,1.4,94.465,-41.8,4.96,5228.1
52,management,divorced,university.degree,no,no,no,cellular,nov,mon,1,999,0,nonexistent,-0.1,93.2,-42.0,4.191,5195.8
50,admin.,married,high.school,no,no,yes,telephone,jun,fri,1,999,0,nonexistent,1.4,94.465,-41.8,4.967,5228.1
30,services,married,basic.9y,unknown,no,no,cellular,nov,mon,1,999,0,nonexistent,-0.1,93.2,-42.0,4.191,5195.8
35,technician,single,professional.course,no,yes,yes,cellular,aug,thu,1,999,0,nonexistent,1.4,93.444,-36.1,4.964,5228.1
33,admin.,divorced,high.school,no,yes,no,telephone,may,tue,2,999,0,nonexistent,1.1,93.994,-36.4,4.857,5191.0
60,housemaid,married,illiterate,unknown,yes,no,cellular,jul,tue,7,999,0,nonexistent,1.4,93.918,-42.7,4.961,5228.1
54,management,married,high.school,unknown,yes,no,telephone,may,wed,1,999,0,nonexistent,1.1,93.994,-36.4,4.856,5191.0
26,admin.,single,high.school,no,yes,no,cellular,jul,fri,1,999,1,failure,-1.7,94.215,-40.3,0.885,4991.6
35,blue-collar,single,basic.9y,no,yes,no,cellular,jul,wed,1,999,0,nonexistent,1.4,93.918,-42.7,4.957,5228.1
50,admin.,divorced,university.degree,no,no,no,cellular,aug,tue,1,999,0,nonexistent,1.4,93.444,-36.1,4.965,5228.1
39,blue-collar,married,basic.9y,no,no,no,cellular,apr,fri,2,999,0,nonexistent,-1.8,93.075,-47.1,1.405,5099.1
30,technician,single,university.degree,unknown,no,no,telephone,may,wed,4,999,0,nonexistent,1.1,93.994,-36.4,4.857,5191.0
44,technician,single,professional.course,no,no,no,cellular,apr,wed,1,999,0,nonexistent,-1.8,93.075,-47.1,1.415,5099.1
60,management,married,university.degree,no,yes,no,cellular,aug,fri,4,999,0,nonexistent,1.4,93.444,-36.1,4.964,5228.1
45,blue-collar,married,basic.4y,unknown,no,no,telephone,may,tue,1,999,0,nonexistent,1.1,93.994,-36.4,4.857,5191.0
37,blue-collar,married,basic.6y,no,no,no,cellular,may,mon,1,999,0,nonexistent,-1.8,92.893,-46.2,1.299,5099.1
29,entrepreneur,single,university.degree,no,yes,yes,cellular,apr,fri,1,999,1,failure,-1.8,93.075,-47.1,1.405,5099.1
30,technician,married,university.degree,no,no,no,cellular,aug,thu,2,999,0,nonexistent,1.4,93.444,-36.1,4.962,5228.1
36,technician,married,professional.course,no,no,no,telephone,may,fri,1,999,0,nonexistent,1.1,93.994,-36.4,4.855,5191.0
46,admin.,married,basic.6y,no,yes,no,cellular,apr,thu,1,999,0,nonexistent,-1.8,93.075,-47.1,1.365,5099.1
42,admin.,married,university.degree,unknown,yes,no,telephone,jun,thu,2,999,0,nonexistent,1.4,94.465,-41.8,4.866,5228.1
25,management,married,university.degree,no,yes,no,telephone,nov,wed,1,999,0,nonexistent,-0.1,93.2,-42.0,4.663,5195.8
39,blue-collar,married,basic.9y,unknown,no,no,telephone,jun,fri,3,999,0,nonexistent,1.4,94.465,-41.8,4.967,5228.1
45,blue-collar,married,basic.4y,unknown,yes,no,cellular,aug,wed,6,999,0,nonexistent,1.4,93.444,-36.1,4.964,5228.1
43,blue-collar,married,basic.6y,no,no,yes,cellular,may,fri,3,999,0,nonexistent,-1.8,92.893,-46.2,1.313,5099.1
50,management,single,university.degree,no,yes,no,cellular,nov,tue,2,999,1,failure,-0.1,93.2,-42.0,4.153,5195.8
46,admin.,married,university.degree,no,no,no,cellular,aug,wed,1,999,0,nonexistent,1.4,93.444,-36.1,4.967,5228.1
35,services,married,high.school,unknown,no,no,telephone,may,thu,1,999,0,nonexistent,1.1,93.994,-36.4,4.86,5191.0
31,admin.,single,basic.9y,unknown,yes,no,cellular,jul,tue,1,999,0,nonexistent,1.4,93.918,-42.7,4.962,5228.1
35,technician,single,high.school,no,yes,no,telephone,jun,thu,2,999,0,nonexistent,1.4,94.465,-41.8,4.866,5228.1
28,admin.,married,university.degree,no,no,no,telephone,may,fri,3,999,0,nonexistent,1.1,93.994,-36.4,4.859,5191.0
34,admin.,married,university.degree,no,no,no,cellular,nov,fri,1,999,0,nonexistent,-0.1,93.2,-42.0,4.021,5195.8
49,technician,married,high.school,no,yes,no,cellular,may,mon,1,999,0,nonexistent,-1.8,92.893,-46.2,1.354,5099.1
36,blue-collar,married,high.school,no,yes,yes,telephone,may,thu,6,999,0,nonexistent,1.1,93.994,-36.4,4.86,5191.0
38,technician,single,university.degree,no,yes,no,cellular,jul,tue,1,999,0,nonexistent,-2.9,92.469,-33.6,1.044,5076.2
48,admin.,divorced,high.school,no,yes,no,cellular,nov,mon,1,999,0,nonexistent,-0.1,93.2,-42.0,4.191,5195.8
33,blue-collar,married,basic.6y,unknown,yes,yes,cellular,may,fri,4,999,1,failure,-1.8,92.893,-46.2,1.25,5099.1
31,technician,married,professional.course,no,yes,no,cellular,aug,wed,1,999,0,nonexistent,1.4,93.444,-36.1,4.965,5228.1
38,admin.,married,high.school,no,yes,no,cellular,jul,mon,2,999,0,nonexistent,1.4,93.918,-42.7,4.962,5228.1
33,admin.,single,university.degree,no,no,no,cellular,aug,wed,4,999,0,nonexistent,1.4,93.444,-36.1,4.964,5228.1
52,admin.,divorced,university.degree,no,yes,no,cellular,nov,tue,1,3,2,success,-3.4,92.649,-30.1,0.715,5017.5
41,technician,married,professional.course,no,no,no,cellular,jun,tue,2,999,0,nonexistent,-2.9,92.963,-40.8,1.262,5076.2
25,blue-collar,married,high.school,no,no,no,telephone,jul,wed,1,999,0,nonexistent,1.4,93.918,-42.7,4.963,5228.1
30,admin.,single,university.degree,no,yes,no,cellular,jun,thu,1,3,2,success,-2.9,92.963,-40.8,1.26,5076.2
33,blue-collar,single,basic.9y,no,no,no,telephone,jun,mon,2,999,0,nonexistent,1.4,94.465,-41.8,4.96,5228.1
50,entrepreneur,married,university.degree,no,yes,no,cellular,jul,mon,2,999,0,nonexistent,1.4,93.918,-42.7,4.96,5228.1
40,blue-collar,married,basic.9y,unknown,no,no,telephone,may,wed,1,999,0,nonexistent,1.1,93.994,-36.4,4.858,5191.0
37,entrepreneur,married,university.degree,no,yes,no,cellular,jul,mon,1,999,0,nonexistent,1.4,93.918,-42.7,4.96,5228.1
30,admin.,divorced,high.school,no,no,no,cellular,nov,wed,2,999,1,failure,-0.1,93.2,-42.0,4.12,5195.8
35,admin.,single,high.school,no,no,no,telephone,may,wed,1,999,0,nonexistent,1.1,93.994,-36.4,4.856,5191.0
54,blue-collar,married,basic.9y,no,yes,no,cellular,aug,mon,1,999,0,nonexistent,1.4,93.444,-36.1,4.963,5228.1
29,blue-collar,single,basic.9y,no,no,no,cellular,jul,fri,2,999,0,nonexistent,1.4,93.918,-42.7,4.963,5228.1
50,blue-collar,married,basic.9y,unknown,no,no,cellular,aug,thu,1,999,0,nonexistent,1.4,93.444,-36.1,4.968,5228.1
30,admin.,married,university.degree,unknown,yes,no,cellular,aug,mon,2,999,0,nonexistent,1.4,93.444,-36.1,4.963,5228.1
35,unemployed,married,basic.9y,unknown,no,no,telephone,may,fri,2,999,0,nonexistent,1.1,93.994,-36.4,4.855,5191.0
28,blue-collar,married,basic.4y,no,no,no,telephone,may,thu,3,999,0,nonexistent,1.1,93.994,-36.4,4.86,5191.0
59,blue-collar,married,basic.4y,unknown,no,no,cellular,aug,wed,4,999,0,nonexistent,1.4,93.444,-36.1,4.965,5228.1
28,blue-collar,single,basic.9y,no,no,no,cellular,may,fri,3,999,1,failure,-1.8,92.893,-46.2,1.313,5099.1
39,technician,married,professional.course,no,yes,no,cellular,aug,mon,1,4,1,success,-2.9,92.201,-31.4,0.884,5076.2
36,admin.,married,university.degree,no,yes,no,cellular,nov,fri,1,999,0,nonexistent,-0.1,93.2,-42.0,4.021,5195.8
46,admin.,married,high.school,no,yes,no,cellular,aug,tue,3,999,0,nonexistent,1.4,93.444,-36.1,4.966,5228.1
43,entrepreneur,married,high.school,no,yes,no,cellular,jul,thu,1,999,0,nonexistent,1.4,93.918,-42.7,4.962,5228.1
59,retired,married,university.degree,no,no,no,telephone,may,fri,1,999,0,nonexistent,1.1,93.994,-36.4,4.857,5191.0
41,blue-collar,married,basic.9y,no,no,no,cellular,may,fri,1,999,0,nonexistent,-1.8,92.893,-46.2,1.313,5099.1
32,technician,married,basic.9y,no,yes,no,telephone,jul,fri,2,999,0,nonexistent,1.4,93.918,-42.7,4.963,5228.1
51,technician,married,professional.course,unknown,no,yes,cellular,aug,thu,1,999,0,nonexistent,1.4,93.444,-36.1,4.963,5228.1
56,entrepreneur,married,university.degree,no,yes,no,telephone,apr,thu,1,999,0,nonexistent,-1.8,93.075,-47.1,1.365,5099.1
44,services,divorced,high.school,unknown,yes,no,telephone,may,fri,2,999,0,nonexistent,1.1,93.994,-36.4,4.855,5191.0
31,services,married,high.school,no,yes,no,telephone,jun,fri,2,999,0,nonexistent,1.4,94.465,-41.8,4.967,5228.1
27,unknown,single,high.school,unknown,yes,yes,cellular,may,mon,1,999,1,failure,-1.8,92.893,-46.2,1.299,5099.1
34,admin.,single,university.degree,no,yes,no,cellular,aug,mon,1,999,0,nonexistent,1.4,93.444,-36.1,4.965,5228.1
41,housemaid,married,high.school,no,no,yes,telephone,jul,tue,1,999,0,nonexistent,1.4,93.918,-42.7,4.955,5228.1
53,self-employed,married,basic.4y,no,no,no,telephone,may,tue,1,999,0,nonexistent,1.1,93.994,-36.4,4.856,5191.0
36,blue-collar,married,basic.9y,no,no,no,cellular,jul,wed,1,999,0,nonexistent,1.4,93.918,-42.7,4.963,5228.1
44,admin.,married,university.degree,unknown,no,yes,cellular,aug,wed,1,999,0,nonexistent,1.4,93.444,-36.1,4.965,5228.1
38,technician,married,professional.course,no,yes,no,cellular,nov,wed,1,999,0,nonexistent,-0.1,93.2,-42.0,4.12,5195.8
42,blue-collar,married,basic.9y,no,no,no,cellular,jul,tue,1,999,0,nonexistent,1.4,93.918,-42.7,4.962,5228.1
57,blue-collar,married,basic.6y,unknown,yes,no,cellular,may,tue,4,999,0,nonexistent,-1.8,92.893,-46.2,1.291,5099.1
57,admin.,married,high.school,unknown,yes,no,cellular,aug,mon,1,999,0,nonexistent,1.4,93.444,-36.1,4.97,5228.1
40,admin.,divorced,university.degree,no,no,yes,cellular,aug,wed,1,999,0,nonexistent,1.4,93.444,-36.1,4.967,5228.1
22,blue-collar,married,basic.9y,no,no,no,cellular,jul,fri,2,999,0,nonexistent,1.4,93.918,-42.7,4.963,5228.1
38,entrepreneur,married,professional.course,no,yes,no,cellular,jul,mon,2,999,0,nonexistent,1.4,93.918,-42.7,4.96,5228.1
38,technician,married,professional.course,no,yes,no,telephone,jun,fri,4,999,0,nonexistent,1.4,94.465,-41.8,4.967,5228.1
44,housemaid,married,high.school,no,no,no,cellular,nov,fri,6,999,1,failure,-0.1,93.2,-42.0,4.021,5195.8
32,technician,single,professional.course,no,yes,no,cellular,nov,fri,3,999,0,nonexistent,-0.1,93.2,-42.0,4.021,5195.8
38,admin.,married,university.degree,no,yes,no,cellular,jul,mon,3,999,0,nonexistent,1.4,93.918,-42.7,4.962,5228.1
46,services,married,basic.6y,no,yes,no,telephone,may,mon,5,999,0,nonexistent,-1.8,92.893,-46.2,1.354,5099.1
46,management,married,university.degree,no,no,no,cellular,apr,thu,1,999,0,nonexistent,-1.8,93.075,-47.1,1.483,5099.1
45,admin.,single,professional.course,no,no,no,telephone,may,tue,4,999,0,nonexistent,1.1,93.994,-36.4,4.857,5191.0
31,blue-collar,married,basic.6y,unknown,yes,no,telephone,may,wed,2,999,0,nonexistent,1.1,93.994,-36.4,4.859,5191.0
29,blue-collar,single,high.school,unknown,no,no,telephone,jun,mon,2,999,0,nonexistent,1.4,94.465,-41.8,4.961,5228.1
49,blue-collar,divorced,unknown,unknown,yes,no,cellular,jul,wed,2,999,0,nonexistent,1.4,93.918,-42.7,4.957,5228.1
31,admin.,married,university.degree,no,unknown,unknown,cellular,aug,wed,1,999,0,nonexistent,1.4,93.444,-36.1,4.967,5228.1
18,student,single,unknown,no,yes,yes,telephone,aug,wed,1,999,0,nonexistent,-1.7,94.027,-38.3,0.9,4991.6
45,blue-collar,married,basic.4y,unknown,no,yes,telephone,may,thu,1,999,0,nonexistent,1.1,93.994,-36.4,4.855,5191.0
47,technician,divorced,high.school,no,yes,no,cellular,aug,wed,3,999,0,nonexistent,1.4,93.444,-36.1,4.964,5228.1
43,management,married,university.degree,unknown,yes,yes,cellular,apr,fri,1,999,0,nonexistent,-1.8,93.075,-47.1,1.405,5099.1
60,retired,divorced,high.school,no,no,no,cellular,sep,wed,2,999,2,failure,-3.4,92.379,-29.8,0.768,5017.5
39,technician,single,university.degree,no,no,no,cellular,aug,thu,1,999,0,nonexistent,1.4,93.444,-36.1,4.968,5228.1
34,management,married,professional.course,unknown,no,no,telephone,may,mon,2,999,0,nonexistent,1.1,93.994,-36.4,4.857,5191.0
39,admin.,single,unknown,no,no,no,telephone,may,thu,3,999,0,nonexistent,1.1,93.994,-36.4,4.855,5191.0
23,admin.,single,professional.course,no,no,no,cellular,jul,wed,1,999,0,nonexistent,1.4,93.918,-42.7,4.963,5228.1
34,unemployed,single,university.degree,no,no,no,cellular,aug,wed,1,999,0,nonexistent,-2.9,92.201,-31.4,0.854,5076.2
58,unemployed,divorced,basic.9y,no,yes,no,telephone,oct,wed,1,999,0,nonexistent,-3.4,92.431,-26.9,0.724,5017.5
28,self-employed,single,university.degree,no,no,no,telephone,may,tue,2,999,0,nonexistent,1.1,93.994,-36.4,4.857,5191.0
31,blue-collar,married,basic.9y,no,no,no,telephone,jun,tue,2,999,0,nonexistent,1.4,94.465,-41.8,4.864,5228.1
43,unemployed,single,university.degree,no,no,no,telephone,may,mon,4,999,0,nonexistent,1.1,93.994,-36.4,4.857,5191.0
41,blue-collar,married,basic.4y,unknown,yes,no,telephone,may,tue,1,999,0,nonexistent,1.1,93.994,-36.4,4.856,5191.0
49,blue-collar,married,basic.9y,no,no,no,cellular,may,fri,2,9,2,failure,-1.8,92.893,-46.2,1.25,5099.1
48,blue-collar,married,basic.4y,unknown,yes,no,cellular,apr,thu,2,5,3,failure,-1.8,93.075,-47.1,1.435,5099.1
47,housemaid,married,basic.4y,unknown,yes,no,telephone,jul,mon,1,999,0,nonexistent,1.4,93.918,-42.7,4.962,5228.1
28,services,single,high.school,no,yes,no,cellular,jul,wed,1,999,0,nonexistent,1.4,93.918,-42.7,4.962,5228.1
30,technician,married,professional.course,no,yes,no,cellular,oct,tue,1,999,1,failure,-3.4,92.431,-26.9,0.737,5017.5
42,blue-collar,married,basic.6y,no,no,no,telephone,may,mon,3,999,0,nonexistent,1.1,93.994,-36.4,4.857,5191.0
31,blue-collar,married,basic.9y,no,yes,yes,cellular,jul,mon,3,999,0,nonexistent,1.4,93.918,-42.7,4.96,5228.1
55,services,married,basic.6y,unknown,yes,no,cellular,jul,tue,6,999,0,nonexistent,1.4,93.918,-42.7,4.962,5228.1
32,student,married,professional.course,no,yes,no,cellular,aug,mon,2,999,0,nonexistent,-2.9,92.201,-31.4,0.884,5076.2
47,blue-collar,married,basic.4y,unknown,no,no,cellular,aug,mon,2,999,0,nonexistent,1.4,93.444,-36.1,4.963,5228.1
46,blue-collar,married,basic.9y,no,yes,no,telephone,may,mon,5,999,0,nonexistent,1.1,93.994,-36.4,4.858,5191.0
52,admin.,married,university.degree,no,no,yes,cellular,may,mon,2,999,0,nonexistent,-1.8,92.893,-46.2,1.354,5099.1
52,self-employed,married,professional.course,unknown,no,yes,telephone,jun,wed,1,999,0,nonexistent,1.4,94.465,-41.8,4.962,5228.1
43,self-employed,divorced,university.degree,no,no,no,cellular,aug,mon,1,999,1,failure,-2.9,92.201,-31.4,0.884,5076.2
52,retired,married,university.degree,no,yes,yes,telephone,nov,mon,3,999,0,nonexistent,-0.1,93.2,-42.0,4.191,5195.8
27,services,single,high.school,no,no,no,cellular,jul,mon,2,999,0,nonexistent,1.4,93.918,-42.7,4.962,5228.1
34,technician,married,basic.9y,no,yes,no,cellular,nov,fri,2,999,2,failure,-3.4,92.649,-30.1,0.716,5017.5
41,services,married,basic.6y,unknown,yes,no,telephone,may,mon,2,999,0,nonexistent,1.1,93.994,-36.4,4.857,5191.0
37,blue-collar,married,basic.9y,no,yes,no,cellular,jul,fri,1,999,0,nonexistent,1.4,93.918,-42.7,4.963,5228.1
33,management,married,university.degree,no,yes,no,telephone,jun,fri,5,999,0,nonexistent,1.4,94.465,-41.8,4.959,5228.1
55,admin.,married,high.school,no,yes,no,telephone,may,wed,1,999,0,nonexistent,1.1,93.994,-36.4,4.858,5191.0
31,admin.,married,high.school,no,yes,no,cellular,may,tue,2,999,1,failure,-1.8,92.893,-46.2,1.266,5099.1
31,unemployed,single,professional.course,no,yes,no,cellular,nov,thu,1,999,0,nonexistent,-0.1,93.2,-42.0,4.076,5195.8
27,blue-collar,single,high.school,no,yes,no,cellular,jul,wed,1,999,0,nonexistent,1.4,93.918,-42.7,4.963,5228.1
41,management,married,university.degree,no,yes,no,cellular,may,fri,2,999,0,nonexistent,-1.8,92.893,-46.2,1.25,5099.1
45,self-employed,married,high.school,no,no,no,cellular,may,fri,1,999,1,failure,-1.8,93.876,-40.0,0.695,5008.7
28,self-employed,single,university.degree,no,no,no,cellular,jun,mon,2,999,0,nonexistent,-2.9,92.963,-40.8,1.266,5076.2
32,technician,married,professional.course,no,yes,yes,telephone,nov,wed,3,999,1,failure,-0.1,93.2,-42.0,4.12,5195.8
37,blue-collar,married,basic.9y,unknown,yes,no,cellular,jul,thu,1,999,0,nonexistent,1.4,93.918,-42.7,4.958,5228.1
39,blue-collar,married,unknown,unknown,yes,no,cellular,jul,wed,3,999,0,nonexistent,1.4,93.918,-42.7,4.963,5228.1
44,technician,married,professional.course,unknown,no,no,telephone,jun,fri,1,999,0,nonexistent,1.4,94.465,-41.8,4.967,5228.1
25,student,single,high.school,no,no,no,cellular,nov,thu,1,999,0,nonexistent,-1.1,94.767,-50.8,1.041,4963.6
32,admin.,married,basic.6y,no,no,no,telephone,may,thu,1,999,0,nonexistent,1.1,93.994,-36.4,4.855,5191.0
45,blue-collar,divorced,basic.4y,no,yes,no,cellular,jul,wed,1,999,0,nonexistent,1.4,93.918,-42.7,4.962,5228.1
60,retired,divorced,basic.4y,no,yes,no,cellular,oct,thu,1,999,0,nonexistent,-3.4,92.431,-26.9,0.722,5017.5
34,housemaid,single,university.degree,no,no,no,telephone,may,fri,2,999,0,nonexistent,1.1,93.994,-36.4,4.864,5191.0
36,services,married,high.school,unknown,no,no,cellular,may,fri,1,999,0,nonexistent,-1.8,92.893,-46.2,1.313,5099.1
55,unemployed,married,basic.4y,no,yes,no,telephone,sep,tue,1,999,0,nonexistent,-1.1,94.199,-37.5,0.879,4963.6
32,blue-collar,single,basic.6y,unknown,no,no,cellular,may,fri,6,999,0,nonexistent,-1.8,92.893,-46.2,1.25,5099.1
53,admin.,single,high.school,no,yes,no,cellular,may,tue,2,999,2,failure,-1.8,92.893,-46.2,1.344,5099.1
53,self-employed,married,university.degree,no,yes,no,cellular,jul,mon,3,999,0,nonexistent,1.4,93.918,-42.7,4.962,5228.1
49,unknown,married,high.school,unknown,no,yes,cellular,aug,tue,2,999,0,nonexistent,1.4,93.444,-36.1,4.963,5228.1
24,student,single,professional.course,no,no,yes,cellular,oct,tue,3,999,2,failure,-1.1,94.601,-49.5,1.008,4963.6
59,retired,married,basic.9y,unknown,no,no,telephone,may,mon,2,999,0,nonexistent,1.1,93.994,-36.4,4.858,5191.0
29,technician,single,high.school,no,no,no,cellular,aug,tue,1,999,0,nonexistent,1.4,93.444,-36.1,4.966,5228.1
35,blue-collar,married,basic.9y,no,yes,no,cellular,jul,thu,3,999,0,nonexistent,1.4,93.918,-42.7,4.958,5228.1
48,housemaid,divorced,basic.4y,no,yes,no,cellular,jul,tue,2,999,0,nonexistent,1.4,93.918,-42.7,4.961,5228.1
33,blue-collar,married,high.school,unknown,yes,yes,cellular,may,mon,2,999,1,failure,-1.8,92.893,-46.2,1.354,5099.1
33,services,divorced,high.school,no,yes,no,cellular,nov,wed,1,999,1,failure,-0.1,93.2,-42.0,4.12,5195.8
24,technician,single,basic.6y,no,yes,yes,cellular,jul,thu,8,999,0,nonexistent,1.4,93.918,-42.7,4.958,5228.1
42,blue-collar,married,basic.9y,unknown,yes,no,telephone,may,thu,1,999,0,nonexistent,1.1,93.994,-36.4,4.855,5191.0
42,housemaid,married,university.degree,no,no,no,cellular,nov,mon,1,999,0,nonexistent,-0.1,93.2,-42.0,4.191,5195.8
31,admin.,married,university.degree,no,yes,no,cellular,oct,thu,1,999,0,nonexistent,-3.4,92.431,-26.9,0.754,5017.5
49,blue-collar,divorced,basic.4y,unknown,no,no,cellular,apr,wed,1,999,0,nonexistent,-1.8,93.075,-47.1,1.445,5099.1
35,blue-collar,single,basic.9y,no,no,yes,cellular,jul,tue,3,999,0,nonexistent,1.4,93.918,-42.7,4.961,5228.1
34,management,married,university.degree,no,yes,no,telephone,may,thu,1,999,0,nonexistent,1.1,93.994,-36.4,4.86,5191.0
36,technician,married,unknown,no,no,no,telephone,may,tue,2,999,0,nonexistent,1.1,93.994,-36.4,4.857,5191.0
28,blue-collar,single,basic.9y,no,yes,no,cellular,may,thu,2,999,0,nonexistent,-1.8,92.893,-46.2,1.266,5099.1
41,blue-collar,married,basic.6y,no,yes,no,cellular,may,fri,1,999,0,nonexistent,-1.8,92.893,-46.2,1.25,5099.1
38,technician,single,university.degree,no,yes,no,cellular,aug,fri,1,999,0,nonexistent,1.4,93.444,-36.1,4.964,5228.1
35,retired,married,basic.4y,unknown,no,no,cellular,jul,thu,14,999,0,nonexistent,1.4,93.918,-42.7,4.962,5228.1
19,student,single,basic.9y,no,yes,no,cellular,may,tue,1,999,3,failure,-1.8,93.876,-40.0,0.668,5008.7
31,entrepreneur,married,university.degree,unknown,yes,no,cellular,apr,fri,2,999,1,failure,-1.8,93.075,-47.1,1.405,5099.1
36,admin.,married,professional.course,no,no,no,cellular,aug,mon,1,999,0,nonexistent,1.4,93.444,-36.1,4.97,5228.1
71,retired,married,professional.course,no,no,no,cellular,apr,thu,1,999,0,nonexistent,-1.8,93.749,-34.6,0.64,5008.7
35,admin.,single,university.degree,no,no,no,telephone,may,mon,13,999,0,nonexistent,1.1,93.994,-36.4,4.858,5191.0
42,blue-collar,married,basic.4y,no,no,no,telephone,may,tue,4,999,0,nonexistent,-1.8,92.893,-46.2,1.291,5099.1
38,housemaid,divorced,university.degree,no,yes,no,cellular,may,wed,1,999,0,nonexistent,-1.8,92.893,-46.2,1.281,5099.1
34,technician,single,professional.course,no,yes,no,telephone,jul,tue,1,999,0,nonexistent,1.4,93.918,-42.7,4.955,5228.1
29,admin.,single,high.school,no,yes,no,cellular,apr,thu,1,999,0,nonexistent,-1.8,93.075,-47.1,1.365,5099.1
37,entrepreneur,married,university.degree,unknown,no,no,cellular,nov,mon,1,999,0,nonexistent,-0.1,93.2,-42.0,4.191,5195.8
54,unemployed,married,basic.9y,no,no,no,telephone,jun,fri,10,999,0,nonexistent,1.4,94.465,-41.8,4.959,5228.1
30,management,married,university.degree,no,yes,no,telephone,mar,mon,7,999,0,nonexistent,-1.8,92.843,-50.0,1.811,5099.1
31,admin.,married,high.school,no,yes,no,telephone,may,tue,1,999,0,nonexistent,1.1,93.994,-36.4,4.857,5191.0
46,admin.,single,university.degree,no,no,no,cellular,may,mon,1,999,0,nonexistent,-1.8,92.893,-46.2,1.264,5099.1
34,blue-collar,married,basic.6y,no,no,yes,cellular,may,wed,1,999,0,nonexistent,-1.8,92.893,-46.2,1.281,5099.1
44,unemployed,single,basic.4y,no,no,no,cellular,jun,tue,2,999,0,nonexistent,-2.9,92.963,-40.8,1.252,5076.2
57,management,married,professional.course,unknown,yes,no,cellular,nov,thu,2,999,1,failure,-0.1,93.2,-42.0,4.076,5195.8
37,management,married,university.degree,no,yes,no,cellular,nov,fri,8,999,0,nonexistent,-0.1,93.2,-42.0,4.021,5195.8
53,management,married,university.degree,no,yes,yes,telephone,aug,fri,1,999,0,nonexistent,1.4,93.444,-36.1,4.963,5228.1
36,management,married,university.degree,no,no,no,cellular,nov,mon,1,999,0,nonexistent,-0.1,93.2,-42.0,4.191,5195.8
34,self-employed,married,illiterate,no,yes,no,cellular,nov,thu,1,999,1,failure,-0.1,93.2,-42.0,4.076,5195.8
41,self-employed,married,university.degree,no,yes,no,cellular,aug,tue,1,999,0,nonexistent,1.4,93.444,-36.1,4.966,5228.1
47,management,married,university.degree,no,yes,no,cellular,nov,tue,2,999,0,nonexistent,-0.1,93.2,-42.0,4.153,5195.8
57,management,married,basic.4y,unknown,no,yes,cellular,jul,thu,1,999,0,nonexistent,1.4,93.918,-42.7,4.963,5228.1
36,blue-collar,married,high.school,unknown,yes,no,cellular,jul,mon,4,999,0,nonexistent,1.4,93.918,-42.7,4.96,5228.1
49,blue-collar,married,basic.6y,no,no,no,cellular,aug,mon,3,999,0,nonexistent,1.4,93.444,-36.1,4.965,5228.1
25,technician,single,professional.course,no,yes,no,cellular,jul,thu,1,999,0,nonexistent,1.4,93.918,-42.7,4.963,5228.1
29,technician,single,university.degree,no,no,no,telephone,may,wed,1,999,0,nonexistent,1.1,93.994,-36.4,4.858,5191.0
30,blue-collar,single,basic.4y,unknown,yes,no,telephone,jun,tue,1,999,0,nonexistent,1.4,94.465,-41.8,4.864,5228.1
31,blue-collar,single,high.school,no,no,no,cellular,may,thu,1,999,1,failure,-1.8,92.893,-46.2,1.266,5099.1
29,admin.,single,university.degree,no,no,no,cellular,aug,mon,2,999,0,nonexistent,1.4,93.444,-36.1,4.965,5228.1
42,blue-collar,married,basic.4y,unknown,no,no,telephone,may,wed,8,999,0,nonexistent,1.1,93.994,-36.4,4.858,5191.0
35,unknown,married,basic.9y,no,no,no,telephone,may,thu,4,999,0,nonexistent,1.1,93.994,-36.4,4.86,5191.0
32,management,married,university.degree,no,yes,no,telephone,may,thu,1,999,0,nonexistent,1.1,93.994,-36.4,4.86,5191.0
49,management,married,basic.9y,unknown,no,yes,cellular,jul,thu,16,999,0,nonexistent,1.4,93.918,-42.7,4.968,5228.1
64,unemployed,divorced,basic.9y,no,yes,no,cellular,oct,wed,2,999,0,nonexistent,-1.1,94.601,-49.5,0.959,4963.6
25,admin.,single,high.school,no,no,no,cellular,jul,mon,2,999,0,nonexistent,1.4,93.918,-42.7,4.96,5228.1
31,blue-collar,married,basic.4y,no,yes,no,cellular,may,wed,2,999,0,nonexistent,-1.8,92.893,-46.2,1.334,5099.1
28,blue-collar,married,basic.6y,unknown,yes,yes,telephone,may,thu,2,999,0,nonexistent,1.1,93.994,-36.4,4.855,5191.0
27,admin.,single,university.degree,no,yes,no,cellular,mar,wed,1,6,2,success,-1.8,93.369,-34.8,0.634,5008.7
44,blue-collar,married,basic.9y,no,no,no,cellular,aug,wed,1,999,0,nonexistent,1.4,93.444,-36.1,4.964,5228.1
48,blue-collar,married,basic.9y,no,no,no,telephone,jun,wed,5,999,0,nonexistent,1.4,94.465,-41.8,4.959,5228.1
35,self-employed,married,university.degree,no,no,no,cellular,jul,thu,2,999,0,nonexistent,1.4,93.918,-42.7,4.958,5228.1
28,services,single,high.school,no,yes,no,cellular,may,tue,4,999,0,nonexistent,-1.8,92.893,-46.2,1.291,5099.1
29,admin.,single,university.degree,no,no,no,telephone,jun,mon,3,999,0,nonexistent,1.4,94.465,-41.8,4.96,5228.1
49,admin.,married,high.school,no,yes,no,cellular,nov,fri,2,999,0,nonexistent,-0.1,93.2,-42.0,4.021,5195.8
42,admin.,single,university.degree,no,yes,no,cellular,jun,mon,3,999,0,nonexistent,-2.9,92.963,-40.8,1.215,5076.2
44,admin.,married,basic.9y,no,yes,no,cellular,may,mon,1,999,2,failure,-1.8,92.893,-46.2,1.299,5099.1
31,technician,single,university.degree,no,yes,no,cellular,nov,thu,5,999,0,nonexistent,-0.1,93.2,-42.0,4.076,5195.8
47,services,married,high.school,unknown,yes,no,telephone,may,thu,2,999,0,nonexistent,1.1,93.994,-36.4,4.855,5191.0
45,management,married,unknown,unknown,yes,yes,telephone,may,fri,1,999,0,nonexistent,1.1,93.994,-36.4,4.857,5191.0
44,blue-collar,single,basic.4y,no,yes,no,telephone,may,thu,1,999,0,nonexistent,1.1,93.994,-36.4,4.86,5191.0
48,management,married,basic.9y,no,yes,no,telephone,jun,fri,2,999,0,nonexistent,1.4,94.465,-41.8,4.967,5228.1
38,blue-collar,single,basic.9y,no,no,no,telephone,may,thu,5,999,0,nonexistent,1.1,93.994,-36.4,4.86,5191.0
47,management,married,university.degree,no,no,no,telephone,may,mon,12,999,0,nonexistent,1.1,93.994,-36.4,4.857,5191.0
43,management,married,university.degree,no,no,no,cellular,nov,mon,2,999,0,nonexistent,-0.1,93.2,-42.0,4.191,5195.8
55,technician,married,basic.9y,unknown,no,no,cellular,may,mon,1,999,0,nonexistent,-1.8,92.893,-46.2,1.354,5099.1
42,admin.,divorced,university.degree,no,yes,no,cellular,aug,fri,1,999,0,nonexistent,1.4,93.444,-36.1,4.963,5228.1
33,technician,married,university.degree,no,yes,no,cellular,may,mon,1,999,0,nonexistent,-1.8,93.876,-40.0,0.685,5008.7
39,blue-collar,married,basic.9y,no,no,no,cellular,nov,mon,1,999,0,nonexistent,-0.1,93.2,-42.0,4.191,5195.8
35,blue-collar,married,basic.9y,no,no,no,cellular,jul,fri,3,999,0,nonexistent,1.4,93.918,-42.7,4.957,5228.1
36,admin.,married,university.degree,no,yes,no,cellular,aug,mon,3,999,0,nonexistent,1.4,93.444,-36.1,4.965,5228.1
39,blue-collar,married,professional.course,no,yes,no,cellular,may,wed,1,999,1,failure,-1.8,92.893,-46.2,1.334,5099.1
52,management,married,university.degree,no,no,no,cellular,jul,wed,2,999,0,nonexistent,1.4,93.918,-42.7,4.963,5228.1
52,technician,married,professional.course,unknown,no,no,telephone,jul,tue,2,999,0,nonexistent,1.4,93.918,-42.7,4.955,5228.1
31,blue-collar,single,basic.9y,no,yes,no,cellular,jul,thu,1,999,0,nonexistent,1.4,93.918,-42.7,4.963,5228.1
41,blue-collar,married,basic.9y,no,no,no,telephone,may,mon,1,999,0,nonexistent,1.1,93.994,-36.4,4.858,5191.0
34,admin.,married,high.school,no,yes,yes,cellular,jul,wed,8,999,0,nonexistent,1.4,93.918,-42.7,4.957,5228.1
29,services,single,high.school,no,yes,no,cellular,nov,fri,2,999,0,nonexistent,-0.1,93.2,-42.0,4.021,5195.8
30,technician,single,university.degree,no,unknown,unknown,cellular,mar,tue,3,999,0,nonexistent,-1.8,93.369,-34.8,0.646,5008.7
44,blue-collar,married,basic.9y,unknown,yes,no,cellular,jul,thu,1,999,0,nonexistent,1.4,93.918,-42.7,4.962,5228.1
29,blue-collar,divorced,high.school,no,yes,no,telephone,jul,thu,1,999,0,nonexistent,1.4,93.918,-42.7,4.966,5228.1
31,services,single,university.degree,no,yes,no,cellular,may,thu,1,999,0,nonexistent,-1.8,92.893,-46.2,1.266,5099.1
42,admin.,married,university.degree,no,yes,no,cellular,aug,tue,3,999,0,nonexistent,1.4,93.444,-36.1,4.965,5228.1
32,admin.,married,high.school,no,yes,no,cellular,jul,mon,2,999,0,nonexistent,1.4,93.918,-42.7,4.96,5228.1
76,retired,married,basic.4y,no,yes,no,cellular,aug,thu,1,999,0,nonexistent,-2.9,92.201,-31.4,0.883,5076.2
29,student,single,university.degree,no,yes,no,cellular,jul,wed,4,999,0,nonexistent,1.4,93.918,-42.7,4.963,5228.1
43,admin.,married,university.degree,no,no,no,cellular,nov,wed,2,999,0,nonexistent,-0.1,93.2,-42.0,4.12,5195.8
70,retired,married,basic.4y,no,no,no,cellular,dec,wed,2,999,0,nonexistent,-3.0,92.713,-33.0,0.715,5023.5
33,admin.,single,university.degree,no,yes,no,telephone,apr,wed,1,999,0,nonexistent,-1.8,93.075,-47.1,1.405,5099.1
41,blue-collar,married,basic.4y,unknown,no,no,cellular,apr,mon,3,999,0,nonexistent,-1.8,93.075,-47.1,1.405,5099.1
32,admin.,married,university.degree,no,no,no,cellular,may,fri,2,999,1,failure,-1.8,92.893,-46.2,1.313,5099.1
34,self-employed,married,illiterate,no,yes,no,cellular,nov,thu,1,999,0,nonexistent,-0.1,93.2,-42.0,4.076,5195.8
33,entrepreneur,single,university.degree,no,yes,no,cellular,nov,tue,1,999,1,failure,-0.1,93.2,-42.0,4.153,5195.8
29,technician,single,basic.9y,no,yes,no,telephone,jul,wed,1,6,1,success,-1.7,94.215,-40.3,0.84,4991.6
45,self-employed,married,professional.course,unknown,yes,yes,telephone,jun,mon,3,999,0,nonexistent,1.4,94.465,-41.8,4.961,5228.1
27,blue-collar,single,basic.9y,no,yes,no,telephone,may,tue,1,999,1,failure,-1.8,92.893,-46.2,1.291,5099.1
53,technician,married,professional.course,unknown,yes,no,cellular,aug,thu,4,999,0,nonexistent,1.4,93.444,-36.1,4.962,5228.1
34,management,divorced,university.degree,no,yes,no,cellular,jul,tue,6,999,0,nonexistent,1.4,93.918,-42.7,4.961,5228.1
40,technician,married,university.degree,no,no,no,cellular,jul,thu,1,999,0,nonexistent,1.4,93.918,-42.7,4.968,5228.1
33,unemployed,divorced,basic.9y,no,yes,no,telephone,may,wed,1,999,0,nonexistent,1.1,93.994,-36.4,4.859,5191.0
30,student,single,high.school,no,no,no,cellular,may,fri,2,3,2,success,-1.8,93.876,-40.0,0.682,5008.7
49,technician,married,professional.course,unknown,unknown,unknown,cellular,aug,fri,2,999,0,nonexistent,1.4,93.444,-36.1,4.966,5228.1
49,blue-collar,married,basic.4y,unknown,yes,no,telephone,may,thu,1,999,0,nonexistent,1.1,93.994,-36.4,4.86,5191.0
35,management,married,high.school,no,yes,no,telephone,nov,tue,1,999,0,nonexistent,-0.1,93.2,-42.0,4.153,5195.8
29,admin.,single,university.degree,no,no,no,cellular,jul,tue,2,999,0,nonexistent,1.4,93.918,-42.7,4.961,5228.1
30,technician,single,university.degree,no,yes,no,cellular,apr,fri,1,999,1,failure,-1.8,93.075,-47.1,1.4,5099.1
47,blue-collar,married,unknown,unknown,no,no,telephone,aug,thu,13,999,0,nonexistent,1.4,93.444,-36.1,4.964,5228.1
31,admin.,married,university.degree,no,no,no,cellular,nov,thu,1,999,0,nonexistent,-0.1,93.2,-42.0,4.076,5195.8
37,admin.,married,university.degree,no,no,no,telephone,jun,wed,1,999,0,nonexistent,1.4,94.465,-41.8,4.959,5228.1
41,blue-collar,married,basic.4y,no,no,no,telephone,may,wed,1,999,0,nonexistent,1.1,93.994,-36.4,4.859,5191.0
31,blue-collar,married,basic.9y,no,yes,no,cellular,nov,tue,2,999,0,nonexistent,-0.1,93.2,-42.0,4.153,5195.8
33,technician,married,professional.course,no,yes,yes,telephone,may,wed,2,999,0,nonexistent,1.1,93.994,-36.4,4.858,5191.0
44,admin.,married,high.school,no,yes,no,cellular,aug,fri,1,999,0,nonexistent,1.4,93.444,-36.1,4.964,5228.1
55,technician,unknown,unknown,unknown,no,no,telephone,jun,thu,3,999,0,nonexistent,1.4,94.465,-41.8,4.955,5228.1
29,student,single,professional.course,no,yes,yes,cellular,nov,thu,1,7,1,success,-3.4,92.649,-30.1,0.714,5017.5
31,management,single,university.degree,no,yes,no,cellular,nov,tue,2,999,0,nonexistent,-0.1,93.2,-42.0,4.153,5195.8
42,admin.,married,university.degree,no,yes,no,cellular,aug,wed,1,999,0,nonexistent,1.4,93.444,-36.1,4.967,5228.1
24,admin.,single,high.school,no,no,no,telephone,jun,thu,1,999,0,nonexistent,1.4,94.465,-41.8,4.866,5228.1
30,admin.,single,university.degree,no,yes,yes,cellular,jul,mon,2,999,0,nonexistent,1.4,93.918,-42.7,4.962,5228.1
45,services,married,high.school,unknown,yes,yes,cellular,aug,mon,2,999,0,nonexistent,1.4,93.444,-36.1,4.965,5228.1
37,blue-collar,divorced,basic.9y,no,yes,no,cellular,apr,mon,4,999,0,nonexistent,-1.8,93.075,-47.1,1.405,5099.1
44,blue-collar,single,professional.course,no,no,no,cellular,oct,tue,2,999,0,nonexistent,-3.4,92.431,-26.9,0.742,5017.5
42,blue-collar,married,basic.9y,no,no,no,cellular,may,tue,1,999,1,failure,-1.8,92.893,-46.2,1.344,5099.1
33,technician,single,professional.course,no,no,no,cellular,jul,tue,1,999,0,nonexistent,1.4,93.918,-42.7,4.961,5228.1
30,services,divorced,high.school,no,no,no,telephone,may,thu,2,999,0,nonexistent,1.1,93.994,-36.4,4.855,5191.0
27,self-employed,single,university.degree,no,no,no,telephone,jun,fri,2,999,0,nonexistent,1.4,94.465,-41.8,4.967,5228.1
28,blue-collar,married,basic.6y,no,yes,no,telephone,may,tue,2,999,0,nonexistent,1.1,93.994,-36.4,4.857,5191.0
43,unemployed,married,basic.4y,no,no,no,cellular,may,wed,2,999,0,nonexistent,-1.8,92.893,-46.2,1.334,5099.1
48,blue-collar,married,basic.9y,no,no,no,cellular,may,fri,1,999,0,nonexistent,-1.8,92.893,-46.2,1.25,5099.1
31,services,single,high.school,no,no,no,cellular,may,tue,1,999,0,nonexistent,-1.8,92.893,-46.2,1.344,5099.1
41,technician,divorced,university.degree,no,yes,yes,cellular,aug,fri,2,999,0,nonexistent,1.4,93.444,-36.1,4.966,5228.1
56,services,divorced,high.school,unknown,yes,no,cellular,jul,mon,8,999,0,nonexistent,1.4,93.918,-42.7,4.962,5228.1
45,technician,married,high.school,no,yes,no,cellular,nov,tue,1,999,0,nonexistent,-0.1,93.2,-42.0,4.153,5195.8
52,technician,married,basic.6y,unknown,no,no,cellular,may,thu,3,999,1,failure,-1.8,92.893,-46.2,1.266,5099.1
37,technician,single,professional.course,unknown,unknown,unknown,telephone,jun,mon,4,999,0,nonexistent,1.4,94.465,-41.8,4.865,5228.1
54,technician,divorced,university.degree,no,yes,no,cellular,may,wed,2,999,1,failure,-1.8,92.893,-46.2,1.334,5099.1
50,admin.,married,university.degree,no,no,no,cellular,aug,wed,1,999,0,nonexistent,1.4,93.444,-36.1,4.967,5228.1
42,admin.,divorced,university.degree,no,yes,yes,cellular,aug,mon,1,999,0,nonexistent,1.4,93.444,-36.1,4.965,5228.1
56,technician,married,basic.4y,no,yes,no,telephone,may,mon,1,999,0,nonexistent,1.1,93.994,-36.4,4.857,5191.0
57,retired,married,basic.6y,no,no,no,cellular,may,thu,1,999,1,failure,-1.8,92.893,-46.2,1.327,5099.1
45,services,married,basic.9y,no,no,no,telephone,may,tue,1,999,0,nonexistent,1.1,93.994,-36.4,4.857,5191.0
51,blue-collar,divorced,basic.9y,no,no,no,cellular,may,wed,5,999,1,failure,-1.8,92.893,-46.2,1.281,5099.1
33,technician,married,professional.course,no,no,no,telephone,may,mon,2,999,0,nonexistent,1.1,93.994,-36.4,4.857,5191.0
28,services,married,high.school,no,no,no,cellular,jul,tue,1,999,0,nonexistent,1.4,93.918,-42.7,4.962,5228.1
35,technician,married,professional.course,no,yes,no,cellular,aug,mon,1,999,0,nonexistent,1.4,93.444,-36.1,4.965,5228.1
55,admin.,married,high.school,unknown,no,no,cellular,nov,mon,1,999,1,failure,-0.1,93.2,-42.0,4.191,5195.8
53,services,divorced,basic.9y,no,yes,no,cellular,jul,fri,2,999,0,nonexistent,1.4,93.918,-42.7,4.957,5228.1
41,admin.,married,university.degree,no,no,no,cellular,aug,thu,13,999,0,nonexistent,1.4,93.444,-36.1,4.962,5228.1
31,admin.,single,university.degree,no,yes,no,cellular,aug,thu,1,999,0,nonexistent,1.4,93.444,-36.1,4.964,5228.1
38,self-employed,married,basic.9y,no,yes,no,cellular,may,wed,2,999,1,failure,-1.8,92.893,-46.2,1.281,5099.1
28,technician,married,university.degree,no,yes,no,cellular,may,thu,1,999,0,nonexistent,-1.8,92.893,-46.2,1.327,5099.1
56,blue-collar,married,basic.4y,unknown,yes,no,telephone,jun,mon,3,999,0,nonexistent,1.4,94.465,-41.8,4.961,5228.1
43,technician,married,basic.6y,no,yes,no,telephone,may,wed,3,999,0,nonexistent,1.1,93.994,-36.4,4.856,5191.0
35,student,single,unknown,unknown,no,no,cellular,jul,wed,2,999,0,nonexistent,1.4,93.918,-42.7,4.963,5228.1
31,blue-collar,married,basic.9y,no,no,no,cellular,may,thu,2,999,0,nonexistent,-1.8,92.893,-46.2,1.266,5099.1
39,unemployed,married,professional.course,unknown,no,no,telephone,jun,tue,4,999,0,nonexistent,1.4,94.465,-41.8,4.961,5228.1
36,admin.,divorced,university.degree,unknown,yes,yes,cellular,aug,wed,1,999,0,nonexistent,1.4,93.444,-36.1,4.965,5228.1
33,blue-collar,divorced,unknown,no,no,no,cellular,jun,mon,5,999,0,nonexistent,-2.9,92.963,-40.8,1.26,5076.2
50,services,single,high.school,no,yes,no,telephone,jul,wed,1,999,0,nonexistent,1.4,93.918,-42.7,4.963,5228.1
29,services,divorced,high.school,no,no,no,telephone,jun,fri,2,999,0,nonexistent,1.4,94.465,-41.8,4.967,5228.1
45,admin.,married,high.school,unknown,yes,no,cellular,aug,tue,1,999,0,nonexistent,1.4,93.444,-36.1,4.966,5228.1
59,retired,divorced,university.degree,unknown,no,no,cellular,jul,tue,2,999,0,nonexistent,1.4,93.918,-42.7,4.961,5228.1
45,admin.,married,university.degree,no,no,no,telephone,jul,fri,1,999,0,nonexistent,1.4,93.918,-42.7,4.959,5228.1
41,admin.,divorced,high.school,no,yes,no,cellular,apr,fri,3,999,0,nonexistent,-1.8,93.075,-47.1,1.405,5099.1
42,services,divorced,university.degree,no,unknown,unknown,cellular,nov,tue,1,999,1,failure,-1.1,94.767,-50.8,1.046,4963.6
72,retired,married,basic.4y,no,yes,no,cellular,jul,fri,9,999,1,failure,-1.7,94.215,-40.3,0.822,4991.6
33,housemaid,single,high.school,unknown,yes,yes,cellular,apr,mon,1,999,1,failure,-1.8,93.075,-47.1,1.405,5099.1
35,admin.,married,high.school,unknown,yes,no,telephone,may,fri,3,999,0,nonexistent,1.1,93.994,-36.4,4.857,5191.0
47,services,married,high.school,unknown,yes,yes,telephone,jun,wed,1,999,0,nonexistent,1.4,94.465,-41.8,4.962,5228.1
38,blue-collar,married,basic.6y,no,yes,no,cellular,may,tue,1,999,0,nonexistent,-1.8,92.893,-46.2,1.344,5099.1
53,admin.,married,high.school,unknown,no,no,cellular,jul,thu,8,999,0,nonexistent,1.4,93.918,-42.7,4.968,5228.1
40,blue-collar,single,basic.9y,no,yes,no,telephone,may,thu,2,999,0,nonexistent,1.1,93.994,-36.4,4.86,5191.0
72,retired,single,university.degree,no,yes,yes,cellular,may,fri,3,999,0,nonexistent,-1.8,93.876,-40.0,0.699,5008.7
38,admin.,married,university.degree,no,no,no,telephone,may,mon,4,999,0,nonexistent,1.1,93.994,-36.4,4.857,5191.0
53,blue-collar,married,basic.9y,no,yes,no,cellular,aug,tue,2,999,0,nonexistent,1.4,93.444,-36.1,4.968,5228.1
54,retired,divorced,university.degree,no,no,yes,cellular,nov,fri,6,999,0,nonexistent,-0.1,93.2,-42.0,4.021,5195.8
50,admin.,married,professional.course,unknown,yes,yes,cellular,may,fri,1,999,0,nonexistent,-1.8,92.893,-46.2,1.25,5099.1
60,admin.,married,unknown,no,yes,no,cellular,may,wed,1,6,2,success,-1.8,93.876,-40.0,0.682,5008.7
55,technician,married,basic.6y,unknown,yes,no,telephone,may,wed,4,999,0,nonexistent,1.1,93.994,-36.4,4.858,5191.0
37,technician,single,high.school,unknown,no,no,telephone,jun,thu,5,999,0,nonexistent,1.4,94.465,-41.8,4.961,5228.1
39,entrepreneur,married,university.degree,no,unknown,unknown,cellular,nov,fri,4,999,0,nonexistent,-0.1,93.2,-42.0,4.021,5195.8
38,blue-collar,divorced,unknown,no,no,no,cellular,nov,tue,1,999,0,nonexistent,-0.1,93.2,-42.0,4.153,5195.8
31,management,single,university.degree,no,yes,no,cellular,jul,thu,3,999,0,nonexistent,1.4,93.918,-42.7,4.968,5228.1
33,blue-collar,married,basic.9y,no,no,yes,telephone,may,fri,4,999,0,nonexistent,1.1,93.994,-36.4,4.859,5191.0
44,blue-collar,married,basic.9y,unknown,yes,no,telephone,jun,mon,2,999,0,nonexistent,1.4,94.465,-41.8,4.96,5228.1
39,services,married,high.school,no,no,no,cellular,apr,thu,2,999,2,failure,-1.8,93.075,-47.1,1.483,5099.1
41,services,divorced,high.school,no,yes,no,cellular,may,mon,1,999,0,nonexistent,-1.8,92.893,-46.2,1.299,5099.1
41,self-employed,divorced,university.degree,no,no,no,cellular,aug,thu,4,999,0,nonexistent,1.4,93.444,-36.1,4.963,5228.1
33,admin.,single,high.school,no,no,no,telephone,may,tue,1,999,0,nonexistent,-1.8,92.893,-46.2,1.344,5099.1
53,self-employed,married,university.degree,no,no,no,cellular,aug,thu,1,999,0,nonexistent,1.4,93.444,-36.1,4.962,5228.1
33,services,married,professional.course,no,no,no,telephone,may,mon,2,999,0,nonexistent,1.1,93.994,-36.4,4.857,5191.0
29,blue-collar,divorced,basic.9y,no,yes,yes,cellular,may,wed,2,999,1,failure,-1.8,92.893,-46.2,1.281,5099.1
49,entrepreneur,married,basic.6y,unknown,yes,yes,cellular,may,mon,2,999,1,failure,-1.8,92.893,-46.2,1.299,5099.1
34,admin.,single,university.degree,no,no,no,cellular,may,tue,1,999,1,failure,-1.8,92.893,-46.2,1.291,5099.1
33,blue-collar,married,basic.9y,no,no,no,telephone,may,mon,2,999,0,nonexistent,1.1,93.994,-36.4,4.857,5191.0
38,blue-collar,single,basic.6y,no,yes,yes,cellular,nov,fri,1,999,0,nonexistent,-0.1,93.2,-42.0,4.021,5195.8
30,blue-collar,married,basic.4y,no,yes,no,cellular,nov,wed,5,999,0,nonexistent,-0.1,93.2,-42.0,4.12,5195.8
42,management,married,basic.6y,unknown,yes,no,telephone,may,mon,4,999,0,nonexistent,1.1,93.994,-36.4,4.858,5191.0
53,admin.,divorced,high.school,no,yes,no,cellular,jun,mon,1,999,1,failure,-2.9,92.963,-40.8,1.266,5076.2
38,technician,married,university.degree,no,yes,no,cellular,aug,fri,3,999,0,nonexistent,1.4,93.444,-36.1,4.966,5228.1
31,admin.,married,university.degree,no,yes,no,telephone,jul,mon,2,999,0,nonexistent,1.4,93.918,-42.7,4.96,5228.1
43,technician,married,unknown,no,yes,no,telephone,may,mon,1,999,0,nonexistent,1.1,93.994,-36.4,4.857,5191.0
50,services,married,unknown,unknown,no,no,telephone,may,tue,1,999,0,nonexistent,1.1,93.994,-36.4,4.856,5191.0
29,admin.,married,high.school,no,no,no,cellular,may,tue,2,999,1,failure,-1.8,92.893,-46.2,1.291,5099.1
52,admin.,single,high.school,no,no,no,cellular,may,mon,3,999,0,nonexistent,-1.8,92.893,-46.2,1.354,5099.1
32,management,single,university.degree,no,yes,no,cellular,mar,mon,1,999,0,nonexistent,-1.8,92.843,-50.0,1.703,5099.1
43,blue-collar,married,basic.4y,no,yes,no,telephone,may,fri,2,999,0,nonexistent,1.1,93.994,-36.4,4.855,5191.0
24,admin.,single,high.school,unknown,yes,no,telephone,jul,thu,1,999,0,nonexistent,1.4,93.918,-42.7,4.958,5228.1
44,services,married,high.school,unknown,yes,no,telephone,may,thu,1,999,0,nonexistent,1.1,93.994,-36.4,4.86,5191.0
43,blue-collar,married,basic.9y,no,no,yes,telephone,may,wed,1,999,0,nonexistent,1.1,93.994,-36.4,4.859,5191.0
40,technician,single,university.degree,no,no,no,cellular,nov,mon,5,999,0,nonexistent,-3.4,92.649,-30.1,0.714,5017.5
25,admin.,single,university.degree,no,no,yes,telephone,nov,tue,1,999,0,nonexistent,-0.1,93.2,-42.0,4.7,5195.8
54,technician,married,high.school,no,yes,no,cellular,apr,mon,1,999,0,nonexistent,-1.8,93.075,-47.1,1.405,5099.1
43,technician,married,basic.9y,unknown,no,no,telephone,jun,thu,2,999,0,nonexistent,1.4,94.465,-41.8,4.866,5228.1
37,admin.,single,high.school,no,no,no,cellular,may,fri,3,999,0,nonexistent,-1.8,92.893,-46.2,1.25,5099.1
33,admin.,married,university.degree,no,no,yes,cellular,may,mon,1,999,0,nonexistent,-1.8,92.893,-46.2,1.299,5099.1
40,technician,married,professional.course,no,yes,no,cellular,aug,mon,3,999,0,nonexistent,1.4,93.444,-36.1,4.965,5228.1
38,services,divorced,basic.6y,no,no,no,telephone,may,thu,1,999,0,nonexistent,1.1,93.994,-36.4,4.855,5191.0
39,admin.,married,university.degree,no,yes,yes,cellular,apr,tue,2,999,0,nonexistent,-1.8,93.075,-47.1,1.423,5099.1
50,blue-collar,married,basic.4y,unknown,no,yes,cellular,jul,tue,2,999,0,nonexistent,1.4,93.918,-42.7,4.961,5228.1
31,admin.,married,university.degree,no,yes,no,cellular,aug,wed,3,999,0,nonexistent,1.4,93.444,-36.1,4.965,5228.1
29,blue-collar,single,high.school,unknown,no,no,telephone,jun,mon,3,999,0,nonexistent,1.4,94.465,-41.8,4.96,5228.1
31,blue-collar,married,basic.9y,no,no,no,telephone,jun,mon,2,999,0,nonexistent,1.4,94.465,-41.8,4.96,5228.1
37,entrepreneur,married,professional.course,no,no,no,cellular,apr,thu,2,999,0,nonexistent,-1.8,93.075,-47.1,1.41,5099.1
57,self-employed,married,university.degree,unknown,yes,no,telephone,jun,thu,3,999,0,nonexistent,1.4,94.465,-41.8,4.866,5228.1
45,admin.,married,high.school,unknown,yes,no,cellular,jul,mon,3,999,0,nonexistent,1.4,93.918,-42.7,4.962,5228.1
27,admin.,single,professional.course,no,no,yes,cellular,jul,tue,2,999,0,nonexistent,1.4,93.918,-42.7,4.962,5228.1
50,entrepreneur,married,basic.9y,unknown,no,no,cellular,jul,mon,4,999,0,nonexistent,1.4,93.918,-42.7,4.96,5228.1
25,admin.,married,university.degree,no,no,no,telephone,may,fri,1,999,0,nonexistent,1.1,93.994,-36.4,4.864,5191.0
44,services,married,high.school,no,no,no,cellular,may,fri,1,999,1,failure,-1.8,92.893,-46.2,1.313,5099.1
26,technician,single,professional.course,no,no,no,cellular,jun,mon,1,999,1,failure,-2.9,92.963,-40.8,1.26,5076.2
57,retired,married,basic.4y,no,no,no,telephone,jun,fri,2,999,0,nonexistent,1.4,94.465,-41.8,4.959,5228.1
35,technician,married,professional.course,no,yes,no,cellular,may,wed,2,999,1,failure,-1.8,92.893,-46.2,1.334,5099.1
35,services,married,high.school,no,no,no,telephone,may,wed,1,999,0,nonexistent,1.1,93.994,-36.4,4.857,5191.0
40,management,single,high.school,no,no,no,cellular,jul,wed,4,999,0,nonexistent,1.4,93.918,-42.7,4.963,5228.1
26,admin.,single,high.school,no,no,no,cellular,apr,mon,3,999,0,nonexistent,-1.8,93.075,-47.1,1.405,5099.1
51,services,divorced,high.school,unknown,yes,no,cellular,may,thu,1,999,1,failure,-1.8,92.893,-46.2,1.327,5099.1
52,technician,divorced,university.degree,no,no,yes,cellular,aug,tue,1,999,0,nonexistent,1.4,93.444,-36.1,4.968,5228.1
41,blue-collar,married,basic.4y,unknown,no,no,telephone,jun,mon,2,999,0,nonexistent,1.4,94.465,-41.8,4.865,5228.1
30,admin.,single,university.degree,no,yes,no,telephone,may,mon,1,999,0,nonexistent,1.1,93.994,-36.4,4.857,5191.0
31,management,single,university.degree,no,no,no,cellular,nov,tue,2,999,0,nonexistent,-0.1,93.2,-42.0,4.153,5195.8
43,management,married,university.degree,no,no,no,telephone,jun,fri,5,999,0,nonexistent,1.4,94.465,-41.8,4.967,5228.1
36,admin.,single,high.school,no,yes,yes,telephone,nov,fri,1,999,0,nonexistent,-0.1,93.2,-42.0,4.021,5195.8
35,management,married,university.degree,no,yes,no,cellular,aug,thu,1,999,0,nonexistent,1.4,93.444,-36.1,4.968,5228.1
33,admin.,married,university.degree,no,no,no,cellular,jul,fri,1,999,0,nonexistent,1.4,93.918,-42.7,4.957,5228.1
30,services,single,high.school,no,yes,no,telephone,may,wed,6,999,0,nonexistent,-1.8,92.893,-46.2,1.281,5099.1
53,housemaid,married,basic.4y,unknown,no,no,telephone,may,mon,3,999,0,nonexistent,1.1,93.994,-36.4,4.857,5191.0
31,technician,married,university.degree,no,yes,no,cellular,aug,thu,2,999,0,nonexistent,1.4,93.444,-36.1,4.964,5228.1
62,technician,married,unknown,no,yes,no,cellular,jul,mon,1,16,1,success,-1.7,94.215,-40.3,0.827,4991.6
44,blue-collar,divorced,unknown,no,no,no,telephone,may,thu,3,999,0,nonexistent,1.1,93.994,-36.4,4.86,5191.0
31,management,married,university.degree,no,no,yes,cellular,may,thu,2,999,2,failure,-1.8,92.893,-46.2,1.327,5099.1
56,housemaid,divorced,professional.course,no,yes,no,cellular,nov,tue,1,7,2,failure,-3.4,92.649,-30.1,0.72,5017.5
37,admin.,divorced,university.degree,unknown,yes,no,cellular,may,wed,8,999,1,failure,-1.8,92.893,-46.2,1.281,5099.1
47,technician,married,professional.course,no,yes,no,cellular,aug,wed,3,999,0,nonexistent,1.4,93.444,-36.1,4.964,5228.1
26,admin.,single,university.degree,no,no,no,telephone,aug,mon,1,3,1,success,-1.7,94.027,-38.3,0.904,4991.6
36,blue-collar,married,basic.4y,unknown,yes,yes,cellular,may,thu,3,999,0,nonexistent,-1.8,92.893,-46.2,1.327,5099.1
41,management,married,university.degree,no,no,no,cellular,jul,wed,3,999,0,nonexistent,1.4,93.918,-42.7,4.963,5228.1
31,admin.,single,university.degree,no,no,no,cellular,aug,tue,1,999,0,nonexistent,1.4,93.444,-36.1,4.966,5228.1
26,admin.,single,high.school,no,no,no,cellular,jun,tue,1,999,0,nonexistent,-2.9,92.963,-40.8,1.262,5076.2
35,admin.,single,university.degree,no,yes,no,cellular,jul,mon,3,999,0,nonexistent,1.4,93.918,-42.7,4.96,5228.1
33,entrepreneur,married,university.degree,unknown,no,no,cellular,may,wed,1,999,1,failure,-1.8,92.893,-46.2,1.334,5099.1
36,admin.,married,high.school,no,yes,yes,telephone,jun,fri,4,999,0,nonexistent,1.4,94.465,-41.8,4.947,5228.1
48,admin.,married,university.degree,no,yes,no,cellular,nov,mon,1,6,3,success,-1.1,94.767,-50.8,1.05,4963.6
24,services,single,high.school,no,no,no,telephone,jun,fri,8,999,0,nonexistent,1.4,94.465,-41.8,4.959,5228.1
47,blue-collar,married,high.school,no,yes,no,cellular,may,fri,2,999,1,failure,-1.8,92.893,-46.2,1.25,5099.1
49,unemployed,married,basic.9y,no,yes,yes,telephone,jun,thu,1,999,0,nonexistent,1.4,94.465,-41.8,4.955,5228.1
45,services,married,high.school,no,no,no,telephone,jul,tue,2,999,0,nonexistent,1.4,93.918,-42.7,4.961,5228.1
47,blue-collar,married,basic.4y,no,yes,no,cellular,jul,mon,4,999,0,nonexistent,1.4,93.918,-42.7,4.962,5228.1
57,blue-collar,married,basic.9y,unknown,no,yes,cellular,nov,fri,2,999,0,nonexistent,-0.1,93.2,-42.0,4.021,5195.8
46,blue-collar,single,basic.4y,no,unknown,unknown,cellular,apr,fri,2,999,1,failure,-1.8,93.075,-47.1,1.405,5099.1
35,blue-collar,married,basic.6y,no,no,yes,cellular,jul,tue,4,999,0,nonexistent,1.4,93.918,-42.7,4.961,5228.1
29,admin.,single,university.degree,unknown,yes,no,cellular,may,fri,10,999,0,nonexistent,-1.8,92.893,-46.2,1.25,5099.1
38,technician,single,professional.course,no,no,no,telephone,may,mon,2,999,0,nonexistent,1.1,93.994,-36.4,4.858,5191.0
47,admin.,married,university.degree,no,no,yes,cellular,aug,mon,1,999,0,nonexistent,1.4,93.444,-36.1,4.963,5228.1
86,retired,married,professional.course,no,no,no,telephone,dec,wed,2,999,0,nonexistent,-3.0,92.713,-33.0,0.715,5023.5
32,blue-collar,married,university.degree,no,no,yes,cellular,may,thu,1,999,0,nonexistent,-1.8,92.893,-46.2,1.266,5099.1
39,admin.,married,high.school,no,no,no,telephone,may,mon,4,999,0,nonexistent,-1.8,92.893,-46.2,1.354,5099.1
33,blue-collar,divorced,basic.9y,no,yes,no,telephone,may,wed,3,999,0,nonexistent,1.1,93.994,-36.4,4.857,5191.0
53,management,married,high.school,no,yes,no,cellular,may,mon,2,999,1,failure,-1.8,92.893,-46.2,1.354,5099.1
58,retired,married,university.degree,no,yes,no,telephone,aug,mon,1,999,0,nonexistent,-2.9,92.201,-31.4,0.843,5076.2
41,technician,married,university.degree,no,yes,no,cellular,aug,mon,1,999,0,nonexistent,1.4,93.444,-36.1,4.97,5228.1
36,management,divorced,university.degree,no,yes,no,cellular,jul,tue,1,999,0,nonexistent,1.4,93.918,-42.7,4.961,5228.1
51,admin.,divorced,basic.9y,no,yes,no,cellular,may,wed,1,999,0,nonexistent,-1.8,92.893,-46.2,1.281,5099.1
32,admin.,single,professional.course,no,yes,no,cellular,mar,tue,2,999,0,nonexistent,-1.8,92.843,-50.0,1.614,5099.1
36,unemployed,divorced,high.school,no,yes,no,cellular,nov,mon,1,999,0,nonexistent,-0.1,93.2,-42.0,4.191,5195.8
34,admin.,single,high.school,no,no,no,cellular,nov,wed,1,999,0,nonexistent,-0.1,93.2,-42.0,4.12,5195.8
55,housemaid,married,university.degree,no,yes,no,cellular,jul,wed,1,999,0,nonexistent,1.4,93.918,-42.7,4.957,5228.1
28,services,married,high.school,no,yes,no,telephone,may,fri,4,999,0,nonexistent,1.1,93.994,-36.4,4.864,5191.0
34,blue-collar,single,basic.6y,unknown,yes,no,cellular,may,mon,1,999,0,nonexistent,-1.8,92.893,-46.2,1.299,5099.1
29,blue-collar,married,basic.9y,no,yes,yes,cellular,may,wed,2,999,1,failure,-1.8,92.893,-46.2,1.281,5099.1
50,blue-collar,married,basic.9y,no,yes,no,cellular,jun,thu,1,999,0,nonexistent,-2.9,92.963,-40.8,1.26,5076.2
22,admin.,married,high.school,no,no,no,telephone,may,tue,2,999,0,nonexistent,1.1,93.994,-36.4,4.857,5191.0
40,unemployed,single,basic.4y,no,no,no,cellular,jun,tue,2,999,0,nonexistent,-2.9,92.963,-40.8,1.252,5076.2
29,admin.,single,university.degree,no,yes,no,cellular,nov,fri,1,999,0,nonexistent,-0.1,93.2,-42.0,4.021,5195.8
26,services,single,basic.9y,no,yes,yes,telephone,may,tue,2,999,0,nonexistent,1.1,93.994,-36.4,4.857,5191.0
33,services,married,university.degree,unknown,yes,no,cellular,aug,thu,3,999,0,nonexistent,1.4,93.444,-36.1,4.962,5228.1
66,retired,married,basic.4y,no,yes,yes,telephone,nov,thu,1,999,0,nonexistent,-3.4,92.649,-30.1,0.714,5017.5
43,admin.,married,high.school,no,no,no,telephone,may,tue,2,999,0,nonexistent,1.1,93.994,-36.4,4.857,5191.0
29,admin.,married,university.degree,unknown,no,yes,cellular,jul,thu,1,999,0,nonexistent,1.4,93.918,-42.7,4.963,5228.1
36,unemployed,single,university.degree,no,no,no,cellular,aug,fri,1,999,0,nonexistent,-2.9,92.201,-31.4,0.869,5076.2
49,services,married,basic.4y,unknown,no,no,cellular,aug,mon,2,999,0,nonexistent,1.4,93.444,-36.1,4.963,5228.1
60,retired,divorced,high.school,no,yes,no,telephone,may,thu,2,999,0,nonexistent,1.1,93.994,-36.4,4.855,5191.0
43,housemaid,married,basic.4y,no,yes,no,cellular,jul,wed,1,999,0,nonexistent,1.4,93.918,-42.7,4.962,5228.1
50,entrepreneur,married,basic.4y,unknown,yes,no,telephone,nov,wed,1,999,0,nonexistent,-0.1,93.2,-42.0,4.12,5195.8
45,housemaid,married,basic.4y,unknown,yes,no,telephone,may,wed,2,999,0,nonexistent,1.1,93.994,-36.4,4.856,5191.0
27,blue-collar,single,basic.9y,unknown,yes,yes,cellular,jul,wed,4,999,0,nonexistent,1.4,93.918,-42.7,4.963,5228.1
41,self-employed,single,university.degree,no,no,no,telephone,may,thu,1,999,0,nonexistent,1.1,93.994,-36.4,4.855,5191.0
29,blue-collar,single,basic.6y,no,no,no,telephone,may,fri,1,999,0,nonexistent,1.1,93.994,-36.4,4.859,5191.0
36,services,divorced,university.degree,no,no,no,telephone,may,mon,3,999,0,nonexistent,1.1,93.994,-36.4,4.858,5191.0
27,technician,single,high.school,no,yes,no,telephone,jul,wed,1,999,0,nonexistent,1.4,93.918,-42.7,4.957,5228.1
40,blue-collar,married,basic.4y,unknown,unknown,unknown,cellular,jul,tue,2,999,0,nonexistent,1.4,93.918,-42.7,4.962,5228.1
28,technician,single,professional.course,no,yes,yes,cellular,jun,fri,1,3,1,success,-2.9,92.963,-40.8,1.268,5076.2
43,unemployed,married,basic.4y,unknown,no,no,telephone,jun,fri,3,999,0,nonexistent,1.4,94.465,-41.8,4.959,5228.1
31,technician,single,high.school,no,yes,no,cellular,nov,wed,4,999,0,nonexistent,-0.1,93.2,-42.0,4.12,5195.8
36,admin.,married,professional.course,no,yes,no,telephone,jun,tue,1,999,0,nonexistent,1.4,94.465,-41.8,4.864,5228.1
39,blue-collar,single,basic.9y,no,yes,no,cellular,nov,mon,2,999,0,nonexistent,-0.1,93.2,-42.0,4.191,5195.8
47,management,married,university.degree,no,no,no,cellular,nov,tue,3,999,0,nonexistent,-0.1,93.2,-42.0,4.153,5195.8
36,blue-collar,married,basic.6y,no,yes,no,telephone,may,thu,1,999,0,nonexistent,1.1,93.994,-36.4,4.855,5191.0
31,technician,married,university.degree,no,no,no,cellular,aug,thu,1,999,0,nonexistent,-2.9,92.201,-31.4,0.873,5076.2
33,technician,married,professional.course,unknown,yes,no,cellular,jul,tue,1,999,0,nonexistent,1.4,93.918,-42.7,4.962,5228.1
39,admin.,married,university.degree,no,no,no,cellular,jul,fri,13,999,0,nonexistent,1.4,93.918,-42.7,4.962,5228.1
44,admin.,married,unknown,no,no,no,cellular,apr,wed,4,999,1,failure,-1.8,93.075,-47.1,1.498,5099.1
37,technician,single,professional.course,no,yes,no,cellular,aug,mon,2,999,0,nonexistent,1.4,93.444,-36.1,4.965,5228.1
50,admin.,married,university.degree,no,no,no,cellular,jun,mon,1,3,1,success,-2.9,92.963,-40.8,1.215,5076.2
32,technician,single,university.degree,no,no,no,cellular,jul,wed,4,999,0,nonexistent,1.4,93.918,-42.7,4.963,5228.1
33,services,single,high.school,no,no,no,telephone,jun,wed,2,999,0,nonexistent,1.4,94.465,-41.8,4.958,5228.1
25,services,divorced,high.school,no,yes,yes,telephone,may,wed,1,999,0,nonexistent,1.1,93.994,-36.4,4.858,5191.0
51,blue-collar,married,basic.4y,unknown,yes,no,cellular,aug,fri,1,999,0,nonexistent,1.4,93.444,-36.1,4.964,5228.1
34,blue-collar,married,basic.4y,no,yes,no,cellular,jun,mon,2,999,0,nonexistent,-2.9,92.963,-40.8,1.26,5076.2
45,blue-collar,married,basic.9y,unknown,yes,no,telephone,jun,fri,3,999,0,nonexistent,1.4,94.465,-41.8,4.967,5228.1
54,admin.,married,university.degree,no,yes,no,cellular,aug,thu,2,999,0,nonexistent,1.4,93.444,-36.1,4.968,5228.1
43,admin.,married,high.school,no,yes,no,cellular,jul,mon,22,999,0,nonexistent,1.4,93.918,-42.7,4.962,5228.1
34,admin.,married,university.degree,no,no,no,cellular,nov,mon,1,999,1,failure,-1.1,94.767,-50.8,1.05,4963.6
34,admin.,married,basic.6y,no,yes,no,cellular,may,wed,2,999,0,nonexistent,-1.8,92.893,-46.2,1.281,5099.1
29,admin.,married,professional.course,no,yes,no,telephone,jun,wed,4,999,0,nonexistent,1.4,94.465,-41.8,4.959,5228.1
29,technician,married,university.degree,no,no,no,cellular,aug,wed,1,999,0,nonexistent,1.4,93.444,-36.1,4.965,5228.1
42,admin.,divorced,university.degree,no,yes,no,telephone,may,mon,1,999,0,nonexistent,1.1,93.994,-36.4,4.857,5191.0
58,blue-collar,divorced,basic.4y,unknown,no,no,telephone,jul,thu,7,999,0,nonexistent,1.4,93.918,-42.7,4.968,5228.1
49,management,married,professional.course,unknown,yes,no,telephone,may,tue,2,999,0,nonexistent,1.1,93.994,-36.4,4.857,5191.0
29,blue-collar,married,basic.4y,unknown,yes,yes,telephone,may,wed,4,999,0,nonexistent,1.1,93.994,-36.4,4.857,5191.0
29,technician,married,professional.course,no,no,no,cellular,mar,thu,1,999,0,nonexistent,-1.8,92.843,-50.0,1.65,5099.1
42,blue-collar,married,unknown,unknown,yes,yes,telephone,may,tue,1,999,0,nonexistent,1.1,93.994,-36.4,4.856,5191.0
51,admin.,married,university.degree,no,no,no,cellular,jul,fri,4,999,0,nonexistent,1.4,93.918,-42.7,4.962,5228.1
25,blue-collar,single,basic.4y,no,yes,yes,cellular,jul,tue,3,999,0,nonexistent,1.4,93.918,-42.7,4.962,5228.1
45,services,married,high.school,no,yes,no,cellular,aug,thu,1,999,0,nonexistent,1.4,93.444,-36.1,4.963,5228.1
34,admin.,single,high.school,no,no,no,cellular,nov,wed,1,999,0,nonexistent,-0.1,93.2,-42.0,4.12,5195.8
45,services,divorced,high.school,no,no,no,cellular,nov,thu,2,999,1,failure,-0.1,93.2,-42.0,4.076,5195.8
47,blue-collar,divorced,basic.4y,no,no,no,cellular,may,tue,1,999,0,nonexistent,-1.8,92.893,-46.2,1.344,5099.1
34,blue-collar,married,basic.9y,no,no,no,cellular,apr,mon,2,999,0,nonexistent,-1.8,93.075,-47.1,1.405,5099.1
37,technician,single,university.degree,no,yes,no,cellular,aug,tue,2,999,0,nonexistent,1.4,93.444,-36.1,4.966,5228.1
31,technician,single,professional.course,no,yes,no,cellular,aug,fri,5,999,0,nonexistent,1.4,93.444,-36.1,4.964,5228.1
38,technician,single,basic.9y,no,no,no,cellular,may,mon,7,999,0,nonexistent,-1.8,92.893,-46.2,1.244,5099.1
25,entrepreneur,single,university.degree,no,yes,no,cellular,may,thu,3,999,0,nonexistent,-1.8,92.893,-46.2,1.266,5099.1
51,admin.,married,university.degree,no,yes,yes,cellular,mar,fri,3,999,1,failure,-1.8,93.369,-34.8,0.636,5008.7
43,blue-collar,single,basic.4y,unknown,no,no,telephone,may,tue,2,999,0,nonexistent,1.1,93.994,-36.4,4.857,5191.0
37,admin.,married,basic.6y,no,no,no,telephone,may,mon,1,999,0,nonexistent,1.1,93.994,-36.4,4.857,5191.0
51,admin.,married,university.degree,no,yes,no,cellular,aug,wed,1,999,0,nonexistent,1.4,93.444,-36.1,4.964,5228.1
29,services,married,high.school,unknown,yes,no,cellular,may,thu,1,999,0,nonexistent,-1.8,92.893,-46.2,1.327,5099.1
26,services,single,high.school,no,yes,no,cellular,jul,tue,1,13,1,success,-2.9,92.469,-33.6,1.044,5076.2
25,blue-collar,single,basic.6y,unknown,yes,no,cellular,may,fri,5,999,0,nonexistent,-1.8,92.893,-46.2,1.25,5099.1
52,blue-collar,married,basic.4y,no,yes,no,cellular,jul,thu,6,999,0,nonexistent,1.4,93.918,-42.7,4.968,5228.1
32,services,married,high.school,no,no,yes,telephone,may,fri,1,999,0,nonexistent,1.1,93.994,-36.4,4.859,5191.0
51,blue-collar,married,basic.6y,no,yes,no,cellular,jul,fri,2,999,0,nonexistent,1.4,93.918,-42.7,4.957,5228.1
38,admin.,married,basic.6y,no,no,no,cellular,jul,thu,3,999,0,nonexistent,1.4,93.918,-42.7,4.968,5228.1
36,blue-collar,married,basic.9y,no,yes,no,cellular,nov,thu,4,999,0,nonexistent,-0.1,93.2,-42.0,4.076,5195.8
30,admin.,married,high.school,no,yes,no,cellular,jul,fri,2,999,0,nonexistent,1.4,93.918,-42.7,4.957,5228.1
33,management,divorced,university.degree,no,yes,no,cellular,jun,wed,1,999,0,nonexistent,-2.9,92.963,-40.8,1.26,5076.2
31,admin.,single,university.degree,no,no,no,cellular,aug,tue,1,15,1,success,-2.9,92.201,-31.4,0.884,5076.2
29,self-employed,single,university.degree,no,yes,no,cellular,apr,mon,1,999,0,nonexistent,-1.8,93.075,-47.1,1.405,5099.1
39,admin.,married,high.school,no,no,no,cellular,nov,wed,1,999,0,nonexistent,-0.1,93.2,-42.0,4.12,5195.8
58,blue-collar,married,basic.9y,unknown,yes,no,cellular,aug,wed,1,999,0,nonexistent,1.4,93.444,-36.1,4.964,5228.1
36,admin.,single,university.degree,no,no,no,cellular,aug,tue,1,999,0,nonexistent,1.4,93.444,-36.1,4.963,5228.1
58,retired,married,basic.4y,unknown,no,no,telephone,may,mon,3,999,0,nonexistent,1.1,93.994,-36.4,4.858,5191.0
46,blue-collar,married,high.school,unknown,no,no,cellular,jul,thu,1,999,0,nonexistent,1.4,93.918,-42.7,4.962,5228.1
57,blue-collar,married,professional.course,no,no,no,cellular,nov,tue,2,999,0,nonexistent,-0.1,93.2,-42.0,4.153,5195.8
49,blue-collar,married,basic.4y,unknown,yes,no,telephone,may,wed,1,999,0,nonexistent,1.1,93.994,-36.4,4.857,5191.0
36,blue-collar,married,unknown,no,yes,yes,cellular,apr,thu,1,999,1,failure,-1.8,93.075,-47.1,1.41,5099.1
57,retired,divorced,university.degree,unknown,no,no,cellular,aug,thu,5,999,0,nonexistent,1.4,93.444,-36.1,4.962,5228.1
41,technician,married,high.school,no,no,no,telephone,may,fri,6,999,0,nonexistent,1.1,93.994,-36.4,4.855,5191.0
27,admin.,single,high.school,no,no,no,cellular,jul,tue,1,999,0,nonexistent,1.4,93.918,-42.7,4.962,5228.1
39,blue-collar,married,basic.6y,no,yes,no,telephone,jun,tue,1,999,0,nonexistent,1.4,94.465,-41.8,4.864,5228.1
29,technician,single,professional.course,no,no,no,cellular,aug,tue,2,999,0,nonexistent,1.4,93.444,-36.1,4.966,5228.1
47,services,married,high.school,no,yes,no,telephone,jun,fri,8,999,0,nonexistent,1.4,94.465,-41.8,4.959,5228.1
55,services,divorced,professional.course,no,yes,no,telephone,apr,wed,23,999,0,nonexistent,-1.8,93.075,-47.1,1.372,5099.1
38,services,married,high.school,no,yes,no,telephone,may,fri,1,999,0,nonexistent,1.1,93.994,-36.4,4.859,5191.0
25,management,single,university.degree,no,yes,yes,cellular,jul,fri,5,999,0,nonexistent,1.4,93.918,-42.7,4.962,5228.1
49,housemaid,married,basic.4y,no,yes,no,cellular,aug,fri,5,999,0,nonexistent,1.4,93.444,-36.1,4.966,5228.1
47,blue-collar,married,unknown,unknown,yes,no,telephone,jun,mon,4,999,0,nonexistent,1.4,94.465,-41.8,4.865,5228.1
58,technician,married,university.degree,no,yes,no,telephone,jun,tue,12,999,0,nonexistent,1.4,94.465,-41.8,4.864,5228.1
36,blue-collar,married,high.school,no,yes,no,cellular,dec,thu,1,999,0,nonexistent,-0.2,92.756,-45.9,3.329,5176.3
37,admin.,divorced,university.degree,unknown,yes,no,cellular,may,wed,1,999,1,failure,-1.8,92.893,-46.2,1.281,5099.1
53,management,married,university.degree,no,yes,no,cellular,nov,tue,2,999,0,nonexistent,-0.1,93.2,-42.0,4.153,5195.8
29,admin.,single,university.degree,no,no,no,cellular,aug,tue,3,999,0,nonexistent,1.4,93.444,-36.1,4.965,5228.1
33,technician,married,high.school,no,no,no,telephone,may,tue,1,999,0,nonexistent,1.1,93.994,-36.4,4.856,5191.0
58,unemployed,married,professional.course,unknown,yes,no,cellular,aug,thu,3,999,0,nonexistent,1.4,93.444,-36.1,4.968,5228.1
54,unemployed,married,university.degree,no,yes,no,cellular,jul,thu,2,999,0,nonexistent,1.4,93.918,-42.7,4.962,5228.1
39,technician,married,professional.course,no,no,no,telephone,jun,mon,2,999,0,nonexistent,1.4,94.465,-41.8,4.865,5228.1
48,management,married,university.degree,no,yes,no,cellular,aug,tue,1,999,0,nonexistent,-2.9,92.201,-31.4,0.884,5076.2
53,admin.,married,basic.9y,no,no,no,telephone,may,fri,2,999,0,nonexistent,1.1,93.994,-36.4,4.857,5191.0
37,blue-collar,married,high.school,no,yes,no,cellular,may,fri,1,999,0,nonexistent,-1.8,92.893,-46.2,1.313,5099.1
71,retired,married,basic.4y,no,no,no,cellular,apr,mon,2,4,1,success,-1.8,93.749,-34.6,0.645,5008.7
43,blue-collar,single,professional.course,no,yes,no,telephone,jun,tue,2,999,0,nonexistent,1.4,94.465,-41.8,4.864,5228.1
24,services,single,professional.course,no,yes,no,telephone,may,mon,1,999,0,nonexistent,1.1,93.994,-36.4,4.858,5191.0
37,admin.,single,university.degree,no,no,no,cellular,may,wed,4,999,0,nonexistent,-1.8,92.893,-46.2,1.334,5099.1
29,unemployed,single,university.degree,no,yes,no,cellular,jul,tue,1,999,0,nonexistent,-2.9,92.469,-33.6,1.044,5076.2
37,admin.,single,university.degree,no,no,no,cellular,aug,wed,11,999,0,nonexistent,1.4,93.444,-36.1,4.964,5228.1
46,blue-collar,married,basic.4y,unknown,no,no,cellular,jul,tue,3,999,0,nonexistent,1.4,93.918,-42.7,4.961,5228.1
41,blue-collar,married,basic.6y,unknown,yes,no,telephone,may,fri,1,999,0,nonexistent,1.1,93.994,-36.4,4.857,5191.0
32,technician,single,university.degree,no,yes,no,cellular,jul,fri,2,999,0,nonexistent,1.4,93.918,-42.7,4.963,5228.1
32,blue-collar,married,basic.9y,no,no,no,cellular,jul,thu,1,999,0,nonexistent,1.4,93.918,-42.7,4.963,5228.1
33,housemaid,divorced,university.degree,no,no,no,telephone,may,tue,1,999,0,nonexistent,1.1,93.994,-36.4,4.857,5191.0
28,technician,single,professional.course,no,yes,no,telephone,jun,wed,2,999,0,nonexistent,1.4,94.465,-41.8,4.962,5228.1
44,services,married,basic.9y,unknown,no,no,telephone,jun,wed,8,999,0,nonexistent,1.4,94.465,-41.8,4.959,5228.1
21,admin.,single,high.school,no,yes,no,cellular,jun,wed,1,999,0,nonexistent,-2.9,92.963,-40.8,1.26,5076.2
28,technician,single,professional.course,no,yes,no,cellular,jun,tue,1,999,0,nonexistent,-2.9,92.963,-40.8,1.262,5076.2
43,management,married,basic.9y,no,yes,no,cellular,aug,fri,1,6,2,failure,-2.9,92.201,-31.4,0.869,5076.2
69,unknown,married,university.degree,no,yes,yes,cellular,sep,tue,2,3,1,success,-3.4,92.379,-29.8,0.77,5017.5
36,technician,married,university.degree,no,no,no,telephone,may,wed,1,999,0,nonexistent,1.1,93.994,-36.4,4.858,5191.0
37,technician,single,professional.course,unknown,yes,no,cellular,aug,tue,1,999,0,nonexistent,1.4,93.444,-36.1,4.966,5228.1
31,blue-collar,single,basic.4y,unknown,yes,no,cellular,jul,mon,3,999,0,nonexistent,1.4,93.918,-42.7,4.96,5228.1
40,admin.,divorced,university.degree,no,yes,no,cellular,apr,wed,1,999,0,nonexistent,-1.8,93.075,-47.1,1.445,5099.1
36,self-employed,single,university.degree,no,yes,no,telephone,may,mon,6,999,0,nonexistent,1.1,93.994,-36.4,4.858,5191.0
35,student,single,university.degree,no,yes,no,cellular,oct,tue,2,999,0,nonexistent,-3.4,92.431,-26.9,0.742,5017.5
39,blue-collar,divorced,basic.9y,no,unknown,unknown,telephone,jun,fri,1,999,0,nonexistent,1.4,94.465,-41.8,4.967,5228.1
32,admin.,single,high.school,no,yes,no,cellular,nov,thu,4,999,0,nonexistent,-0.1,93.2,-42.0,4.076,5195.8
24,services,single,high.school,no,no,no,cellular,may,thu,1,999,1,failure,-1.8,92.893,-46.2,1.266,5099.1
39,blue-collar,married,basic.9y,unknown,no,no,telephone,may,wed,2,999,0,nonexistent,1.1,93.994,-36.4,4.857,5191.0
73,retired,married,basic.4y,no,yes,yes,cellular,aug,fri,1,999,0,nonexistent,-2.9,92.201,-31.4,0.881,5076.2
35,services,divorced,university.degree,no,no,yes,cellular,jul,tue,2,999,0,nonexistent,1.4,93.918,-42.7,4.961,5228.1
38,admin.,single,unknown,unknown,no,no,telephone,jun,tue,2,999,0,nonexistent,1.4,94.465,-41.8,4.961,5228.1
37,entrepreneur,married,basic.9y,unknown,yes,no,cellular,jul,fri,2,999,0,nonexistent,1.4,93.918,-42.7,4.957,5228.1
42,blue-collar,married,basic.9y,unknown,yes,no,telephone,may,fri,4,999,0,nonexistent,1.1,93.994,-36.4,4.864,5191.0
48,housemaid,divorced,basic.4y,unknown,no,yes,telephone,may,fri,3,999,0,nonexistent,1.1,93.994,-36.4,4.857,5191.0
58,retired,married,unknown,unknown,no,yes,cellular,aug,tue,2,999,0,nonexistent,1.4,93.444,-36.1,4.963,5228.1
49,admin.,single,university.degree,no,no,no,cellular,jul,tue,6,999,0,nonexistent,1.4,93.918,-42.7,4.961,5228.1
49,blue-collar,married,unknown,no,no,no,telephone,may,tue,1,999,0,nonexistent,1.1,93.994,-36.4,4.857,5191.0
55,blue-collar,married,basic.4y,no,yes,no,telephone,jul,tue,1,999,0,nonexistent,1.4,93.918,-42.7,4.955,5228.1
36,blue-collar,single,university.degree,no,yes,no,cellular,may,tue,2,999,1,failure,-1.8,92.893,-46.2,1.291,5099.1
60,housemaid,married,university.degree,no,yes,no,cellular,nov,mon,3,999,0,nonexistent,-3.4,92.649,-30.1,0.722,5017.5
36,blue-collar,married,basic.4y,no,yes,no,cellular,nov,mon,1,999,0,nonexistent,-0.1,93.2,-42.0,4.191,5195.8
40,entrepreneur,married,high.school,no,no,yes,telephone,may,fri,2,999,0,nonexistent,1.1,93.994,-36.4,4.857,5191.0
42,blue-collar,married,basic.4y,no,no,no,cellular,may,mon,1,999,0,nonexistent,-1.8,92.893,-46.2,1.299,5099.1
50,entrepreneur,married,basic.4y,unknown,no,no,cellular,jul,thu,2,999,0,nonexistent,1.4,93.918,-42.7,4.958,5228.1
39,blue-collar,married,basic.9y,no,yes,no,cellular,nov,mon,4,999,1,failure,-0.1,93.2,-42.0,4.191,5195.8
28,student,single,high.school,no,yes,no,cellular,jun,mon,2,999,0,nonexistent,-2.9,92.963,-40.8,1.266,5076.2
41,blue-collar,married,basic.4y,no,yes,no,cellular,jul,mon,2,999,0,nonexistent,1.4,93.918,-42.7,4.96,5228.1
50,blue-collar,married,unknown,unknown,no,no,cellular,jul,thu,2,999,0,nonexistent,1.4,93.918,-42.7,4.958,5228.1
52,admin.,married,high.school,unknown,yes,no,telephone,may,wed,5,999,0,nonexistent,1.1,93.994,-36.4,4.857,5191.0
35,services,single,high.school,no,yes,no,cellular,apr,fri,1,999,0,nonexistent,-1.8,93.075,-47.1,1.405,5099.1
33,services,married,high.school,no,yes,no,telephone,jun,thu,2,999,0,nonexistent,1.4,94.465,-41.8,4.866,5228.1
45,blue-collar,married,basic.4y,unknown,yes,no,cellular,may,tue,2,999,1,failure,-1.8,92.893,-46.2,1.344,5099.1
43,blue-collar,married,basic.4y,no,yes,no,cellular,may,thu,3,999,1,failure,-1.8,92.893,-46.2,1.266,5099.1
56,housemaid,divorced,basic.4y,unknown,no,no,telephone,jun,mon,2,999,0,nonexistent,1.4,94.465,-41.8,4.96,5228.1
36,admin.,married,university.degree,no,yes,no,telephone,jun,fri,9,999,0,nonexistent,1.4,94.465,-41.8,4.959,5228.1
54,technician,married,university.degree,unknown,no,no,cellular,may,fri,7,999,0,nonexistent,-1.8,92.893,-46.2,1.313,5099.1
32,blue-collar,married,high.school,unknown,no,no,telephone,jun,fri,2,999,0,nonexistent,1.4,94.465,-41.8,4.967,5228.1
37,management,single,basic.9y,no,no,no,cellular,oct,thu,1,999,0,nonexistent,-3.4,92.431,-26.9,0.741,5017.5
46,unknown,married,basic.4y,unknown,yes,no,telephone,jun,thu,3,999,0,nonexistent,1.4,94.465,-41.8,4.955,5228.1
24,blue-collar,single,basic.6y,no,no,no,telephone,jul,wed,1,999,0,nonexistent,1.4,93.918,-42.7,4.963,5228.1
38,blue-collar,married,basic.4y,no,no,yes,cellular,apr,mon,3,999,0,nonexistent,-1.8,93.075,-47.1,1.405,5099.1
35,technician,married,professional.course,no,unknown,unknown,cellular,jul,thu,12,999,0,nonexistent,1.4,93.918,-42.7,4.968,5228.1
29,technician,single,professional.course,no,no,no,cellular,nov,tue,2,1,1,success,-1.1,94.767,-50.8,1.046,4963.6
38,entrepreneur,married,basic.9y,no,no,no,telephone,may,tue,1,999,0,nonexistent,1.1,93.994,-36.4,4.856,5191.0
32,services,married,high.school,no,no,no,cellular,may,tue,1,999,0,nonexistent,-1.8,92.893,-46.2,1.344,5099.1
31,management,single,university.degree,no,yes,yes,cellular,may,mon,1,999,0,nonexistent,-1.8,92.893,-46.2,1.299,5099.1
25,admin.,married,university.degree,no,yes,no,telephone,may,thu,4,999,0,nonexistent,1.1,93.994,-36.4,4.86,5191.0
48,admin.,married,high.school,unknown,yes,no,cellular,jul,thu,6,999,0,nonexistent,1.4,93.918,-42.7,4.962,5228.1
29,services,single,high.school,unknown,no,no,telephone,jun,mon,2,999,0,nonexistent,1.4,94.465,-41.8,4.958,5228.1
33,admin.,single,university.degree,no,no,no,telephone,may,thu,1,999,0,nonexistent,1.1,93.994,-36.4,4.855,5191.0
38,entrepreneur,married,basic.9y,no,yes,no,cellular,nov,mon,1,999,0,nonexistent,-0.1,93.2,-42.0,4.191,5195.8
36,housemaid,married,basic.4y,no,yes,no,cellular,apr,wed,7,999,0,nonexistent,-1.8,93.075,-47.1,1.415,5099.1
40,services,married,basic.9y,no,yes,no,cellular,jul,thu,1,999,0,nonexistent,1.4,93.918,-42.7,4.958,5228.1
38,management,married,university.degree,no,yes,no,cellular,nov,thu,2,999,0,nonexistent,-0.1,93.2,-42.0,4.076,5195.8
52,management,married,professional.course,no,no,no,telephone,may,fri,1,999,0,nonexistent,1.1,93.994,-36.4,4.859,5191.0
50,blue-collar,married,unknown,unknown,yes,no,cellular,jul,thu,1,999,0,nonexistent,1.4,93.918,-42.7,4.958,5228.1
27,student,single,university.degree,no,no,yes,cellular,jun,mon,2,3,4,success,-1.7,94.055,-39.8,0.72,4991.6
55,services,married,high.school,no,no,no,telephone,may,tue,2,999,0,nonexistent,1.1,93.994,-36.4,4.856,5191.0
41,technician,married,professional.course,no,yes,yes,cellular,aug,fri,1,999,0,nonexistent,1.4,93.444,-36.1,4.963,5228.1
35,admin.,divorced,university.degree,no,no,no,cellular,nov,fri,6,999,0,nonexistent,-0.1,93.2,-42.0,4.021,5195.8
51,admin.,married,university.degree,no,no,yes,cellular,nov,fri,1,999,0,nonexistent,-0.1,93.2,-42.0,4.021,5195.8
32,blue-collar,married,basic.6y,no,no,no,cellular,jul,tue,1,999,0,nonexistent,1.4,93.918,-42.7,4.961,5228.1
35,blue-collar,married,basic.9y,no,yes,no,telephone,may,thu,1,999,0,nonexistent,1.1,93.994,-36.4,4.855,5191.0
38,blue-collar,married,basic.9y,no,no,no,cellular,nov,thu,2,999,0,nonexistent,-0.1,93.2,-42.0,4.076,5195.8
49,services,married,high.school,no,yes,yes,cellular,aug,mon,1,999,0,nonexistent,1.4,93.444,-36.1,4.965,5228.1
45,management,married,university.degree,no,yes,no,telephone,may,tue,1,999,0,nonexistent,1.1,93.994,-36.4,4.857,5191.0
37,services,married,high.school,no,yes,no,telephone,may,fri,1,999,0,nonexistent,1.1,93.994,-36.4,4.855,5191.0
39,admin.,married,professional.course,no,no,no,telephone,oct,tue,2,999,0,nonexistent,-3.4,92.431,-26.9,0.728,5017.5
39,blue-collar,married,basic.6y,no,no,yes,telephone,may,tue,1,999,0,nonexistent,1.1,93.994,-36.4,4.856,5191.0
53,blue-collar,married,basic.9y,no,no,no,telephone,may,thu,2,999,1,failure,-1.8,92.893,-46.2,1.327,5099.1
24,services,single,high.school,unknown,yes,no,cellular,may,thu,2,10,1,success,-1.8,92.893,-46.2,1.327,5099.1
50,admin.,divorced,university.degree,no,yes,no,telephone,nov,mon,2,999,1,failure,-0.1,93.2,-42.0,4.191,5195.8
