age,job,marital,education,default,housing,loan,contact,month,day_of_week,campaign,pdays,previous,poutcome,emp.var.rate,cons.price.idx,cons.conf.idx,euribor3m,nr.employed
59,admin.,married,high.school,no,yes,no,cellular,apr,thu,3,999,1,failure,-1.8,93.075,-47.1,1.365,5099.1
38,technician,single,professional.course,no,yes,no,cellular,may,thu,4,999,0,nonexistent,-1.8,92.893,-46.2,1.266,5099.1
39,admin.,divorced,high.school,no,yes,no,cellular,jul,tue,5,999,0,nonexistent,1.4,93.918,-42.7,4.961,5228.1
31,blue-collar,married,basic.6y,unknown,yes,yes,telephone,may,mon,1,999,0,nonexistent,1.1,93.994,-36.4,4.857,5191.0
70,retired,married,professional.course,no,no,no,cellular,aug,fri,3,999,1,failure,-2.9,92.201,-31.4,0.869,5076.2
51,services,married,unknown,no,no,yes,cellular,aug,fri,3,999,0,nonexistent,1.4,93.444,-36.1,4.964,5228.1
39,blue-collar,divorced,basic.9y,no,yes,no,cellular,may,fri,1,999,0,nonexistent,-1.8,92.893,-46.2,1.313,5099.1
45,admin.,married,university.degree,no,no,no,cellular,aug,mon,1,999,0,nonexistent,1.4,93.444,-36.1,4.965,5228.1
36,technician,single,university.degree,unknown,no,no,cellular,aug,tue,1,999,0,nonexistent,1.4,93.444,-36.1,4.966,5228.1
40,services,married,high.school,unknown,yes,no,cellular,may,mon,5,999,0,nonexistent,-1.8,92.893,-46.2,1.299,5099.1
34,technician,married,university.degree,no,yes,no,telephone,may,tue,2,999,0,nonexistent,1.1,93.994,-36.4,4.857,5191.0
38,technician,married,university.degree,no,no,no,cellular,mar,tue,2,999,2,failure,-1.8,92.843,-50.0,1.687,5099.1
53,management,divorced,university.degree,no,no,no,cellular,jun,mon,1,999,0,nonexistent,-1.7,94.055,-39.8,0.754,4991.6
32,technician,single,university.degree,no,yes,no,cellular,aug,wed,3,999,0,nonexistent,1.4,93.444,-36.1,4.965,5228.1
26,services,single,high.school,no,yes,no,cellular,jul,wed,8,999,0,nonexistent,1.4,93.918,-42.7,4.963,5228.1
35,admin.,married,university.degree,no,yes,no,cellular,aug,tue,2,999,0,nonexistent,1.4,93.444,-36.1,4.963,5228.1
49,blue-collar,divorced,unknown,unknown,yes,no,cellular,jul,wed,2,999,0,nonexistent,1.4,93.918,-42.7,4.957,5228.1
40,blue-collar,married,basic.6y,no,unknown,unknown,cellular,nov,wed,3,999,0,nonexistent,-0.1,93.2,-42.0,4.12,5195.8
39,admin.,married,university.degree,no,yes,no,cellular,aug,thu,3,999,0,nonexistent,1.4,93.444,-36.1,4.968,5228.1
42,blue-collar,married,basic.4y,no,yes,no,cellular,may,mon,2,999,0,nonexistent,-1.8,92.893,-46.2,1.299,5099.1
55,entrepreneur,married,professional.course,no,yes,no,cellular,nov,thu,3,999,0,nonexistent,-0.1,93.2,-42.0,4.076,5195.8
46,technician,married,professional.course,no,yes,no,cellular,aug,fri,6,999,1,failure,-2.9,92.201,-31.4,0.869,5076.2
27,admin.,married,high.school,no,no,yes,cellular,may,thu,4,999,0,nonexistent,-1.8,92.893,-46.2,1.266,5099.1
29,admin.,single,university.degree,no,yes,no,cellular,may,tue,1,999,1,failure,-1.8,92.893,-46.2,1.344,5099.1
25,blue-collar,single,basic.9y,no,yes,yes,cellular,may,fri,6,999,0,nonexistent,-1.8,92.893,-46.2,1.313,5099.1
35,admin.,married,university.degree,no,yes,no,cellular,jul,tue,4,999,0,nonexistent,1.4,93.918,-42.7,4.961,5228.1
51,management,married,unknown,unknown,yes,yes,telephone,jun,mon,3,999,0,nonexistent,1.4,94.465,-41.8,4.865,5228.1
39,admin.,married,university.degree,no,no,no,telephone,may,tue,3,999,0,nonexistent,1.1,93.994,-36.4,4.857,5191.0
30,services,married,basic.9y,no,no,yes,telephone,jul,thu,2,999,0,nonexistent,1.4,93.918,-42.7,4.966,5228.1
59,technician,divorced,professional.course,no,no,no,telephone,may,wed,2,999,0,nonexistent,1.1,93.994,-36.4,4.857,5191.0
38,blue-collar,single,basic.4y,unknown,no,no,telephone,may,thu,3,999,0,nonexistent,1.1,93.994,-36.4,4.855,5191.0
24,admin.,married,unknown,no,yes,no,cellular,jul,wed,2,999,0,nonexistent,1.4,93.918,-42.7,4.963,5228.1
37,technician,single,university.degree,no,no,no,telephone,may,thu,1,999,0,nonexistent,1.1,93.994,-36.4,4.855,5191.0
49,unemployed,married,high.school,no,no,no,cellular,sep,wed,1,999,0,nonexistent,-3.4,92.379,-29.8,0.768,5017.5
26,admin.,single,university.degree,no,no,yes,cellular,jul,tue,4,999,0,nonexistent,-2.9,92.469,-33.6,0.908,5076.2
27,services,married,university.degree,no,no,no,cellular,may,tue,2,3,1,success,-1.8,92.893,-46.2,1.266,5099.1
71,admin.,married,basic.4y,no,yes,no,cellular,aug,thu,1,999,2,failure,-1.7,94.027,-38.3,0.899,4991.6
30,admin.,single,university.degree,no,no,no,cellular,aug,thu,2,999,0,nonexistent,1.4,93.444,-36.1,4.962,5228.1
23,blue-collar,married,basic.6y,unknown,no,no,cellular,may,tue,8,999,0,nonexistent,-1.8,92.893,-46.2,1.291,5099.1
57,technician,married,high.school,unknown,no,yes,cellular,aug,fri,1,999,0,nonexistent,1.4,93.444,-36.1,4.966,5228.1
41,technician,married,professional.course,no,no,no,cellular,aug,wed,1,999,0,nonexistent,1.4,93.444,-36.1,4.965,5228.1
28,blue-collar,single,basic.9y,unknown,no,no,cellular,may,thu,3,999,1,failure,-1.8,92.893,-46.2,1.266,5099.1
49,technician,married,unknown,unknown,yes,no,cellular,jul,thu,14,999,0,nonexistent,1.4,93.918,-42.7,4.968,5228.1
31,entrepreneur,single,university.degree,no,no,no,cellular,nov,thu,1,999,0,nonexistent,-0.1,93.2,-42.0,4.076,5195.8
43,admin.,single,high.school,no,no,no,cellular,jul,tue,1,999,0,nonexistent,1.4,93.918,-42.7,4.962,5228.1
31,technician,single,university.degree,no,yes,no,cellular,aug,wed,1,999,0,nonexistent,1.4,93.444,-36.1,4.967,5228.1
38,blue-collar,married,basic.6y,unknown,yes,no,telephone,jun,tue,1,999,0,nonexistent,1.4,94.465,-41.8,4.864,5228.1
45,blue-collar,married,basic.9y,no,yes,no,cellular,apr,fri,1,999,0,nonexistent,-1.8,93.075,-47.1,1.405,5099.1
26,technician,single,basic.9y,no,yes,no,cellular,sep,thu,1,999,1,failure,-1.1,94.199,-37.5,0.879,4963.6
36,management,married,university.degree,no,yes,no,cellular,may,mon,6,999,0,nonexistent,-1.8,92.893,-46.2,1.354,5099.1
39,entrepreneur,married,high.school,no,unknown,unknown,telephone,jun,mon,3,999,0,nonexistent,1.4,94.465,-41.8,4.96,5228.1
56,admin.,married,unknown,no,yes,no,cellular,aug,fri,4,999,0,nonexistent,1.4,93.444,-36.1,4.964,5228.1
45,blue-collar,married,basic.4y,unknown,yes,yes,cellular,aug,mon,1,999,0,nonexistent,1.4,93.444,-36.1,4.965,5228.1
44,services,divorced,high.school,no,yes,yes,cellular,jul,mon,1,999,0,nonexistent,1.4,93.918,-42.7,4.962,5228.1
51,blue-collar,married,basic.4y,unknown,yes,no,cellular,aug,fri,1,999,0,nonexistent,1.4,93.444,-36.1,4.966,5228.1
27,student,single,university.degree,no,yes,no,telephone,may,mon,1,999,0,nonexistent,1.1,93.994,-36.4,4.858,5191.0
24,blue-collar,single,basic.9y,no,no,no,cellular,oct,mon,1,6,1,success,-1.1,94.601,-49.5,0.977,4963.6
46,admin.,single,university.degree,unknown,no,no,telephone,jun,tue,1,999,0,nonexistent,1.4,94.465,-41.8,4.864,5228.1
33,admin.,single,university.degree,no,no,no,cellular,may,mon,1,999,1,failure,-1.8,92.893,-46.2,1.299,5099.1
55,retired,divorced,professional.course,no,no,no,telephone,jun,thu,3,999,0,nonexistent,1.4,94.465,-41.8,4.961,5228.1
48,technician,married,high.school,unknown,yes,yes,cellular,aug,tue,1,999,0,nonexistent,1.4,93.444,-36.1,4.963,5228.1
56,self-employed,married,university.degree,no,no,no,cellular,apr,mon,3,999,1,failure,-1.8,93.075,-47.1,1.405,5099.1
38,admin.,married,university.degree,no,no,no,cellular,aug,tue,1,999,0,nonexistent,1.4,93.444,-36.1,4.965,5228.1
49,management,married,professional.course,unknown,yes,no,telephone,may,tue,2,999,0,nonexistent,1.1,93.994,-36.4,4.857,5191.0
52,services,married,high.school,unknown,yes,no,cellular,aug,mon,1,999,0,nonexistent,1.4,93.444,-36.1,4.965,5228.1
45,blue-collar,married,high.school,no,yes,no,telephone,may,thu,5,999,0,nonexistent,1.1,93.994,-36.4,4.855,5191.0
47,admin.,divorced,high.school,no,yes,no,telephone,jun,mon,1,999,0,nonexistent,-1.7,94.055,-39.8,0.711,4991.6
27,admin.,single,university.degree,no,no,no,cellular,mar,tue,1,999,0,nonexistent,-1.8,93.369,-34.8,0.637,5008.7
53,blue-collar,married,basic.4y,unknown,yes,no,cellular,aug,tue,1,999,0,nonexistent,1.4,93.444,-36.1,4.968,5228.1
38,blue-collar,single,basic.9y,no,yes,no,telephone,may,tue,1,999,0,nonexistent,1.1,93.994,-36.4,4.856,5191.0
36,management,divorced,university.degree,no,yes,no,cellular,jul,tue,1,999,0,nonexistent,1.4,93.918,-42.7,4.961,5228.1
54,entrepreneur,married,high.school,no,yes,no,cellular,may,fri,1,999,1,failure,-1.8,92.893,-46.2,1.25,5099.1
35,technician,married,university.degree,no,yes,no,cellular,oct,wed,1,999,0,nonexistent,-3.4,92.431,-26.9,0.742,5017.5
50,management,married,basic.9y,no,no,no,telephone,may,mon,4,999,0,nonexistent,1.1,93.994,-36.4,4.857,5191.0
23,technician,married,professional.course,no,yes,yes,cellular,oct,thu,2,999,0,nonexistent,-3.4,92.431,-26.9,0.722,5017.5
42,technician,single,high.school,no,no,no,cellular,jul,wed,2,999,0,nonexistent,1.4,93.918,-42.7,4.963,5228.1
37,services,married,high.school,unknown,no,no,telephone,may,wed,1,999,0,nonexistent,1.1,93.994,-36.4,4.858,5191.0
31,services,single,high.school,unknown,yes,no,cellular,nov,mon,3,999,0,nonexistent,-0.1,93.2,-42.0,4.191,5195.8
30,services,single,high.school,no,yes,no,telephone,may,thu,2,999,0,nonexistent,1.1,93.994,-36.4,4.855,5191.0
24,student,single,high.school,no,yes,yes,cellular,sep,wed,2,6,2,success,-1.1,94.199,-37.5,0.876,4963.6
41,blue-collar,married,basic.4y,no,yes,no,telephone,may,fri,2,999,0,nonexistent,1.1,93.994,-36.4,4.864,5191.0
36,blue-collar,married,basic.9y,no,yes,no,cellular,may,thu,1,999,1,failure,-1.8,92.893,-46.2,1.327,5099.1
44,housemaid,married,basic.9y,no,no,no,telephone,may,fri,1,999,0,nonexistent,1.1,93.994,-36.4,4.859,5191.0
57,retired,married,basic.6y,no,no,no,cellular,may,thu,1,999,1,failure,-1.8,92.893,-46.2,1.327,5099.1
40,blue-collar,married,high.school,no,yes,no,cellular,nov,fri,1,999,0,nonexistent,-0.1,93.2,-42.0,4.021,5195.8
53,unemployed,single,basic.9y,no,no,no,cellular,nov,fri,2,999,0,nonexistent,-0.1,93.2,-42.0,4.021,5195.8
30,technician,married,high.school,no,no,no,telephone,jun,fri,6,999,0,nonexistent,1.4,94.465,-41.8,4.947,5228.1
51,blue-collar,married,basic.9y,unknown,yes,no,telephone,may,thu,2,999,0,nonexistent,1.1,93.994,-36.4,4.855,5191.0
29,management,single,high.school,no,yes,no,cellular,apr,thu,2,999,1,failure,-1.8,93.075,-47.1,1.365,5099.1
34,admin.,married,professional.course,no,yes,no,telephone,may,tue,2,999,0,nonexistent,1.1,93.994,-36.4,4.856,5191.0
31,blue-collar,married,basic.9y,no,no,no,telephone,jun,mon,21,999,0,nonexistent,1.4,94.465,-41.8,4.96,5228.1
28,technician,single,professional.course,no,no,no,cellular,jul,thu,5,999,0,nonexistent,1.4,93.918,-42.7,4.968,5228.1
69,entrepreneur,married,high.school,no,no,no,cellular,jun,wed,2,999,0,nonexistent,-2.9,92.963,-40.8,1.26,5076.2
42,management,married,university.degree,no,yes,no,cellular,nov,wed,2,999,0,nonexistent,-0.1,93.2,-42.0,4.12,5195.8
30,technician,single,professional.course,no,yes,no,telephone,may,wed,1,999,0,nonexistent,1.1,93.994,-36.4,4.859,5191.0
50,management,married,university.degree,no,yes,yes,cellular,apr,fri,1,999,0,nonexistent,-1.8,93.075,-47.1,1.405,5099.1
36,services,married,high.school,no,yes,yes,telephone,jul,thu,17,999,0,nonexistent,1.4,93.918,-42.7,4.968,5228.1
42,self-employed,divorced,basic.6y,unknown,yes,no,cellular,jul,tue,3,999,0,nonexistent,1.4,93.918,-42.7,4.961,5228.1
32,technician,single,high.school,no,yes,no,cellular,aug,fri,2,999,0,nonexistent,1.4,93.444,-36.1,4.963,5228.1
45,housemaid,married,basic.4y,no,no,no,cellular,aug,thu,3,999,0,nonexistent,1.4,93.444,-36.1,4.963,5228.1
29,admin.,single,high.school,no,yes,no,cellular,jul,tue,1,999,0,nonexistent,1.4,93.918,-42.7,4.962,5228.1
37,technician,single,university.degree,no,yes,no,telephone,may,thu,3,999,0,nonexistent,1.1,93.994,-36.4,4.855,5191.0
30,services,single,high.school,no,no,no,cellular,may,mon,2,999,0,nonexistent,-1.8,92.893,-46.2,1.244,5099.1
39,blue-collar,married,basic.9y,no,yes,no,telephone,may,fri,2,999,0,nonexistent,1.1,93.994,-36.4,4.857,5191.0
46,services,married,basic.9y,unknown,yes,no,cellular,aug,wed,5,999,0,nonexistent,1.4,93.444,-36.1,4.964,5228.1
51,blue-collar,married,basic.4y,unknown,yes,no,cellular,jul,wed,2,999,0,nonexistent,1.4,93.918,-42.7,4.962,5228.1
51,blue-collar,married,basic.9y,no,no,yes,telephone,may,fri,1,999,0,nonexistent,1.1,93.994,-36.4,4.855,5191.0
55,blue-collar,married,basic.6y,unknown,unknown,unknown,cellular,jul,thu,1,999,0,nonexistent,1.4,93.918,-42.7,4.962,5228.1
32,services,married,university.degree,no,no,no,telephone,jul,mon,10,999,0,nonexistent,1.4,93.918,-42.7,4.96,5228.1
31,blue-collar,married,basic.4y,unknown,yes,yes,telephone,jun,thu,3,999,0,nonexistent,1.4,94.465,-41.8,4.955,5228.1
49,technician,married,professional.course,no,yes,no,cellular,aug,tue,1,999,1,failure,-2.9,92.201,-31.4,0.883,5076.2
43,technician,married,basic.9y,no,no,no,cellular,jul,wed,6,999,0,nonexistent,1.4,93.918,-42.7,4.957,5228.1
43,blue-collar,divorced,basic.9y,unknown,yes,no,cellular,may,fri,4,999,0,nonexistent,-1.8,92.893,-46.2,1.25,5099.1
26,admin.,married,university.degree,no,yes,yes,telephone,may,fri,1,999,0,nonexistent,1.1,93.994,-36.4,4.855,5191.0
31,services,single,high.school,no,yes,no,cellular,nov,thu,2,999,0,nonexistent,-0.1,93.2,-42.0,4.076,5195.8
41,housemaid,married,basic.4y,unknown,yes,no,cellular,aug,thu,1,999,0,nonexistent,1.4,93.444,-36.1,4.964,5228.1
35,blue-collar,married,basic.6y,no,no,no,cellular,may,thu,2,999,0,nonexistent,-1.8,92.893,-46.2,1.327,5099.1
51,blue-collar,married,basic.4y,no,yes,yes,telephone,may,mon,2,999,0,nonexistent,1.1,93.994,-36.4,4.857,5191.0
25,self-employed,married,professional.course,no,yes,no,telephone,jun,wed,2,999,0,nonexistent,1.4,94.465,-41.8,4.959,5228.1
33,blue-collar,married,basic.9y,unknown,yes,no,telephone,may,wed,1,999,0,nonexistent,1.1,93.994,-36.4,4.857,5191.0
28,admin.,single,high.school,no,no,no,telephone,jun,tue,5,999,0,nonexistent,1.4,94.465,-41.8,4.864,5228.1
44,technician,single,professional.course,no,yes,no,cellular,jul,tue,2,999,0,nonexistent,-2.9,92.469,-33.6,1.044,5076.2
51,blue-collar,married,basic.6y,no,yes,no,cellular,apr,wed,2,999,0,nonexistent,-1.8,93.075,-47.1,1.372,5099.1
53,self-employed,married,university.degree,no,yes,no,cellular,nov,fri,4,999,0,nonexistent,-0.1,93.2,-42.0,4.021,5195.8
49,admin.,single,unknown,unknown,unknown,unknown,telephone,jun,tue,1,999,0,nonexistent,1.4,94.465,-41.8,4.961,5228.1
38,admin.,married,high.school,no,yes,yes,cellular,aug,mon,2,999,0,nonexistent,1.4,93.444,-36.1,4.965,5228.1
36,admin.,married,university.degree,unknown,yes,no,cellular,aug,thu,1,999,0,nonexistent,1.4,93.444,-36.1,4.963,5228.1
39,blue-collar,divorced,basic.9y,no,yes,no,telephone,may,fri,3,999,0,nonexistent,1.1,93.994,-36.4,4.864,5191.0
36,technician,married,high.school,no,no,no,telephone,oct,wed,1,999,0,nonexistent,-0.1,93.798,-40.4,4.936,5195.8
32,technician,divorced,basic.9y,no,yes,yes,cellular,may,wed,3,999,1,failure,-1.8,92.893,-46.2,1.334,5099.1
28,admin.,single,high.school,unknown,no,no,cellular,may,thu,2,999,0,nonexistent,-1.8,92.893,-46.2,1.327,5099.1
32,technician,single,professional.course,no,yes,no,telephone,may,fri,1,999,0,nonexistent,1.1,93.994,-36.4,4.859,5191.0
34,admin.,single,university.degree,no,no,yes,cellular,aug,mon,3,999,0,nonexistent,1.4,93.444,-36.1,4.97,5228.1
30,technician,single,professional.course,no,no,no,cellular,aug,wed,4,999,0,nonexistent,1.4,93.444,-36.1,4.964,5228.1
31,admin.,married,university.degree,no,yes,no,cellular,nov,thu,2,5,1,success,-0.1,93.2,-42.0,4.076,5195.8
54,admin.,married,university.degree,no,yes,yes,cellular,nov,tue,1,999,0,nonexistent,-3.4,92.649,-30.1,0.72,5017.5
32,services,single,professional.course,no,yes,yes,telephone,may,fri,1,999,0,nonexistent,1.1,93.994,-36.4,4.857,5191.0
36,technician,married,professional.course,no,yes,no,cellular,aug,thu,2,999,1,failure,-2.9,92.201,-31.4,0.873,5076.2
29,technician,married,unknown,no,yes,no,cellular,jul,fri,1,999,0,nonexistent,1.4,93.918,-42.7,4.963,5228.1
37,admin.,married,university.degree,no,no,no,telephone,may,mon,1,999,0,nonexistent,1.1,93.994,-36.4,4.857,5191.0
26,student,single,unknown,no,yes,yes,cellular,may,thu,1,999,0,nonexistent,-1.8,92.893,-46.2,1.266,5099.1
50,technician,single,university.degree,no,yes,no,cellular,aug,thu,2,999,0,nonexistent,1.4,93.444,-36.1,4.964,5228.1
29,student,single,university.degree,no,yes,no,cellular,jul,thu,1,999,0,nonexistent,1.4,93.918,-42.7,4.963,5228.1
36,technician,divorced,professional.course,no,yes,no,cellular,aug,mon,1,999,0,nonexistent,1.4,93.444,-36.1,4.97,5228.1
33,housemaid,married,basic.4y,no,no,no,telephone,may,tue,1,999,0,nonexistent,1.1,93.994,-36.4,4.856,5191.0
48,admin.,single,university.degree,no,yes,yes,cellular,jul,mon,7,999,0,nonexistent,1.4,93.918,-42.7,4.962,5228.1
50,admin.,married,university.degree,no,no,no,cellular,jul,thu,1,999,0,nonexistent,-2.9,92.469,-33.6,1.072,5076.2
29,blue-collar,married,basic.6y,no,yes,no,cellular,may,thu,6,999,0,nonexistent,-1.8,92.893,-46.2,1.266,5099.1
46,entrepreneur,married,high.school,no,yes,no,cellular,may,tue,1,999,0,nonexistent,-1.8,92.893,-46.2,1.291,5099.1
41,technician,married,professional.course,no,yes,no,cellular,aug,mon,1,999,0,nonexistent,1.4,93.444,-36.1,4.963,5228.1
26,admin.,single,high.school,no,yes,yes,telephone,may,fri,3,999,0,nonexistent,1.1,93.994,-36.4,4.857,5191.0
29,technician,single,high.school,no,yes,no,cellular,aug,mon,2,999,0,nonexistent,1.4,93.444,-36.1,4.963,5228.1
50,admin.,married,high.school,unknown,no,no,telephone,jun,wed,1,999,0,nonexistent,1.4,94.465,-41.8,4.864,5228.1
33,blue-collar,single,basic.9y,no,yes,no,cellular,nov,mon,1,999,0,nonexistent,-0.1,93.2,-42.0,4.191,5195.8
33,admin.,married,university.degree,no,yes,yes,cellular,aug,thu,1,999,0,nonexistent,1.4,93.444,-36.1,4.968,5228.1
38,technician,married,professional.course,no,yes,no,cellular,jul,mon,2,999,0,nonexistent,1.4,93.918,-42.7,4.96,5228.1
40,admin.,single,high.school,no,yes,no,telephone,jun,mon,4,999,0,nonexistent,1.4,94.465,-41.8,4.865,5228.1
59,admin.,married,university.degree,no,no,yes,telephone,may,thu,1,999,0,nonexistent,1.1,93.994,-36.4,4.86,5191.0
33,admin.,married,high.school,no,yes,no,telephone,may,fri,1,999,0,nonexistent,1.1,93.994,-36.4,4.855,5191.0
81,unknown,divorced,unknown,unknown,yes,no,cellular,nov,mon,1,999,1,failure,-3.4,92.649,-30.1,0.715,5017.5
43,admin.,married,university.degree,unknown,yes,no,cellular,aug,wed,1,999,0,nonexistent,1.4,93.444,-36.1,4.967,5228.1
40,services,married,high.school,unknown,no,no,cellular,jun,wed,1,999,0,nonexistent,-2.9,92.963,-40.8,1.26,5076.2
31,blue-collar,married,basic.9y,no,yes,no,telephone,jun,wed,2,999,0,nonexistent,1.4,94.465,-41.8,4.959,5228.1
41,technician,married,professional.course,no,yes,no,cellular,aug,tue,1,999,0,nonexistent,1.4,93.444,-36.1,4.966,5228.1
53,admin.,married,university.degree,no,yes,no,cellular,aug,mon,3,999,0,nonexistent,1.4,93.444,-36.1,4.965,5228.1
30,blue-collar,married,basic.9y,no,yes,no,cellular,nov,tue,2,999,1,failure,-0.1,93.2,-42.0,4.153,5195.8
41,blue-collar,single,basic.9y,no,no,no,cellular,may,fri,1,999,0,nonexistent,-1.8,92.893,-46.2,1.25,5099.1
31,self-employed,single,high.school,no,no,yes,cellular,jul,tue,2,999,0,nonexistent,1.4,93.918,-42.7,4.961,5228.1
25,admin.,single,high.school,no,no,no,telephone,may,fri,1,999,0,nonexistent,1.1,93.994,-36.4,4.864,5191.0
36,technician,divorced,professional.course,no,unknown,unknown,cellular,nov,thu,4,999,0,nonexistent,-0.1,93.2,-42.0,4.076,5195.8
34,services,married,professional.course,no,yes,no,cellular,may,mon,2,999,0,nonexistent,-1.8,92.893,-46.2,1.354,5099.1
54,admin.,married,high.school,no,yes,no,cellular,may,thu,1,999,0,nonexistent,-1.8,92.893,-46.2,1.327,5099.1
21,technician,single,professional.course,no,no,no,telephone,jun,wed,4,999,0,nonexistent,1.4,94.465,-41.8,4.959,5228.1
54,management,married,university.degree,no,yes,yes,cellular,may,tue,1,999,1,failure,-1.8,92.893,-46.2,1.344,5099.1
51,management,married,unknown,no,no,no,telephone,nov,mon,1,999,0,nonexistent,-0.1,93.2,-42.0,4.191,5195.8
48,services,married,professional.course,unknown,yes,yes,cellular,jul,wed,2,999,0,nonexistent,1.4,93.918,-42.7,4.963,5228.1
45,services,divorced,basic.4y,no,no,yes,cellular,apr,thu,1,999,1,failure,-1.8,93.075,-47.1,1.41,5099.1
46,services,married,unknown,no,no,no,cellular,aug,tue,1,999,0,nonexistent,1.4,93.444,-36.1,4.966,5228.1
37,blue-collar,married,basic.9y,no,no,yes,cellular,apr,fri,2,999,0,nonexistent,-1.8,93.075,-47.1,1.405,5099.1
72,retired,married,basic.4y,no,no,no,cellular,sep,fri,1,3,2,success,-3.4,92.379,-29.8,0.803,5017.5
30,blue-collar,married,basic.9y,no,yes,no,telephone,may,wed,1,999,0,nonexistent,1.1,93.994,-36.4,4.859,5191.0
32,admin.,married,university.degree,no,no,no,telephone,nov,thu,1,999,0,nonexistent,-0.1,93.2,-42.0,4.592,5195.8
28,technician,single,university.degree,no,no,no,cellular,mar,mon,2,999,0,nonexistent,-1.8,92.843,-50.0,1.811,5099.1
41,self-employed,married,university.degree,no,yes,no,cellular,aug,tue,1,999,0,nonexistent,1.4,93.444,-36.1,4.966,5228.1
51,services,married,high.school,no,no,no,cellular,may,tue,1,999,1,failure,-1.8,93.876,-40.0,0.668,5008.7
51,technician,married,professional.course,no,yes,no,cellular,aug,thu,1,999,0,nonexistent,1.4,93.444,-36.1,4.968,5228.1
54,admin.,married,high.school,no,no,no,cellular,oct,wed,2,6,2,success,-1.1,94.601,-49.5,0.985,4963.6
32,admin.,single,university.degree,no,no,no,cellular,nov,mon,1,999,1,failure,-0.1,93.2,-42.0,4.191,5195.8
28,services,married,high.school,no,no,no,cellular,jul,wed,1,999,0,nonexistent,1.4,93.918,-42.7,4.957,5228.1
32,technician,married,professional.course,no,yes,no,telephone,jun,mon,2,999,0,nonexistent,1.4,94.465,-41.8,4.96,5228.1
45,unemployed,married,basic.9y,no,yes,no,cellular,nov,thu,5,999,0,nonexistent,-0.1,93.2,-42.0,4.076,5195.8
41,technician,single,professional.course,no,yes,no,telephone,jun,wed,1,999,0,nonexistent,1.4,94.465,-41.8,4.962,5228.1
48,technician,married,university.degree,no,no,no,cellular,aug,fri,1,999,0,nonexistent,1.4,93.444,-36.1,4.964,5228.1
30,blue-collar,married,basic.4y,no,yes,no,cellular,may,thu,2,999,0,nonexistent,-1.8,92.893,-46.2,1.327,5099.1
68,retired,married,university.degree,no,yes,yes,cellular,may,wed,2,999,0,nonexistent,-1.8,92.893,-46.2,1.27,5099.1
35,blue-collar,married,high.school,no,yes,yes,telephone,may,mon,1,999,0,nonexistent,1.1,93.994,-36.4,4.857,5191.0
33,technician,married,university.degree,no,yes,no,telephone,may,thu,3,999,1,failure,-1.8,92.893,-46.2,1.327,5099.1
44,admin.,married,university.degree,no,yes,no,cellular,jul,tue,2,999,0,nonexistent,1.4,93.918,-42.7,4.961,5228.1
42,services,married,basic.9y,no,no,no,cellular,may,fri,2,999,1,failure,-1.8,92.893,-46.2,1.25,5099.1
35,admin.,married,high.school,unknown,no,yes,cellular,jul,mon,2,999,0,nonexistent,1.4,93.918,-42.7,4.962,5228.1
37,blue-collar,married,professional.course,no,no,no,cellular,may,mon,1,999,0,nonexistent,-1.8,92.893,-46.2,1.244,5099.1
36,management,married,university.degree,unknown,no,no,telephone,aug,fri,4,999,0,nonexistent,1.4,93.444,-36.1,4.964,5228.1
55,admin.,married,unknown,unknown,yes,no,cellular,aug,thu,4,999,0,nonexistent,1.4,93.444,-36.1,4.968,5228.1
47,blue-collar,married,unknown,no,yes,no,cellular,may,mon,1,999,0,nonexistent,-1.8,92.893,-46.2,1.299,5099.1
32,services,single,high.school,no,yes,no,telephone,may,mon,3,999,0,nonexistent,1.1,93.994,-36.4,4.857,5191.0
31,services,married,high.school,unknown,no,no,cellular,jul,mon,3,999,0,nonexistent,1.4,93.918,-42.7,4.96,5228.1
27,blue-collar,married,basic.9y,no,no,no,telephone,jun,mon,4,999,0,nonexistent,1.4,94.465,-41.8,4.865,5228.1
40,services,married,high.school,unknown,yes,no,cellular,apr,mon,1,999,0,nonexistent,-1.8,93.075,-47.1,1.405,5099.1
46,technician,divorced,professional.course,no,no,no,cellular,jul,tue,4,999,0,nonexistent,1.4,93.918,-42.7,4.961,5228.1
25,technician,single,basic.9y,no,no,no,telephone,jun,fri,2,999,0,nonexistent,-2.9,92.963,-40.8,1.268,5076.2
35,management,single,university.degree,no,yes,no,cellular,may,fri,1,999,1,failure,-1.8,92.893,-46.2,1.25,5099.1
49,technician,married,professional.course,no,yes,no,cellular,jul,fri,2,999,0,nonexistent,1.4,93.918,-42.7,4.957,5228.1
34,services,single,high.school,no,no,yes,cellular,jun,tue,1,999,0,nonexistent,-2.9,92.963,-40.8,1.262,5076.2
77,retired,divorced,professional.course,no,no,no,cellular,aug,mon,1,999,0,nonexistent,-1.7,94.027,-38.3,0.898,4991.6
36,blue-collar,married,basic.9y,no,yes,no,cellular,apr,thu,3,999,2,failure,-1.8,93.075,-47.1,1.435,5099.1
32,admin.,single,university.degree,no,no,yes,cellular,jul,thu,8,999,0,nonexistent,1.4,93.918,-42.7,4.968,5228.1
33,blue-collar,single,basic.4y,no,no,no,cellular,nov,fri,1,999,0,nonexistent,-0.1,93.2,-42.0,4.021,5195.8
45,unknown,married,basic.9y,unknown,no,no,cellular,aug,tue,3,999,0,nonexistent,1.4,93.444,-36.1,4.963,5228.1
31,admin.,married,university.degree,no,no,no,cellular,may,tue,1,999,0,nonexistent,-1.8,92.893,-46.2,1.266,5099.1
43,admin.,married,university.degree,no,no,no,cellular,apr,thu,1,999,0,nonexistent,-1.8,93.075,-47.1,1.365,5099.1
42,unemployed,married,university.degree,unknown,yes,no,cellular,jul,tue,1,999,0,nonexistent,1.4,93.918,-42.7,4.962,5228.1
36,admin.,married,high.school,no,yes,no,cellular,jul,thu,2,999,0,nonexistent,1.4,93.918,-42.7,4.968,5228.1
31,blue-collar,single,high.school,no,no,no,telephone,may,wed,11,999,0,nonexistent,1.1,93.994,-36.4,4.857,5191.0
39,blue-collar,married,basic.9y,unknown,yes,no,telephone,jun,mon,1,999,0,nonexistent,1.4,94.465,-41.8,4.865,5228.1
37,blue-collar,married,basic.9y,no,unknown,unknown,telephone,may,tue,2,999,0,nonexistent,1.1,93.994,-36.4,4.857,5191.0
33,technician,married,professional.course,no,no,no,cellular,sep,wed,1,999,0,nonexistent,-1.1,94.199,-37.5,0.879,4963.6
27,admin.,divorced,high.school,no,no,no,telephone,jun,thu,1,999,0,nonexistent,1.4,94.465,-41.8,4.958,5228.1
34,blue-collar,single,basic.9y,no,no,no,cellular,apr,fri,1,1,1,success,-1.8,93.075,-47.1,1.479,5099.1
51,admin.,divorced,university.degree,no,no,no,cellular,may,tue,1,999,0,nonexistent,-1.8,92.893,-46.2,1.266,5099.1
50,admin.,married,university.degree,no,yes,yes,telephone,apr,thu,3,999,0,nonexistent,-1.8,93.075,-47.1,1.406,5099.1
32,blue-collar,married,basic.9y,unknown,no,no,cellular,may,tue,2,999,0,nonexistent,-1.8,92.893,-46.2,1.291,5099.1
38,technician,single,professional.course,no,yes,no,cellular,aug,tue,4,999,0,nonexistent,1.4,93.444,-36.1,4.963,5228.1
32,admin.,married,university.degree,no,yes,no,telephone,may,thu,5,999,0,nonexistent,-1.8,92.893,-46.2,1.266,5099.1
31,blue-collar,married,basic.9y,no,yes,no,telephone,jun,tue,3,999,0,nonexistent,1.4,94.465,-41.8,4.864,5228.1
48,management,divorced,university.degree,unknown,no,no,cellular,may,thu,2,999,1,failure,-1.8,92.893,-46.2,1.266,5099.1
30,admin.,single,high.school,unknown,no,no,telephone,jun,tue,2,999,0,nonexistent,1.4,94.465,-41.8,4.864,5228.1
41,technician,divorced,university.degree,no,yes,no,cellular,aug,fri,1,999,1,failure,-1.7,94.027,-38.3,0.905,4991.6
30,blue-collar,married,high.school,no,yes,no,telephone,jun,mon,3,999,0,nonexistent,1.4,94.465,-41.8,4.96,5228.1
54,retired,married,basic.4y,no,no,yes,cellular,oct,thu,2,999,0,nonexistent,-3.4,92.431,-26.9,0.722,5017.5
45,admin.,married,unknown,no,no,no,telephone,jun,tue,6,999,0,nonexistent,1.4,94.465,-41.8,4.864,5228.1
34,services,married,high.school,no,no,no,telephone,may,mon,1,999,0,nonexistent,1.1,93.994,-36.4,4.857,5191.0
28,services,married,high.school,no,no,no,telephone,jul,tue,1,999,0,nonexistent,1.4,93.918,-42.7,4.962,5228.1
39,housemaid,married,professional.course,no,yes,no,cellular,aug,fri,2,999,0,nonexistent,1.4,93.444,-36.1,4.964,5228.1
34,technician,married,university.degree,no,yes,no,cellular,jun,tue,1,999,0,nonexistent,-2.9,92.963,-40.8,1.262,5076.2
33,blue-collar,married,basic.9y,unknown,yes,no,telephone,may,mon,2,999,0,nonexistent,1.1,93.994,-36.4,4.857,5191.0
32,blue-collar,married,basic.6y,no,yes,no,telephone,may,thu,3,999,0,nonexistent,1.1,93.994,-36.4,4.86,5191.0
30,technician,married,university.degree,no,yes,yes,cellular,jul,mon,4,999,0,nonexistent,-1.7,94.215,-40.3,0.87,4991.6
27,blue-collar,married,basic.9y,unknown,yes,no,cellular,apr,mon,2,999,0,nonexistent,-1.8,93.075,-47.1,1.405,5099.1
32,self-employed,married,university.degree,unknown,no,no,cellular,jul,fri,3,999,0,nonexistent,1.4,93.918,-42.7,4.957,5228.1
28,admin.,single,university.degree,no,no,yes,cellular,jul,fri,2,999,0,nonexistent,1.4,93.918,-42.7,4.963,5228.1
44,blue-collar,married,basic.9y,no,no,yes,cellular,jul,fri,3,999,0,nonexistent,1.4,93.918,-42.7,4.962,5228.1
40,blue-collar,married,high.school,no,yes,no,telephone,may,tue,1,999,0,nonexistent,1.1,93.994,-36.4,4.857,5191.0
26,management,single,university.degree,no,yes,no,cellular,mar,thu,1,999,0,nonexistent,-1.8,92.843,-50.0,1.65,5099.1
58,retired,married,unknown,no,unknown,unknown,telephone,may,tue,1,999,0,nonexistent,1.1,93.994,-36.4,4.856,5191.0
49,technician,married,professional.course,no,no,no,cellular,jul,wed,1,999,0,nonexistent,1.4,93.918,-42.7,4.963,5228.1
36,admin.,married,high.school,no,no,no,telephone,jun,fri,4,999,0,nonexistent,1.4,94.465,-41.8,4.967,5228.1
55,technician,married,basic.9y,unknown,unknown,unknown,telephone,may,fri,2,999,0,nonexistent,1.1,93.994,-36.4,4.855,5191.0
27,admin.,single,university.degree,no,no,no,cellular,may,fri,1,3,1,success,-1.8,92.893,-46.2,1.259,5099.1
20,student,single,high.school,no,yes,no,cellular,nov,wed,1,7,1,success,-3.4,92.649,-30.1,0.715,5017.5
40,admin.,married,high.school,no,no,no,cellular,aug,thu,2,999,0,nonexistent,-2.9,92.201,-31.4,0.873,5076.2
51,management,married,university.degree,no,no,no,telephone,may,wed,1,999,0,nonexistent,1.1,93.994,-36.4,4.856,5191.0
31,student,single,unknown,no,no,no,cellular,aug,mon,2,999,1,failure,-1.7,94.027,-38.3,0.898,4991.6
39,management,married,university.degree,no,no,no,cellular,nov,tue,1,999,0,nonexistent,-0.1,93.2,-42.0,4.153,5195.8
47,blue-collar,married,basic.4y,no,no,no,cellular,aug,fri,5,999,0,nonexistent,1.4,93.444,-36.1,4.964,5228.1
45,services,married,professional.course,no,yes,yes,cellular,aug,thu,9,999,0,nonexistent,1.4,93.444,-36.1,4.962,5228.1
54,technician,married,university.degree,unknown,no,no,cellular,may,fri,5,999,0,nonexistent,-1.8,92.893,-46.2,1.313,5099.1
41,admin.,divorced,university.degree,no,yes,no,cellular,aug,wed,5,999,0,nonexistent,1.4,93.444,-36.1,4.964,5228.1
43,blue-collar,single,high.school,no,no,yes,telephone,may,thu,1,999,0,nonexistent,-1.8,93.876,-40.0,0.699,5008.7
43,admin.,married,university.degree,no,yes,no,cellular,jun,wed,2,3,1,success,-2.9,92.963,-40.8,1.26,5076.2
56,blue-collar,married,basic.4y,unknown,yes,no,telephone,may,tue,10,999,0,nonexistent,1.1,93.994,-36.4,4.856,5191.0
27,technician,single,high.school,unknown,no,yes,telephone,may,tue,2,999,0,nonexistent,1.1,93.994,-36.4,4.856,5191.0
31,technician,married,university.degree,no,no,no,cellular,aug,fri,2,999,0,nonexistent,1.4,93.444,-36.1,4.964,5228.1
43,entrepreneur,married,high.school,no,no,no,telephone,may,tue,2,999,0,nonexistent,1.1,93.994,-36.4,4.857,5191.0
24,student,single,high.school,no,no,no,cellular,aug,thu,1,999,0,nonexistent,-2.9,92.201,-31.4,0.883,5076.2
38,admin.,single,university.degree,no,unknown,unknown,cellular,apr,mon,2,999,0,nonexistent,-1.8,93.075,-47.1,1.405,5099.1
55,management,married,university.degree,unknown,yes,no,cellular,nov,fri,2,999,0,nonexistent,-0.1,93.2,-42.0,4.021,5195.8
52,admin.,divorced,university.degree,unknown,no,no,cellular,jul,tue,2,999,0,nonexistent,1.4,93.918,-42.7,4.962,5228.1
45,technician,single,professional.course,no,yes,no,cellular,aug,wed,1,999,0,nonexistent,1.4,93.444,-36.1,4.964,5228.1
45,entrepreneur,married,basic.9y,unknown,no,no,telephone,jun,fri,1,999,0,nonexistent,1.4,94.465,-41.8,4.959,5228.1
37,technician,single,basic.9y,unknown,no,yes,telephone,may,tue,1,999,0,nonexistent,1.1,93.994,-36.4,4.856,5191.0
28,services,married,high.school,no,yes,no,telephone,may,fri,1,999,0,nonexistent,1.1,93.994,-36.4,4.857,5191.0
54,technician,divorced,university.degree,no,yes,no,cellular,may,wed,1,999,1,failure,-1.8,92.893,-46.2,1.334,5099.1
23,admin.,single,high.school,no,yes,no,cellular,jul,mon,3,999,0,nonexistent,1.4,93.918,-42.7,4.96,5228.1
27,admin.,single,high.school,no,yes,yes,telephone,jul,mon,5,999,0,nonexistent,1.4,93.918,-42.7,4.962,5228.1
43,services,married,high.school,no,no,no,cellular,jul,mon,1,999,0,nonexistent,1.4,93.918,-42.7,4.962,5228.1
32,technician,single,professional.course,no,no,no,cellular,may,wed,2,999,0,nonexistent,-1.8,92.893,-46.2,1.334,5099.1
39,housemaid,married,basic.9y,no,yes,no,cellular,nov,fri,4,999,0,nonexistent,-0.1,93.2,-42.0,4.021,5195.8
57,technician,divorced,basic.4y,no,yes,no,telephone,may,thu,2,999,0,nonexistent,1.1,93.994,-36.4,4.86,5191.0
37,admin.,married,high.school,no,yes,no,telephone,jul,thu,14,999,0,nonexistent,1.4,93.918,-42.7,4.968,5228.1
35,blue-collar,married,basic.9y,unknown,yes,no,telephone,may,thu,2,999,0,nonexistent,1.1,93.994,-36.4,4.86,5191.0
35,housemaid,married,basic.4y,no,no,no,telephone,may,thu,3,999,0,nonexistent,1.1,93.994,-36.4,4.86,5191.0
29,services,married,high.school,no,no,no,telephone,jun,wed,2,999,0,nonexistent,1.4,94.465,-41.8,4.864,5228.1
30,services,married,high.school,no,no,no,telephone,jun,mon,3,999,0,nonexistent,1.4,94.465,-41.8,4.865,5228.1
53,admin.,single,basic.6y,no,yes,yes,telephone,may,mon,2,999,0,nonexistent,1.1,93.994,-36.4,4.857,5191.0
42,technician,divorced,university.degree,no,no,no,telephone,may,tue,1,999,0,nonexistent,1.1,93.994,-36.4,4.856,5191.0
29,unemployed,single,university.degree,no,no,no,telephone,may,thu,1,999,0,nonexistent,1.1,93.994,-36.4,4.86,5191.0
45,housemaid,single,basic.4y,no,yes,no,cellular,sep,mon,1,999,0,nonexistent,-3.4,92.379,-29.8,0.797,5017.5
47,management,married,basic.9y,no,no,no,cellular,nov,mon,1,999,0,nonexistent,-0.1,93.2,-42.0,4.191,5195.8
44,management,single,university.degree,unknown,yes,no,telephone,may,fri,1,999,0,nonexistent,1.1,93.994,-36.4,4.859,5191.0
56,admin.,married,high.school,no,yes,no,telephone,may,mon,2,999,0,nonexistent,1.1,93.994,-36.4,4.857,5191.0
39,blue-collar,married,basic.9y,no,no,no,cellular,jul,tue,2,999,0,nonexistent,1.4,93.918,-42.7,4.961,5228.1
26,student,single,university.degree,no,no,yes,cellular,may,mon,1,999,0,nonexistent,-1.8,92.893,-46.2,1.264,5099.1
38,self-employed,married,professional.course,no,no,no,cellular,jul,wed,7,999,0,nonexistent,1.4,93.918,-42.7,4.957,5228.1
58,self-employed,divorced,unknown,no,yes,no,telephone,may,thu,2,999,0,nonexistent,1.1,93.994,-36.4,4.86,5191.0
41,services,married,high.school,no,yes,no,telephone,may,tue,4,999,0,nonexistent,1.1,93.994,-36.4,4.857,5191.0
51,admin.,married,university.degree,no,yes,no,cellular,aug,thu,1,999,0,nonexistent,1.4,93.444,-36.1,4.963,5228.1
35,admin.,married,university.degree,no,yes,no,cellular,mar,mon,4,999,0,nonexistent,-1.8,92.843,-50.0,1.811,5099.1
81,unknown,divorced,unknown,unknown,yes,no,cellular,nov,mon,1,999,1,failure,-3.4,92.649,-30.1,0.715,5017.5
57,services,married,high.school,unknown,no,no,cellular,may,wed,2,999,0,nonexistent,-1.8,92.893,-46.2,1.281,5099.1
65,retired,married,basic.4y,no,yes,no,cellular,mar,tue,1,999,0,nonexistent,-1.8,93.369,-34.8,0.646,5008.7
40,admin.,married,high.school,no,no,no,telephone,jun,thu,2,999,0,nonexistent,1.4,94.465,-41.8,4.866,5228.1
26,management,single,university.degree,no,yes,no,cellular,oct,tue,1,6,1,success,-3.4,92.431,-26.9,0.728,5017.5
38,technician,divorced,professional.course,no,yes,no,telephone,may,thu,4,999,0,nonexistent,1.1,93.994,-36.4,4.855,5191.0
32,services,married,high.school,no,yes,no,telephone,jun,tue,1,999,0,nonexistent,1.4,94.465,-41.8,4.864,5228.1
41,housemaid,married,university.degree,unknown,no,no,telephone,jun,fri,3,999,0,nonexistent,1.4,94.465,-41.8,4.967,5228.1
41,self-employed,married,basic.9y,no,yes,no,cellular,jul,fri,2,999,0,nonexistent,1.4,93.918,-42.7,4.962,5228.1
30,blue-collar,married,basic.4y,no,yes,no,cellular,may,mon,2,999,0,nonexistent,-1.8,92.893,-46.2,1.299,5099.1
46,blue-collar,married,basic.9y,unknown,no,no,telephone,may,wed,2,999,0,nonexistent,1.1,93.994,-36.4,4.856,5191.0
20,technician,single,professional.course,no,yes,no,telephone,jun,tue,1,999,1,failure,-1.7,94.055,-39.8,0.702,4991.6
36,blue-collar,married,basic.9y,no,yes,no,cellular,may,wed,3,999,0,nonexistent,-1.8,92.893,-46.2,1.281,5099.1
46,services,married,high.school,no,no,no,cellular,jul,thu,1,999,0,nonexistent,1.4,93.918,-42.7,4.968,5228.1
46,self-employed,married,basic.9y,unknown,no,no,telephone,may,mon,3,999,0,nonexistent,1.1,93.994,-36.4,4.858,5191.0
34,admin.,divorced,university.degree,no,yes,no,cellular,may,tue,4,999,0,nonexistent,-1.8,92.893,-46.2,1.291,5099.1
29,services,married,high.school,no,no,no,cellular,oct,tue,1,999,1,failure,-3.4,92.431,-26.9,0.728,5017.5
58,retired,married,basic.4y,unknown,no,no,cellular,jul,wed,2,999,0,nonexistent,1.4,93.918,-42.7,4.963,5228.1
41,blue-collar,married,basic.4y,no,yes,no,telephone,jul,wed,1,999,0,nonexistent,1.4,93.918,-42.7,4.962,5228.1
35,blue-collar,married,basic.4y,no,no,yes,cellular,may,mon,2,999,1,failure,-1.8,92.893,-46.2,1.299,5099.1
35,technician,single,basic.9y,no,yes,yes,cellular,nov,wed,1,999,0,nonexistent,-0.1,93.2,-42.0,4.12,5195.8
45,admin.,married,high.school,unknown,yes,no,cellular,aug,tue,1,999,0,nonexistent,1.4,93.444,-36.1,4.966,5228.1
37,admin.,married,high.school,no,yes,no,telephone,jun,tue,1,999,0,nonexistent,1.4,94.465,-41.8,4.961,5228.1
33,blue-collar,married,basic.9y,no,yes,no,telephone,jun,wed,1,999,2,failure,-1.7,94.055,-39.8,0.727,4991.6
33,housemaid,unknown,university.degree,no,yes,no,cellular,apr,thu,1,999,0,nonexistent,-1.8,93.075,-47.1,1.483,5099.1
59,management,married,basic.4y,unknown,yes,no,telephone,may,thu,4,999,0,nonexistent,1.1,93.994,-36.4,4.86,5191.0
48,services,married,professional.course,unknown,yes,no,cellular,jul,thu,5,999,0,nonexistent,1.4,93.918,-42.7,4.968,5228.1
33,unemployed,divorced,professional.course,no,no,no,cellular,aug,mon,4,999,0,nonexistent,1.4,93.444,-36.1,4.963,5228.1
47,blue-collar,single,basic.4y,no,no,no,telephone,may,tue,1,999,0,nonexistent,1.1,93.994,-36.4,4.857,5191.0
59,retired,married,university.degree,unknown,yes,yes,cellular,jul,wed,16,999,0,nonexistent,1.4,93.918,-42.7,4.957,5228.1
31,blue-collar,single,high.school,no,yes,no,cellular,nov,thu,1,999,0,nonexistent,-0.1,93.2,-42.0,4.076,5195.8
33,blue-collar,single,high.school,no,yes,yes,telephone,may,thu,7,999,1,failure,-1.8,92.893,-46.2,1.266,5099.1
39,self-employed,married,basic.4y,unknown,yes,no,telephone,may,wed,2,999,0,nonexistent,1.1,93.994,-36.4,4.857,5191.0
30,admin.,married,university.degree,no,yes,no,cellular,apr,thu,1,999,1,failure,-1.8,93.075,-47.1,1.365,5099.1
37,technician,married,university.degree,no,no,no,cellular,may,tue,1,999,0,nonexistent,-1.8,92.893,-46.2,1.344,5099.1
54,management,married,university.degree,no,yes,no,cellular,jun,wed,1,999,0,nonexistent,-2.9,92.963,-40.8,1.26,5076.2
25,blue-collar,married,basic.9y,no,yes,no,telephone,jun,wed,2,999,0,nonexistent,1.4,94.465,-41.8,4.962,5228.1
35,admin.,married,high.school,no,no,no,telephone,may,tue,1,999,0,nonexistent,1.1,93.994,-36.4,4.856,5191.0
25,services,single,high.school,unknown,no,no,telephone,jul,wed,2,999,0,nonexistent,1.4,93.918,-42.7,4.963,5228.1
40,admin.,single,high.school,no,no,no,cellular,nov,wed,2,999,0,nonexistent,-0.1,93.2,-42.0,4.12,5195.8
40,blue-collar,married,basic.9y,no,yes,no,cellular,nov,mon,1,999,0,nonexistent,-0.1,93.2,-42.0,4.191,5195.8
43,technician,married,professional.course,no,yes,no,telephone,jun,tue,1,999,0,nonexistent,1.4,94.465,-41.8,4.864,5228.1
38,admin.,married,high.school,no,yes,yes,cellular,apr,thu,1,999,0,nonexistent,-1.8,93.075,-47.1,1.365,5099.1
38,admin.,married,university.degree,no,yes,yes,cellular,aug,mon,3,999,0,nonexistent,1.4,93.444,-36.1,4.965,5228.1
28,blue-collar,married,basic.9y,no,no,no,telephone,jun,thu,1,999,0,nonexistent,1.4,94.465,-41.8,4.961,5228.1
33,admin.,divorced,university.degree,no,no,yes,cellular,aug,mon,2,999,0,nonexistent,1.4,93.444,-36.1,4.97,5228.1
38,management,married,university.degree,no,no,no,telephone,may,fri,2,999,0,nonexistent,1.1,93.994,-36.4,4.859,5191.0
39,services,single,basic.9y,unknown,yes,no,cellular,apr,mon,2,999,0,nonexistent,-1.8,93.075,-47.1,1.405,5099.1
38,admin.,single,basic.9y,no,no,no,telephone,jun,fri,1,999,0,nonexistent,1.4,94.465,-41.8,4.959,5228.1
37,entrepreneur,married,university.degree,unknown,no,no,cellular,nov,mon,1,999,0,nonexistent,-0.1,93.2,-42.0,4.191,5195.8
27,services,single,university.degree,no,yes,no,cellular,apr,thu,1,999,0,nonexistent,-1.8,93.075,-47.1,1.41,5099.1
48,blue-collar,married,basic.9y,no,no,no,telephone,jun,wed,1,999,0,nonexistent,1.4,94.465,-41.8,4.959,5228.1
38,technician,single,high.school,no,no,no,telephone,jun,wed,1,999,0,nonexistent,-1.7,94.055,-39.8,0.715,4991.6
51,admin.,married,university.degree,unknown,unknown,unknown,cellular,aug,wed,1,999,0,nonexistent,1.4,93.444,-36.1,4.965,5228.1
39,technician,married,professional.course,no,yes,no,cellular,aug,thu,1,999,0,nonexistent,1.4,93.444,-36.1,4.968,5228.1
47,technician,single,university.degree,no,no,yes,telephone,jun,mon,2,999,0,nonexistent,1.4,94.465,-41.8,4.865,5228.1
30,blue-collar,divorced,basic.9y,no,yes,no,telephone,may,wed,4,999,0,nonexistent,1.1,93.994,-36.4,4.857,5191.0
48,blue-collar,married,basic.9y,no,yes,no,telephone,may,tue,1,999,0,nonexistent,1.1,93.994,-36.4,4.857,5191.0
57,unknown,married,unknown,unknown,yes,no,cellular,aug,mon,1,999,0,nonexistent,1.4,93.444,-36.1,4.97,5228.1
48,management,married,university.degree,no,yes,no,telephone,jun,thu,1,999,0,nonexistent,1.4,94.465,-41.8,4.866,5228.1
29,admin.,single,high.school,no,yes,yes,cellular,jul,wed,4,999,0,nonexistent,1.4,93.918,-42.7,4.963,5228.1
60,entrepreneur,married,basic.4y,no,yes,no,telephone,may,thu,1,999,0,nonexistent,1.1,93.994,-36.4,4.855,5191.0
33,admin.,married,high.school,no,yes,no,telephone,jun,tue,1,999,0,nonexistent,1.4,94.465,-41.8,4.864,5228.1
32,admin.,single,university.degree,no,yes,no,cellular,aug,tue,3,999,0,nonexistent,1.4,93.444,-36.1,4.968,5228.1
44,admin.,married,university.degree,no,no,no,cellular,jul,thu,1,999,0,nonexistent,1.4,93.918,-42.7,4.958,5228.1
65,retired,married,basic.4y,no,yes,no,telephone,oct,thu,4,999,0,nonexistent,-1.1,94.601,-49.5,0.965,4963.6
58,retired,married,unknown,unknown,yes,no,telephone,jul,mon,1,999,0,nonexistent,1.4,93.918,-42.7,4.962,5228.1
36,management,married,university.degree,no,no,yes,cellular,nov,wed,3,3,3,success,-3.4,92.649,-30.1,0.715,5017.5
35,admin.,married,high.school,no,no,no,cellular,nov,tue,1,999,0,nonexistent,-0.1,93.2,-42.0,4.153,5195.8
31,admin.,married,university.degree,no,yes,yes,cellular,nov,wed,1,999,1,failure,-0.1,93.2,-42.0,4.12,5195.8
60,housemaid,married,basic.4y,no,yes,no,cellular,jun,tue,3,999,1,failure,-1.7,94.055,-39.8,0.723,4991.6
24,admin.,single,university.degree,no,yes,no,cellular,jun,wed,7,999,1,failure,-2.9,92.963,-40.8,1.244,5076.2
32,technician,married,university.degree,no,yes,no,cellular,may,wed,1,999,0,nonexistent,-1.8,92.893,-46.2,1.281,5099.1
43,management,married,high.school,no,yes,no,telephone,jun,thu,1,999,0,nonexistent,1.4,94.465,-41.8,4.958,5228.1
36,entrepreneur,married,university.degree,no,yes,no,cellular,jul,wed,2,999,0,nonexistent,1.4,93.918,-42.7,4.963,5228.1
41,blue-collar,married,basic.4y,unknown,no,no,telephone,jun,wed,1,999,0,nonexistent,1.4,94.465,-41.8,4.864,5228.1
58,retired,married,university.degree,no,no,yes,cellular,aug,tue,1,999,0,nonexistent,1.4,93.444,-36.1,4.966,5228.1
29,technician,married,professional.course,no,yes,no,cellular,jul,wed,2,999,0,nonexistent,1.4,93.918,-42.7,4.962,5228.1
38,blue-collar,married,high.school,unknown,yes,no,cellular,may,tue,2,999,1,failure,-1.8,92.893,-46.2,1.291,5099.1
53,technician,married,professional.course,unknown,no,no,cellular,jul,fri,1,999,0,nonexistent,1.4,93.918,-42.7,4.962,5228.1
55,management,married,university.degree,no,yes,yes,cellular,jul,thu,1,999,0,nonexistent,1.4,93.918,-42.7,4.968,5228.1
38,blue-collar,married,basic.4y,no,no,no,cellular,apr,tue,1,999,0,nonexistent,-1.8,93.075,-47.1,1.453,5099.1
52,blue-collar,divorced,high.school,no,no,no,telephone,jun,wed,2,999,0,nonexistent,1.4,94.465,-41.8,4.959,5228.1
24,student,single,unknown,no,yes,no,cellular,aug,fri,1,6,1,success,-2.9,92.201,-31.4,0.849,5076.2
34,admin.,divorced,university.degree,no,no,no,cellular,aug,wed,1,999,0,nonexistent,1.4,93.444,-36.1,4.965,5228.1
32,admin.,married,university.degree,no,yes,no,cellular,aug,wed,1,999,0,nonexistent,1.4,93.444,-36.1,4.965,5228.1
56,retired,married,basic.6y,no,no,no,telephone,may,mon,2,999,0,nonexistent,1.1,93.994,-36.4,4.857,5191.0
40,admin.,divorced,university.degree,no,no,no,cellular,nov,tue,2,999,0,nonexistent,-0.1,93.2,-42.0,4.153,5195.8
56,admin.,married,high.school,no,yes,no,telephone,may,fri,2,999,0,nonexistent,1.1,93.994,-36.4,4.864,5191.0
40,blue-collar,married,basic.9y,unknown,no,no,cellular,jul,mon,4,999,0,nonexistent,1.4,93.918,-42.7,4.96,5228.1
29,admin.,single,university.degree,no,no,no,cellular,nov,wed,4,999,0,nonexistent,-0.1,93.2,-42.0,4.12,5195.8
27,admin.,married,university.degree,no,no,no,cellular,aug,tue,4,999,0,nonexistent,1.4,93.444,-36.1,4.963,5228.1
54,technician,divorced,basic.9y,unknown,no,no,telephone,may,fri,4,999,0,nonexistent,1.1,93.994,-36.4,4.859,5191.0
39,management,married,university.degree,no,no,no,telephone,may,mon,2,999,0,nonexistent,1.1,93.994,-36.4,4.857,5191.0
53,blue-collar,married,basic.9y,no,no,no,telephone,jun,wed,1,999,0,nonexistent,1.4,94.465,-41.8,4.959,5228.1
34,admin.,married,basic.6y,no,yes,yes,cellular,nov,wed,2,999,0,nonexistent,-0.1,93.2,-42.0,4.12,5195.8
34,blue-collar,married,basic.6y,no,no,no,telephone,may,wed,8,999,0,nonexistent,1.1,93.994,-36.4,4.858,5191.0
29,unemployed,single,university.degree,no,yes,no,telephone,jun,tue,1,999,0,nonexistent,-1.7,94.055,-39.8,0.713,4991.6
34,unknown,married,basic.4y,no,yes,no,cellular,apr,thu,1,999,0,nonexistent,-1.8,93.075,-47.1,1.406,5099.1
61,management,married,university.degree,no,no,no,cellular,may,wed,2,999,1,failure,-1.8,93.876,-40.0,0.682,5008.7
49,services,married,high.school,no,no,no,cellular,aug,mon,1,999,0,nonexistent,1.4,93.444,-36.1,4.97,5228.1
30,technician,married,university.degree,no,yes,no,telephone,may,tue,2,999,0,nonexistent,1.1,93.994,-36.4,4.856,5191.0
48,blue-collar,married,professional.course,no,no,yes,telephone,may,wed,4,999,0,nonexistent,1.1,93.994,-36.4,4.856,5191.0
51,management,divorced,university.degree,no,no,no,telephone,may,tue,10,999,0,nonexistent,1.1,93.994,-36.4,4.857,5191.0
57,admin.,single,university.degree,unknown,yes,yes,cellular,aug,wed,1,999,0,nonexistent,1.4,93.444,-36.1,4.965,5228.1
40,services,married,high.school,no,yes,no,cellular,nov,tue,1,999,0,nonexistent,-0.1,93.2,-42.0,4.153,5195.8
53,blue-collar,married,basic.4y,no,yes,no,cellular,apr,fri,2,999,0,nonexistent,-1.8,93.075,-47.1,1.405,5099.1
29,admin.,single,high.school,no,no,no,telephone,may,wed,1,999,0,nonexistent,1.1,93.994,-36.4,4.858,5191.0
35,blue-collar,married,university.degree,no,unknown,unknown,cellular,jul,tue,2,999,0,nonexistent,1.4,93.918,-42.7,4.961,5228.1
32,technician,single,high.school,no,yes,no,cellular,aug,mon,3,999,0,nonexistent,1.4,93.444,-36.1,4.965,5228.1
32,blue-collar,married,basic.9y,unknown,no,no,telephone,may,fri,2,999,0,nonexistent,1.1,93.994,-36.4,4.855,5191.0
37,blue-collar,married,basic.6y,unknown,yes,no,telephone,jun,wed,1,999,0,nonexistent,1.4,94.465,-41.8,4.959,5228.1
49,services,married,basic.4y,no,no,no,cellular,aug,thu,2,999,0,nonexistent,1.4,93.444,-36.1,4.963,5228.1
52,blue-collar,married,basic.9y,no,yes,yes,telephone,jun,fri,2,999,0,nonexistent,1.4,94.465,-41.8,4.959,5228.1
49,services,married,high.school,unknown,no,no,telephone,jun,thu,1,999,0,nonexistent,1.4,94.465,-41.8,4.961,5228.1
49,unemployed,married,high.school,no,yes,no,cellular,sep,wed,1,999,0,nonexistent,-3.4,92.379,-29.8,0.768,5017.5
54,blue-collar,single,basic.4y,no,no,no,telephone,may,thu,3,999,0,nonexistent,1.1,93.994,-36.4,4.86,5191.0
78,retired,divorced,unknown,no,no,no,cellular,jun,thu,1,999,0,nonexistent,-1.7,94.055,-39.8,0.729,4991.6
45,admin.,married,university.degree,no,yes,yes,cellular,may,tue,1,999,0,nonexistent,-1.8,92.893,-46.2,1.291,5099.1
41,services,married,high.school,no,no,no,telephone,may,mon,1,999,0,nonexistent,1.1,93.994,-36.4,4.857,5191.0
56,entrepreneur,married,university.degree,no,no,no,cellular,apr,thu,1,999,1,failure,-1.8,93.075,-47.1,1.365,5099.1
27,student,single,high.school,unknown,no,no,telephone,jun,fri,1,999,0,nonexistent,1.4,94.465,-41.8,4.967,5228.1
40,management,married,basic.6y,no,no,no,cellular,nov,mon,1,999,0,nonexistent,-0.1,93.2,-42.0,4.191,5195.8
34,blue-collar,single,professional.course,no,no,yes,cellular,jul,mon,3,999,0,nonexistent,1.4,93.918,-42.7,4.962,5228.1
41,housemaid,married,university.degree,no,yes,no,cellular,aug,thu,1,999,0,nonexistent,1.4,93.444,-36.1,4.963,5228.1
57,blue-collar,married,basic.4y,unknown,no,no,telephone,jun,tue,5,999,0,nonexistent,1.4,94.465,-41.8,4.961,5228.1
29,blue-collar,single,high.school,no,no,yes,telephone,may,mon,1,999,0,nonexistent,1.1,93.994,-36.4,4.857,5191.0
29,services,single,high.school,no,no,no,cellular,apr,fri,2,999,1,failure,-1.8,93.075,-47.1,1.405,5099.1
53,management,married,basic.4y,no,no,no,cellular,nov,wed,2,999,0,nonexistent,-0.1,93.2,-42.0,4.12,5195.8
45,technician,married,university.degree,no,yes,no,telephone,nov,mon,1,999,0,nonexistent,-0.1,93.2,-42.0,4.191,5195.8
30,blue-collar,single,professional.course,no,no,no,cellular,may,tue,1,999,1,failure,-1.8,93.876,-40.0,0.668,5008.7
34,blue-collar,single,basic.9y,unknown,no,yes,telephone,may,thu,1,999,0,nonexistent,1.1,93.994,-36.4,4.86,5191.0
28,management,single,unknown,no,yes,no,telephone,may,thu,1,999,0,nonexistent,1.1,93.994,-36.4,4.855,5191.0
38,admin.,married,university.degree,no,no,no,telephone,jun,fri,13,999,0,nonexistent,1.4,94.465,-41.8,4.967,5228.1
36,unemployed,married,basic.9y,no,yes,no,cellular,nov,mon,1,999,0,nonexistent,-0.1,93.2,-42.0,4.191,5195.8
54,technician,married,high.school,no,no,no,cellular,apr,mon,3,999,2,failure,-1.8,93.075,-47.1,1.405,5099.1
48,admin.,married,high.school,no,yes,yes,telephone,may,fri,2,999,0,nonexistent,1.1,93.994,-36.4,4.855,5191.0
37,admin.,single,high.school,no,yes,no,cellular,jul,tue,11,999,0,nonexistent,1.4,93.918,-42.7,4.961,5228.1
56,unknown,married,basic.4y,no,no,no,cellular,oct,tue,1,2,2,success,-3.4,92.431,-26.9,0.744,5017.5
27,blue-collar,married,basic.9y,no,yes,no,telephone,may,wed,2,999,0,nonexistent,1.1,93.994,-36.4,4.859,5191.0
36,blue-collar,married,basic.9y,unknown,no,no,telephone,may,wed,2,999,0,nonexistent,1.1,93.994,-36.4,4.857,5191.0
55,blue-collar,single,basic.9y,unknown,yes,no,cellular,jul,tue,3,999,0,nonexistent,1.4,93.918,-42.7,4.961,5228.1
35,services,single,high.school,unknown,no,no,cellular,jul,tue,1,999,0,nonexistent,1.4,93.918,-42.7,4.961,5228.1
33,blue-collar,married,basic.9y,no,yes,no,cellular,may,tue,1,999,0,nonexistent,-1.8,92.893,-46.2,1.266,5099.1
43,blue-collar,married,basic.9y,unknown,yes,no,cellular,jul,mon,4,999,0,nonexistent,1.4,93.918,-42.7,4.96,5228.1
37,unemployed,married,university.degree,no,yes,no,cellular,mar,tue,1,999,0,nonexistent,-1.8,92.843,-50.0,1.614,5099.1
31,management,married,university.degree,no,no,yes,cellular,aug,thu,2,999,0,nonexistent,1.4,93.444,-36.1,4.963,5228.1
47,services,married,professional.course,no,yes,no,telephone,may,fri,2,999,0,nonexistent,1.1,93.994,-36.4,4.857,5191.0
40,self-employed,single,university.degree,no,no,yes,cellular,jun,wed,4,999,0,nonexistent,-2.9,92.963,-40.8,1.244,5076.2
92,retired,married,unknown,no,yes,no,cellular,may,thu,1,6,2,success,-1.8,93.876,-40.0,0.683,5008.7
38,admin.,married,university.degree,no,yes,no,cellular,aug,tue,2,999,0,nonexistent,1.4,93.444,-36.1,4.965,5228.1
46,blue-collar,married,high.school,no,no,yes,cellular,may,tue,1,999,0,nonexistent,-1.8,92.893,-46.2,1.344,5099.1
39,admin.,divorced,university.degree,no,yes,yes,cellular,aug,thu,1,999,0,nonexistent,1.4,93.444,-36.1,4.964,5228.1
36,technician,married,university.degree,no,no,no,cellular,jul,mon,2,999,0,nonexistent,1.4,93.918,-42.7,4.96,5228.1
41,blue-collar,married,basic.6y,no,yes,no,cellular,may,wed,1,999,0,nonexistent,-1.8,92.893,-46.2,1.334,5099.1
29,admin.,single,high.school,no,yes,yes,cellular,aug,thu,1,999,0,nonexistent,1.4,93.444,-36.1,4.968,5228.1
56,admin.,divorced,basic.6y,unknown,no,no,cellular,jul,mon,3,999,0,nonexistent,1.4,93.918,-42.7,4.962,5228.1
58,housemaid,married,basic.4y,unknown,yes,no,telephone,may,fri,2,999,0,nonexistent,1.1,93.994,-36.4,4.864,5191.0
57,management,married,basic.4y,unknown,no,yes,cellular,jul,thu,1,999,0,nonexistent,1.4,93.918,-42.7,4.963,5228.1
38,management,married,professional.course,no,no,no,cellular,nov,thu,1,999,0,nonexistent,-0.1,93.2,-42.0,4.076,5195.8
52,technician,married,high.school,no,yes,no,telephone,may,mon,2,999,0,nonexistent,1.1,93.994,-36.4,4.857,5191.0
57,admin.,married,basic.9y,no,no,no,cellular,may,thu,1,999,0,nonexistent,-1.8,92.893,-46.2,1.266,5099.1
40,self-employed,single,university.degree,unknown,yes,no,cellular,apr,thu,1,999,0,nonexistent,-1.8,93.075,-47.1,1.365,5099.1
55,blue-collar,married,professional.course,unknown,yes,yes,telephone,jun,mon,1,999,0,nonexistent,1.4,94.465,-41.8,4.865,5228.1
30,technician,married,university.degree,no,yes,no,telephone,may,fri,6,999,0,nonexistent,1.1,93.994,-36.4,4.864,5191.0
49,admin.,single,university.degree,no,no,no,cellular,apr,thu,1,999,0,nonexistent,-1.8,93.075,-47.1,1.365,5099.1
28,unknown,single,basic.9y,unknown,no,no,telephone,may,wed,1,999,0,nonexistent,1.1,93.994,-36.4,4.856,5191.0
36,technician,single,university.degree,no,no,no,cellular,may,thu,4,999,0,nonexistent,-1.8,92.893,-46.2,1.327,5099.1
40,technician,single,professional.course,no,yes,no,cellular,apr,mon,1,999,0,nonexistent,-1.8,93.075,-47.1,1.405,5099.1
65,retired,married,high.school,no,yes,yes,cellular,oct,fri,2,12,1,success,-1.1,94.601,-49.5,1.029,4963.6
33,blue-collar,married,basic.9y,no,no,no,cellular,may,wed,1,999,0,nonexistent,-1.8,92.893,-46.2,1.281,5099.1
46,admin.,married,high.school,no,no,no,cellular,apr,thu,1,999,0,nonexistent,-1.8,93.075,-47.1,1.365,5099.1
78,retired,married,basic.4y,no,yes,no,cellular,apr,tue,1,999,0,nonexistent,-1.8,93.075,-47.1,1.405,5099.1
40,unemployed,married,basic.9y,no,no,no,cellular,jun,mon,3,999,1,failure,-2.9,92.963,-40.8,1.26,5076.2
26,blue-collar,single,basic.9y,no,yes,no,cellular,may,thu,1,999,1,failure,-1.8,92.893,-46.2,1.266,5099.1
28,technician,divorced,professional.course,no,no,no,telephone,may,mon,1,999,0,nonexistent,1.1,93.994,-36.4,4.858,5191.0
30,admin.,single,university.degree,no,no,no,cellular,apr,thu,1,999,0,nonexistent,-1.8,93.075,-47.1,1.365,5099.1
34,housemaid,married,high.school,unknown,yes,yes,cellular,may,wed,4,999,1,failure,-1.8,92.893,-46.2,1.334,5099.1
36,housemaid,married,basic.4y,no,yes,no,cellular,apr,wed,7,999,0,nonexistent,-1.8,93.075,-47.1,1.415,5099.1
44,technician,divorced,professional.course,no,no,no,cellular,may,thu,1,999,1,failure,-1.8,92.893,-46.2,1.327,5099.1
34,admin.,married,high.school,unknown,no,no,cellular,jul,wed,2,999,0,nonexistent,1.4,93.918,-42.7,4.957,5228.1
35,services,divorced,high.school,no,no,yes,telephone,may,wed,2,999,0,nonexistent,1.1,93.994,-36.4,4.857,5191.0
48,admin.,married,high.school,unknown,yes,no,cellular,jul,thu,6,999,0,nonexistent,1.4,93.918,-42.7,4.962,5228.1
52,admin.,married,high.school,no,yes,no,cellular,aug,fri,1,999,0,nonexistent,1.4,93.444,-36.1,4.963,5228.1
36,blue-collar,divorced,high.school,no,no,no,telephone,may,tue,2,999,0,nonexistent,1.1,93.994,-36.4,4.856,5191.0
34,entrepreneur,married,university.degree,no,yes,yes,telephone,apr,fri,1,999,0,nonexistent,-1.8,93.075,-47.1,1.405,5099.1
35,management,married,high.school,no,yes,no,cellular,may,wed,1,999,1,failure,-1.8,92.893,-46.2,1.281,5099.1
52,technician,divorced,professional.course,no,yes,no,cellular,aug,thu,1,999,0,nonexistent,1.4,93.444,-36.1,4.962,5228.1
33,admin.,single,university.degree,unknown,no,yes,cellular,apr,fri,1,999,0,nonexistent,-1.8,93.075,-47.1,1.405,5099.1
43,admin.,married,high.school,no,no,yes,cellular,dec,mon,2,8,2,failure,-3.0,92.713,-33.0,0.717,5023.5
35,admin.,married,university.degree,no,no,no,cellular,aug,thu,5,999,0,nonexistent,1.4,93.444,-36.1,4.962,5228.1
32,technician,married,professional.course,no,no,yes,telephone,may,mon,3,999,0,nonexistent,1.1,93.994,-36.4,4.858,5191.0
35,blue-collar,married,basic.9y,no,yes,no,telephone,oct,tue,1,999,0,nonexistent,-0.1,93.798,-40.4,4.968,5195.8
30,services,single,high.school,no,yes,no,cellular,may,mon,1,999,1,failure,-1.8,92.893,-46.2,1.299,5099.1
26,services,single,university.degree,no,yes,no,cellular,may,thu,1,999,1,failure,-1.8,92.893,-46.2,1.327,5099.1
50,entrepreneur,married,university.degree,no,no,no,cellular,jul,tue,2,999,0,nonexistent,1.4,93.918,-42.7,4.961,5228.1
31,technician,divorced,university.degree,no,yes,no,cellular,aug,thu,1,999,0,nonexistent,1.4,93.444,-36.1,4.963,5228.1
44,admin.,married,university.degree,no,yes,no,cellular,sep,thu,1,999,0,nonexistent,-3.4,92.379,-29.8,0.809,5017.5
33,blue-collar,married,basic.4y,unknown,no,no,telephone,jun,mon,1,999,0,nonexistent,1.4,94.465,-41.8,4.96,5228.1
53,blue-collar,divorced,basic.4y,unknown,no,no,telephone,jun,mon,1,999,0,nonexistent,1.4,94.465,-41.8,4.96,5228.1
48,blue-collar,married,basic.9y,no,no,no,cellular,apr,fri,1,999,0,nonexistent,-1.8,93.075,-47.1,1.405,5099.1
50,services,divorced,high.school,no,no,no,telephone,jun,tue,2,999,0,nonexistent,1.4,94.465,-41.8,4.961,5228.1
30,admin.,married,university.degree,no,yes,no,cellular,nov,thu,3,999,0,nonexistent,-0.1,93.2,-42.0,4.076,5195.8
32,management,single,university.degree,no,yes,no,cellular,mar,tue,1,999,0,nonexistent,-1.8,92.843,-50.0,1.687,5099.1
58,admin.,divorced,basic.9y,unknown,yes,no,telephone,may,fri,2,999,0,nonexistent,1.1,93.994,-36.4,4.859,5191.0
35,admin.,married,professional.course,no,yes,no,cellular,may,mon,2,3,1,success,-1.8,92.893,-46.2,1.354,5099.1
37,admin.,married,university.degree,no,yes,no,cellular,sep,wed,2,999,0,nonexistent,-3.4,92.379,-29.8,0.813,5017.5
39,admin.,married,university.degree,no,no,no,cellular,apr,wed,1,999,0,nonexistent,-1.8,93.075,-47.1,1.405,5099.1
44,blue-collar,married,basic.9y,no,no,no,cellular,may,fri,1,999,0,nonexistent,-1.8,92.893,-46.2,1.313,5099.1
30,admin.,single,high.school,no,no,no,telephone,may,tue,3,999,0,nonexistent,1.1,93.994,-36.4,4.856,5191.0
39,blue-collar,married,basic.6y,no,no,no,cellular,may,fri,1,999,0,nonexistent,-1.8,92.893,-46.2,1.313,5099.1
38,self-employed,single,university.degree,no,no,no,telephone,may,thu,1,999,0,nonexistent,1.1,93.994,-36.4,4.855,5191.0
52,admin.,married,university.degree,no,yes,no,cellular,may,thu,2,999,0,nonexistent,-1.8,93.876,-40.0,0.677,5008.7
50,blue-collar,married,basic.6y,no,yes,no,cellular,aug,fri,4,999,0,nonexistent,1.4,93.444,-36.1,4.966,5228.1
43,blue-collar,married,basic.9y,no,yes,no,cellular,may,fri,1,999,1,failure,-1.8,92.893,-46.2,1.313,5099.1
29,technician,married,university.degree,no,yes,no,cellular,nov,thu,1,999,0,nonexistent,-0.1,93.2,-42.0,4.592,5195.8
34,admin.,married,university.degree,no,yes,no,cellular,aug,fri,1,999,0,nonexistent,-2.9,92.201,-31.4,0.881,5076.2
35,blue-collar,single,basic.9y,no,no,no,cellular,aug,wed,3,999,1,failure,-2.9,92.201,-31.4,0.879,5076.2
32,technician,married,high.school,no,no,no,cellular,may,wed,3,999,1,failure,-1.8,92.893,-46.2,1.281,5099.1
34,housemaid,single,university.degree,no,no,no,telephone,may,fri,2,999,0,nonexistent,1.1,93.994,-36.4,4.864,5191.0
41,blue-collar,married,basic.9y,no,yes,no,cellular,jul,thu,1,999,0,nonexistent,1.4,93.918,-42.7,4.963,5228.1
44,self-employed,single,university.degree,no,no,no,telephone,jun,fri,4,999,0,nonexistent,1.4,94.465,-41.8,4.959,5228.1
52,entrepreneur,divorced,basic.4y,no,no,no,telephone,jun,tue,4,999,0,nonexistent,1.4,94.465,-41.8,4.961,5228.1
32,services,single,high.school,no,no,no,cellular,may,wed,2,999,0,nonexistent,-1.8,92.893,-46.2,1.281,5099.1
57,retired,divorced,university.degree,unknown,no,no,cellular,aug,thu,5,999,0,nonexistent,1.4,93.444,-36.1,4.962,5228.1
38,admin.,married,high.school,no,no,no,telephone,jul,tue,1,999,1,failure,-1.7,94.215,-40.3,0.876,4991.6
28,management,single,university.degree,no,yes,no,cellular,sep,tue,1,999,0,nonexistent,-3.4,92.379,-29.8,0.819,5017.5
46,admin.,married,high.school,no,yes,no,telephone,may,tue,2,999,0,nonexistent,1.1,93.994,-36.4,4.856,5191.0
39,admin.,married,high.school,unknown,yes,no,cellular,mar,tue,1,999,0,nonexistent,-1.8,92.843,-50.0,1.51,5099.1
39,admin.,married,university.degree,no,yes,yes,telephone,may,tue,1,999,0,nonexistent,1.1,93.994,-36.4,4.857,5191.0
56,technician,married,professional.course,no,yes,no,cellular,jul,mon,3,999,0,nonexistent,1.4,93.918,-42.7,4.96,5228.1
37,admin.,married,basic.6y,no,no,no,telephone,may,mon,1,999,0,nonexistent,1.1,93.994,-36.4,4.857,5191.0
32,technician,single,university.degree,no,yes,yes,telephone,jul,wed,43,999,0,nonexistent,1.4,93.918,-42.7,4.962,5228.1
43,unemployed,single,university.degree,no,no,no,telephone,may,mon,4,999,0,nonexistent,1.1,93.994,-36.4,4.857,5191.0
41,admin.,married,university.degree,no,no,no,cellular,aug,wed,4,999,0,nonexistent,1.4,93.444,-36.1,4.964,5228.1
59,admin.,divorced,professional.course,no,no,no,cellular,aug,tue,1,999,1,failure,-2.9,92.201,-31.4,0.883,5076.2
36,technician,married,university.degree,no,yes,yes,cellular,may,mon,1,999,0,nonexistent,-1.8,92.893,-46.2,1.264,5099.1
58,unemployed,married,basic.4y,unknown,yes,no,cellular,mar,thu,4,999,0,nonexistent,-1.8,92.843,-50.0,1.538,5099.1
31,admin.,single,high.school,no,no,no,cellular,jun,wed,3,999,0,nonexistent,-2.9,92.963,-40.8,1.26,5076.2
40,blue-collar,married,basic.9y,no,yes,no,telephone,may,mon,2,999,0,nonexistent,1.1,93.994,-36.4,4.858,5191.0
43,blue-collar,married,basic.4y,no,no,no,telephone,jun,fri,3,999,0,nonexistent,1.4,94.465,-41.8,4.967,5228.1
61,admin.,married,unknown,no,no,no,cellular,may,thu,3,9,2,success,-1.8,93.876,-40.0,0.699,5008.7
32,admin.,single,high.school,no,no,no,cellular,nov,mon,2,999,2,failure,-1.1,94.767,-50.8,1.048,4963.6
26,technician,single,high.school,no,unknown,unknown,telephone,jun,wed,1,999,0,nonexistent,1.4,94.465,-41.8,4.962,5228.1
59,services,married,high.school,no,yes,no,cellular,apr,tue,3,999,1,failure,-1.8,93.075,-47.1,1.453,5099.1
50,admin.,married,high.school,no,no,no,telephone,jun,wed,1,999,0,nonexistent,1.4,94.465,-41.8,4.864,5228.1
33,technician,married,basic.9y,no,no,no,telephone,jun,mon,1,999,0,nonexistent,1.4,94.465,-41.8,4.961,5228.1
29,admin.,single,high.school,no,no,yes,cellular,may,fri,1,999,0,nonexistent,-1.8,92.893,-46.2,1.25,5099.1
42,admin.,single,high.school,no,no,no,cellular,sep,wed,1,14,1,success,-1.1,94.199,-37.5,0.88,4963.6
46,technician,divorced,professional.course,no,no,no,cellular,aug,wed,2,999,0,nonexistent,1.4,93.444,-36.1,4.964,5228.1
46,housemaid,married,basic.4y,no,no,no,telephone,may,wed,1,999,0,nonexistent,1.1,93.994,-36.4,4.858,5191.0
29,services,single,professional.course,no,yes,yes,cellular,aug,thu,3,999,0,nonexistent,1.4,93.444,-36.1,4.968,5228.1
33,blue-collar,married,basic.9y,no,no,no,telephone,jun,mon,2,999,0,nonexistent,1.4,94.465,-41.8,4.865,5228.1
36,technician,single,high.school,no,no,no,cellular,aug,tue,1,999,0,nonexistent,1.4,93.444,-36.1,4.963,5228.1
28,blue-collar,single,basic.9y,no,yes,yes,cellular,jul,fri,5,999,0,nonexistent,1.4,93.918,-42.7,4.962,5228.1
33,blue-collar,divorced,basic.9y,no,yes,no,telephone,jun,thu,1,999,0,nonexistent,1.4,94.465,-41.8,4.958,5228.1
34,admin.,married,university.degree,no,yes,no,cellular,may,mon,1,2,1,success,-1.8,92.893,-46.2,1.264,5099.1
32,admin.,married,university.degree,no,no,no,cellular,aug,thu,1,999,0,nonexistent,1.4,93.444,-36.1,4.963,5228.1
32,unemployed,divorced,high.school,no,no,no,cellular,nov,wed,1,999,0,nonexistent,-0.1,93.2,-42.0,4.12,5195.8
43,services,married,high.school,no,yes,no,cellular,may,tue,2,999,0,nonexistent,-1.8,92.893,-46.2,1.291,5099.1
38,blue-collar,single,high.school,no,no,no,cellular,aug,tue,2,999,0,nonexistent,1.4,93.444,-36.1,4.968,5228.1
78,retired,divorced,high.school,no,no,no,cellular,sep,thu,1,999,2,failure,-1.1,94.199,-37.5,0.884,4963.6
38,admin.,married,university.degree,no,no,no,cellular,aug,thu,3,999,0,nonexistent,1.4,93.444,-36.1,4.963,5228.1
59,retired,divorced,basic.4y,no,no,yes,cellular,jul,mon,3,999,2,failure,-1.7,94.215,-40.3,0.827,4991.6
33,technician,married,professional.course,no,yes,no,cellular,may,mon,3,999,0,nonexistent,-1.8,92.893,-46.2,1.244,5099.1
28,admin.,single,high.school,no,yes,no,cellular,mar,fri,2,999,0,nonexistent,-1.8,92.843,-50.0,1.531,5099.1
50,management,married,basic.9y,no,no,no,cellular,oct,mon,2,6,2,failure,-3.4,92.431,-26.9,0.731,5017.5
48,technician,married,professional.course,no,no,no,telephone,nov,mon,1,999,0,nonexistent,-0.1,93.2,-42.0,4.191,5195.8
54,admin.,married,university.degree,no,yes,no,cellular,aug,tue,3,999,0,nonexistent,1.4,93.444,-36.1,4.966,5228.1
25,admin.,single,high.school,no,no,no,cellular,may,mon,4,999,0,nonexistent,-1.8,92.893,-46.2,1.244,5099.1
47,admin.,married,basic.9y,no,yes,no,telephone,jun,fri,7,999,0,nonexistent,1.4,94.465,-41.8,4.959,5228.1
41,admin.,married,basic.9y,unknown,yes,no,cellular,jul,fri,2,999,0,nonexistent,1.4,93.918,-42.7,4.962,5228.1
58,housemaid,single,professional.course,no,no,yes,cellular,apr,thu,1,999,0,nonexistent,-1.8,93.749,-34.6,0.64,5008.7
52,blue-collar,married,basic.9y,no,yes,no,cellular,may,fri,3,999,0,nonexistent,-1.8,92.893,-46.2,1.25,5099.1
42,services,married,university.degree,no,yes,no,cellular,apr,mon,4,999,0,nonexistent,-1.8,93.075,-47.1,1.405,5099.1
33,admin.,married,university.degree,no,no,no,cellular,oct,fri,1,999,0,nonexistent,-0.1,93.798,-40.4,4.76,5195.8
59,entrepreneur,married,basic.4y,no,yes,no,cellular,jul,thu,3,999,0,nonexistent,1.4,93.918,-42.7,4.962,5228.1
49,technician,married,professional.course,no,yes,no,telephone,jun,fri,2,999,0,nonexistent,1.4,94.465,-41.8,4.967,5228.1
41,blue-collar,married,basic.6y,no,no,no,cellular,apr,fri,1,999,1,failure,-1.8,93.075,-47.1,1.405,5099.1
36,admin.,married,university.degree,no,no,no,cellular,oct,wed,2,999,0,nonexistent,-3.4,92.431,-26.9,0.742,5017.5
32,services,single,high.school,no,yes,no,telephone,jun,fri,11,999,0,nonexistent,1.4,94.465,-41.8,4.959,5228.1
35,admin.,married,high.school,no,yes,no,cellular,mar,tue,3,999,0,nonexistent,-1.8,92.843,-50.0,1.799,5099.1
58,admin.,married,professional.course,no,yes,no,cellular,apr,thu,4,999,2,failure,-1.8,93.749,-34.6,0.644,5008.7
41,blue-collar,married,basic.6y,unknown,yes,no,telephone,may,fri,1,999,0,nonexistent,1.1,93.994,-36.4,4.857,5191.0
35,technician,single,professional.course,no,yes,yes,cellular,aug,thu,1,999,0,nonexistent,1.4,93.444,-36.1,4.964,5228.1
27,technician,single,university.degree,no,yes,no,cellular,jul,mon,3,999,0,nonexistent,-2.9,92.469,-33.6,0.944,5076.2
40,blue-collar,married,basic.9y,no,yes,no,cellular,may,thu,2,999,0,nonexistent,-1.8,92.893,-46.2,1.266,5099.1
40,admin.,married,university.degree,no,no,no,cellular,aug,wed,2,999,1,failure,-2.9,92.201,-31.4,0.884,5076.2
40,services,married,high.school,no,yes,no,cellular,apr,tue,2,999,0,nonexistent,-1.8,93.075,-47.1,1.453,5099.1
66,retired,married,high.school,no,unknown,unknown,cellular,mar,tue,3,999,1,failure,-1.8,93.369,-34.8,0.646,5008.7
48,technician,married,high.school,no,yes,no,telephone,may,fri,1,999,0,nonexistent,1.1,93.994,-36.4,4.857,5191.0
51,services,married,high.school,no,no,yes,cellular,nov,mon,2,3,4,success,-1.1,94.767,-50.8,1.05,4963.6
28,blue-collar,single,basic.4y,unknown,yes,no,telephone,jul,tue,3,999,0,nonexistent,1.4,93.918,-42.7,4.961,5228.1
37,technician,married,university.degree,no,yes,no,telephone,jun,tue,2,999,0,nonexistent,1.4,94.465,-41.8,4.961,5228.1
32,technician,married,university.degree,no,yes,no,cellular,jul,thu,6,999,0,nonexistent,1.4,93.918,-42.7,4.968,5228.1
45,admin.,married,university.degree,no,yes,no,cellular,aug,tue,1,999,0,nonexistent,1.4,93.444,-36.1,4.963,5228.1
28,admin.,married,high.school,no,yes,no,cellular,may,wed,3,999,0,nonexistent,-1.8,92.893,-46.2,1.334,5099.1
38,services,divorced,high.school,no,yes,no,cellular,jul,thu,4,999,0,nonexistent,1.4,93.918,-42.7,4.958,5228.1
41,admin.,married,basic.4y,unknown,no,yes,telephone,may,thu,1,999,0,nonexistent,1.1,93.994,-36.4,4.855,5191.0
39,admin.,married,high.school,no,yes,no,cellular,aug,tue,2,999,0,nonexistent,1.4,93.444,-36.1,4.966,5228.1
38,admin.,single,basic.9y,no,no,no,cellular,may,thu,2,999,0,nonexistent,-1.8,93.876,-40.0,0.699,5008.7
33,technician,married,high.school,no,yes,yes,cellular,aug,wed,4,999,0,nonexistent,1.4,93.444,-36.1,4.967,5228.1
42,blue-collar,married,basic.4y,unknown,yes,yes,telephone,jun,wed,9,999,0,nonexistent,1.4,94.465,-41.8,4.864,5228.1
28,admin.,married,high.school,no,no,no,telephone,jun,tue,2,999,0,nonexistent,1.4,94.465,-41.8,4.864,5228.1
47,services,divorced,university.degree,no,yes,yes,cellular,may,tue,1,15,3,failure,-1.8,93.876,-40.0,0.688,5008.7
54,technician,married,basic.9y,no,no,no,telephone,jun,fri,9,999,0,nonexistent,1.4,94.465,-41.8,4.967,5228.1
41,self-employed,married,high.school,unknown,no,no,telephone,may,fri,4,999,0,nonexistent,1.1,93.994,-36.4,4.859,5191.0
51,admin.,married,university.degree,no,no,no,cellular,aug,thu,1,999,0,nonexistent,1.4,93.444,-36.1,4.963,5228.1
58,unemployed,married,basic.9y,no,no,no,telephone,jun,mon,2,999,0,nonexistent,1.4,94.465,-41.8,4.865,5228.1
55,technician,married,professional.course,no,yes,no,cellular,aug,thu,2,999,0,nonexistent,1.4,93.444,-36.1,4.963,5228.1
47,services,married,high.school,unknown,no,no,telephone,may,tue,1,999,0,nonexistent,1.1,93.994,-36.4,4.856,5191.0
43,technician,single,university.degree,no,no,no,cellular,jul,thu,1,999,0,nonexistent,-2.9,92.469,-33.6,1.072,5076.2
35,admin.,single,university.degree,no,no,no,cellular,jul,mon,4,999,0,nonexistent,1.4,93.918,-42.7,4.962,5228.1
54,self-employed,married,basic.9y,unknown,yes,no,cellular,aug,thu,3,999,0,nonexistent,1.4,93.444,-36.1,4.968,5228.1
39,self-employed,married,university.degree,no,no,no,telephone,jun,mon,3,999,0,nonexistent,1.4,94.465,-41.8,4.961,5228.1
36,blue-collar,married,basic.6y,no,no,no,cellular,nov,tue,1,999,1,failure,-0.1,93.2,-42.0,4.153,5195.8
41,blue-collar,married,basic.9y,unknown,yes,no,cellular,apr,fri,2,999,0,nonexistent,-1.8,93.075,-47.1,1.405,5099.1
58,admin.,single,unknown,unknown,no,no,telephone,jul,mon,1,999,0,nonexistent,1.4,93.918,-42.7,4.962,5228.1
57,retired,divorced,basic.9y,no,yes,no,cellular,may,tue,3,999,1,failure,-1.8,92.893,-46.2,1.291,5099.1
36,blue-collar,single,basic.4y,no,yes,no,telephone,jun,thu,2,999,0,nonexistent,1.4,94.465,-41.8,4.955,5228.1
48,blue-collar,married,basic.4y,unknown,yes,no,cellular,aug,thu,1,999,0,nonexistent,1.4,93.444,-36.1,4.968,5228.1
28,technician,single,professional.course,no,yes,no,telephone,may,thu,2,999,0,nonexistent,1.1,93.994,-36.4,4.86,5191.0
53,retired,married,basic.4y,unknown,yes,no,telephone,may,wed,3,999,0,nonexistent,1.1,93.994,-36.4,4.856,5191.0
59,retired,divorced,basic.4y,unknown,yes,no,telephone,may,thu,1,999,0,nonexistent,1.1,93.994,-36.4,4.86,5191.0
38,technician,single,basic.6y,no,no,no,cellular,nov,wed,1,999,0,nonexistent,-0.1,93.2,-42.0,4.12,5195.8
51,blue-collar,married,basic.9y,unknown,yes,no,cellular,may,fri,1,999,1,failure,-1.8,92.893,-46.2,1.25,5099.1
42,blue-collar,single,basic.6y,no,no,no,cellular,may,tue,1,999,0,nonexistent,-1.8,92.893,-46.2,1.291,5099.1
39,blue-collar,married,basic.6y,no,no,no,telephone,may,thu,7,999,0,nonexistent,1.1,93.994,-36.4,4.86,5191.0
55,technician,divorced,university.degree,no,yes,no,cellular,aug,tue,1,999,0,nonexistent,1.4,93.444,-36.1,4.965,5228.1
43,technician,married,professional.course,no,yes,no,cellular,nov,mon,1,999,0,nonexistent,-0.1,93.2,-42.0,4.191,5195.8
19,student,single,basic.6y,no,no,no,cellular,mar,tue,1,999,0,nonexistent,-1.8,92.843,-50.0,1.556,5099.1
57,self-employed,married,basic.4y,no,no,no,telephone,jun,wed,3,999,0,nonexistent,1.4,94.465,-41.8,4.959,5228.1
43,management,married,professional.course,no,no,no,telephone,may,thu,5,999,0,nonexistent,1.1,93.994,-36.4,4.86,5191.0
26,student,single,high.school,no,no,no,cellular,mar,thu,1,999,0,nonexistent,-1.8,92.843,-50.0,1.538,5099.1
59,blue-collar,divorced,basic.4y,no,no,no,telephone,may,fri,2,999,0,nonexistent,1.1,93.994,-36.4,4.864,5191.0
31,blue-collar,single,high.school,no,unknown,unknown,telephone,may,thu,4,999,0,nonexistent,1.1,93.994,-36.4,4.86,5191.0
44,blue-collar,single,basic.4y,no,yes,no,telephone,may,thu,1,999,0,nonexistent,1.1,93.994,-36.4,4.86,5191.0
48,services,married,basic.4y,unknown,yes,no,cellular,aug,tue,1,999,0,nonexistent,1.4,93.444,-36.1,4.965,5228.1
32,student,married,high.school,no,no,no,telephone,sep,wed,5,999,0,nonexistent,-3.4,92.379,-29.8,0.781,5017.5
36,student,single,unknown,unknown,yes,no,cellular,may,mon,2,999,0,nonexistent,-1.8,92.893,-46.2,1.244,5099.1
50,blue-collar,married,basic.6y,unknown,no,no,telephone,jun,wed,1,999,0,nonexistent,1.4,94.465,-41.8,4.959,5228.1
27,student,single,university.degree,no,yes,no,cellular,aug,fri,2,999,0,nonexistent,-2.9,92.201,-31.4,0.825,5076.2
34,services,married,high.school,no,yes,no,telephone,may,fri,1,999,0,nonexistent,1.1,93.994,-36.4,4.864,5191.0
44,admin.,married,high.school,no,yes,no,cellular,may,wed,1,999,0,nonexistent,-1.8,92.893,-46.2,1.334,5099.1
53,admin.,married,university.degree,no,no,no,cellular,aug,wed,5,999,0,nonexistent,1.4,93.444,-36.1,4.967,5228.1
48,technician,divorced,university.degree,no,yes,yes,cellular,aug,wed,7,999,0,nonexistent,1.4,93.444,-36.1,4.964,5228.1
43,blue-collar,divorced,basic.4y,unknown,no,no,telephone,may,thu,2,999,0,nonexistent,1.1,93.994,-36.4,4.855,5191.0
31,services,single,high.school,unknown,no,no,cellular,may,fri,2,999,2,failure,-1.8,92.893,-46.2,1.313,5099.1
46,services,married,professional.course,no,yes,no,telephone,may,tue,4,999,0,nonexistent,1.1,93.994,-36.4,4.856,5191.0
35,services,married,high.school,no,yes,no,cellular,may,thu,3,999,1,failure,-1.8,92.893,-46.2,1.266,5099.1
34,services,married,high.school,no,no,no,telephone,may,thu,2,999,0,nonexistent,1.1,93.994,-36.4,4.86,5191.0
26,student,single,university.degree,no,no,no,telephone,dec,mon,1,999,0,nonexistent,-3.0,92.713,-33.0,0.709,5023.5
36,services,married,university.degree,no,yes,no,cellular,nov,wed,3,999,0,nonexistent,-0.1,93.2,-42.0,4.12,5195.8
36,admin.,married,high.school,no,no,yes,cellular,jul,thu,12,999,0,nonexistent,1.4,93.918,-42.7,4.968,5228.1
30,services,married,unknown,no,no,no,telephone,may,wed,2,999,0,nonexistent,1.1,93.994,-36.4,4.859,5191.0
44,blue-collar,divorced,basic.4y,no,no,no,cellular,may,wed,2,999,0,nonexistent,-1.8,92.893,-46.2,1.281,5099.1
35,technician,married,university.degree,no,yes,yes,cellular,nov,wed,2,999,0,nonexistent,-0.1,93.2,-42.0,4.12,5195.8
46,blue-collar,married,basic.9y,no,no,no,cellular,nov,tue,1,999,0,nonexistent,-0.1,93.2,-42.0,4.153,5195.8
46,blue-collar,married,basic.9y,no,yes,no,cellular,jul,mon,2,999,0,nonexistent,1.4,93.918,-42.7,4.96,5228.1
45,blue-collar,married,basic.9y,no,yes,no,telephone,jul,tue,1,999,0,nonexistent,1.4,93.918,-42.7,4.955,5228.1
21,management,single,university.degree,no,unknown,unknown,cellular,jun,tue,1,999,0,nonexistent,-2.9,92.963,-40.8,1.262,5076.2
34,unemployed,single,high.school,no,yes,no,telephone,may,tue,5,999,0,nonexistent,-1.8,92.893,-46.2,1.291,5099.1
42,housemaid,single,basic.4y,unknown,yes,no,telephone,may,tue,1,999,0,nonexistent,1.1,93.994,-36.4,4.857,5191.0
35,housemaid,married,basic.4y,no,no,no,telephone,may,fri,2,999,0,nonexistent,1.1,93.994,-36.4,4.864,5191.0
46,technician,divorced,professional.course,no,yes,no,telephone,may,mon,2,999,0,nonexistent,1.1,93.994,-36.4,4.857,5191.0
32,blue-collar,married,basic.9y,no,no,no,telephone,may,mon,5,999,0,nonexistent,1.1,93.994,-36.4,4.857,5191.0
41,blue-collar,married,professional.course,no,no,no,telephone,may,mon,2,999,0,nonexistent,1.1,93.994,-36.4,4.858,5191.0
38,technician,married,high.school,no,yes,no,cellular,aug,thu,3,999,0,nonexistent,1.4,93.444,-36.1,4.968,5228.1
27,admin.,single,high.school,no,yes,no,telephone,may,wed,1,999,0,nonexistent,1.1,93.994,-36.4,4.859,5191.0
50,management,married,university.degree,unknown,yes,no,telephone,jul,thu,1,999,0,nonexistent,1.4,93.918,-42.7,4.968,5228.1
40,blue-collar,married,basic.9y,no,yes,yes,cellular,may,thu,2,999,0,nonexistent,-1.8,92.893,-46.2,1.327,5099.1
36,self-employed,divorced,professional.course,unknown,yes,yes,cellular,jul,tue,4,999,0,nonexistent,1.4,93.918,-42.7,4.961,5228.1
79,retired,married,basic.9y,no,no,no,cellular,sep,tue,1,999,1,failure,-3.4,92.379,-29.8,0.819,5017.5
54,management,divorced,university.degree,no,yes,yes,cellular,may,wed,2,999,1,failure,-1.8,92.893,-46.2,1.334,5099.1
34,blue-collar,married,basic.4y,no,no,yes,telephone,may,tue,3,999,0,nonexistent,1.1,93.994,-36.4,4.856,5191.0
49,blue-collar,married,basic.9y,unknown,yes,no,cellular,aug,thu,1,999,0,nonexistent,1.4,93.444,-36.1,4.963,5228.1
33,services,single,basic.9y,no,yes,no,cellular,apr,thu,2,999,0,nonexistent,-1.8,93.075,-47.1,1.41,5099.1
32,technician,married,basic.9y,no,yes,no,telephone,jul,fri,2,999,0,nonexistent,1.4,93.918,-42.7,4.963,5228.1
43,admin.,married,university.degree,no,no,no,cellular,jul,tue,2,999,0,nonexistent,1.4,93.918,-42.7,4.962,5228.1
46,admin.,single,university.degree,unknown,yes,no,cellular,jul,thu,1,999,0,nonexistent,1.4,93.918,-42.7,4.958,5228.1
61,admin.,married,high.school,no,yes,no,cellular,apr,tue,1,999,1,failure,-1.8,93.749,-34.6,0.638,5008.7
34,services,single,high.school,no,no,no,telephone,jun,tue,2,999,0,nonexistent,-2.9,92.963,-40.8,1.262,5076.2
52,admin.,married,university.degree,no,no,yes,cellular,nov,thu,4,999,0,nonexistent,-0.1,93.2,-42.0,4.076,5195.8
41,blue-collar,married,basic.9y,no,yes,yes,cellular,may,fri,1,999,0,nonexistent,-1.8,92.893,-46.2,1.313,5099.1
29,admin.,single,university.degree,no,no,no,telephone,jun,mon,2,999,0,nonexistent,1.4,94.465,-41.8,4.96,5228.1
45,blue-collar,married,basic.4y,no,yes,no,cellular,aug,wed,5,999,0,nonexistent,1.4,93.444,-36.1,4.967,5228.1
38,technician,married,professional.course,no,yes,no,cellular,apr,mon,2,999,0,nonexistent,-1.8,93.075,-47.1,1.392,5099.1
45,admin.,single,high.school,no,no,no,cellular,sep,fri,1,999,0,nonexistent,-3.4,92.379,-29.8,0.803,5017.5
36,blue-collar,married,basic.9y,unknown,no,no,cellular,jul,thu,1,999,0,nonexistent,1.4,93.918,-42.7,4.963,5228.1
34,technician,single,professional.course,no,unknown,unknown,telephone,may,wed,3,999,0,nonexistent,1.1,93.994,-36.4,4.856,5191.0
54,blue-collar,single,unknown,no,no,no,cellular,jul,mon,2,999,0,nonexistent,1.4,93.918,-42.7,4.962,5228.1
54,housemaid,divorced,unknown,no,yes,no,telephone,jun,thu,3,999,0,nonexistent,1.4,94.465,-41.8,4.958,5228.1
38,blue-collar,single,basic.9y,no,yes,no,telephone,may,wed,5,999,0,nonexistent,-1.8,92.893,-46.2,1.281,5099.1
30,unemployed,single,unknown,no,yes,no,cellular,nov,wed,2,999,0,nonexistent,-0.1,93.2,-42.0,4.12,5195.8
29,services,single,high.school,no,no,no,cellular,jun,wed,2,3,1,success,-2.9,92.963,-40.8,1.26,5076.2
65,retired,married,basic.4y,no,no,no,cellular,oct,fri,5,999,0,nonexistent,-3.4,92.431,-26.9,0.72,5017.5
39,blue-collar,married,basic.4y,no,no,no,cellular,may,fri,2,999,0,nonexistent,-1.8,92.893,-46.2,1.313,5099.1
33,management,married,university.degree,no,yes,no,telephone,mar,thu,1,999,0,nonexistent,-1.8,92.843,-50.0,1.757,5099.1
57,blue-collar,married,basic.9y,unknown,yes,no,cellular,aug,wed,1,999,0,nonexistent,1.4,93.444,-36.1,4.965,5228.1
35,retired,married,professional.course,no,no,no,telephone,may,wed,2,999,0,nonexistent,1.1,93.994,-36.4,4.857,5191.0
50,admin.,married,high.school,no,no,no,telephone,jun,tue,1,999,0,nonexistent,1.4,94.465,-41.8,4.864,5228.1
34,blue-collar,married,basic.4y,no,yes,no,cellular,jul,wed,1,999,0,nonexistent,1.4,93.918,-42.7,4.962,5228.1
33,admin.,single,university.degree,no,yes,no,cellular,oct,thu,1,3,3,success,-1.1,94.601,-49.5,1.025,4963.6
37,admin.,single,university.degree,no,no,no,telephone,jun,fri,11,999,0,nonexistent,1.4,94.465,-41.8,4.959,5228.1
50,services,married,basic.6y,no,yes,no,cellular,aug,thu,1,999,0,nonexistent,1.4,93.444,-36.1,4.968,5228.1
34,admin.,married,university.degree,no,yes,no,cellular,aug,tue,1,999,0,nonexistent,-2.9,92.201,-31.4,0.859,5076.2
56,management,married,university.degree,no,no,no,cellular,nov,wed,1,999,0,nonexistent,-0.1,93.2,-42.0,4.12,5195.8
38,housemaid,divorced,university.degree,no,yes,no,cellular,may,wed,3,999,1,failure,-1.8,92.893,-46.2,1.281,5099.1
30,management,divorced,high.school,no,no,yes,telephone,may,wed,1,999,0,nonexistent,1.1,93.994,-36.4,4.856,5191.0
44,unemployed,married,high.school,no,yes,no,cellular,aug,thu,1,3,1,success,-2.9,92.201,-31.4,0.873,5076.2
46,blue-collar,married,basic.9y,no,yes,yes,cellular,nov,wed,1,999,0,nonexistent,-0.1,93.2,-42.0,4.12,5195.8
46,admin.,married,university.degree,unknown,no,yes,cellular,aug,mon,4,999,0,nonexistent,1.4,93.444,-36.1,4.965,5228.1
30,technician,single,professional.course,no,yes,yes,cellular,aug,tue,5,999,0,nonexistent,1.4,93.444,-36.1,4.963,5228.1
32,admin.,single,professional.course,no,yes,yes,telephone,may,fri,4,999,0,nonexistent,-1.8,92.893,-46.2,1.25,5099.1
54,management,married,university.degree,no,yes,no,cellular,jul,wed,3,999,0,nonexistent,1.4,93.918,-42.7,4.962,5228.1
56,entrepreneur,married,university.degree,unknown,no,no,telephone,jun,thu,1,999,0,nonexistent,1.4,94.465,-41.8,4.958,5228.1
46,technician,divorced,professional.course,no,no,no,cellular,aug,thu,15,999,0,nonexistent,1.4,93.444,-36.1,4.962,5228.1
54,housemaid,married,high.school,no,yes,yes,cellular,apr,thu,1,999,1,failure,-1.8,93.075,-47.1,1.365,5099.1
50,admin.,married,high.school,no,no,no,telephone,may,wed,5,999,0,nonexistent,1.1,93.994,-36.4,4.858,5191.0
31,admin.,single,university.degree,no,yes,no,cellular,jul,tue,1,999,0,nonexistent,1.4,93.918,-42.7,4.961,5228.1
48,admin.,married,university.degree,no,yes,yes,cellular,apr,thu,1,6,2,success,-1.8,93.749,-34.6,0.644,5008.7
30,technician,married,professional.course,no,unknown,unknown,telephone,may,wed,2,999,0,nonexistent,1.1,93.994,-36.4,4.859,5191.0
31,blue-collar,single,basic.9y,unknown,no,yes,telephone,jun,fri,2,999,0,nonexistent,1.4,94.465,-41.8,4.959,5228.1
53,entrepreneur,married,university.degree,unknown,no,yes,cellular,aug,thu,2,999,0,nonexistent,1.4,93.444,-36.1,4.964,5228.1
46,housemaid,married,basic.4y,no,yes,no,cellular,aug,fri,1,999,0,nonexistent,1.4,93.444,-36.1,4.964,5228.1
53,admin.,divorced,university.degree,no,yes,no,telephone,jun,wed,1,999,0,nonexistent,1.4,94.465,-41.8,4.864,5228.1
54,entrepreneur,married,university.degree,no,yes,no,telephone,jun,wed,2,999,0,nonexistent,1.4,94.465,-41.8,4.864,5228.1
29,admin.,married,university.degree,no,no,no,cellular,may,wed,5,999,1,failure,-1.8,92.893,-46.2,1.281,5099.1
56,management,married,university.degree,no,no,no,telephone,apr,fri,2,999,2,failure,-1.8,93.075,-47.1,1.479,5099.1
45,technician,married,university.degree,no,yes,no,cellular,nov,wed,1,999,0,nonexistent,-3.4,92.649,-30.1,0.715,5017.5
57,admin.,single,high.school,no,unknown,unknown,telephone,oct,tue,1,999,0,nonexistent,-3.4,92.431,-26.9,0.737,5017.5
40,blue-collar,married,basic.4y,unknown,yes,no,cellular,nov,thu,1,999,0,nonexistent,-0.1,93.2,-42.0,4.076,5195.8
41,blue-collar,married,basic.9y,no,yes,no,telephone,may,thu,1,999,0,nonexistent,1.1,93.994,-36.4,4.855,5191.0
32,admin.,single,university.degree,unknown,yes,no,cellular,may,mon,4,999,1,failure,-1.8,92.893,-46.2,1.264,5099.1
33,management,married,university.degree,no,no,no,cellular,jul,thu,7,999,0,nonexistent,1.4,93.918,-42.7,4.958,5228.1
30,housemaid,married,basic.6y,no,yes,no,cellular,aug,mon,5,999,0,nonexistent,1.4,93.444,-36.1,4.965,5228.1
88,retired,divorced,basic.4y,no,yes,no,cellular,oct,wed,1,999,0,nonexistent,-3.4,92.431,-26.9,0.735,5017.5
44,blue-collar,married,basic.9y,unknown,yes,no,cellular,jul,mon,2,999,0,nonexistent,1.4,93.918,-42.7,4.96,5228.1
26,student,single,high.school,no,yes,no,cellular,aug,fri,2,6,2,failure,-2.9,92.201,-31.4,0.825,5076.2
67,retired,married,basic.4y,no,no,no,telephone,nov,mon,1,999,0,nonexistent,-3.4,92.649,-30.1,0.714,5017.5
36,admin.,divorced,high.school,no,yes,no,telephone,may,thu,5,999,0,nonexistent,1.1,93.994,-36.4,4.86,5191.0
27,blue-collar,married,basic.9y,unknown,no,no,telephone,may,mon,3,999,0,nonexistent,1.1,93.994,-36.4,4.857,5191.0
40,blue-collar,married,professional.course,no,no,no,cellular,jul,mon,5,999,0,nonexistent,1.4,93.918,-42.7,4.962,5228.1
32,blue-collar,married,basic.4y,unknown,yes,no,telephone,jun,wed,8,999,0,nonexistent,1.4,94.465,-41.8,4.864,5228.1
27,admin.,single,university.degree,no,no,no,cellular,jul,wed,2,999,0,nonexistent,1.4,93.918,-42.7,4.962,5228.1
36,admin.,single,university.degree,no,no,no,cellular,may,tue,3,999,0,nonexistent,-1.8,92.893,-46.2,1.291,5099.1
38,admin.,divorced,university.degree,no,no,no,cellular,aug,wed,3,999,0,nonexistent,1.4,93.444,-36.1,4.964,5228.1
51,services,divorced,high.school,no,no,no,telephone,nov,tue,1,999,0,nonexistent,-0.1,93.2,-42.0,4.153,5195.8
23,services,married,basic.9y,no,no,no,telephone,may,fri,3,999,0,nonexistent,1.1,93.994,-36.4,4.859,5191.0
47,admin.,married,university.degree,no,no,no,cellular,aug,mon,1,999,0,nonexistent,1.4,93.444,-36.1,4.965,5228.1
44,admin.,married,basic.9y,unknown,yes,yes,cellular,may,thu,1,999,1,failure,-1.8,92.893,-46.2,1.266,5099.1
47,management,married,university.degree,no,yes,yes,telephone,may,fri,1,999,0,nonexistent,1.1,93.994,-36.4,4.857,5191.0
34,admin.,divorced,university.degree,no,no,no,cellular,nov,fri,1,999,0,nonexistent,-0.1,93.2,-42.0,4.021,5195.8
52,services,divorced,unknown,unknown,yes,yes,telephone,may,fri,1,999,0,nonexistent,1.1,93.994,-36.4,4.859,5191.0
39,admin.,married,high.school,no,yes,no,cellular,apr,wed,2,999,0,nonexistent,-1.8,93.075,-47.1,1.498,5099.1
52,self-employed,married,basic.4y,unknown,yes,no,telephone,may,thu,1,999,0,nonexistent,1.1,93.994,-36.4,4.86,5191.0
36,admin.,married,university.degree,no,no,yes,telephone,may,thu,2,999,0,nonexistent,1.1,93.994,-36.4,4.86,5191.0
31,services,single,high.school,no,no,no,telephone,may,tue,2,999,0,nonexistent,1.1,93.994,-36.4,4.856,5191.0
28,admin.,married,university.degree,no,no,no,telephone,may,fri,2,999,0,nonexistent,1.1,93.994,-36.4,4.857,5191.0
44,management,married,university.degree,unknown,no,no,telephone,may,tue,1,999,0,nonexistent,1.1,93.994,-36.4,4.856,5191.0
36,blue-collar,married,unknown,unknown,no,no,telephone,may,thu,1,999,0,nonexistent,1.1,93.994,-36.4,4.86,5191.0
37,management,married,unknown,no,no,no,cellular,nov,thu,2,999,1,failure,-0.1,93.2,-42.0,4.076,5195.8
29,admin.,single,university.degree,no,yes,no,cellular,aug,fri,2,999,0,nonexistent,1.4,93.444,-36.1,4.963,5228.1
35,technician,married,professional.course,no,yes,yes,cellular,aug,tue,1,999,0,nonexistent,1.4,93.444,-36.1,4.963,5228.1
48,admin.,married,basic.9y,unknown,no,yes,telephone,may,mon,1,999,0,nonexistent,1.1,93.994,-36.4,4.858,5191.0
46,technician,married,professional.course,no,no,yes,telephone,jun,mon,1,999,0,nonexistent,1.4,94.465,-41.8,4.865,5228.1
38,services,married,high.school,unknown,yes,no,cellular,may,thu,7,999,0,nonexistent,-1.8,92.893,-46.2,1.266,5099.1
23,blue-collar,single,high.school,no,yes,no,cellular,jul,wed,1,999,0,nonexistent,1.4,93.918,-42.7,4.957,5228.1
50,technician,married,basic.6y,unknown,no,no,cellular,may,tue,3,999,1,failure,-1.8,92.893,-46.2,1.291,5099.1
43,admin.,married,university.degree,no,no,no,telephone,jun,thu,2,999,0,nonexistent,1.4,94.465,-41.8,4.961,5228.1
33,blue-collar,married,basic.9y,unknown,no,yes,cellular,may,tue,2,999,1,failure,-1.8,92.893,-46.2,1.291,5099.1
42,entrepreneur,married,basic.9y,unknown,no,no,telephone,jun,thu,1,999,0,nonexistent,1.4,94.465,-41.8,4.961,5228.1
58,entrepreneur,married,university.degree,unknown,no,no,telephone,jun,fri,1,999,0,nonexistent,1.4,94.465,-41.8,4.959,5228.1
45,blue-collar,single,basic.4y,unknown,no,no,telephone,jun,tue,1,999,0,nonexistent,1.4,94.465,-41.8,4.961,5228.1
51,retired,married,basic.9y,no,no,no,telephone,may,tue,1,999,0,nonexistent,1.1,93.994,-36.4,4.856,5191.0
35,student,single,university.degree,unknown,no,no,telephone,may,tue,5,999,0,nonexistent,1.1,93.994,-36.4,4.857,5191.0
30,management,single,university.degree,no,yes,no,telephone,jun,wed,1,999,0,nonexistent,1.4,94.465,-41.8,4.962,5228.1
31,technician,married,professional.course,no,yes,no,cellular,aug,thu,1,999,0,nonexistent,1.4,93.444,-36.1,4.964,5228.1
37,management,single,university.degree,no,yes,no,cellular,jul,wed,1,999,0,nonexistent,1.4,93.918,-42.7,4.962,5228.1
35,housemaid,single,university.degree,no,no,yes,cellular,may,mon,4,999,0,nonexistent,-1.8,92.893,-46.2,1.354,5099.1
32,technician,married,university.degree,no,yes,no,cellular,aug,tue,3,999,0,nonexistent,1.4,93.444,-36.1,4.968,5228.1
45,admin.,single,university.degree,no,unknown,unknown,cellular,nov,tue,3,999,1,failure,-3.4,92.649,-30.1,0.715,5017.5
45,self-employed,married,basic.9y,no,yes,no,cellular,jul,wed,1,999,0,nonexistent,1.4,93.918,-42.7,4.962,5228.1
40,technician,married,basic.9y,unknown,no,no,cellular,jul,mon,1,999,0,nonexistent,1.4,93.918,-42.7,4.96,5228.1
28,student,single,high.school,no,yes,no,cellular,jun,fri,3,999,0,nonexistent,-2.9,92.963,-40.8,1.268,5076.2
43,management,married,professional.course,no,no,no,telephone,may,wed,3,999,0,nonexistent,1.1,93.994,-36.4,4.856,5191.0
37,services,married,high.school,unknown,yes,no,telephone,jun,tue,1,999,0,nonexistent,1.4,94.465,-41.8,4.864,5228.1
42,admin.,married,university.degree,no,yes,no,cellular,aug,tue,2,999,0,nonexistent,1.4,93.444,-36.1,4.968,5228.1
43,blue-collar,married,basic.9y,no,yes,yes,cellular,jul,tue,2,999,0,nonexistent,1.4,93.918,-42.7,4.961,5228.1
45,admin.,married,high.school,unknown,yes,no,cellular,jul,mon,3,999,0,nonexistent,1.4,93.918,-42.7,4.962,5228.1
38,technician,divorced,high.school,no,yes,no,cellular,aug,mon,2,999,0,nonexistent,1.4,93.444,-36.1,4.965,5228.1
41,services,married,high.school,no,yes,no,telephone,may,wed,1,999,0,nonexistent,1.1,93.994,-36.4,4.857,5191.0
37,blue-collar,single,basic.6y,no,yes,no,cellular,apr,fri,2,999,0,nonexistent,-1.8,93.075,-47.1,1.405,5099.1
56,services,married,high.school,no,yes,no,cellular,nov,mon,1,999,0,nonexistent,-0.1,93.2,-42.0,4.191,5195.8
48,services,married,unknown,no,no,no,cellular,may,mon,2,999,0,nonexistent,-1.8,92.893,-46.2,1.244,5099.1
31,technician,single,university.degree,no,yes,no,cellular,aug,tue,5,999,0,nonexistent,1.4,93.444,-36.1,4.966,5228.1
58,management,married,university.degree,no,yes,yes,cellular,nov,tue,2,999,1,failure,-0.1,93.2,-42.0,4.153,5195.8
35,admin.,married,university.degree,unknown,yes,no,cellular,jul,tue,1,999,0,nonexistent,1.4,93.918,-42.7,4.961,5228.1
38,blue-collar,divorced,basic.4y,no,yes,no,cellular,jul,tue,3,999,0,nonexistent,1.4,93.918,-42.7,4.961,5228.1
26,blue-collar,single,basic.4y,no,yes,yes,telephone,jun,mon,1,999,0,nonexistent,1.4,94.465,-41.8,4.96,5228.1
50,entrepreneur,married,university.degree,no,yes,no,cellular,nov,wed,2,999,1,failure,-0.1,93.2,-42.0,4.12,5195.8
39,admin.,single,high.school,no,no,no,cellular,jul,mon,7,999,0,nonexistent,1.4,93.918,-42.7,4.962,5228.1
50,admin.,married,university.degree,no,yes,no,telephone,may,fri,4,999,0,nonexistent,1.1,93.994,-36.4,4.864,5191.0
37,blue-collar,single,basic.4y,unknown,yes,yes,telephone,jun,thu,2,999,0,nonexistent,1.4,94.465,-41.8,4.961,5228.1
59,retired,married,university.degree,no,yes,no,cellular,aug,tue,10,999,0,nonexistent,1.4,93.444,-36.1,4.965,5228.1
36,unemployed,married,professional.course,no,yes,no,cellular,apr,thu,7,999,0,nonexistent,-1.8,93.749,-34.6,0.659,5008.7
40,blue-collar,single,basic.9y,no,yes,yes,cellular,may,wed,7,999,0,nonexistent,-1.8,92.893,-46.2,1.281,5099.1
46,management,married,basic.9y,no,yes,no,cellular,nov,fri,1,999,0,nonexistent,-0.1,93.2,-42.0,4.021,5195.8
51,admin.,married,basic.9y,no,no,yes,cellular,nov,tue,5,999,0,nonexistent,-0.1,93.2,-42.0,4.153,5195.8
39,services,married,high.school,no,no,no,cellular,jul,wed,1,999,0,nonexistent,1.4,93.918,-42.7,4.963,5228.1
49,admin.,married,high.school,no,yes,no,cellular,jul,mon,11,999,0,nonexistent,1.4,93.918,-42.7,4.962,5228.1
33,technician,single,university.degree,no,yes,no,cellular,jul,thu,2,999,0,nonexistent,-2.9,92.469,-33.6,1.018,5076.2
32,technician,single,unknown,no,yes,yes,cellular,may,fri,2,999,1,failure,-1.8,92.893,-46.2,1.25,5099.1
26,admin.,single,university.degree,no,yes,no,cellular,jul,wed,5,999,0,nonexistent,1.4,93.918,-42.7,4.963,5228.1
39,entrepreneur,married,professional.course,no,yes,no,cellular,nov,thu,2,999,0,nonexistent,-0.1,93.2,-42.0,4.076,5195.8
53,management,married,high.school,no,no,no,cellular,nov,thu,1,999,1,failure,-0.1,93.2,-42.0,4.076,5195.8
36,blue-collar,married,high.school,unknown,yes,no,cellular,jul,mon,5,999,0,nonexistent,1.4,93.918,-42.7,4.96,5228.1
46,management,married,university.degree,no,no,no,cellular,jul,mon,3,999,0,nonexistent,1.4,93.918,-42.7,4.96,5228.1
43,blue-collar,married,basic.9y,unknown,no,no,telephone,may,fri,2,999,0,nonexistent,1.1,93.994,-36.4,4.864,5191.0
31,technician,single,professional.course,no,yes,yes,cellular,may,mon,1,999,0,nonexistent,-1.8,92.893,-46.2,1.299,5099.1
63,housemaid,married,basic.4y,no,yes,no,telephone,aug,mon,1,6,2,failure,-2.9,92.201,-31.4,0.884,5076.2
33,admin.,married,university.degree,no,yes,no,cellular,jun,tue,1,999,0,nonexistent,-2.9,92.963,-40.8,1.262,5076.2
32,services,married,high.school,no,no,no,telephone,jun,thu,2,999,0,nonexistent,1.4,94.465,-41.8,4.961,5228.1
26,services,single,unknown,no,yes,no,telephone,may,fri,2,999,0,nonexistent,1.1,93.994,-36.4,4.864,5191.0
28,services,married,basic.9y,unknown,yes,yes,cellular,may,thu,3,999,1,failure,-1.8,92.893,-46.2,1.327,5099.1
42,technician,single,high.school,unknown,no,no,telephone,may,tue,3,999,0,nonexistent,1.1,93.994,-36.4,4.856,5191.0
30,admin.,single,high.school,no,no,yes,cellular,nov,fri,2,999,1,failure,-0.1,93.2,-42.0,4.021,5195.8
29,unemployed,single,university.degree,no,no,no,telephone,may,thu,1,999,0,nonexistent,1.1,93.994,-36.4,4.855,5191.0
59,retired,married,basic.9y,no,no,yes,telephone,jun,thu,2,999,0,nonexistent,1.4,94.465,-41.8,4.955,5228.1
43,admin.,married,university.degree,no,no,no,cellular,nov,wed,1,999,0,nonexistent,-0.1,93.2,-42.0,4.12,5195.8
41,services,married,high.school,unknown,no,yes,telephone,jul,mon,11,999,0,nonexistent,1.4,93.918,-42.7,4.962,5228.1
31,technician,married,university.degree,no,no,no,cellular,nov,wed,3,999,0,nonexistent,-0.1,93.2,-42.0,4.12,5195.8
53,blue-collar,married,basic.4y,no,no,yes,telephone,jun,mon,2,999,0,nonexistent,1.4,94.465,-41.8,4.961,5228.1
39,student,single,unknown,no,yes,no,telephone,jun,tue,1,999,0,nonexistent,1.4,94.465,-41.8,4.961,5228.1
56,management,married,basic.9y,no,yes,no,telephone,jun,tue,3,999,0,nonexistent,1.4,94.465,-41.8,4.864,5228.1
47,admin.,married,high.school,unknown,no,no,cellular,jul,tue,3,999,0,nonexistent,1.4,93.918,-42.7,4.961,5228.1
30,blue-collar,married,basic.4y,no,yes,no,cellular,nov,wed,2,999,0,nonexistent,-0.1,93.2,-42.0,4.12,5195.8
52,admin.,married,university.degree,no,yes,no,cellular,aug,wed,1,999,0,nonexistent,-1.7,94.027,-38.3,0.9,4991.6
53,admin.,married,university.degree,no,no,no,cellular,aug,wed,1,999,0,nonexistent,1.4,93.444,-36.1,4.964,5228.1
36,entrepreneur,married,university.degree,no,yes,no,cellular,jul,wed,8,999,0,nonexistent,1.4,93.918,-42.7,4.963,5228.1
33,admin.,married,university.degree,no,yes,no,cellular,nov,tue,2,3,3,success,-3.4,92.649,-30.1,0.715,5017.5
58,retired,married,high.school,no,no,no,cellular,aug,tue,4,999,0,nonexistent,-2.9,92.201,-31.4,0.838,5076.2
48,admin.,married,university.degree,no,no,no,cellular,nov,thu,2,999,0,nonexistent,-0.1,93.2,-42.0,4.076,5195.8
38,technician,divorced,professional.course,no,yes,no,cellular,aug,fri,1,999,0,nonexistent,1.4,93.444,-36.1,4.966,5228.1
38,technician,single,university.degree,no,no,no,telephone,jun,thu,1,999,0,nonexistent,1.4,94.465,-41.8,4.958,5228.1
46,admin.,divorced,high.school,no,yes,no,telephone,oct,fri,1,999,0,nonexistent,-0.1,93.798,-40.4,5.045,5195.8
38,admin.,married,university.degree,no,yes,no,cellular,may,wed,1,999,1,failure,-1.8,92.893,-46.2,1.281,5099.1
46,admin.,single,high.school,no,no,no,telephone,may,mon,2,999,0,nonexistent,1.1,93.994,-36.4,4.857,5191.0
42,admin.,divorced,university.degree,no,no,no,telephone,may,wed,4,999,0,nonexistent,1.1,93.994,-36.4,4.859,5191.0
29,admin.,single,basic.9y,no,no,no,cellular,jul,thu,1,999,0,nonexistent,1.4,93.918,-42.7,4.958,5228.1
25,unemployed,single,high.school,unknown,yes,no,telephone,jun,tue,3,999,0,nonexistent,1.4,94.465,-41.8,4.961,5228.1
33,services,married,basic.4y,no,no,no,telephone,may,tue,4,999,0,nonexistent,1.1,93.994,-36.4,4.857,5191.0
25,admin.,single,basic.9y,no,yes,yes,cellular,jul,thu,30,999,0,nonexistent,1.4,93.918,-42.7,4.968,5228.1
42,management,married,high.school,no,yes,no,cellular,aug,tue,1,999,0,nonexistent,1.4,93.444,-36.1,4.963,5228.1
49,services,married,high.school,no,no,yes,telephone,jun,thu,3,999,0,nonexistent,1.4,94.465,-41.8,4.961,5228.1
33,technician,single,professional.course,unknown,yes,no,telephone,may,fri,2,999,0,nonexistent,1.1,93.994,-36.4,4.864,5191.0
27,services,single,university.degree,no,no,no,cellular,mar,mon,6,999,1,failure,-1.8,93.369,-34.8,0.652,5008.7
30,admin.,married,high.school,no,no,no,telephone,jun,thu,3,999,0,nonexistent,1.4,94.465,-41.8,4.961,5228.1
32,management,single,university.degree,no,no,no,telephone,jul,mon,8,999,0,nonexistent,1.4,93.918,-42.7,4.96,5228.1
38,technician,divorced,professional.course,no,yes,no,cellular,aug,fri,1,999,0,nonexistent,1.4,93.444,-36.1,4.963,5228.1
26,blue-collar,married,basic.9y,no,no,no,cellular,apr,thu,2,999,0,nonexistent,-1.8,93.075,-47.1,1.41,5099.1
57,housemaid,married,basic.4y,no,yes,no,cellular,aug,wed,1,999,0,nonexistent,1.4,93.444,-36.1,4.964,5228.1
36,management,married,university.degree,no,yes,no,telephone,nov,tue,4,999,0,nonexistent,-0.1,93.2,-42.0,4.153,5195.8
58,retired,married,high.school,no,no,no,cellular,aug,tue,2,999,0,nonexistent,-2.9,92.201,-31.4,0.838,5076.2
39,technician,single,professional.course,no,no,no,cellular,may,wed,3,999,0,nonexistent,-1.8,92.893,-46.2,1.334,5099.1
27,admin.,married,university.degree,no,yes,no,cellular,jul,fri,1,999,0,nonexistent,1.4,93.918,-42.7,4.957,5228.1
33,blue-collar,divorced,basic.6y,unknown,yes,no,telephone,may,thu,1,999,0,nonexistent,1.1,93.994,-36.4,4.855,5191.0
31,unemployed,single,professional.course,no,yes,no,cellular,nov,wed,1,0,1,success,-0.1,93.2,-42.0,4.12,5195.8
41,admin.,married,high.school,no,yes,no,cellular,nov,mon,1,999,0,nonexistent,-0.1,93.2,-42.0,4.191,5195.8
39,blue-collar,married,basic.6y,no,yes,no,telephone,may,fri,1,999,0,nonexistent,1.1,93.994,-36.4,4.857,5191.0
47,entrepreneur,married,unknown,unknown,no,no,telephone,jun,fri,2,999,0,nonexistent,1.4,94.465,-41.8,4.967,5228.1
26,blue-collar,married,basic.9y,unknown,no,no,cellular,jul,tue,1,999,0,nonexistent,1.4,93.918,-42.7,4.962,5228.1
80,retired,divorced,high.school,no,yes,no,cellular,oct,thu,1,999,0,nonexistent,-3.4,92.431,-26.9,0.722,5017.5
41,technician,single,high.school,no,yes,no,cellular,may,mon,3,999,0,nonexistent,-1.8,92.893,-46.2,1.244,5099.1
56,entrepreneur,married,university.degree,no,yes,no,cellular,sep,thu,2,999,0,nonexistent,-3.4,92.379,-29.8,0.778,5017.5
36,unemployed,married,basic.9y,no,no,no,telephone,may,fri,8,999,0,nonexistent,1.1,93.994,-36.4,4.864,5191.0
29,admin.,single,university.degree,unknown,no,no,cellular,aug,fri,1,999,0,nonexistent,1.4,93.444,-36.1,4.966,5228.1
47,blue-collar,married,basic.9y,no,no,no,cellular,jun,tue,1,999,0,nonexistent,-1.7,94.055,-39.8,0.713,4991.6
41,entrepreneur,married,university.degree,no,no,no,telephone,may,wed,4,999,0,nonexistent,1.1,93.994,-36.4,4.856,5191.0
58,blue-collar,divorced,unknown,no,yes,no,telephone,jun,wed,1,999,0,nonexistent,1.4,94.465,-41.8,4.864,5228.1
32,blue-collar,married,basic.6y,no,no,no,telephone,jul,mon,6,999,0,nonexistent,1.4,93.918,-42.7,4.96,5228.1
31,blue-collar,single,basic.9y,no,no,no,cellular,may,wed,4,999,0,nonexistent,-1.8,92.893,-46.2,1.334,5099.1
32,management,single,university.degree,no,no,no,telephone,may,wed,1,999,0,nonexistent,1.1,93.994,-36.4,4.858,5191.0
33,admin.,married,university.degree,no,yes,no,cellular,may,wed,1,999,0,nonexistent,-1.8,92.893,-46.2,1.281,5099.1
32,services,divorced,high.school,unknown,yes,no,cellular,may,fri,4,999,0,nonexistent,-1.8,92.893,-46.2,1.25,5099.1
52,management,married,professional.course,no,no,no,cellular,jul,wed,1,999,0,nonexistent,1.4,93.918,-42.7,4.962,5228.1
63,technician,married,unknown,no,yes,no,cellular,dec,mon,2,999,1,failure,-3.0,92.713,-33.0,0.715,5023.5
46,admin.,married,professional.course,no,no,no,cellular,aug,fri,1,999,0,nonexistent,1.4,93.444,-36.1,4.966,5228.1
30,technician,single,professional.course,no,yes,no,cellular,aug,wed,5,999,0,nonexistent,1.4,93.444,-36.1,4.964,5228.1
58,management,divorced,university.degree,no,yes,no,cellular,nov,mon,1,999,0,nonexistent,-0.1,93.2,-42.0,4.191,5195.8
27,technician,single,university.degree,no,no,no,cellular,oct,wed,2,999,0,nonexistent,-1.1,94.601,-49.5,1.043,4963.6
33,services,single,basic.6y,unknown,yes,yes,telephone,may,wed,8,999,1,failure,-1.8,92.893,-46.2,1.281,5099.1
55,retired,divorced,high.school,unknown,yes,no,telephone,may,wed,1,999,0,nonexistent,1.1,93.994,-36.4,4.858,5191.0
34,technician,divorced,university.degree,no,no,no,cellular,nov,fri,3,999,0,nonexistent,-0.1,93.2,-42.0,4.021,5195.8
21,student,single,basic.4y,no,no,no,cellular,mar,mon,2,999,0,nonexistent,-1.8,92.843,-50.0,1.52,5099.1
57,blue-collar,married,basic.4y,no,no,yes,cellular,jul,wed,2,999,0,nonexistent,-1.7,94.215,-40.3,0.896,4991.6
29,entrepreneur,single,basic.9y,no,no,no,cellular,jul,mon,3,999,0,nonexistent,1.4,93.918,-42.7,4.962,5228.1
54,blue-collar,married,basic.4y,unknown,no,no,cellular,jul,fri,1,999,0,nonexistent,1.4,93.918,-42.7,4.957,5228.1
34,self-employed,single,university.degree,no,yes,no,cellular,apr,mon,2,999,0,nonexistent,-1.8,93.075,-47.1,1.405,5099.1
51,services,married,basic.6y,no,no,no,cellular,apr,thu,1,2,1,success,-1.8,93.075,-47.1,1.365,5099.1
33,admin.,single,university.degree,no,yes,no,cellular,nov,thu,2,999,0,nonexistent,-0.1,93.2,-42.0,4.076,5195.8
41,blue-collar,married,professional.course,unknown,yes,no,cellular,apr,fri,1,999,0,nonexistent,-1.8,93.075,-47.1,1.405,5099.1
31,admin.,single,high.school,no,yes,yes,cellular,jul,mon,4,999,0,nonexistent,1.4,93.918,-42.7,4.96,5228.1
30,management,married,university.degree,no,yes,no,telephone,sep,wed,1,999,0,nonexistent,-1.1,94.199,-37.5,0.886,4963.6
30,services,married,high.school,no,yes,no,cellular,may,wed,2,999,0,nonexistent,-1.8,92.893,-46.2,1.281,5099.1
50,self-employed,married,university.degree,no,no,no,telephone,jun,fri,2,999,0,nonexistent,1.4,94.465,-41.8,4.967,5228.1
31,unemployed,single,university.degree,no,yes,no,cellular,aug,tue,2,999,0,nonexistent,1.4,93.444,-36.1,4.966,5228.1
39,technician,divorced,professional.course,no,unknown,unknown,telephone,may,mon,11,999,0,nonexistent,1.1,93.994,-36.4,4.858,5191.0
39,admin.,single,university.degree,no,yes,no,cellular,jul,mon,2,999,0,nonexistent,1.4,93.918,-42.7,4.96,5228.1
35,entrepreneur,married,basic.6y,no,yes,no,telephone,jun,tue,2,999,0,nonexistent,1.4,94.465,-41.8,4.961,5228.1
38,blue-collar,married,high.school,no,no,no,cellular,jul,tue,1,999,0,nonexistent,1.4,93.918,-42.7,4.962,5228.1
42,admin.,single,university.degree,no,yes,no,cellular,aug,mon,2,999,0,nonexistent,-1.7,94.027,-38.3,0.898,4991.6
31,admin.,single,university.degree,no,no,no,cellular,aug,tue,1,999,0,nonexistent,1.4,93.444,-36.1,4.966,5228.1
37,services,married,high.school,no,no,no,cellular,may,tue,5,999,2,failure,-1.8,92.893,-46.2,1.291,5099.1
37,admin.,single,university.degree,no,yes,no,cellular,may,thu,6,999,1,failure,-1.8,92.893,-46.2,1.327,5099.1
51,blue-collar,married,basic.9y,no,yes,no,cellular,nov,wed,2,999,1,failure,-0.1,93.2,-42.0,4.12,5195.8
40,admin.,married,high.school,unknown,no,no,telephone,jun,tue,5,999,0,nonexistent,1.4,94.465,-41.8,4.961,5228.1
36,technician,single,professional.course,no,yes,no,cellular,nov,tue,1,999,1,failure,-0.1,93.2,-42.0,4.153,5195.8
40,self-employed,married,high.school,no,no,no,cellular,jul,mon,1,999,0,nonexistent,1.4,93.918,-42.7,4.96,5228.1
82,retired,divorced,basic.4y,no,no,no,cellular,apr,mon,1,6,2,success,-1.8,93.749,-34.6,0.643,5008.7
39,housemaid,married,university.degree,no,yes,no,telephone,may,mon,2,999,0,nonexistent,1.1,93.994,-36.4,4.857,5191.0
27,self-employed,single,university.degree,no,no,no,telephone,oct,fri,3,999,0,nonexistent,-1.1,94.601,-49.5,1.029,4963.6
32,services,married,basic.9y,no,no,no,cellular,jul,tue,1,999,0,nonexistent,1.4,93.918,-42.7,4.962,5228.1
25,admin.,single,university.degree,no,no,yes,cellular,aug,thu,1,999,0,nonexistent,-2.9,92.201,-31.4,0.873,5076.2
50,admin.,divorced,high.school,no,no,no,telephone,jun,fri,2,999,0,nonexistent,1.4,94.465,-41.8,4.959,5228.1
32,technician,single,professional.course,no,no,no,cellular,jul,thu,1,999,0,nonexistent,1.4,93.918,-42.7,4.968,5228.1
30,admin.,single,university.degree,no,no,no,cellular,aug,mon,2,999,0,nonexistent,1.4,93.444,-36.1,4.965,5228.1
32,admin.,single,university.degree,no,no,no,cellular,nov,tue,1,999,0,nonexistent,-0.1,93.2,-42.0,4.153,5195.8
53,admin.,married,university.degree,no,no,no,cellular,aug,wed,3,999,0,nonexistent,1.4,93.444,-36.1,4.964,5228.1
32,management,married,university.degree,no,no,no,cellular,aug,mon,4,999,0,nonexistent,1.4,93.444,-36.1,4.963,5228.1
37,admin.,married,university.degree,unknown,no,no,cellular,aug,wed,2,999,0,nonexistent,1.4,93.444,-36.1,4.964,5228.1
35,blue-collar,married,basic.9y,no,no,yes,telephone,jun,mon,2,999,0,nonexistent,1.4,94.465,-41.8,4.961,5228.1
52,entrepreneur,married,high.school,no,yes,no,cellular,may,thu,1,999,1,failure,-1.8,92.893,-46.2,1.327,5099.1
25,admin.,married,high.school,no,yes,no,telephone,jun,fri,3,999,0,nonexistent,1.4,94.465,-41.8,4.959,5228.1
41,blue-collar,married,basic.4y,unknown,no,no,telephone,may,wed,1,999,0,nonexistent,1.1,93.994,-36.4,4.858,5191.0
56,technician,married,high.school,no,yes,no,telephone,may,wed,14,999,0,nonexistent,1.1,93.994,-36.4,4.858,5191.0
28,blue-collar,married,basic.6y,no,yes,no,telephone,may,tue,2,999,0,nonexistent,1.1,93.994,-36.4,4.857,5191.0
59,services,single,high.school,no,yes,no,cellular,mar,fri,2,999,0,nonexistent,-1.8,93.369,-34.8,0.636,5008.7
48,admin.,single,high.school,no,yes,yes,telephone,jul,fri,2,999,0,nonexistent,1.4,93.918,-42.7,4.962,5228.1
31,services,married,high.school,no,no,no,telephone,may,wed,6,999,0,nonexistent,1.1,93.994,-36.4,4.859,5191.0
42,management,divorced,high.school,no,yes,no,cellular,may,fri,1,999,1,failure,-1.8,92.893,-46.2,1.313,5099.1
38,blue-collar,divorced,unknown,no,no,no,telephone,may,thu,5,999,0,nonexistent,1.1,93.994,-36.4,4.86,5191.0
45,unemployed,married,basic.9y,no,no,no,cellular,jun,mon,2,999,0,nonexistent,-2.9,92.963,-40.8,1.266,5076.2
49,admin.,married,university.degree,no,no,no,cellular,jul,fri,2,999,0,nonexistent,1.4,93.918,-42.7,4.962,5228.1
22,blue-collar,single,unknown,unknown,unknown,unknown,cellular,jul,mon,2,999,0,nonexistent,1.4,93.918,-42.7,4.96,5228.1
34,technician,single,professional.course,unknown,yes,no,cellular,jul,mon,4,999,0,nonexistent,1.4,93.918,-42.7,4.96,5228.1
31,admin.,single,university.degree,no,yes,no,cellular,aug,tue,2,999,0,nonexistent,1.4,93.444,-36.1,4.963,5228.1
32,admin.,divorced,high.school,no,unknown,unknown,cellular,jul,thu,4,999,0,nonexistent,1.4,93.918,-42.7,4.968,5228.1
36,admin.,single,university.degree,no,no,no,cellular,nov,wed,2,999,0,nonexistent,-0.1,93.2,-42.0,4.12,5195.8
37,blue-collar,married,basic.6y,no,no,no,cellular,oct,thu,5,999,0,nonexistent,-3.4,92.431,-26.9,0.74,5017.5
25,services,single,high.school,no,no,no,cellular,oct,mon,1,999,2,failure,-1.1,94.601,-49.5,0.977,4963.6
64,housemaid,married,basic.4y,no,yes,no,cellular,nov,mon,1,999,0,nonexistent,-3.4,92.649,-30.1,0.722,5017.5
32,admin.,single,high.school,no,no,no,cellular,apr,thu,1,999,0,nonexistent,-1.8,93.075,-47.1,1.365,5099.1
32,services,married,high.school,no,unknown,unknown,telephone,may,mon,2,999,0,nonexistent,1.1,93.994,-36.4,4.857,5191.0
59,housemaid,single,professional.course,no,no,no,cellular,nov,wed,1,999,0,nonexistent,-0.1,93.2,-42.0,4.12,5195.8
33,self-employed,single,university.degree,no,no,no,telephone,may,fri,1,999,0,nonexistent,1.1,93.994,-36.4,4.857,5191.0
42,management,married,university.degree,no,yes,yes,cellular,oct,mon,1,999,0,nonexistent,-3.4,92.431,-26.9,0.731,5017.5
56,retired,married,professional.course,no,yes,no,cellular,aug,mon,5,999,0,nonexistent,1.4,93.444,-36.1,4.965,5228.1
40,blue-collar,married,basic.4y,unknown,yes,no,cellular,jul,thu,1,999,0,nonexistent,1.4,93.918,-42.7,4.963,5228.1
38,blue-collar,single,basic.4y,no,yes,no,telephone,may,mon,2,999,0,nonexistent,1.1,93.994,-36.4,4.858,5191.0
51,technician,married,professional.course,no,yes,no,cellular,aug,tue,4,999,0,nonexistent,1.4,93.444,-36.1,4.966,5228.1
60,retired,married,high.school,unknown,yes,no,telephone,may,tue,2,999,0,nonexistent,1.1,93.994,-36.4,4.856,5191.0
41,blue-collar,single,basic.9y,unknown,yes,no,telephone,may,mon,4,999,0,nonexistent,1.1,93.994,-36.4,4.857,5191.0
57,retired,married,basic.6y,no,yes,no,cellular,may,thu,1,6,2,success,-1.8,92.893,-46.2,1.327,5099.1
31,technician,married,professional.course,unknown,no,no,cellular,aug,mon,2,999,0,nonexistent,1.4,93.444,-36.1,4.97,5228.1
24,services,single,high.school,no,no,no,cellular,may,fri,4,999,1,failure,-1.8,92.893,-46.2,1.25,5099.1
25,student,single,high.school,no,yes,no,telephone,may,mon,9,999,0,nonexistent,-1.8,92.893,-46.2,1.244,5099.1
44,admin.,divorced,university.degree,no,yes,no,cellular,aug,thu,1,999,0,nonexistent,1.4,93.444,-36.1,4.968,5228.1
47,blue-collar,divorced,basic.9y,no,no,no,telephone,jul,tue,1,999,0,nonexistent,1.4,93.918,-42.7,4.955,5228.1
47,blue-collar,married,basic.6y,no,yes,no,telephone,may,fri,1,999,0,nonexistent,1.1,93.994,-36.4,4.857,5191.0
40,technician,divorced,professional.course,no,no,no,telephone,may,mon,1,999,0,nonexistent,1.1,93.994,-36.4,4.857,5191.0
41,blue-collar,married,basic.9y,unknown,no,no,telephone,jun,fri,6,999,0,nonexistent,1.4,94.465,-41.8,4.967,5228.1
32,blue-collar,divorced,basic.4y,no,no,no,telephone,may,tue,9,999,0,nonexistent,1.1,93.994,-36.4,4.857,5191.0
58,self-employed,married,university.degree,no,yes,no,cellular,aug,fri,3,999,0,nonexistent,1.4,93.444,-36.1,4.966,5228.1
40,services,divorced,high.school,no,yes,no,cellular,may,mon,2,999,0,nonexistent,-1.8,92.893,-46.2,1.299,5099.1
52,retired,married,basic.9y,unknown,no,no,telephone,may,thu,7,999,0,nonexistent,1.1,93.994,-36.4,4.86,5191.0
37,self-employed,married,high.school,no,no,no,telephone,may,fri,8,999,0,nonexistent,1.1,93.994,-36.4,4.864,5191.0
24,entrepreneur,married,university.degree,no,yes,yes,telephone,jun,wed,4,999,0,nonexistent,1.4,94.465,-41.8,4.962,5228.1
33,technician,single,professional.course,no,no,no,cellular,jul,thu,3,999,0,nonexistent,1.4,93.918,-42.7,4.968,5228.1
31,technician,married,professional.course,no,no,yes,telephone,jun,fri,6,999,0,nonexistent,1.4,94.465,-41.8,4.959,5228.1
53,housemaid,married,high.school,no,yes,no,cellular,jun,thu,2,999,0,nonexistent,-2.9,92.963,-40.8,1.26,5076.2
32,services,married,high.school,no,no,no,cellular,apr,fri,1,999,0,nonexistent,-1.8,93.075,-47.1,1.479,5099.1
34,admin.,married,high.school,no,no,no,cellular,nov,thu,4,999,0,nonexistent,-0.1,93.2,-42.0,4.076,5195.8
34,blue-collar,married,basic.4y,no,no,no,telephone,jul,mon,4,999,0,nonexistent,1.4,93.918,-42.7,4.962,5228.1
36,blue-collar,married,basic.9y,unknown,yes,no,cellular,may,wed,1,999,1,failure,-1.8,92.893,-46.2,1.281,5099.1
22,blue-collar,married,basic.9y,no,yes,no,cellular,jul,thu,1,999,0,nonexistent,1.4,93.918,-42.7,4.962,5228.1
45,admin.,married,high.school,no,no,no,cellular,nov,mon,1,999,0,nonexistent,-0.1,93.2,-42.0,4.191,5195.8
27,admin.,married,high.school,no,no,no,cellular,may,thu,1,999,0,nonexistent,-1.8,92.893,-46.2,1.327,5099.1
39,unemployed,married,high.school,no,no,no,cellular,aug,thu,3,999,0,nonexistent,-2.9,92.201,-31.4,0.873,5076.2
52,services,divorced,high.school,no,unknown,unknown,telephone,jun,thu,1,999,0,nonexistent,1.4,94.465,-41.8,4.961,5228.1
56,admin.,divorced,high.school,no,yes,no,telephone,may,tue,3,999,0,nonexistent,1.1,93.994,-36.4,4.857,5191.0
41,blue-collar,married,basic.4y,no,no,yes,telephone,jun,tue,1,999,0,nonexistent,1.4,94.465,-41.8,4.864,5228.1
31,unemployed,single,high.school,no,yes,no,cellular,jun,thu,3,999,0,nonexistent,-1.7,94.055,-39.8,0.742,4991.6
37,services,married,high.school,no,no,no,cellular,aug,tue,3,999,0,nonexistent,1.4,93.444,-36.1,4.963,5228.1
48,technician,married,professional.course,unknown,no,no,cellular,aug,thu,8,999,0,nonexistent,1.4,93.444,-36.1,4.964,5228.1
42,admin.,married,high.school,no,yes,yes,telephone,oct,fri,1,999,0,nonexistent,-0.1,93.798,-40.4,5.045,5195.8
33,housemaid,married,high.school,no,no,no,telephone,oct,tue,1,999,0,nonexistent,-0.1,93.798,-40.4,4.968,5195.8
38,management,divorced,university.degree,no,no,yes,cellular,apr,mon,1,999,1,failure,-1.8,93.075,-47.1,1.405,5099.1
37,blue-collar,divorced,professional.course,no,yes,no,cellular,nov,thu,1,999,0,nonexistent,-0.1,93.2,-42.0,4.076,5195.8
71,housemaid,married,basic.4y,no,yes,no,cellular,nov,tue,2,999,0,nonexistent,-3.4,92.649,-30.1,0.715,5017.5
45,services,divorced,basic.9y,no,no,no,cellular,apr,mon,1,999,0,nonexistent,-1.8,93.075,-47.1,1.405,5099.1
26,unemployed,single,university.degree,no,yes,no,cellular,apr,tue,1,999,0,nonexistent,-1.8,93.075,-47.1,1.423,5099.1
24,student,single,high.school,no,no,yes,cellular,apr,thu,1,999,0,nonexistent,-1.8,93.075,-47.1,1.365,5099.1
24,blue-collar,married,basic.9y,unknown,yes,no,telephone,may,fri,2,999,0,nonexistent,1.1,93.994,-36.4,4.864,5191.0
48,admin.,married,university.degree,unknown,yes,no,cellular,aug,tue,3,999,0,nonexistent,1.4,93.444,-36.1,4.968,5228.1
60,retired,married,professional.course,no,yes,no,cellular,sep,thu,1,999,1,failure,-3.4,92.379,-29.8,0.809,5017.5
28,self-employed,married,university.degree,no,yes,no,cellular,apr,thu,1,999,0,nonexistent,-1.8,93.075,-47.1,1.41,5099.1
31,blue-collar,married,basic.9y,no,yes,no,telephone,jun,wed,4,999,0,nonexistent,1.4,94.465,-41.8,4.962,5228.1
30,blue-collar,single,high.school,no,no,no,telephone,jul,wed,1,999,0,nonexistent,1.4,93.918,-42.7,4.956,5228.1
31,admin.,married,high.school,no,no,no,telephone,jun,thu,4,999,0,nonexistent,1.4,94.465,-41.8,4.961,5228.1
37,admin.,single,high.school,no,yes,no,telephone,oct,wed,1,999,0,nonexistent,-0.1,93.798,-40.4,4.936,5195.8
30,admin.,married,university.degree,no,no,no,cellular,aug,wed,2,999,0,nonexistent,1.4,93.444,-36.1,4.965,5228.1
35,blue-collar,married,basic.9y,no,no,no,telephone,may,tue,2,999,0,nonexistent,1.1,93.994,-36.4,4.857,5191.0
41,self-employed,married,basic.9y,no,no,yes,cellular,aug,fri,3,999,0,nonexistent,1.4,93.444,-36.1,4.964,5228.1
38,admin.,single,professional.course,no,no,no,telephone,may,mon,1,999,0,nonexistent,1.1,93.994,-36.4,4.857,5191.0
41,admin.,married,high.school,no,no,no,telephone,jul,thu,1,999,0,nonexistent,1.4,93.918,-42.7,4.966,5228.1
42,services,single,basic.6y,no,yes,yes,cellular,may,wed,8,999,0,nonexistent,-1.8,92.893,-46.2,1.281,5099.1
44,technician,married,professional.course,no,no,yes,cellular,aug,wed,2,999,0,nonexistent,1.4,93.444,-36.1,4.964,5228.1
53,admin.,married,university.degree,no,yes,no,cellular,apr,fri,1,999,0,nonexistent,-1.8,93.075,-47.1,1.405,5099.1
32,self-employed,single,professional.course,no,unknown,unknown,cellular,aug,tue,7,999,0,nonexistent,1.4,93.444,-36.1,4.963,5228.1
31,admin.,single,university.degree,no,yes,no,cellular,apr,mon,3,999,0,nonexistent,-1.8,93.075,-47.1,1.405,5099.1
41,self-employed,married,basic.9y,no,yes,no,telephone,may,wed,2,999,0,nonexistent,1.1,93.994,-36.4,4.859,5191.0
53,housemaid,single,basic.4y,unknown,no,no,telephone,may,thu,15,999,0,nonexistent,1.1,93.994,-36.4,4.86,5191.0
36,admin.,married,university.degree,no,yes,no,cellular,sep,fri,1,999,0,nonexistent,-3.4,92.379,-29.8,0.773,5017.5
37,technician,divorced,professional.course,no,unknown,unknown,cellular,aug,tue,1,999,0,nonexistent,1.4,93.444,-36.1,4.965,5228.1
45,blue-collar,single,basic.9y,no,yes,no,cellular,aug,wed,1,4,1,success,-2.9,92.201,-31.4,0.879,5076.2
50,admin.,married,university.degree,no,no,no,telephone,may,wed,1,999,0,nonexistent,1.1,93.994,-36.4,4.856,5191.0
25,technician,married,professional.course,no,yes,no,cellular,jun,tue,4,999,1,failure,-2.9,92.963,-40.8,1.252,5076.2
32,management,married,university.degree,no,yes,no,cellular,aug,wed,1,999,0,nonexistent,1.4,93.444,-36.1,4.965,5228.1
37,services,married,high.school,no,yes,yes,telephone,jun,fri,2,999,0,nonexistent,1.4,94.465,-41.8,4.959,5228.1
45,blue-collar,married,basic.9y,no,no,no,telephone,jun,wed,13,999,0,nonexistent,1.4,94.465,-41.8,4.959,5228.1
40,services,single,high.school,unknown,no,no,cellular,may,fri,1,999,1,failure,-1.8,92.893,-46.2,1.313,5099.1
81,retired,married,basic.6y,no,no,no,cellular,aug,thu,2,4,1,success,-2.9,92.201,-31.4,0.873,5076.2
30,technician,married,university.degree,unknown,no,no,telephone,may,tue,1,999,0,nonexistent,1.1,93.994,-36.4,4.856,5191.0
35,services,single,high.school,unknown,yes,yes,telephone,jul,tue,2,999,0,nonexistent,1.4,93.918,-42.7,4.961,5228.1
50,blue-collar,divorced,high.school,no,yes,yes,cellular,jul,mon,2,999,0,nonexistent,1.4,93.918,-42.7,4.96,5228.1
40,entrepreneur,married,university.degree,no,no,no,cellular,jul,wed,3,999,0,nonexistent,1.4,93.918,-42.7,4.963,5228.1
35,blue-collar,married,basic.9y,no,yes,no,cellular,nov,wed,2,999,0,nonexistent,-0.1,93.2,-42.0,4.12,5195.8
33,blue-collar,married,basic.9y,no,yes,no,cellular,nov,wed,1,999,0,nonexistent,-0.1,93.2,-42.0,4.12,5195.8
55,management,single,basic.4y,no,yes,no,telephone,jun,wed,4,999,0,nonexistent,1.4,94.465,-41.8,4.962,5228.1
36,admin.,single,university.degree,no,no,no,telephone,may,thu,1,999,0,nonexistent,-1.8,92.893,-46.2,1.266,5099.1
27,self-employed,single,university.degree,no,yes,yes,telephone,jun,wed,1,999,0,nonexistent,1.4,94.465,-41.8,4.864,5228.1
23,admin.,single,university.degree,no,yes,no,cellular,jul,wed,1,999,2,failure,-1.7,94.215,-40.3,0.881,4991.6
31,technician,married,basic.9y,no,yes,no,cellular,nov,wed,5,999,1,failure,-0.1,93.2,-42.0,4.12,5195.8
46,blue-collar,married,basic.9y,unknown,no,no,telephone,may,wed,2,999,0,nonexistent,1.1,93.994,-36.4,4.859,5191.0
33,entrepreneur,married,university.degree,no,no,no,cellular,aug,wed,7,999,0,nonexistent,1.4,93.444,-36.1,4.967,5228.1
36,admin.,married,university.degree,no,no,no,telephone,may,fri,1,999,0,nonexistent,1.1,93.994,-36.4,4.859,5191.0
40,blue-collar,divorced,unknown,no,yes,no,cellular,jul,tue,6,999,0,nonexistent,1.4,93.918,-42.7,4.961,5228.1
33,self-employed,single,university.degree,no,no,no,cellular,may,wed,2,999,0,nonexistent,-1.8,92.893,-46.2,1.281,5099.1
32,services,married,basic.6y,unknown,yes,no,telephone,nov,tue,2,999,0,nonexistent,-0.1,93.2,-42.0,4.153,5195.8
31,blue-collar,married,basic.9y,no,no,no,telephone,jun,tue,2,999,0,nonexistent,1.4,94.465,-41.8,4.864,5228.1
33,services,unknown,high.school,no,no,no,telephone,jun,fri,21,999,0,nonexistent,1.4,94.465,-41.8,4.959,5228.1
50,unemployed,married,professional.course,no,no,no,telephone,may,thu,1,999,0,nonexistent,1.1,93.994,-36.4,4.855,5191.0
30,blue-collar,single,basic.4y,no,yes,no,cellular,jul,tue,2,999,0,nonexistent,1.4,93.918,-42.7,4.961,5228.1
43,blue-collar,married,unknown,unknown,yes,no,cellular,nov,thu,6,999,0,nonexistent,-0.1,93.2,-42.0,4.076,5195.8
53,retired,divorced,high.school,no,yes,no,telephone,may,wed,3,999,0,nonexistent,1.1,93.994,-36.4,4.858,5191.0
35,admin.,single,university.degree,no,no,no,cellular,aug,mon,2,999,0,nonexistent,1.4,93.444,-36.1,4.965,5228.1
34,services,married,high.school,no,yes,no,cellular,may,fri,1,999,1,failure,-1.8,92.893,-46.2,1.25,5099.1
52,retired,divorced,professional.course,no,no,no,cellular,jul,tue,2,999,0,nonexistent,1.4,93.918,-42.7,4.961,5228.1
50,self-employed,married,basic.4y,unknown,no,no,cellular,aug,mon,1,999,0,nonexistent,1.4,93.444,-36.1,4.97,5228.1
32,student,married,high.school,no,no,no,cellular,apr,thu,2,999,0,nonexistent,-1.8,93.075,-47.1,1.365,5099.1
43,admin.,married,high.school,no,yes,no,cellular,jul,mon,2,999,0,nonexistent,1.4,93.918,-42.7,4.962,5228.1
32,technician,single,university.degree,no,yes,no,cellular,aug,mon,1,999,0,nonexistent,1.4,93.444,-36.1,4.965,5228.1
36,blue-collar,divorced,basic.9y,no,no,no,cellular,may,wed,1,999,0,nonexistent,-1.8,92.893,-46.2,1.281,5099.1
42,admin.,married,high.school,no,yes,no,telephone,may,mon,2,999,0,nonexistent,1.1,93.994,-36.4,4.857,5191.0
52,services,married,basic.6y,no,yes,no,cellular,apr,mon,1,999,0,nonexistent,-1.8,93.075,-47.1,1.405,5099.1
48,technician,divorced,university.degree,no,yes,no,cellular,apr,thu,1,999,0,nonexistent,-1.8,93.075,-47.1,1.365,5099.1
24,student,single,high.school,no,no,no,telephone,jun,wed,1,999,0,nonexistent,1.4,94.465,-41.8,4.864,5228.1
46,entrepreneur,married,university.degree,no,yes,no,cellular,jul,thu,1,999,0,nonexistent,-2.9,92.469,-33.6,1.072,5076.2
52,admin.,married,university.degree,no,yes,no,cellular,aug,mon,10,999,0,nonexistent,1.4,93.444,-36.1,4.965,5228.1
78,retired,divorced,basic.6y,no,no,no,cellular,oct,fri,2,999,0,nonexistent,-3.4,92.431,-26.9,0.72,5017.5
42,management,single,university.degree,no,yes,no,cellular,oct,mon,1,999,0,nonexistent,-3.4,92.431,-26.9,0.743,5017.5
40,admin.,divorced,professional.course,no,no,no,telephone,may,wed,1,999,0,nonexistent,1.1,93.994,-36.4,4.858,5191.0
34,technician,single,professional.course,no,no,no,telephone,may,wed,1,999,0,nonexistent,1.1,93.994,-36.4,4.859,5191.0
57,self-employed,married,basic.4y,no,yes,no,telephone,apr,mon,3,999,1,failure,-1.8,93.075,-47.1,1.405,5099.1
37,services,married,basic.6y,no,yes,no,cellular,may,tue,1,999,0,nonexistent,-1.8,92.893,-46.2,1.344,5099.1
37,admin.,married,university.degree,no,yes,no,telephone,jun,fri,1,999,0,nonexistent,-2.9,92.963,-40.8,1.268,5076.2
45,services,married,basic.9y,no,no,no,cellular,jul,thu,1,999,0,nonexistent,1.4,93.918,-42.7,4.958,5228.1
32,admin.,single,university.degree,no,yes,yes,cellular,aug,thu,2,999,0,nonexistent,1.4,93.444,-36.1,4.968,5228.1
42,technician,married,professional.course,no,yes,yes,cellular,oct,mon,1,6,1,success,-1.1,94.601,-49.5,1.0,4963.6
33,technician,divorced,high.school,no,yes,no,cellular,may,tue,2,999,0,nonexistent,-1.8,92.893,-46.2,1.291,5099.1
55,blue-collar,married,illiterate,no,yes,no,cellular,jul,tue,3,999,0,nonexistent,1.4,93.918,-42.7,4.961,5228.1
60,retired,married,university.degree,unknown,no,no,telephone,may,fri,1,999,0,nonexistent,1.1,93.994,-36.4,4.855,5191.0
49,technician,married,professional.course,no,no,no,cellular,aug,wed,3,999,0,nonexistent,1.4,93.444,-36.1,4.964,5228.1
43,blue-collar,married,professional.course,no,no,yes,telephone,may,fri,12,999,0,nonexistent,1.1,93.994,-36.4,4.857,5191.0
30,admin.,single,university.degree,no,no,no,cellular,aug,tue,2,999,0,nonexistent,1.4,93.444,-36.1,4.968,5228.1
30,technician,married,professional.course,no,yes,no,cellular,jul,fri,2,999,0,nonexistent,1.4,93.918,-42.7,4.957,5228.1
44,blue-collar,married,basic.4y,unknown,no,yes,cellular,aug,thu,1,999,0,nonexistent,1.4,93.444,-36.1,4.963,5228.1
28,admin.,single,high.school,no,yes,no,cellular,mar,thu,4,999,0,nonexistent,-1.8,92.843,-50.0,1.538,5099.1
24,blue-collar,single,high.school,no,unknown,unknown,telephone,may,mon,3,999,0,nonexistent,1.1,93.994,-36.4,4.857,5191.0
32,admin.,single,university.degree,no,yes,no,cellular,dec,tue,2,999,0,nonexistent,-3.0,92.713,-33.0,0.707,5023.5
54,blue-collar,married,professional.course,unknown,yes,yes,cellular,aug,tue,6,999,0,nonexistent,1.4,93.444,-36.1,4.966,5228.1
50,admin.,divorced,basic.9y,no,yes,yes,cellular,jul,mon,2,999,0,nonexistent,1.4,93.918,-42.7,4.962,5228.1
47,entrepreneur,married,university.degree,no,no,no,cellular,aug,tue,3,999,0,nonexistent,1.4,93.444,-36.1,4.968,5228.1
36,services,married,high.school,no,no,no,telephone,may,thu,2,999,0,nonexistent,1.1,93.994,-36.4,4.86,5191.0
54,retired,married,professional.course,no,yes,no,cellular,jul,fri,1,999,0,nonexistent,1.4,93.918,-42.7,4.962,5228.1
35,technician,single,professional.course,unknown,yes,no,cellular,jul,thu,5,999,0,nonexistent,1.4,93.918,-42.7,4.968,5228.1
34,admin.,married,university.degree,no,no,no,telephone,jul,wed,4,999,0,nonexistent,1.4,93.918,-42.7,4.963,5228.1
52,housemaid,married,basic.6y,no,no,no,cellular,aug,tue,1,999,0,nonexistent,1.4,93.444,-36.1,4.966,5228.1
39,technician,single,university.degree,no,yes,no,cellular,may,fri,1,999,0,nonexistent,-1.8,92.893,-46.2,1.259,5099.1
32,technician,married,high.school,no,no,yes,cellular,jun,fri,4,999,1,failure,-2.9,92.963,-40.8,1.224,5076.2
42,admin.,single,university.degree,no,no,no,cellular,jul,wed,2,999,0,nonexistent,-2.9,92.469,-33.6,1.029,5076.2
40,unemployed,married,university.degree,unknown,yes,no,telephone,jul,wed,1,999,0,nonexistent,1.4,93.918,-42.7,4.962,5228.1
60,retired,divorced,high.school,unknown,yes,yes,cellular,jul,tue,2,999,0,nonexistent,1.4,93.918,-42.7,4.961,5228.1
28,admin.,single,university.degree,no,no,no,cellular,may,mon,3,999,0,nonexistent,-1.8,92.893,-46.2,1.354,5099.1
39,blue-collar,married,basic.4y,unknown,no,no,cellular,jul,mon,1,999,0,nonexistent,1.4,93.918,-42.7,4.96,5228.1
38,admin.,married,high.school,no,yes,no,telephone,may,thu,3,999,0,nonexistent,1.1,93.994,-36.4,4.86,5191.0
37,unemployed,married,professional.course,no,yes,no,telephone,may,fri,2,999,0,nonexistent,1.1,93.994,-36.4,4.864,5191.0
36,admin.,married,university.degree,no,yes,no,cellular,jul,mon,10,999,0,nonexistent,1.4,93.918,-42.7,4.96,5228.1
52,technician,married,professional.course,unknown,yes,no,cellular,aug,thu,9,999,0,nonexistent,1.4,93.444,-36.1,4.962,5228.1
38,services,married,basic.9y,no,yes,no,cellular,apr,thu,2,999,0,nonexistent,-1.8,93.075,-47.1,1.41,5099.1
22,services,single,basic.4y,no,no,yes,telephone,jun,thu,1,999,0,nonexistent,1.4,94.465,-41.8,4.958,5228.1
27,technician,single,university.degree,no,yes,no,cellular,jul,wed,1,999,0,nonexistent,1.4,93.918,-42.7,4.962,5228.1
48,services,married,basic.6y,no,no,no,cellular,jul,wed,6,999,0,nonexistent,1.4,93.918,-42.7,4.963,5228.1
32,self-employed,married,basic.9y,no,no,no,telephone,may,fri,2,999,0,nonexistent,1.1,93.994,-36.4,4.857,5191.0
29,technician,single,professional.course,no,no,yes,telephone,sep,thu,2,18,1,success,-1.1,94.199,-37.5,0.879,4963.6
48,self-employed,married,university.degree,no,no,no,telephone,jun,fri,3,999,0,nonexistent,1.4,94.465,-41.8,4.967,5228.1
32,self-employed,married,high.school,no,yes,no,cellular,aug,wed,3,999,0,nonexistent,1.4,93.444,-36.1,4.964,5228.1
49,blue-collar,married,basic.6y,unknown,no,no,cellular,may,tue,1,999,1,failure,-1.8,92.893,-46.2,1.344,5099.1
48,services,married,high.school,no,yes,no,cellular,may,mon,2,999,0,nonexistent,-1.8,92.893,-46.2,1.244,5099.1
48,blue-collar,married,basic.4y,unknown,yes,no,cellular,aug,mon,2,999,0,nonexistent,1.4,93.444,-36.1,4.97,5228.1
31,technician,single,professional.course,unknown,yes,yes,cellular,aug,fri,7,999,0,nonexistent,1.4,93.444,-36.1,4.963,5228.1
34,technician,married,university.degree,no,no,no,telephone,may,wed,3,999,0,nonexistent,1.1,93.994,-36.4,4.857,5191.0
42,services,single,unknown,no,yes,no,telephone,jun,thu,2,999,0,nonexistent,1.4,94.465,-41.8,4.955,5228.1
44,blue-collar,married,basic.4y,no,yes,no,telephone,may,wed,1,999,0,nonexistent,1.1,93.994,-36.4,4.856,5191.0
26,blue-collar,married,basic.9y,unknown,yes,no,telephone,may,thu,3,999,0,nonexistent,1.1,93.994,-36.4,4.86,5191.0
31,blue-collar,divorced,high.school,no,yes,no,cellular,may,wed,1,999,1,failure,-1.8,92.893,-46.2,1.281,5099.1
26,services,single,university.degree,no,yes,no,cellular,may,thu,1,999,0,nonexistent,-1.8,92.893,-46.2,1.327,5099.1
48,admin.,divorced,high.school,no,no,no,cellular,nov,fri,1,999,0,nonexistent,-0.1,93.2,-42.0,4.021,5195.8
25,blue-collar,married,high.school,no,no,no,telephone,jul,wed,1,999,0,nonexistent,1.4,93.918,-42.7,4.963,5228.1
28,admin.,married,high.school,no,yes,no,cellular,jul,thu,3,999,0,nonexistent,1.4,93.918,-42.7,4.962,5228.1
68,retired,divorced,basic.4y,no,yes,no,cellular,mar,tue,2,11,1,success,-1.8,93.369,-34.8,0.635,5008.7
48,blue-collar,married,basic.9y,no,yes,no,cellular,aug,tue,1,999,0,nonexistent,1.4,93.444,-36.1,4.966,5228.1
25,services,married,basic.9y,no,no,no,cellular,jul,wed,2,999,0,nonexistent,1.4,93.918,-42.7,4.957,5228.1
62,blue-collar,married,high.school,no,yes,no,cellular,jun,mon,4,4,3,success,-1.7,94.055,-39.8,0.754,4991.6
28,services,single,high.school,no,yes,no,telephone,may,tue,1,999,0,nonexistent,1.1,93.994,-36.4,4.857,5191.0
30,services,single,high.school,no,no,no,cellular,aug,mon,2,999,0,nonexistent,-2.9,92.201,-31.4,0.861,5076.2
26,technician,single,university.degree,no,no,no,cellular,oct,wed,1,999,0,nonexistent,-1.1,94.601,-49.5,0.959,4963.6
30,unemployed,married,high.school,no,no,no,cellular,nov,tue,1,999,0,nonexistent,-0.1,93.2,-42.0,4.153,5195.8
26,technician,divorced,university.degree,no,yes,no,cellular,jun,tue,1,3,1,success,-2.9,92.963,-40.8,1.262,5076.2
52,management,married,university.degree,no,no,no,telephone,jun,thu,2,999,0,nonexistent,1.4,94.465,-41.8,4.866,5228.1
28,student,single,high.school,no,yes,yes,cellular,jul,mon,1,999,2,failure,-1.7,94.215,-40.3,0.827,4991.6
31,admin.,single,high.school,no,no,no,cellular,nov,fri,1,999,0,nonexistent,-0.1,93.2,-42.0,4.021,5195.8
34,blue-collar,married,basic.4y,no,no,no,telephone,jun,mon,4,999,0,nonexistent,1.4,94.465,-41.8,4.96,5228.1
36,unemployed,single,basic.4y,unknown,yes,no,telephone,may,tue,1,999,0,nonexistent,1.1,93.994,-36.4,4.857,5191.0
37,technician,married,professional.course,no,yes,no,telephone,may,tue,2,999,0,nonexistent,1.1,93.994,-36.4,4.856,5191.0
45,blue-collar,divorced,professional.course,unknown,yes,no,cellular,jul,wed,1,999,0,nonexistent,1.4,93.918,-42.7,4.962,5228.1
30,admin.,married,university.degree,unknown,yes,no,telephone,may,mon,3,999,0,nonexistent,1.1,93.994,-36.4,4.857,5191.0
33,admin.,single,university.degree,no,yes,no,telephone,jun,wed,1,999,0,nonexistent,1.4,94.465,-41.8,4.959,5228.1
46,services,married,high.school,no,no,yes,cellular,jul,mon,1,999,0,nonexistent,1.4,93.918,-42.7,4.96,5228.1
25,blue-collar,single,basic.9y,no,yes,yes,cellular,jul,tue,1,999,0,nonexistent,1.4,93.918,-42.7,4.962,5228.1
41,admin.,married,basic.6y,no,no,no,cellular,apr,fri,2,999,1,failure,-1.8,93.075,-47.1,1.479,5099.1
58,admin.,divorced,university.degree,unknown,yes,no,cellular,aug,mon,2,999,0,nonexistent,1.4,93.444,-36.1,4.965,5228.1
38,self-employed,single,basic.9y,unknown,yes,yes,telephone,jun,fri,5,999,0,nonexistent,1.4,94.465,-41.8,4.959,5228.1
30,blue-collar,single,basic.9y,no,yes,no,cellular,may,thu,3,999,1,failure,-1.8,92.893,-46.2,1.266,5099.1
31,admin.,single,university.degree,no,no,no,cellular,jun,mon,3,999,1,failure,-2.9,92.963,-40.8,1.281,5076.2
48,entrepreneur,married,unknown,unknown,no,no,telephone,may,fri,2,999,0,nonexistent,1.1,93.994,-36.4,4.864,5191.0
50,technician,single,university.degree,no,yes,no,cellular,aug,thu,1,999,0,nonexistent,1.4,93.444,-36.1,4.964,5228.1
75,retired,married,basic.9y,no,no,no,cellular,oct,mon,1,999,0,nonexistent,-3.4,92.431,-26.9,0.743,5017.5
34,blue-collar,married,basic.9y,no,yes,no,cellular,apr,mon,2,999,0,nonexistent,-1.8,93.075,-47.1,1.405,5099.1
57,admin.,single,university.degree,unknown,no,no,telephone,jul,fri,1,999,0,nonexistent,1.4,93.918,-42.7,4.959,5228.1
34,housemaid,single,basic.4y,no,no,no,cellular,jun,mon,1,999,0,nonexistent,-2.9,92.963,-40.8,1.26,5076.2
50,self-employed,married,professional.course,no,no,no,cellular,jul,thu,7,999,0,nonexistent,1.4,93.918,-42.7,4.968,5228.1
31,admin.,married,professional.course,unknown,yes,no,cellular,aug,fri,1,999,0,nonexistent,1.4,93.444,-36.1,4.966,5228.1
47,admin.,divorced,professional.course,no,no,no,cellular,nov,mon,1,999,1,failure,-0.1,93.2,-42.0,4.191,5195.8
50,entrepreneur,married,university.degree,no,no,no,cellular,nov,mon,1,999,1,failure,-0.1,93.2,-42.0,4.191,5195.8
31,technician,married,professional.course,no,yes,no,cellular,apr,thu,1,999,0,nonexistent,-1.8,93.075,-47.1,1.365,5099.1
30,blue-collar,single,basic.9y,no,no,yes,cellular,may,thu,1,999,0,nonexistent,-1.8,92.893,-46.2,1.327,5099.1
44,unemployed,married,professional.course,unknown,no,no,cellular,aug,thu,2,999,0,nonexistent,1.4,93.444,-36.1,4.968,5228.1
48,admin.,divorced,basic.9y,no,yes,no,telephone,may,fri,2,999,0,nonexistent,1.1,93.994,-36.4,4.859,5191.0
50,unknown,married,unknown,unknown,yes,no,telephone,may,tue,3,999,0,nonexistent,1.1,93.994,-36.4,4.857,5191.0
31,technician,divorced,university.degree,no,no,yes,cellular,aug,fri,1,999,0,nonexistent,1.4,93.444,-36.1,4.963,5228.1
48,entrepreneur,divorced,university.degree,no,yes,no,cellular,nov,thu,2,999,0,nonexistent,-0.1,93.2,-42.0,4.076,5195.8
32,management,married,university.degree,no,no,yes,cellular,may,mon,1,999,0,nonexistent,-1.8,92.893,-46.2,1.244,5099.1
58,admin.,divorced,university.degree,no,yes,no,cellular,aug,tue,4,999,0,nonexistent,1.4,93.444,-36.1,4.963,5228.1
49,management,divorced,university.degree,no,no,no,cellular,nov,wed,2,6,1,success,-0.1,93.2,-42.0,4.12,5195.8
34,admin.,married,high.school,no,no,no,telephone,jun,mon,1,999,0,nonexistent,1.4,94.465,-41.8,4.961,5228.1
37,management,married,university.degree,no,no,no,cellular,apr,mon,1,999,0,nonexistent,-1.8,93.075,-47.1,1.405,5099.1
32,blue-collar,married,basic.4y,no,yes,yes,cellular,may,wed,1,999,0,nonexistent,-1.8,92.893,-46.2,1.334,5099.1
24,blue-collar,married,basic.9y,unknown,no,no,telephone,jun,mon,2,999,0,nonexistent,1.4,94.465,-41.8,4.96,5228.1
29,blue-collar,married,high.school,unknown,no,no,telephone,jun,thu,2,999,0,nonexistent,1.4,94.465,-41.8,4.958,5228.1
38,blue-collar,married,high.school,unknown,yes,no,telephone,may,fri,2,999,0,nonexistent,1.1,93.994,-36.4,4.864,5191.0
39,blue-collar,single,unknown,no,yes,yes,cellular,may,fri,3,999,0,nonexistent,-1.8,92.893,-46.2,1.25,5099.1
42,blue-collar,married,basic.9y,unknown,yes,no,cellular,jul,thu,2,999,0,nonexistent,1.4,93.918,-42.7,4.968,5228.1
42,technician,married,professional.course,no,yes,no,cellular,may,thu,2,999,0,nonexistent,-1.8,92.893,-46.2,1.266,5099.1
50,blue-collar,married,basic.6y,unknown,yes,yes,telephone,jun,wed,1,999,0,nonexistent,1.4,94.465,-41.8,4.959,5228.1
45,unemployed,married,basic.9y,no,yes,no,cellular,jun,mon,1,999,1,failure,-2.9,92.963,-40.8,1.266,5076.2
40,housemaid,single,university.degree,no,yes,no,telephone,may,fri,3,999,0,nonexistent,1.1,93.994,-36.4,4.855,5191.0
37,admin.,single,university.degree,no,no,no,cellular,may,fri,2,999,1,failure,-1.8,92.893,-46.2,1.313,5099.1
25,blue-collar,married,basic.9y,no,yes,no,telephone,may,mon,1,999,0,nonexistent,1.1,93.994,-36.4,4.857,5191.0
33,admin.,single,university.degree,no,yes,yes,cellular,aug,tue,6,999,0,nonexistent,1.4,93.444,-36.1,4.963,5228.1
33,admin.,married,university.degree,no,yes,no,telephone,may,wed,2,999,0,nonexistent,1.1,93.994,-36.4,4.859,5191.0
37,services,married,high.school,no,yes,no,cellular,nov,tue,2,999,0,nonexistent,-0.1,93.2,-42.0,4.153,5195.8
47,admin.,married,university.degree,unknown,yes,no,telephone,may,mon,1,999,0,nonexistent,1.1,93.994,-36.4,4.857,5191.0
25,admin.,single,high.school,no,no,no,cellular,jul,wed,2,999,0,nonexistent,1.4,93.918,-42.7,4.963,5228.1
53,management,married,high.school,no,yes,no,cellular,may,mon,3,999,0,nonexistent,-1.8,92.893,-46.2,1.354,5099.1
35,entrepreneur,married,high.school,no,no,no,telephone,may,tue,1,999,0,nonexistent,1.1,93.994,-36.4,4.857,5191.0
54,admin.,married,university.degree,no,yes,no,cellular,mar,mon,1,999,0,nonexistent,-1.8,92.843,-50.0,1.56,5099.1
31,blue-collar,married,high.school,no,no,no,cellular,jul,wed,2,999,0,nonexistent,1.4,93.918,-42.7,4.963,5228.1
41,blue-collar,married,basic.4y,no,no,no,telephone,may,tue,2,999,0,nonexistent,1.1,93.994,-36.4,4.857,5191.0
29,admin.,married,high.school,no,yes,no,cellular,may,mon,2,999,0,nonexistent,-1.8,92.893,-46.2,1.244,5099.1
53,self-employed,married,university.degree,no,yes,no,cellular,jul,mon,3,999,0,nonexistent,1.4,93.918,-42.7,4.962,5228.1
39,technician,married,professional.course,no,yes,no,telephone,jun,wed,3,999,0,nonexistent,1.4,94.465,-41.8,4.959,5228.1
48,services,married,basic.9y,unknown,no,no,cellular,may,fri,8,999,0,nonexistent,-1.8,92.893,-46.2,1.25,5099.1
56,blue-collar,divorced,basic.6y,unknown,no,no,cellular,may,wed,1,999,1,failure,-1.8,92.893,-46.2,1.281,5099.1
36,blue-collar,married,unknown,no,no,no,cellular,may,thu,2,999,0,nonexistent,-1.8,92.893,-46.2,1.327,5099.1
58,retired,married,professional.course,unknown,no,no,telephone,jun,fri,5,999,0,nonexistent,1.4,94.465,-41.8,4.959,5228.1
39,services,married,high.school,no,yes,no,telephone,apr,fri,1,999,0,nonexistent,-1.8,93.075,-47.1,1.405,5099.1
32,blue-collar,single,basic.9y,unknown,yes,no,cellular,jul,fri,1,999,0,nonexistent,1.4,93.918,-42.7,4.957,5228.1
52,management,married,university.degree,no,yes,no,cellular,nov,thu,1,999,0,nonexistent,-0.1,93.2,-42.0,4.076,5195.8
34,technician,single,professional.course,no,no,no,cellular,may,tue,2,999,1,failure,-1.8,92.893,-46.2,1.344,5099.1
42,blue-collar,married,basic.4y,unknown,no,no,telephone,jun,thu,1,999,0,nonexistent,1.4,94.465,-41.8,4.958,5228.1
74,retired,married,unknown,no,yes,yes,cellular,oct,wed,1,999,0,nonexistent,-3.4,92.431,-26.9,0.742,5017.5
43,admin.,married,university.degree,no,no,no,telephone,may,fri,3,999,0,nonexistent,1.1,93.994,-36.4,4.864,5191.0
44,technician,married,professional.course,no,no,no,cellular,aug,tue,6,999,0,nonexistent,1.4,93.444,-36.1,4.965,5228.1
38,technician,single,professional.course,no,yes,no,cellular,jul,thu,1,999,0,nonexistent,1.4,93.918,-42.7,4.962,5228.1
30,technician,divorced,professional.course,no,no,no,telephone,jun,mon,2,999,0,nonexistent,1.4,94.465,-41.8,4.96,5228.1
46,self-employed,married,basic.9y,unknown,no,no,cellular,nov,mon,1,999,1,failure,-0.1,93.2,-42.0,4.191,5195.8
36,housemaid,married,basic.4y,no,no,no,cellular,aug,mon,2,999,0,nonexistent,1.4,93.444,-36.1,4.965,5228.1
46,housemaid,married,basic.9y,no,yes,no,telephone,may,tue,1,999,0,nonexistent,1.1,93.994,-36.4,4.857,5191.0
37,blue-collar,married,basic.4y,no,yes,no,cellular,apr,wed,1,5,1,success,-1.8,93.075,-47.1,1.445,5099.1
48,admin.,married,high.school,unknown,yes,yes,cellular,jul,thu,1,999,0,nonexistent,1.4,93.918,-42.7,4.958,5228.1
40,technician,married,professional.course,unknown,no,no,telephone,may,tue,3,999,0,nonexistent,1.1,93.994,-36.4,4.856,5191.0
39,admin.,married,professional.course,no,yes,no,telephone,may,tue,2,999,0,nonexistent,1.1,93.994,-36.4,4.856,5191.0
29,blue-collar,single,basic.6y,no,yes,yes,cellular,apr,thu,1,999,1,failure,-1.8,93.075,-47.1,1.41,5099.1
31,blue-collar,married,basic.9y,no,no,no,telephone,may,thu,1,999,0,nonexistent,1.1,93.994,-36.4,4.855,5191.0
57,blue-collar,married,basic.4y,unknown,no,no,telephone,jun,wed,2,999,0,nonexistent,1.4,94.465,-41.8,4.959,5228.1
57,management,divorced,professional.course,no,yes,no,cellular,nov,fri,1,999,0,nonexistent,-0.1,93.2,-42.0,4.021,5195.8
35,technician,married,professional.course,no,no,no,cellular,aug,mon,2,999,0,nonexistent,1.4,93.444,-36.1,4.965,5228.1
51,services,married,high.school,no,no,yes,telephone,jun,mon,1,999,0,nonexistent,1.4,94.465,-41.8,4.865,5228.1
44,admin.,divorced,high.school,no,yes,no,cellular,jul,thu,2,999,0,nonexistent,1.4,93.918,-42.7,4.968,5228.1
51,retired,married,basic.9y,unknown,yes,no,cellular,jul,fri,1,999,0,nonexistent,1.4,93.918,-42.7,4.962,5228.1
34,technician,married,professional.course,no,yes,yes,cellular,nov,thu,7,999,0,nonexistent,-0.1,93.2,-42.0,4.076,5195.8
35,blue-collar,divorced,basic.4y,no,no,no,cellular,nov,thu,4,999,1,failure,-0.1,93.2,-42.0,4.076,5195.8
40,management,married,university.degree,no,no,no,cellular,nov,fri,3,999,0,nonexistent,-0.1,93.2,-42.0,4.021,5195.8
50,blue-collar,divorced,basic.4y,no,yes,no,cellular,may,tue,4,999,0,nonexistent,-1.8,92.893,-46.2,1.291,5099.1
31,admin.,single,university.degree,no,yes,no,telephone,jun,wed,1,999,0,nonexistent,1.4,94.465,-41.8,4.959,5228.1
36,unknown,single,basic.6y,unknown,no,no,telephone,jun,wed,3,999,0,nonexistent,1.4,94.465,-41.8,4.959,5228.1
29,admin.,single,university.degree,no,yes,no,cellular,aug,fri,2,999,0,nonexistent,1.4,93.444,-36.1,4.964,5228.1
35,admin.,single,university.degree,no,no,yes,telephone,may,mon,2,999,0,nonexistent,1.1,93.994,-36.4,4.857,5191.0
32,management,single,high.school,no,no,no,cellular,jul,fri,2,999,0,nonexistent,1.4,93.918,-42.7,4.963,5228.1
35,blue-collar,married,basic.6y,no,no,no,telephone,jun,tue,1,999,0,nonexistent,1.4,94.465,-41.8,4.961,5228.1
64,housemaid,married,unknown,no,yes,no,telephone,may,wed,3,999,0,nonexistent,-1.8,93.876,-40.0,0.697,5008.7
46,blue-collar,married,basic.9y,no,no,no,cellular,aug,thu,1,999,0,nonexistent,1.4,93.444,-36.1,4.968,5228.1
31,services,married,high.school,unknown,no,no,telephone,may,tue,1,999,0,nonexistent,1.1,93.994,-36.4,4.857,5191.0
47,technician,divorced,high.school,no,yes,no,cellular,jul,thu,3,999,0,nonexistent,1.4,93.918,-42.7,4.962,5228.1
48,blue-collar,married,basic.4y,no,yes,no,telephone,jun,mon,3,999,0,nonexistent,1.4,94.465,-41.8,4.96,5228.1
88,retired,divorced,basic.4y,no,yes,no,cellular,mar,wed,3,999,0,nonexistent,-1.8,92.843,-50.0,1.663,5099.1
37,admin.,single,university.degree,no,yes,no,cellular,oct,fri,2,999,0,nonexistent,-3.4,92.431,-26.9,0.72,5017.5
49,admin.,married,high.school,no,no,no,cellular,jul,fri,2,999,0,nonexistent,1.4,93.918,-42.7,4.963,5228.1
33,blue-collar,married,basic.9y,no,yes,no,telephone,jun,thu,8,999,0,nonexistent,1.4,94.465,-41.8,4.958,5228.1
43,entrepreneur,divorced,high.school,unknown,yes,no,telephone,may,mon,3,999,0,nonexistent,1.1,93.994,-36.4,4.857,5191.0
39,entrepreneur,married,high.school,no,no,no,cellular,apr,fri,2,999,0,nonexistent,-1.8,93.075,-47.1,1.479,5099.1
45,blue-collar,married,basic.4y,no,no,no,telephone,may,mon,1,999,0,nonexistent,1.1,93.994,-36.4,4.857,5191.0
38,technician,married,university.degree,no,no,no,telephone,may,tue,2,999,0,nonexistent,-1.8,92.893,-46.2,1.344,5099.1
32,technician,married,professional.course,no,no,no,cellular,oct,wed,1,999,0,nonexistent,-1.1,94.601,-49.5,0.959,4963.6
39,blue-collar,single,basic.4y,unknown,no,no,telephone,may,wed,2,999,0,nonexistent,1.1,93.994,-36.4,4.857,5191.0
27,services,married,high.school,no,yes,no,cellular,may,tue,3,999,1,failure,-1.8,92.893,-46.2,1.291,5099.1
41,admin.,divorced,high.school,no,yes,no,cellular,nov,fri,2,999,0,nonexistent,-0.1,93.2,-42.0,4.021,5195.8
36,services,married,high.school,unknown,no,no,cellular,may,fri,1,999,0,nonexistent,-1.8,92.893,-46.2,1.313,5099.1
46,entrepreneur,married,professional.course,no,no,yes,cellular,apr,fri,2,999,0,nonexistent,-1.8,93.075,-47.1,1.405,5099.1
37,unemployed,married,university.degree,no,no,yes,telephone,jul,fri,3,999,0,nonexistent,1.4,93.918,-42.7,4.959,5228.1
35,blue-collar,divorced,basic.9y,no,no,yes,telephone,may,tue,1,999,0,nonexistent,1.1,93.994,-36.4,4.856,5191.0
57,blue-collar,married,basic.9y,unknown,no,no,cellular,jul,tue,3,999,0,nonexistent,1.4,93.918,-42.7,4.961,5228.1
40,self-employed,married,basic.9y,no,yes,yes,cellular,apr,mon,4,999,0,nonexistent,-1.8,93.075,-47.1,1.405,5099.1
56,technician,married,university.degree,unknown,no,no,cellular,jul,mon,19,999,0,nonexistent,1.4,93.918,-42.7,4.96,5228.1
46,admin.,married,high.school,no,yes,no,cellular,aug,thu,3,999,0,nonexistent,1.4,93.444,-36.1,4.962,5228.1
30,admin.,single,university.degree,no,yes,no,cellular,aug,thu,1,999,0,nonexistent,1.4,93.444,-36.1,4.963,5228.1
40,technician,married,basic.9y,no,yes,no,cellular,jul,thu,1,999,0,nonexistent,1.4,93.918,-42.7,4.963,5228.1
31,management,married,high.school,no,yes,yes,telephone,jun,tue,2,999,0,nonexistent,1.4,94.465,-41.8,4.961,5228.1
58,admin.,married,university.degree,no,yes,no,cellular,jul,tue,4,999,0,nonexistent,1.4,93.918,-42.7,4.961,5228.1
24,admin.,single,high.school,no,no,yes,cellular,jul,tue,5,999,0,nonexistent,1.4,93.918,-42.7,4.961,5228.1
38,blue-collar,single,basic.9y,unknown,no,no,telephone,may,fri,2,999,0,nonexistent,1.1,93.994,-36.4,4.864,5191.0
39,blue-collar,married,basic.4y,unknown,yes,no,telephone,may,wed,1,999,0,nonexistent,1.1,93.994,-36.4,4.858,5191.0
26,services,married,basic.9y,no,no,yes,cellular,may,tue,1,999,0,nonexistent,-1.8,92.893,-46.2,1.291,5099.1
33,admin.,single,university.degree,no,yes,no,cellular,may,wed,2,999,0,nonexistent,-1.8,92.893,-46.2,1.334,5099.1
31,admin.,married,university.degree,no,yes,no,telephone,jul,wed,4,999,0,nonexistent,1.4,93.918,-42.7,4.962,5228.1
47,technician,married,university.degree,no,no,no,cellular,nov,fri,2,999,0,nonexistent,-0.1,93.2,-42.0,4.021,5195.8
33,services,married,basic.4y,no,no,no,telephone,may,thu,1,999,0,nonexistent,1.1,93.994,-36.4,4.86,5191.0
44,blue-collar,married,basic.4y,unknown,no,no,cellular,may,fri,3,999,0,nonexistent,-1.8,92.893,-46.2,1.313,5099.1
33,admin.,married,high.school,no,no,no,cellular,aug,tue,1,999,1,failure,-2.9,92.201,-31.4,0.859,5076.2
61,management,married,professional.course,no,no,no,cellular,sep,tue,1,999,0,nonexistent,-1.1,94.199,-37.5,0.877,4963.6
30,student,single,high.school,no,yes,no,cellular,apr,mon,6,999,1,failure,-1.8,93.075,-47.1,1.405,5099.1
39,self-employed,married,basic.9y,no,no,no,cellular,aug,tue,4,999,0,nonexistent,1.4,93.444,-36.1,4.966,5228.1
31,admin.,married,university.degree,no,no,no,cellular,may,thu,3,999,0,nonexistent,-1.8,92.893,-46.2,1.327,5099.1
70,retired,married,unknown,no,no,no,telephone,mar,mon,2,7,2,success,-1.8,93.369,-34.8,0.639,5008.7
31,admin.,married,university.degree,no,no,no,cellular,may,mon,4,999,0,nonexistent,-1.8,92.893,-46.2,1.244,5099.1
37,blue-collar,married,basic.6y,unknown,no,no,cellular,jul,wed,1,999,0,nonexistent,1.4,93.918,-42.7,4.962,5228.1
40,admin.,single,unknown,unknown,yes,no,telephone,may,thu,1,999,0,nonexistent,1.1,93.994,-36.4,4.86,5191.0
55,technician,married,basic.6y,no,yes,no,telephone,may,tue,2,999,0,nonexistent,1.1,93.994,-36.4,4.857,5191.0
63,blue-collar,married,basic.4y,no,yes,yes,cellular,aug,fri,3,999,0,nonexistent,-2.9,92.201,-31.4,0.869,5076.2
30,admin.,divorced,high.school,no,yes,no,cellular,nov,wed,1,999,0,nonexistent,-0.1,93.2,-42.0,4.12,5195.8
38,technician,divorced,professional.course,no,yes,no,cellular,aug,fri,2,999,0,nonexistent,1.4,93.444,-36.1,4.963,5228.1
52,admin.,married,university.degree,no,yes,yes,cellular,jun,wed,4,999,3,failure,-1.7,94.055,-39.8,0.767,4991.6
29,technician,single,professional.course,no,no,no,telephone,may,thu,2,999,0,nonexistent,1.1,93.994,-36.4,4.86,5191.0
26,admin.,single,university.degree,no,yes,no,cellular,may,mon,3,999,1,failure,-1.8,92.893,-46.2,1.244,5099.1
43,management,married,university.degree,no,yes,yes,cellular,nov,wed,1,999,1,failure,-0.1,93.2,-42.0,4.12,5195.8
47,management,married,university.degree,no,yes,no,cellular,nov,tue,2,999,0,nonexistent,-0.1,93.2,-42.0,4.153,5195.8
32,services,married,basic.9y,no,yes,no,telephone,jul,wed,3,999,0,nonexistent,1.4,93.918,-42.7,4.963,5228.1
36,admin.,unknown,university.degree,no,no,no,cellular,aug,wed,1,999,0,nonexistent,1.4,93.444,-36.1,4.965,5228.1
47,admin.,single,university.degree,no,no,no,cellular,nov,tue,1,999,0,nonexistent,-3.4,92.649,-30.1,0.72,5017.5
44,management,single,university.degree,unknown,no,no,cellular,nov,fri,2,999,0,nonexistent,-0.1,93.2,-42.0,4.021,5195.8
58,management,single,university.degree,no,no,yes,cellular,may,fri,1,999,0,nonexistent,-1.8,92.893,-46.2,1.313,5099.1
55,retired,married,high.school,no,no,yes,cellular,nov,thu,6,999,0,nonexistent,-0.1,93.2,-42.0,4.076,5195.8
46,blue-collar,married,basic.4y,unknown,yes,no,telephone,may,thu,2,999,0,nonexistent,1.1,93.994,-36.4,4.86,5191.0
32,self-employed,single,university.degree,no,yes,no,cellular,jul,thu,1,14,1,success,-2.9,92.469,-33.6,1.072,5076.2
24,services,single,high.school,no,no,no,telephone,may,fri,1,999,0,nonexistent,1.1,93.994,-36.4,4.855,5191.0
43,technician,married,professional.course,unknown,no,no,cellular,aug,tue,2,999,0,nonexistent,1.4,93.444,-36.1,4.966,5228.1
31,technician,single,university.degree,no,no,no,cellular,aug,wed,3,999,0,nonexistent,1.4,93.444,-36.1,4.964,5228.1
46,admin.,married,university.degree,unknown,yes,yes,cellular,nov,mon,1,999,0,nonexistent,-0.1,93.2,-42.0,4.191,5195.8
60,housemaid,married,university.degree,no,yes,no,cellular,nov,mon,3,999,0,nonexistent,-3.4,92.649,-30.1,0.722,5017.5
43,services,divorced,high.school,unknown,no,no,cellular,apr,thu,1,999,0,nonexistent,-1.8,93.075,-47.1,1.483,5099.1
27,blue-collar,single,basic.9y,no,yes,no,telephone,jun,mon,12,999,0,nonexistent,1.4,94.465,-41.8,4.96,5228.1
41,blue-collar,married,basic.4y,no,no,no,telephone,may,wed,1,999,0,nonexistent,1.1,93.994,-36.4,4.859,5191.0
66,retired,married,basic.6y,no,yes,no,cellular,aug,thu,1,999,0,nonexistent,-2.9,92.201,-31.4,0.851,5076.2
30,technician,married,professional.course,no,yes,no,cellular,oct,mon,1,9,2,success,-1.1,94.601,-49.5,1.032,4963.6
26,admin.,single,high.school,no,no,no,cellular,aug,wed,4,999,0,nonexistent,-2.9,92.201,-31.4,0.854,5076.2
48,services,single,high.school,no,yes,no,cellular,apr,fri,2,999,1,failure,-1.8,93.075,-47.1,1.405,5099.1
37,technician,single,university.degree,no,no,no,cellular,aug,tue,2,999,0,nonexistent,1.4,93.444,-36.1,4.963,5228.1
30,technician,single,professional.course,no,yes,no,cellular,may,thu,1,999,0,nonexistent,-1.8,92.893,-46.2,1.327,5099.1
30,technician,married,professional.course,no,no,no,cellular,may,wed,2,999,0,nonexistent,-1.8,92.893,-46.2,1.27,5099.1
39,blue-collar,single,university.degree,no,yes,no,cellular,may,wed,9,999,0,nonexistent,-1.8,92.893,-46.2,1.281,5099.1
52,management,divorced,university.degree,no,no,no,telephone,jun,thu,1,999,0,nonexistent,1.4,94.465,-41.8,4.866,5228.1
31,blue-collar,single,basic.9y,no,yes,yes,cellular,jul,fri,2,999,0,nonexistent,1.4,93.918,-42.7,4.957,5228.1
62,technician,married,unknown,no,no,no,cellular,jul,mon,2,999,2,failure,-1.7,94.215,-40.3,0.827,4991.6
49,blue-collar,divorced,unknown,unknown,no,no,cellular,jul,wed,2,999,0,nonexistent,1.4,93.918,-42.7,4.957,5228.1
56,technician,married,professional.course,unknown,yes,no,telephone,jun,thu,2,999,0,nonexistent,1.4,94.465,-41.8,4.866,5228.1
51,admin.,married,university.degree,no,no,no,telephone,jun,mon,3,999,0,nonexistent,-2.9,92.963,-40.8,1.215,5076.2
30,admin.,single,high.school,no,no,no,telephone,aug,thu,1,22,1,success,-1.7,94.027,-38.3,0.899,4991.6
46,management,married,university.degree,no,no,yes,cellular,jul,fri,2,999,0,nonexistent,1.4,93.918,-42.7,4.962,5228.1
25,admin.,single,high.school,no,no,no,cellular,apr,fri,2,999,0,nonexistent,-1.8,93.075,-47.1,1.405,5099.1
30,blue-collar,divorced,basic.9y,no,yes,no,cellular,jul,tue,2,999,0,nonexistent,1.4,93.918,-42.7,4.961,5228.1
39,admin.,married,high.school,unknown,no,no,cellular,jul,thu,2,999,0,nonexistent,1.4,93.918,-42.7,4.958,5228.1
21,student,single,high.school,no,yes,yes,cellular,aug,tue,1,999,0,nonexistent,-2.9,92.201,-31.4,0.884,5076.2
44,admin.,married,high.school,no,no,no,cellular,may,fri,1,999,1,failure,-1.8,92.893,-46.2,1.313,5099.1
28,technician,divorced,university.degree,no,no,no,telephone,may,fri,2,999,0,nonexistent,1.1,93.994,-36.4,4.857,5191.0
44,admin.,married,unknown,no,no,no,cellular,apr,wed,4,999,1,failure,-1.8,93.075,-47.1,1.498,5099.1
33,admin.,divorced,high.school,no,yes,no,telephone,may,fri,1,999,0,nonexistent,1.1,93.994,-36.4,4.859,5191.0
41,admin.,married,university.degree,no,no,no,cellular,apr,fri,1,999,0,nonexistent,-1.8,93.075,-47.1,1.405,5099.1
43,blue-collar,married,basic.9y,no,no,no,cellular,jul,tue,5,999,0,nonexistent,1.4,93.918,-42.7,4.961,5228.1
57,admin.,married,university.degree,unknown,yes,no,cellular,aug,fri,1,999,0,nonexistent,1.4,93.444,-36.1,4.966,5228.1
40,blue-collar,married,basic.4y,unknown,unknown,unknown,telephone,jul,wed,1,999,0,nonexistent,1.4,93.918,-42.7,4.962,5228.1
31,services,married,high.school,unknown,yes,no,telephone,jun,tue,1,999,0,nonexistent,1.4,94.465,-41.8,4.864,5228.1
54,entrepreneur,married,basic.4y,no,yes,no,cellular,nov,tue,2,999,1,failure,-0.1,93.2,-42.0,4.153,5195.8
42,admin.,married,high.school,unknown,yes,no,cellular,jul,mon,3,999,0,nonexistent,1.4,93.918,-42.7,4.96,5228.1
36,admin.,married,high.school,no,yes,no,telephone,jul,tue,7,999,0,nonexistent,-2.9,92.469,-33.6,0.937,5076.2
25,blue-collar,single,high.school,unknown,yes,no,telephone,may,mon,3,999,2,failure,-1.8,92.893,-46.2,1.299,5099.1
54,retired,divorced,university.degree,no,no,yes,cellular,nov,fri,6,999,0,nonexistent,-0.1,93.2,-42.0,4.021,5195.8
39,management,single,university.degree,no,yes,no,telephone,may,tue,1,999,0,nonexistent,1.1,93.994,-36.4,4.857,5191.0
40,admin.,married,university.degree,unknown,yes,no,telephone,jun,mon,1,999,0,nonexistent,1.4,94.465,-41.8,4.865,5228.1
38,blue-collar,single,basic.6y,unknown,no,no,cellular,may,fri,1,999,0,nonexistent,-1.8,92.893,-46.2,1.313,5099.1
54,housemaid,divorced,university.degree,unknown,yes,no,cellular,jul,mon,4,999,0,nonexistent,1.4,93.918,-42.7,4.962,5228.1
38,unemployed,married,basic.9y,unknown,yes,no,telephone,jun,wed,3,999,0,nonexistent,1.4,94.465,-41.8,4.962,5228.1
57,services,married,unknown,no,no,no,cellular,nov,fri,2,999,0,nonexistent,-0.1,93.2,-42.0,4.021,5195.8
37,blue-collar,married,basic.6y,no,no,no,cellular,may,tue,3,999,0,nonexistent,-1.8,92.893,-46.2,1.344,5099.1
46,admin.,single,university.degree,no,yes,yes,cellular,jul,tue,1,999,0,nonexistent,1.4,93.918,-42.7,4.961,5228.1
34,technician,single,university.degree,no,no,no,cellular,oct,fri,1,999,0,nonexistent,-3.4,92.431,-26.9,0.72,5017.5
21,student,single,high.school,no,yes,no,cellular,may,tue,2,999,0,nonexistent,-1.8,92.893,-46.2,1.266,5099.1
34,technician,married,professional.course,no,yes,yes,telephone,jun,mon,1,999,0,nonexistent,1.4,94.465,-41.8,4.865,5228.1
37,admin.,married,university.degree,no,yes,no,cellular,nov,fri,1,999,0,nonexistent,-1.1,94.767,-50.8,1.04,4963.6
43,blue-collar,single,basic.4y,unknown,no,no,telephone,may,tue,2,999,0,nonexistent,1.1,93.994,-36.4,4.857,5191.0
36,technician,married,professional.course,no,yes,no,telephone,may,fri,4,999,0,nonexistent,1.1,93.994,-36.4,4.855,5191.0
29,blue-collar,single,basic.9y,no,yes,no,telephone,may,tue,2,999,0,nonexistent,1.1,93.994,-36.4,4.857,5191.0
26,admin.,married,high.school,no,yes,yes,cellular,jul,wed,5,999,0,nonexistent,1.4,93.918,-42.7,4.962,5228.1
24,admin.,single,basic.9y,no,yes,no,telephone,may,fri,6,999,0,nonexistent,-1.8,92.893,-46.2,1.25,5099.1
54,self-employed,married,university.degree,no,no,no,cellular,oct,thu,3,999,0,nonexistent,-1.1,94.601,-49.5,0.987,4963.6
57,retired,divorced,university.degree,no,yes,no,telephone,nov,tue,1,999,0,nonexistent,-0.1,93.2,-42.0,4.7,5195.8
69,retired,married,university.degree,no,yes,no,cellular,apr,thu,1,999,0,nonexistent,-1.8,93.075,-47.1,1.365,5099.1
39,technician,married,professional.course,no,yes,no,telephone,jun,thu,2,999,0,nonexistent,1.4,94.465,-41.8,4.961,5228.1
49,management,married,university.degree,no,no,no,cellular,aug,mon,5,999,0,nonexistent,1.4,93.444,-36.1,4.965,5228.1
29,housemaid,single,university.degree,no,no,no,cellular,nov,mon,1,999,0,nonexistent,-3.4,92.649,-30.1,0.715,5017.5
30,technician,married,university.degree,no,no,no,cellular,nov,thu,6,999,0,nonexistent,-0.1,93.2,-42.0,4.076,5195.8
42,retired,married,basic.9y,unknown,no,no,telephone,jun,fri,1,999,0,nonexistent,1.4,94.465,-41.8,4.967,5228.1
19,student,single,basic.9y,no,yes,no,telephone,aug,mon,2,999,0,nonexistent,-2.9,92.201,-31.4,0.884,5076.2
20,student,single,unknown,no,yes,yes,cellular,apr,tue,2,999,0,nonexistent,-1.8,93.075,-47.1,1.405,5099.1
24,admin.,single,university.degree,no,no,no,cellular,sep,tue,1,3,1,success,-3.4,92.379,-29.8,0.77,5017.5
36,self-employed,single,university.degree,no,yes,no,telephone,oct,thu,1,999,0,nonexistent,-0.1,93.798,-40.4,4.794,5195.8
60,technician,married,professional.course,unknown,no,no,telephone,jul,tue,15,999,0,nonexistent,1.4,93.918,-42.7,4.961,5228.1
52,technician,divorced,university.degree,no,no,no,telephone,jun,mon,3,999,0,nonexistent,1.4,94.465,-41.8,4.96,5228.1
27,blue-collar,single,basic.4y,unknown,yes,no,telephone,jul,thu,3,999,0,nonexistent,1.4,93.918,-42.7,4.963,5228.1
57,blue-collar,divorced,basic.6y,unknown,yes,yes,cellular,jul,tue,6,999,0,nonexistent,1.4,93.918,-42.7,4.961,5228.1
46,admin.,single,high.school,no,yes,no,telephone,may,tue,1,999,0,nonexistent,1.1,93.994,-36.4,4.857,5191.0
39,blue-collar,married,basic.6y,no,yes,no,telephone,may,tue,1,999,0,nonexistent,1.1,93.994,-36.4,4.857,5191.0
35,unknown,married,basic.9y,no,yes,yes,telephone,may,thu,1,999,0,nonexistent,1.1,93.994,-36.4,4.855,5191.0
80,retired,married,basic.4y,no,no,no,cellular,oct,tue,2,999,0,nonexistent,-3.4,92.431,-26.9,0.742,5017.5
40,technician,single,university.degree,no,yes,no,cellular,aug,tue,1,999,0,nonexistent,1.4,93.444,-36.1,4.963,5228.1
37,blue-collar,married,basic.9y,no,yes,no,cellular,may,wed,1,999,0,nonexistent,-1.8,92.893,-46.2,1.334,5099.1
39,blue-collar,married,basic.4y,no,yes,no,cellular,jul,thu,1,999,0,nonexistent,1.4,93.918,-42.7,4.958,5228.1
37,admin.,married,university.degree,no,yes,yes,cellular,may,fri,2,999,0,nonexistent,-1.8,92.893,-46.2,1.313,5099.1
58,admin.,married,university.degree,no,no,yes,telephone,may,fri,1,999,0,nonexistent,1.1,93.994,-36.4,4.857,5191.0
69,retired,married,high.school,no,no,no,cellular,may,wed,1,10,1,success,-1.8,93.876,-40.0,0.697,5008.7
35,blue-collar,married,basic.9y,no,yes,no,cellular,may,fri,2,999,0,nonexistent,-1.8,92.893,-46.2,1.313,5099.1
58,admin.,divorced,university.degree,unknown,no,no,cellular,aug,mon,2,999,0,nonexistent,1.4,93.444,-36.1,4.965,5228.1
26,admin.,married,high.school,no,no,no,cellular,jul,thu,1,999,0,nonexistent,1.4,93.918,-42.7,4.963,5228.1
49,admin.,married,high.school,unknown,no,no,cellular,oct,wed,1,6,3,success,-1.1,94.601,-49.5,0.985,4963.6
38,technician,single,university.degree,no,yes,no,cellular,aug,mon,2,999,0,nonexistent,1.4,93.444,-36.1,4.965,5228.1
28,services,single,high.school,no,yes,yes,telephone,may,fri,1,999,0,nonexistent,1.1,93.994,-36.4,4.855,5191.0
31,admin.,married,university.degree,no,yes,no,cellular,jul,wed,3,999,0,nonexistent,1.4,93.918,-42.7,4.957,5228.1
44,admin.,divorced,high.school,no,yes,no,cellular,jul,wed,17,999,0,nonexistent,1.4,93.918,-42.7,4.963,5228.1
31,admin.,single,university.degree,no,yes,yes,cellular,aug,thu,3,999,0,nonexistent,1.4,93.444,-36.1,4.962,5228.1
58,management,married,unknown,unknown,yes,no,telephone,jun,mon,1,999,0,nonexistent,1.4,94.465,-41.8,4.961,5228.1
37,admin.,divorced,high.school,unknown,yes,yes,telephone,may,wed,5,999,0,nonexistent,1.1,93.994,-36.4,4.858,5191.0
35,management,married,university.degree,no,yes,no,cellular,nov,fri,9,999,0,nonexistent,-0.1,93.2,-42.0,4.021,5195.8
41,admin.,married,high.school,no,yes,yes,cellular,jul,mon,3,999,0,nonexistent,1.4,93.918,-42.7,4.962,5228.1
39,admin.,married,university.degree,no,no,no,cellular,nov,wed,1,999,0,nonexistent,-0.1,93.2,-42.0,4.12,5195.8
38,admin.,married,university.degree,no,yes,no,cellular,nov,wed,2,999,0,nonexistent,-0.1,93.2,-42.0,4.12,5195.8
25,services,single,basic.9y,no,yes,no,cellular,jul,wed,1,999,0,nonexistent,1.4,93.918,-42.7,4.963,5228.1
27,admin.,single,university.degree,no,no,no,cellular,jul,mon,1,999,0,nonexistent,1.4,93.918,-42.7,4.96,5228.1
29,management,single,university.degree,no,yes,no,telephone,jul,mon,3,999,0,nonexistent,1.4,93.918,-42.7,4.962,5228.1
29,admin.,single,high.school,no,no,no,cellular,jul,tue,1,999,0,nonexistent,-1.7,94.215,-40.3,0.797,4991.6
39,technician,married,unknown,no,yes,yes,cellular,may,fri,1,12,1,success,-1.8,92.893,-46.2,1.25,5099.1
46,technician,divorced,university.degree,no,no,no,telephone,jun,fri,3,999,0,nonexistent,1.4,94.465,-41.8,4.967,5228.1
35,technician,single,university.degree,no,yes,no,cellular,aug,fri,4,999,0,nonexistent,1.4,93.444,-36.1,4.964,5228.1
45,technician,single,university.degree,no,no,no,cellular,may,fri,2,999,1,failure,-1.8,92.893,-46.2,1.313,5099.1
47,admin.,divorced,university.degree,no,no,no,telephone,jun,wed,4,999,0,nonexistent,1.4,94.465,-41.8,4.864,5228.1
26,services,single,high.school,no,yes,no,cellular,may,thu,2,999,0,nonexistent,-1.8,92.893,-46.2,1.327,5099.1
46,services,divorced,high.school,no,no,no,cellular,apr,mon,2,999,1,failure,-1.8,93.075,-47.1,1.466,5099.1
23,blue-collar,single,basic.9y,no,yes,no,telephone,may,wed,1,999,1,failure,-1.8,92.893,-46.2,1.281,5099.1
25,blue-collar,divorced,basic.9y,no,unknown,unknown,telephone,jun,mon,2,999,0,nonexistent,1.4,94.465,-41.8,4.961,5228.1
35,admin.,married,university.degree,no,yes,no,cellular,apr,mon,1,999,0,nonexistent,-1.8,93.749,-34.6,0.642,5008.7
30,blue-collar,married,basic.9y,no,yes,no,telephone,may,thu,1,999,0,nonexistent,1.1,93.994,-36.4,4.86,5191.0
52,blue-collar,married,basic.4y,no,no,no,cellular,apr,wed,1,999,0,nonexistent,-1.8,93.075,-47.1,1.415,5099.1
31,self-employed,married,basic.9y,no,no,no,cellular,jul,wed,1,999,0,nonexistent,1.4,93.918,-42.7,4.957,5228.1
42,technician,married,professional.course,no,yes,no,cellular,aug,thu,2,999,0,nonexistent,1.4,93.444,-36.1,4.968,5228.1
50,management,single,university.degree,no,yes,yes,telephone,may,fri,1,999,0,nonexistent,1.1,93.994,-36.4,4.855,5191.0
32,unknown,single,professional.course,no,no,no,cellular,jul,thu,1,999,0,nonexistent,1.4,93.918,-42.7,4.963,5228.1
41,services,single,university.degree,no,yes,no,cellular,aug,fri,1,999,0,nonexistent,-2.9,92.201,-31.4,0.881,5076.2
29,admin.,single,high.school,no,no,no,telephone,oct,thu,2,6,1,success,-1.1,94.601,-49.5,1.025,4963.6
23,student,single,unknown,no,no,no,cellular,jul,tue,1,999,2,failure,-1.7,94.215,-40.3,0.893,4991.6
36,self-employed,single,university.degree,no,yes,no,cellular,jul,wed,3,999,0,nonexistent,1.4,93.918,-42.7,4.963,5228.1
36,admin.,married,professional.course,no,yes,yes,cellular,aug,fri,4,999,0,nonexistent,1.4,93.444,-36.1,4.964,5228.1
35,technician,married,university.degree,no,yes,yes,telephone,may,fri,2,999,0,nonexistent,-1.8,92.893,-46.2,1.259,5099.1
38,blue-collar,single,basic.4y,no,no,yes,cellular,may,thu,1,999,0,nonexistent,-1.8,92.893,-46.2,1.327,5099.1
45,technician,married,university.degree,no,no,no,cellular,nov,wed,2,999,1,failure,-0.1,93.2,-42.0,4.12,5195.8
30,admin.,divorced,high.school,no,no,no,cellular,nov,thu,3,999,0,nonexistent,-0.1,93.2,-42.0,4.076,5195.8
30,student,single,professional.course,no,no,no,telephone,sep,tue,2,999,0,nonexistent,-1.1,94.199,-37.5,0.88,4963.6
40,blue-collar,married,basic.6y,unknown,yes,yes,telephone,jun,mon,1,999,0,nonexistent,1.4,94.465,-41.8,4.865,5228.1
25,services,single,high.school,no,no,no,cellular,jul,mon,2,999,0,nonexistent,1.4,93.918,-42.7,4.96,5228.1
35,blue-collar,married,basic.9y,no,no,no,telephone,may,fri,3,999,0,nonexistent,1.1,93.994,-36.4,4.855,5191.0
39,technician,married,professional.course,no,yes,no,telephone,may,fri,1,999,0,nonexistent,1.1,93.994,-36.4,4.864,5191.0
34,admin.,divorced,university.degree,no,yes,no,cellular,aug,mon,4,999,0,nonexistent,1.4,93.444,-36.1,4.963,5228.1
37,unemployed,single,university.degree,no,yes,no,cellular,nov,fri,3,999,0,nonexistent,-0.1,93.2,-42.0,4.021,5195.8
31,entrepreneur,divorced,high.school,no,yes,no,telephone,may,tue,1,999,0,nonexistent,1.1,93.994,-36.4,4.857,5191.0
54,technician,married,professional.course,unknown,yes,yes,telephone,jun,tue,4,999,0,nonexistent,1.4,94.465,-41.8,4.961,5228.1
30,blue-collar,married,basic.9y,unknown,no,no,cellular,may,wed,1,999,1,failure,-1.8,92.893,-46.2,1.281,5099.1
63,retired,married,professional.course,no,yes,no,cellular,may,mon,1,999,0,nonexistent,-1.8,93.876,-40.0,0.685,5008.7
53,blue-collar,married,basic.4y,unknown,yes,no,cellular,aug,tue,1,999,0,nonexistent,1.4,93.444,-36.1,4.966,5228.1
27,admin.,single,high.school,no,no,no,cellular,apr,thu,1,999,1,failure,-1.8,93.075,-47.1,1.41,5099.1
29,admin.,single,university.degree,no,yes,no,cellular,aug,wed,2,999,0,nonexistent,1.4,93.444,-36.1,4.964,5228.1
30,admin.,single,high.school,no,no,no,cellular,may,mon,1,999,0,nonexistent,-1.8,92.893,-46.2,1.299,5099.1
31,services,single,high.school,unknown,no,no,cellular,may,fri,2,999,0,nonexistent,-1.8,92.893,-46.2,1.313,5099.1
31,technician,married,professional.course,no,yes,no,cellular,jun,tue,3,11,2,failure,-2.9,92.963,-40.8,1.252,5076.2
36,blue-collar,divorced,basic.6y,no,yes,no,cellular,apr,mon,1,999,0,nonexistent,-1.8,93.075,-47.1,1.405,5099.1
38,blue-collar,married,professional.course,no,yes,no,telephone,may,fri,3,999,1,failure,-1.8,92.893,-46.2,1.313,5099.1
52,blue-collar,married,basic.4y,no,no,no,cellular,aug,wed,2,999,0,nonexistent,1.4,93.444,-36.1,4.965,5228.1
31,entrepreneur,divorced,basic.4y,no,no,no,cellular,nov,tue,1,5,1,success,-0.1,93.2,-42.0,4.153,5195.8
39,blue-collar,single,basic.9y,no,no,no,cellular,may,mon,2,999,0,nonexistent,-1.8,92.893,-46.2,1.299,5099.1
49,admin.,divorced,university.degree,no,no,no,cellular,apr,thu,1,999,0,nonexistent,-1.8,93.075,-47.1,1.365,5099.1
31,admin.,married,university.degree,no,yes,no,telephone,may,tue,1,999,0,nonexistent,1.1,93.994,-36.4,4.857,5191.0
46,admin.,married,high.school,no,no,no,telephone,apr,thu,1,999,0,nonexistent,-1.8,93.075,-47.1,1.365,5099.1
50,management,married,university.degree,no,no,no,telephone,jun,fri,5,999,0,nonexistent,1.4,94.465,-41.8,4.967,5228.1
50,blue-collar,married,basic.4y,unknown,yes,no,telephone,jun,fri,1,999,0,nonexistent,1.4,94.465,-41.8,4.967,5228.1
41,services,married,basic.9y,no,no,no,cellular,jul,mon,3,999,0,nonexistent,1.4,93.918,-42.7,4.96,5228.1
39,management,single,basic.9y,unknown,yes,no,telephone,may,tue,3,999,0,nonexistent,1.1,93.994,-36.4,4.856,5191.0
33,technician,single,professional.course,no,yes,no,cellular,may,fri,1,999,0,nonexistent,-1.8,92.893,-46.2,1.313,5099.1
30,blue-collar,single,high.school,no,yes,no,cellular,jul,tue,6,999,0,nonexistent,1.4,93.918,-42.7,4.961,5228.1
31,admin.,married,university.degree,unknown,yes,no,cellular,nov,thu,1,999,0,nonexistent,-0.1,93.2,-42.0,4.076,5195.8
33,technician,married,professional.course,no,no,no,cellular,aug,thu,3,999,0,nonexistent,1.4,93.444,-36.1,4.962,5228.1
53,admin.,married,high.school,no,yes,yes,cellular,may,mon,2,999,1,failure,-1.8,92.893,-46.2,1.299,5099.1
55,technician,married,university.degree,no,no,yes,cellular,aug,wed,1,999,0,nonexistent,1.4,93.444,-36.1,4.967,5228.1
38,entrepreneur,divorced,basic.9y,no,no,no,cellular,nov,wed,2,999,0,nonexistent,-0.1,93.2,-42.0,4.12,5195.8
38,technician,single,professional.course,no,unknown,unknown,cellular,jul,wed,2,999,0,nonexistent,1.4,93.918,-42.7,4.963,5228.1
46,blue-collar,married,basic.9y,no,yes,no,cellular,jul,mon,1,999,0,nonexistent,1.4,93.918,-42.7,4.96,5228.1
36,self-employed,married,basic.9y,unknown,no,no,cellular,aug,thu,2,999,0,nonexistent,1.4,93.444,-36.1,4.964,5228.1
45,housemaid,married,high.school,no,no,no,telephone,may,tue,2,999,0,nonexistent,1.1,93.994,-36.4,4.857,5191.0
33,admin.,married,university.degree,no,unknown,unknown,cellular,aug,fri,2,999,0,nonexistent,1.4,93.444,-36.1,4.966,5228.1
44,blue-collar,married,basic.4y,no,yes,no,cellular,jul,thu,1,999,0,nonexistent,1.4,93.918,-42.7,4.962,5228.1
39,self-employed,married,high.school,no,yes,no,telephone,may,fri,1,999,0,nonexistent,1.1,93.994,-36.4,4.859,5191.0
32,technician,single,high.school,no,no,no,telephone,jun,mon,3,999,0,nonexistent,1.4,94.465,-41.8,4.96,5228.1
29,services,married,basic.9y,no,yes,no,cellular,jul,fri,2,999,0,nonexistent,1.4,93.918,-42.7,4.963,5228.1
44,admin.,divorced,university.degree,unknown,yes,yes,telephone,may,tue,1,999,0,nonexistent,1.1,93.994,-36.4,4.856,5191.0
34,blue-collar,married,professional.course,unknown,no,no,cellular,may,wed,2,999,1,failure,-1.8,92.893,-46.2,1.281,5099.1
80,retired,married,illiterate,unknown,yes,yes,cellular,aug,tue,1,6,1,success,-2.9,92.201,-31.4,0.883,5076.2
32,admin.,single,university.degree,no,no,no,cellular,aug,wed,3,999,0,nonexistent,1.4,93.444,-36.1,4.964,5228.1
52,self-employed,divorced,university.degree,no,yes,no,cellular,may,fri,1,999,0,nonexistent,-1.8,92.893,-46.2,1.25,5099.1
28,admin.,married,high.school,no,no,yes,cellular,may,wed,2,999,0,nonexistent,-1.8,93.876,-40.0,0.697,5008.7
48,admin.,married,university.degree,no,no,no,cellular,nov,fri,4,999,0,nonexistent,-0.1,93.2,-42.0,4.021,5195.8
39,blue-collar,single,basic.4y,unknown,no,no,telephone,jun,fri,3,999,0,nonexistent,1.4,94.465,-41.8,4.959,5228.1
64,unemployed,married,university.degree,no,yes,no,cellular,aug,tue,1,999,2,failure,-2.9,92.201,-31.4,0.884,5076.2
31,blue-collar,single,basic.9y,no,yes,no,cellular,may,mon,2,999,1,failure,-1.8,92.893,-46.2,1.244,5099.1
30,services,single,high.school,no,no,no,cellular,nov,mon,1,999,0,nonexistent,-0.1,93.2,-42.0,4.191,5195.8
36,admin.,married,university.degree,no,yes,no,cellular,apr,thu,1,0,1,success,-1.8,93.075,-47.1,1.365,5099.1
56,technician,divorced,professional.course,no,no,no,cellular,jul,tue,1,999,0,nonexistent,1.4,93.918,-42.7,4.962,5228.1
26,technician,single,professional.course,no,yes,no,cellular,jun,wed,1,999,0,nonexistent,-2.9,92.963,-40.8,1.26,5076.2
39,admin.,married,university.degree,no,yes,no,cellular,nov,mon,2,999,0,nonexistent,-0.1,93.2,-42.0,4.191,5195.8
30,technician,single,university.degree,no,yes,no,cellular,apr,fri,1,999,1,failure,-1.8,93.075,-47.1,1.4,5099.1
30,admin.,married,university.degree,no,no,yes,telephone,may,tue,1,999,0,nonexistent,1.1,93.994,-36.4,4.856,5191.0
55,retired,married,professional.course,no,no,yes,telephone,jun,tue,4,999,0,nonexistent,1.4,94.465,-41.8,4.961,5228.1
43,blue-collar,married,basic.4y,unknown,no,no,telephone,jun,thu,1,999,0,nonexistent,1.4,94.465,-41.8,4.866,5228.1
49,blue-collar,married,basic.4y,unknown,yes,no,telephone,may,wed,5,999,0,nonexistent,1.1,93.994,-36.4,4.858,5191.0
38,entrepreneur,divorced,university.degree,no,yes,no,cellular,jul,fri,2,999,0,nonexistent,1.4,93.918,-42.7,4.957,5228.1
39,technician,married,professional.course,no,no,no,cellular,may,thu,2,999,1,failure,-1.8,92.893,-46.2,1.327,5099.1
46,admin.,divorced,university.degree,unknown,yes,no,cellular,jul,thu,1,999,0,nonexistent,1.4,93.918,-42.7,4.963,5228.1
77,retired,married,basic.4y,no,unknown,unknown,cellular,jul,tue,2,3,1,success,-1.7,94.215,-40.3,0.893,4991.6
32,services,married,high.school,no,yes,no,telephone,may,thu,8,999,0,nonexistent,1.1,93.994,-36.4,4.86,5191.0
33,blue-collar,married,basic.6y,unknown,no,no,telephone,may,wed,1,999,0,nonexistent,1.1,93.994,-36.4,4.859,5191.0
50,unemployed,unknown,basic.9y,no,yes,yes,cellular,nov,thu,1,999,0,nonexistent,-0.1,93.2,-42.0,4.076,5195.8
42,technician,married,professional.course,unknown,yes,no,cellular,nov,mon,1,4,1,success,-0.1,93.2,-42.0,4.191,5195.8
31,technician,single,university.degree,no,yes,no,cellular,may,mon,2,999,0,nonexistent,-1.8,92.893,-46.2,1.299,5099.1
35,blue-collar,married,basic.4y,unknown,no,no,telephone,may,thu,2,999,0,nonexistent,1.1,93.994,-36.4,4.86,5191.0
32,admin.,married,university.degree,no,yes,no,cellular,aug,tue,3,999,0,nonexistent,1.4,93.444,-36.1,4.963,5228.1
35,housemaid,married,university.degree,unknown,no,yes,cellular,aug,fri,1,999,0,nonexistent,1.4,93.444,-36.1,4.966,5228.1
38,blue-collar,single,unknown,unknown,no,yes,telephone,may,wed,2,999,0,nonexistent,1.1,93.994,-36.4,4.856,5191.0
33,admin.,single,university.degree,no,no,no,cellular,may,thu,5,999,0,nonexistent,-1.8,92.893,-46.2,1.266,5099.1
25,services,divorced,high.school,no,yes,yes,cellular,jun,thu,2,999,0,nonexistent,-2.9,92.963,-40.8,1.26,5076.2
53,admin.,married,professional.course,no,yes,no,cellular,apr,mon,3,999,0,nonexistent,-1.8,93.075,-47.1,1.405,5099.1
39,admin.,single,university.degree,no,yes,yes,telephone,jun,mon,2,999,0,nonexistent,1.4,94.465,-41.8,4.865,5228.1
29,unemployed,divorced,high.school,no,no,no,cellular,oct,mon,2,999,0,nonexistent,-3.4,92.431,-26.9,0.743,5017.5
49,blue-collar,single,high.school,no,yes,no,cellular,may,mon,3,999,0,nonexistent,-1.8,92.893,-46.2,1.299,5099.1
36,admin.,single,university.degree,no,yes,no,cellular,aug,tue,1,999,0,nonexistent,1.4,93.444,-36.1,4.963,5228.1
39,blue-collar,married,basic.4y,unknown,unknown,unknown,telephone,may,fri,1,999,0,nonexistent,1.1,93.994,-36.4,4.859,5191.0
32,admin.,single,professional.course,no,yes,yes,cellular,mar,tue,1,999,0,nonexistent,-1.8,92.843,-50.0,1.614,5099.1
41,housemaid,married,high.school,no,yes,no,telephone,jun,thu,1,999,0,nonexistent,1.4,94.465,-41.8,4.866,5228.1
56,entrepreneur,married,unknown,unknown,yes,no,telephone,jun,tue,1,999,0,nonexistent,1.4,94.465,-41.8,4.864,5228.1
57,entrepreneur,married,basic.4y,no,yes,no,cellular,jun,wed,1,999,0,nonexistent,-2.9,92.963,-40.8,1.26,5076.2
48,technician,divorced,professional.course,no,yes,no,cellular,jul,thu,2,999,0,nonexistent,1.4,93.918,-42.7,4.963,5228.1
31,admin.,single,university.degree,no,no,no,cellular,aug,tue,1,999,0,nonexistent,-2.9,92.201,-31.4,0.883,5076.2
47,admin.,married,high.school,unknown,no,yes,cellular,apr,fri,1,999,0,nonexistent,-1.8,93.075,-47.1,1.405,5099.1
41,admin.,married,university.degree,unknown,yes,no,telephone,may,fri,3,999,2,failure,-1.8,92.893,-46.2,1.313,5099.1
38,blue-collar,single,basic.9y,no,no,no,telephone,jun,wed,2,999,0,nonexistent,1.4,94.465,-41.8,4.959,5228.1
29,technician,single,university.degree,no,yes,no,cellular,dec,mon,2,999,0,nonexistent,-3.0,92.713,-33.0,0.709,5023.5
44,blue-collar,divorced,basic.9y,no,yes,no,telephone,may,wed,1,999,0,nonexistent,1.1,93.994,-36.4,4.857,5191.0
45,blue-collar,married,basic.6y,no,yes,no,telephone,jun,mon,2,999,0,nonexistent,1.4,94.465,-41.8,4.96,5228.1
32,student,married,professional.course,no,yes,no,cellular,aug,mon,2,999,0,nonexistent,-2.9,92.201,-31.4,0.884,5076.2
35,unemployed,married,university.degree,no,no,no,telephone,may,thu,25,999,0,nonexistent,1.1,93.994,-36.4,4.86,5191.0
33,admin.,divorced,university.degree,no,yes,no,cellular,aug,tue,1,999,0,nonexistent,1.4,93.444,-36.1,4.965,5228.1
42,self-employed,married,university.degree,unknown,unknown,unknown,cellular,may,wed,2,999,1,failure,-1.8,92.893,-46.2,1.334,5099.1
30,student,single,unknown,no,yes,no,cellular,mar,tue,1,9,1,success,-1.8,93.369,-34.8,0.637,5008.7
22,admin.,married,high.school,no,no,no,telephone,may,tue,2,999,0,nonexistent,1.1,93.994,-36.4,4.857,5191.0
47,admin.,divorced,high.school,no,yes,no,cellular,may,mon,4,999,1,failure,-1.8,92.893,-46.2,1.264,5099.1
24,admin.,married,university.degree,no,yes,no,cellular,jul,wed,1,999,0,nonexistent,1.4,93.918,-42.7,4.963,5228.1
38,admin.,married,high.school,no,no,no,cellular,jul,thu,2,10,2,success,-1.7,94.215,-40.3,0.782,4991.6
30,blue-collar,married,basic.9y,no,yes,no,cellular,may,wed,2,999,0,nonexistent,-1.8,92.893,-46.2,1.334,5099.1
36,admin.,married,university.degree,no,yes,no,cellular,may,wed,6,999,0,nonexistent,-1.8,92.893,-46.2,1.281,5099.1
82,retired,married,university.degree,no,yes,yes,cellular,oct,tue,1,999,1,failure,-3.4,92.431,-26.9,0.744,5017.5
36,services,married,high.school,unknown,no,no,cellular,may,fri,1,999,0,nonexistent,-1.8,92.893,-46.2,1.313,5099.1
48,services,married,high.school,unknown,unknown,unknown,telephone,may,tue,1,999,0,nonexistent,1.1,93.994,-36.4,4.857,5191.0
45,services,married,high.school,unknown,yes,yes,cellular,aug,mon,2,999,0,nonexistent,1.4,93.444,-36.1,4.965,5228.1
69,retired,married,high.school,no,no,no,cellular,sep,fri,1,999,0,nonexistent,-3.4,92.379,-29.8,0.773,5017.5
26,admin.,married,high.school,no,yes,no,telephone,may,thu,3,999,0,nonexistent,1.1,93.994,-36.4,4.86,5191.0
50,blue-collar,married,high.school,unknown,no,no,telephone,may,mon,1,999,0,nonexistent,1.1,93.994,-36.4,4.857,5191.0
51,technician,married,professional.course,unknown,yes,yes,cellular,aug,mon,1,999,0,nonexistent,1.4,93.444,-36.1,4.965,5228.1
35,management,married,university.degree,no,no,no,cellular,may,thu,1,999,0,nonexistent,-1.8,92.893,-46.2,1.327,5099.1
34,admin.,single,university.degree,no,yes,no,cellular,aug,mon,4,999,0,nonexistent,1.4,93.444,-36.1,4.963,5228.1
47,admin.,married,high.school,unknown,no,no,cellular,aug,thu,8,999,0,nonexistent,1.4,93.444,-36.1,4.962,5228.1
36,retired,married,unknown,no,no,no,telephone,jul,thu,1,999,0,nonexistent,1.4,93.918,-42.7,4.966,5228.1
31,blue-collar,married,basic.4y,no,yes,no,cellular,jul,thu,3,999,0,nonexistent,1.4,93.918,-42.7,4.963,5228.1
51,admin.,divorced,high.school,no,yes,no,cellular,aug,tue,1,999,1,failure,-2.9,92.201,-31.4,0.838,5076.2
45,admin.,married,university.degree,no,yes,no,telephone,jul,thu,1,999,0,nonexistent,1.4,93.918,-42.7,4.968,5228.1
58,blue-collar,married,unknown,unknown,yes,no,cellular,jul,thu,4,999,0,nonexistent,1.4,93.918,-42.7,4.962,5228.1
36,admin.,married,university.degree,unknown,yes,no,cellular,jul,tue,3,999,0,nonexistent,1.4,93.918,-42.7,4.961,5228.1
26,technician,single,professional.course,no,no,yes,cellular,jul,wed,2,999,0,nonexistent,1.4,93.918,-42.7,4.957,5228.1
48,admin.,divorced,university.degree,no,no,no,telephone,jun,fri,4,999,0,nonexistent,1.4,94.465,-41.8,4.967,5228.1
52,blue-collar,married,unknown,unknown,yes,no,telephone,jun,thu,3,999,0,nonexistent,1.4,94.465,-41.8,4.866,5228.1
53,admin.,married,basic.9y,no,no,no,telephone,may,wed,1,999,0,nonexistent,1.1,93.994,-36.4,4.858,5191.0
40,blue-collar,married,basic.9y,no,yes,no,cellular,jul,fri,2,999,0,nonexistent,1.4,93.918,-42.7,4.963,5228.1
35,admin.,divorced,high.school,no,yes,no,cellular,may,wed,1,999,0,nonexistent,-1.8,92.893,-46.2,1.281,5099.1
27,student,single,basic.9y,no,yes,no,cellular,aug,wed,1,999,0,nonexistent,-1.7,94.027,-38.3,0.9,4991.6
30,housemaid,single,university.degree,no,no,no,cellular,sep,thu,2,999,0,nonexistent,-1.1,94.199,-37.5,0.878,4963.6
53,blue-collar,married,basic.9y,unknown,no,no,telephone,jun,wed,10,999,0,nonexistent,1.4,94.465,-41.8,4.959,5228.1
33,services,single,high.school,no,no,no,telephone,may,thu,2,999,0,nonexistent,1.1,93.994,-36.4,4.86,5191.0
37,management,married,university.degree,no,no,no,telephone,jun,tue,4,999,0,nonexistent,1.4,94.465,-41.8,4.961,5228.1
34,housemaid,divorced,basic.6y,no,no,no,telephone,may,fri,3,999,0,nonexistent,1.1,93.994,-36.4,4.864,5191.0
48,admin.,married,university.degree,unknown,yes,yes,cellular,aug,fri,1,999,0,nonexistent,1.4,93.444,-36.1,4.963,5228.1
35,management,married,university.degree,no,no,no,cellular,nov,fri,1,999,0,nonexistent,-0.1,93.2,-42.0,4.021,5195.8
38,technician,divorced,professional.course,no,yes,no,cellular,aug,fri,2,999,0,nonexistent,1.4,93.444,-36.1,4.963,5228.1
32,admin.,married,basic.6y,no,no,no,telephone,may,thu,1,999,0,nonexistent,1.1,93.994,-36.4,4.855,5191.0
50,admin.,married,professional.course,no,no,no,cellular,jul,tue,3,999,0,nonexistent,1.4,93.918,-42.7,4.961,5228.1
32,technician,single,university.degree,unknown,yes,no,cellular,may,fri,3,999,0,nonexistent,-1.8,92.893,-46.2,1.25,5099.1
35,admin.,married,basic.9y,no,yes,yes,cellular,nov,wed,1,999,0,nonexistent,-0.1,93.2,-42.0,4.12,5195.8
36,admin.,married,university.degree,unknown,yes,no,telephone,may,tue,1,999,0,nonexistent,1.1,93.994,-36.4,4.856,5191.0
41,technician,married,professional.course,no,no,yes,telephone,may,fri,2,999,0,nonexistent,1.1,93.994,-36.4,4.857,5191.0
50,admin.,single,high.school,no,yes,no,telephone,dec,fri,2,999,0,nonexistent,-3.0,92.713,-33.0,0.718,5023.5
44,blue-collar,married,basic.4y,unknown,yes,no,cellular,aug,thu,3,999,0,nonexistent,1.4,93.444,-36.1,4.963,5228.1
30,admin.,single,high.school,no,no,no,telephone,jul,mon,3,999,0,nonexistent,1.4,93.918,-42.7,4.96,5228.1
47,blue-collar,married,basic.6y,no,yes,no,cellular,aug,tue,1,999,0,nonexistent,1.4,93.444,-36.1,4.963,5228.1
47,technician,married,professional.course,no,yes,no,cellular,jul,fri,5,999,0,nonexistent,1.4,93.918,-42.7,4.957,5228.1
24,technician,single,professional.course,no,no,no,cellular,jun,tue,2,999,1,failure,-2.9,92.963,-40.8,1.262,5076.2
31,blue-collar,married,basic.4y,no,no,no,cellular,may,wed,1,999,0,nonexistent,-1.8,92.893,-46.2,1.27,5099.1
34,technician,divorced,basic.9y,no,yes,no,cellular,apr,fri,1,999,0,nonexistent,-1.8,93.075,-47.1,1.405,5099.1
42,management,married,university.degree,no,yes,no,cellular,may,mon,1,999,0,nonexistent,-1.8,92.893,-46.2,1.299,5099.1
26,admin.,single,university.degree,no,no,yes,cellular,jun,thu,1,999,0,nonexistent,-2.9,92.963,-40.8,1.26,5076.2
53,admin.,married,high.school,no,no,no,telephone,jun,tue,26,999,0,nonexistent,1.4,94.465,-41.8,4.864,5228.1
34,technician,married,professional.course,no,yes,no,telephone,may,tue,3,999,0,nonexistent,1.1,93.994,-36.4,4.857,5191.0
28,admin.,single,high.school,no,yes,no,telephone,may,fri,1,999,0,nonexistent,1.1,93.994,-36.4,4.859,5191.0
34,technician,married,professional.course,no,no,no,telephone,mar,mon,6,6,1,success,-1.8,93.369,-34.8,0.646,5008.7
38,admin.,single,high.school,unknown,yes,no,telephone,jun,thu,2,999,0,nonexistent,1.4,94.465,-41.8,4.866,5228.1
47,technician,married,professional.course,no,yes,no,cellular,nov,thu,4,999,0,nonexistent,-0.1,93.2,-42.0,4.076,5195.8
79,retired,married,basic.9y,no,no,no,cellular,may,tue,1,999,2,failure,-1.8,93.876,-40.0,0.668,5008.7
47,technician,married,professional.course,no,no,no,telephone,jul,wed,3,999,0,nonexistent,1.4,93.918,-42.7,4.956,5228.1
61,retired,married,basic.4y,no,yes,no,cellular,aug,fri,1,15,1,success,-2.9,92.201,-31.4,0.849,5076.2
41,admin.,divorced,university.degree,no,yes,no,cellular,aug,wed,4,999,0,nonexistent,1.4,93.444,-36.1,4.967,5228.1
44,admin.,divorced,high.school,no,no,no,cellular,oct,thu,1,999,0,nonexistent,-3.4,92.431,-26.9,0.74,5017.5
37,blue-collar,single,basic.6y,unknown,unknown,unknown,telephone,jun,tue,2,999,0,nonexistent,1.4,94.465,-41.8,4.961,5228.1
33,admin.,single,university.degree,no,yes,yes,cellular,mar,tue,1,999,0,nonexistent,-1.8,92.843,-50.0,1.614,5099.1
32,management,divorced,university.degree,no,yes,yes,cellular,may,tue,2,999,0,nonexistent,-1.8,92.893,-46.2,1.344,5099.1
36,services,married,high.school,no,no,no,telephone,may,thu,3,999,0,nonexistent,1.1,93.994,-36.4,4.86,5191.0
53,self-employed,married,university.degree,no,no,no,telephone,may,fri,2,999,0,nonexistent,1.1,93.994,-36.4,4.864,5191.0
28,blue-collar,married,unknown,unknown,no,no,telephone,jun,fri,3,999,0,nonexistent,1.4,94.465,-41.8,4.959,5228.1
40,self-employed,married,university.degree,no,yes,no,cellular,jul,wed,5,999,0,nonexistent,1.4,93.918,-42.7,4.963,5228.1
27,services,single,high.school,unknown,no,no,cellular,may,fri,5,999,0,nonexistent,-1.8,92.893,-46.2,1.25,5099.1
32,admin.,single,university.degree,no,no,no,cellular,aug,wed,1,999,0,nonexistent,1.4,93.444,-36.1,4.964,5228.1
32,management,married,university.degree,no,yes,no,cellular,aug,thu,1,999,0,nonexistent,1.4,93.444,-36.1,4.964,5228.1
44,blue-collar,married,basic.4y,no,yes,no,telephone,may,thu,2,999,0,nonexistent,1.1,93.994,-36.4,4.86,5191.0
29,admin.,married,high.school,no,no,no,cellular,jul,thu,3,999,0,nonexistent,1.4,93.918,-42.7,4.968,5228.1
33,admin.,married,basic.9y,no,yes,yes,cellular,jul,mon,3,999,0,nonexistent,1.4,93.918,-42.7,4.96,5228.1
32,technician,married,professional.course,no,no,no,telephone,may,wed,1,999,0,nonexistent,1.1,93.994,-36.4,4.859,5191.0
36,blue-collar,married,basic.6y,unknown,yes,no,telephone,may,mon,4,999,0,nonexistent,1.1,93.994,-36.4,4.857,5191.0
27,blue-collar,married,basic.6y,no,no,no,telephone,may,tue,9,999,0,nonexistent,1.1,93.994,-36.4,4.856,5191.0
36,management,married,university.degree,no,yes,no,cellular,aug,fri,1,999,0,nonexistent,-2.9,92.201,-31.4,0.881,5076.2
38,blue-collar,married,basic.9y,unknown,no,no,cellular,jul,tue,2,999,0,nonexistent,1.4,93.918,-42.7,4.962,5228.1
39,technician,married,professional.course,no,no,no,cellular,may,thu,2,999,0,nonexistent,-1.8,92.893,-46.2,1.327,5099.1
76,retired,married,basic.4y,no,yes,no,cellular,aug,thu,1,999,0,nonexistent,-2.9,92.201,-31.4,0.883,5076.2
44,management,married,university.degree,unknown,yes,no,cellular,jul,thu,15,999,0,nonexistent,1.4,93.918,-42.7,4.968,5228.1
71,retired,married,university.degree,no,no,no,cellular,apr,mon,1,999,0,nonexistent,-1.8,93.075,-47.1,1.405,5099.1
30,management,married,university.degree,no,no,yes,cellular,jul,wed,1,999,0,nonexistent,1.4,93.918,-42.7,4.963,5228.1
37,blue-collar,single,basic.6y,unknown,no,no,telephone,jun,thu,8,999,0,nonexistent,1.4,94.465,-41.8,4.866,5228.1
57,management,married,basic.9y,unknown,yes,no,telephone,may,wed,2,999,0,nonexistent,1.1,93.994,-36.4,4.858,5191.0
32,technician,divorced,high.school,no,yes,no,telephone,may,tue,1,999,0,nonexistent,1.1,93.994,-36.4,4.856,5191.0
24,blue-collar,single,basic.9y,no,yes,no,telephone,may,tue,4,999,0,nonexistent,1.1,93.994,-36.4,4.857,5191.0
34,blue-collar,married,basic.4y,no,no,yes,telephone,may,thu,1,999,0,nonexistent,1.1,93.994,-36.4,4.86,5191.0
38,blue-collar,married,basic.6y,unknown,yes,yes,telephone,may,mon,3,999,0,nonexistent,1.1,93.994,-36.4,4.858,5191.0
43,services,married,basic.9y,no,no,no,telephone,jun,thu,17,999,0,nonexistent,1.4,94.465,-41.8,4.866,5228.1
26,services,single,high.school,no,no,yes,cellular,jul,tue,12,999,0,nonexistent,1.4,93.918,-42.7,4.961,5228.1
42,self-employed,married,unknown,no,yes,no,cellular,jul,mon,2,999,0,nonexistent,1.4,93.918,-42.7,4.96,5228.1
54,services,married,high.school,unknown,no,no,telephone,jul,thu,1,999,0,nonexistent,1.4,93.918,-42.7,4.962,5228.1
43,entrepreneur,married,university.degree,no,no,yes,cellular,jul,fri,3,999,0,nonexistent,1.4,93.918,-42.7,4.962,5228.1
29,admin.,married,university.degree,no,no,yes,telephone,jun,thu,1,999,0,nonexistent,1.4,94.465,-41.8,4.961,5228.1
26,student,single,high.school,no,no,no,cellular,aug,wed,3,999,3,failure,-1.7,94.027,-38.3,0.894,4991.6
46,services,divorced,high.school,no,yes,no,cellular,jul,wed,1,999,0,nonexistent,1.4,93.918,-42.7,4.963,5228.1
48,housemaid,married,professional.course,no,no,no,cellular,jul,wed,3,6,1,success,-1.7,94.215,-40.3,0.896,4991.6
45,services,married,professional.course,no,unknown,unknown,cellular,aug,fri,3,999,0,nonexistent,1.4,93.444,-36.1,4.963,5228.1
31,admin.,single,university.degree,unknown,yes,no,cellular,aug,thu,1,999,0,nonexistent,1.4,93.444,-36.1,4.968,5228.1
36,blue-collar,married,basic.9y,no,no,no,cellular,jul,mon,1,999,0,nonexistent,1.4,93.918,-42.7,4.96,5228.1
52,services,divorced,high.school,unknown,no,no,cellular,nov,mon,1,999,0,nonexistent,-0.1,93.2,-42.0,4.191,5195.8
33,admin.,divorced,basic.9y,no,no,no,telephone,may,fri,1,999,0,nonexistent,1.1,93.994,-36.4,4.855,5191.0
57,blue-collar,divorced,unknown,unknown,no,no,telephone,jun,mon,1,999,0,nonexistent,1.4,94.465,-41.8,4.865,5228.1
39,blue-collar,married,basic.9y,no,yes,no,cellular,may,fri,6,999,0,nonexistent,-1.8,92.893,-46.2,1.25,5099.1
48,services,divorced,high.school,no,yes,yes,cellular,apr,mon,1,999,0,nonexistent,-1.8,93.075,-47.1,1.405,5099.1
37,admin.,married,university.degree,no,no,no,telephone,nov,wed,1,999,0,nonexistent,-0.1,93.2,-42.0,4.12,5195.8
50,retired,single,university.degree,no,no,no,cellular,nov,fri,5,999,1,failure,-0.1,93.2,-42.0,4.021,5195.8
54,blue-collar,divorced,basic.4y,unknown,yes,yes,cellular,jul,thu,1,999,0,nonexistent,1.4,93.918,-42.7,4.963,5228.1
57,technician,married,university.degree,no,no,no,cellular,apr,mon,2,999,0,nonexistent,-1.8,93.075,-47.1,1.405,5099.1
32,blue-collar,married,basic.9y,no,yes,yes,telephone,jun,mon,1,999,0,nonexistent,1.4,94.465,-41.8,4.96,5228.1
36,admin.,married,university.degree,no,no,yes,telephone,may,fri,3,999,0,nonexistent,-1.8,92.893,-46.2,1.313,5099.1
60,admin.,married,basic.9y,no,yes,no,cellular,aug,fri,2,999,0,nonexistent,1.4,93.444,-36.1,4.963,5228.1
34,technician,married,university.degree,no,no,no,telephone,may,thu,2,999,0,nonexistent,1.1,93.994,-36.4,4.86,5191.0
35,technician,married,basic.6y,no,no,no,telephone,may,wed,2,999,0,nonexistent,1.1,93.994,-36.4,4.856,5191.0
41,technician,single,university.degree,unknown,yes,no,telephone,jun,mon,4,999,0,nonexistent,1.4,94.465,-41.8,4.865,5228.1
39,unemployed,married,professional.course,no,yes,no,cellular,nov,mon,1,999,1,failure,-0.1,93.2,-42.0,4.191,5195.8
32,admin.,married,university.degree,no,no,no,cellular,may,thu,4,999,0,nonexistent,-1.8,92.893,-46.2,1.266,5099.1
44,admin.,single,basic.6y,unknown,no,no,telephone,jul,wed,7,999,0,nonexistent,1.4,93.918,-42.7,4.963,5228.1
31,blue-collar,married,basic.9y,no,yes,yes,telephone,may,wed,1,999,0,nonexistent,1.1,93.994,-36.4,4.859,5191.0
41,blue-collar,married,basic.4y,no,no,no,cellular,apr,thu,1,999,1,failure,-1.8,93.075,-47.1,1.41,5099.1
46,technician,married,unknown,no,no,no,cellular,apr,thu,1,999,0,nonexistent,-1.8,93.075,-47.1,1.365,5099.1
47,services,divorced,high.school,no,yes,no,telephone,may,mon,5,999,0,nonexistent,1.1,93.994,-36.4,4.857,5191.0
35,admin.,married,university.degree,no,yes,no,cellular,nov,wed,1,999,0,nonexistent,-0.1,93.2,-42.0,4.12,5195.8
56,blue-collar,divorced,basic.6y,unknown,no,no,telephone,jul,mon,3,999,0,nonexistent,1.4,93.918,-42.7,4.962,5228.1
35,blue-collar,married,basic.9y,no,yes,no,cellular,nov,fri,2,999,0,nonexistent,-0.1,93.2,-42.0,4.021,5195.8
53,technician,divorced,university.degree,no,yes,no,telephone,may,wed,1,999,0,nonexistent,1.1,93.994,-36.4,4.857,5191.0
37,technician,married,professional.course,no,no,yes,telephone,may,thu,1,999,0,nonexistent,1.1,93.994,-36.4,4.86,5191.0
36,admin.,single,high.school,no,no,no,telephone,jul,fri,2,999,0,nonexistent,1.4,93.918,-42.7,4.962,5228.1
58,management,married,basic.9y,no,yes,no,telephone,may,wed,5,999,0,nonexistent,1.1,93.994,-36.4,4.858,5191.0
20,student,single,unknown,no,yes,no,cellular,jun,wed,1,999,0,nonexistent,-2.9,92.963,-40.8,1.26,5076.2
51,admin.,divorced,university.degree,unknown,no,no,cellular,aug,fri,6,999,0,nonexistent,1.4,93.444,-36.1,4.963,5228.1
49,management,married,university.degree,no,yes,no,cellular,nov,tue,1,999,0,nonexistent,-0.1,93.2,-42.0,4.153,5195.8
43,services,divorced,professional.course,no,no,no,cellular,may,mon,6,999,1,failure,-1.8,92.893,-46.2,1.299,5099.1
34,blue-collar,married,basic.4y,no,no,no,cellular,nov,tue,2,999,0,nonexistent,-0.1,93.2,-42.0,4.153,5195.8
41,technician,married,professional.course,unknown,yes,no,telephone,may,tue,1,999,0,nonexistent,1.1,93.994,-36.4,4.856,5191.0
24,admin.,single,high.school,no,yes,no,cellular,apr,tue,1,999,1,failure,-1.8,93.075,-47.1,1.423,5099.1
28,blue-collar,single,high.school,no,yes,no,telephone,apr,thu,1,999,0,nonexistent,-1.8,93.075,-47.1,1.483,5099.1
24,admin.,single,university.degree,no,yes,no,cellular,aug,thu,1,999,0,nonexistent,-2.9,92.201,-31.4,0.851,5076.2
42,admin.,married,high.school,unknown,no,no,telephone,jun,tue,2,999,0,nonexistent,1.4,94.465,-41.8,4.961,5228.1
50,blue-collar,married,basic.4y,unknown,no,no,telephone,jun,thu,1,999,0,nonexistent,1.4,94.465,-41.8,4.958,5228.1
37,management,married,university.degree,unknown,no,no,cellular,aug,wed,2,999,0,nonexistent,1.4,93.444,-36.1,4.967,5228.1
39,services,divorced,high.school,unknown,yes,no,telephone,may,mon,1,999,0,nonexistent,1.1,93.994,-36.4,4.857,5191.0
34,management,married,university.degree,no,no,no,cellular,aug,thu,1,999,0,nonexistent,-2.9,92.201,-31.4,0.873,5076.2
38,admin.,married,high.school,unknown,no,no,cellular,jul,tue,1,999,0,nonexistent,1.4,93.918,-42.7,4.962,5228.1
29,technician,single,university.degree,no,yes,yes,telephone,jun,fri,2,999,0,nonexistent,1.4,94.465,-41.8,4.959,5228.1
35,technician,single,high.school,no,no,no,cellular,nov,wed,5,999,0,nonexistent,-0.1,93.2,-42.0,4.12,5195.8
54,services,married,unknown,no,no,no,telephone,may,fri,1,999,0,nonexistent,1.1,93.994,-36.4,4.864,5191.0
43,retired,married,basic.9y,no,yes,no,cellular,jul,tue,3,999,0,nonexistent,1.4,93.918,-42.7,4.961,5228.1
44,admin.,divorced,high.school,unknown,yes,no,telephone,may,wed,1,999,0,nonexistent,1.1,93.994,-36.4,4.856,5191.0
56,entrepreneur,married,university.degree,no,yes,no,cellular,apr,thu,1,999,0,nonexistent,-1.8,93.075,-47.1,1.365,5099.1
41,admin.,single,high.school,no,yes,no,telephone,may,tue,1,999,0,nonexistent,1.1,93.994,-36.4,4.856,5191.0
43,blue-collar,married,basic.9y,no,yes,no,cellular,may,thu,4,999,2,failure,-1.8,92.893,-46.2,1.327,5099.1
34,admin.,single,high.school,no,yes,no,telephone,may,wed,1,999,0,nonexistent,1.1,93.994,-36.4,4.856,5191.0
29,admin.,single,university.degree,no,yes,no,cellular,apr,mon,4,999,0,nonexistent,-1.8,93.749,-34.6,0.643,5008.7
45,services,married,high.school,unknown,no,no,cellular,jul,tue,1,999,0,nonexistent,1.4,93.918,-42.7,4.961,5228.1
38,blue-collar,divorced,unknown,no,yes,no,telephone,may,thu,2,999,0,nonexistent,1.1,93.994,-36.4,4.86,5191.0
25,services,single,high.school,no,yes,no,telephone,jul,thu,2,999,2,failure,-1.7,94.215,-40.3,0.81,4991.6
50,technician,married,professional.course,unknown,yes,no,telephone,may,thu,2,999,0,nonexistent,1.1,93.994,-36.4,4.855,5191.0
51,technician,married,professional.course,no,yes,no,cellular,aug,wed,2,999,0,nonexistent,1.4,93.444,-36.1,4.964,5228.1
46,blue-collar,married,high.school,no,no,no,cellular,may,tue,1,999,1,failure,-1.8,92.893,-46.2,1.344,5099.1
27,admin.,single,high.school,no,no,no,cellular,jul,tue,1,999,0,nonexistent,1.4,93.918,-42.7,4.962,5228.1
42,housemaid,married,high.school,no,yes,no,cellular,aug,tue,1,999,0,nonexistent,1.4,93.444,-36.1,4.965,5228.1
29,technician,single,professional.course,unknown,no,no,cellular,aug,mon,1,999,0,nonexistent,1.4,93.444,-36.1,4.965,5228.1
38,blue-collar,single,basic.9y,no,no,no,cellular,may,wed,2,999,1,failure,-1.8,92.893,-46.2,1.281,5099.1
34,housemaid,single,high.school,no,no,no,cellular,may,tue,7,999,1,failure,-1.8,92.893,-46.2,1.291,5099.1
38,entrepreneur,married,basic.9y,no,yes,no,cellular,jul,fri,2,999,0,nonexistent,1.4,93.918,-42.7,4.963,5228.1
29,blue-collar,single,basic.4y,unknown,yes,no,telephone,may,thu,3,999,0,nonexistent,-1.8,92.893,-46.2,1.266,5099.1
34,technician,married,professional.course,no,no,no,cellular,jun,thu,1,999,0,nonexistent,-2.9,92.963,-40.8,1.26,5076.2
41,admin.,married,university.degree,no,yes,no,cellular,aug,thu,10,999,0,nonexistent,1.4,93.444,-36.1,4.962,5228.1
44,services,married,high.school,no,yes,no,telephone,jun,thu,3,999,0,nonexistent,1.4,94.465,-41.8,4.958,5228.1
25,technician,single,professional.course,no,yes,no,cellular,jul,thu,5,999,0,nonexistent,1.4,93.918,-42.7,4.958,5228.1
48,housemaid,married,basic.4y,unknown,yes,yes,cellular,aug,tue,4,999,0,nonexistent,1.4,93.444,-36.1,4.968,5228.1
50,entrepreneur,married,basic.9y,unknown,no,no,cellular,jul,mon,2,999,0,nonexistent,1.4,93.918,-42.7,4.96,5228.1
32,technician,single,high.school,no,yes,no,cellular,aug,mon,3,999,0,nonexistent,1.4,93.444,-36.1,4.965,5228.1
34,admin.,married,university.degree,no,no,no,telephone,may,fri,2,999,0,nonexistent,1.1,93.994,-36.4,4.864,5191.0
37,housemaid,divorced,basic.9y,unknown,yes,no,telephone,may,mon,2,999,0,nonexistent,-1.8,92.893,-46.2,1.299,5099.1
38,technician,single,university.degree,no,no,no,telephone,may,wed,3,999,0,nonexistent,1.1,93.994,-36.4,4.859,5191.0
29,admin.,single,university.degree,no,yes,no,telephone,apr,tue,3,999,0,nonexistent,-1.8,93.075,-47.1,1.423,5099.1
32,admin.,single,high.school,no,yes,no,telephone,may,tue,4,999,0,nonexistent,1.1,93.994,-36.4,4.857,5191.0
46,management,married,university.degree,no,yes,no,cellular,may,thu,2,999,0,nonexistent,-1.8,92.893,-46.2,1.327,5099.1
34,self-employed,single,university.degree,no,no,no,cellular,jul,wed,1,999,0,nonexistent,1.4,93.918,-42.7,4.963,5228.1
32,housemaid,married,basic.4y,no,no,no,telephone,may,wed,2,999,0,nonexistent,1.1,93.994,-36.4,4.856,5191.0
34,blue-collar,married,basic.6y,no,no,no,cellular,may,thu,3,999,0,nonexistent,-1.8,92.893,-46.2,1.266,5099.1
58,self-employed,married,basic.6y,unknown,yes,no,cellular,aug,thu,5,999,0,nonexistent,1.4,93.444,-36.1,4.962,5228.1
41,self-employed,married,basic.9y,no,no,no,cellular,jul,fri,2,999,0,nonexistent,1.4,93.918,-42.7,4.963,5228.1
44,admin.,single,university.degree,no,no,no,cellular,aug,fri,1,999,0,nonexistent,1.4,93.444,-36.1,4.966,5228.1
31,unemployed,married,high.school,yes,no,no,cellular,nov,tue,2,999,1,failure,-0.1,93.2,-42.0,4.153,5195.8
56,housemaid,divorced,basic.4y,unknown,yes,no,telephone,jun,tue,5,999,0,nonexistent,1.4,94.465,-41.8,4.961,5228.1
56,retired,married,basic.4y,no,yes,no,telephone,jun,mon,1,999,0,nonexistent,1.4,94.465,-41.8,4.961,5228.1
28,blue-collar,single,university.degree,unknown,no,no,cellular,may,wed,2,999,0,nonexistent,-1.8,92.893,-46.2,1.281,5099.1
33,services,single,high.school,no,yes,no,telephone,jun,thu,5,999,0,nonexistent,1.4,94.465,-41.8,4.961,5228.1
66,retired,married,professional.course,no,no,no,cellular,mar,tue,1,999,0,nonexistent,-1.8,93.369,-34.8,0.655,5008.7
44,admin.,married,university.degree,unknown,no,no,cellular,nov,fri,4,999,0,nonexistent,-0.1,93.2,-42.0,4.021,5195.8
51,admin.,divorced,high.school,no,yes,yes,cellular,nov,tue,2,6,4,failure,-1.1,94.767,-50.8,1.049,4963.6
40,admin.,single,high.school,no,yes,no,telephone,nov,thu,2,999,0,nonexistent,-0.1,93.2,-42.0,4.076,5195.8
37,blue-collar,married,basic.4y,unknown,unknown,unknown,telephone,may,wed,2,999,0,nonexistent,1.1,93.994,-36.4,4.856,5191.0
27,student,single,high.school,no,no,no,telephone,oct,tue,1,999,0,nonexistent,-1.1,94.601,-49.5,0.982,4963.6
52,management,married,university.degree,no,no,no,cellular,may,fri,2,9,1,success,-1.8,93.876,-40.0,0.684,5008.7
28,blue-collar,single,basic.9y,no,no,no,cellular,apr,mon,1,999,0,nonexistent,-1.8,93.075,-47.1,1.392,5099.1
38,management,single,university.degree,no,yes,no,telephone,jun,thu,3,999,0,nonexistent,1.4,94.465,-41.8,4.958,5228.1
31,admin.,married,university.degree,no,yes,yes,cellular,nov,tue,1,999,0,nonexistent,-0.1,93.2,-42.0,4.153,5195.8
37,technician,married,professional.course,no,yes,no,telephone,nov,tue,1,999,0,nonexistent,-0.1,93.2,-42.0,4.153,5195.8
26,blue-collar,single,high.school,no,yes,no,cellular,jul,fri,1,999,0,nonexistent,1.4,93.918,-42.7,4.957,5228.1
32,technician,married,university.degree,no,yes,no,cellular,aug,tue,2,999,0,nonexistent,1.4,93.444,-36.1,4.966,5228.1
25,admin.,single,high.school,no,no,yes,cellular,jul,tue,2,999,0,nonexistent,1.4,93.918,-42.7,4.962,5228.1
31,admin.,divorced,high.school,no,no,no,telephone,jun,fri,3,999,0,nonexistent,1.4,94.465,-41.8,4.959,5228.1
32,admin.,married,university.degree,no,yes,no,telephone,may,thu,1,999,0,nonexistent,1.1,93.994,-36.4,4.86,5191.0
45,blue-collar,married,basic.9y,no,no,no,cellular,nov,fri,2,999,1,failure,-0.1,93.2,-42.0,4.021,5195.8
33,blue-collar,married,basic.9y,unknown,yes,no,telephone,may,tue,2,999,1,failure,-1.8,92.893,-46.2,1.344,5099.1
39,blue-collar,married,basic.6y,no,no,no,cellular,apr,fri,2,999,0,nonexistent,-1.8,93.075,-47.1,1.479,5099.1
29,services,married,high.school,no,yes,no,telephone,jun,thu,2,999,0,nonexistent,1.4,94.465,-41.8,4.958,5228.1
35,technician,married,high.school,no,no,no,cellular,aug,tue,1,999,0,nonexistent,1.4,93.444,-36.1,4.966,5228.1
48,admin.,married,high.school,no,no,yes,cellular,aug,mon,6,999,0,nonexistent,1.4,93.444,-36.1,4.965,5228.1
53,blue-collar,divorced,basic.4y,unknown,yes,no,telephone,may,fri,1,999,0,nonexistent,1.1,93.994,-36.4,4.857,5191.0
33,admin.,married,university.degree,no,yes,no,cellular,may,fri,2,999,3,failure,-1.8,93.876,-40.0,0.699,5008.7
26,blue-collar,married,basic.9y,no,no,yes,telephone,jul,fri,2,999,0,nonexistent,1.4,93.918,-42.7,4.957,5228.1
36,entrepreneur,married,basic.6y,unknown,no,no,telephone,jun,wed,5,999,0,nonexistent,1.4,94.465,-41.8,4.864,5228.1
30,technician,single,university.degree,unknown,no,no,telephone,may,wed,4,999,0,nonexistent,1.1,93.994,-36.4,4.857,5191.0
42,services,single,high.school,no,no,no,cellular,apr,fri,3,999,1,failure,-1.8,93.075,-47.1,1.405,5099.1
31,services,married,high.school,no,yes,no,cellular,may,mon,2,999,0,nonexistent,-1.8,92.893,-46.2,1.244,5099.1
34,blue-collar,single,basic.6y,unknown,yes,no,telephone,may,mon,1,999,0,nonexistent,1.1,93.994,-36.4,4.857,5191.0
31,management,single,university.degree,no,yes,no,telephone,may,wed,1,999,0,nonexistent,1.1,93.994,-36.4,4.856,5191.0
35,admin.,married,university.degree,no,unknown,unknown,telephone,may,tue,3,999,0,nonexistent,1.1,93.994,-36.4,4.857,5191.0
30,admin.,married,university.degree,no,no,no,cellular,apr,thu,3,999,0,nonexistent,-1.8,93.075,-47.1,1.483,5099.1
33,blue-collar,married,basic.6y,no,yes,no,telephone,may,wed,1,999,0,nonexistent,1.1,93.994,-36.4,4.857,5191.0
50,management,divorced,university.degree,no,no,no,cellular,jul,mon,2,999,0,nonexistent,1.4,93.918,-42.7,4.962,5228.1
54,admin.,divorced,professional.course,no,yes,no,cellular,may,tue,1,999,1,failure,-1.8,92.893,-46.2,1.266,5099.1
33,services,single,basic.6y,no,unknown,unknown,telephone,jun,wed,4,999,0,nonexistent,1.4,94.465,-41.8,4.959,5228.1
42,services,single,unknown,unknown,yes,no,telephone,jul,tue,7,999,0,nonexistent,1.4,93.918,-42.7,4.961,5228.1
41,blue-collar,married,basic.9y,no,no,no,telephone,may,tue,1,999,0,nonexistent,1.1,93.994,-36.4,4.856,5191.0
30,admin.,single,university.degree,no,no,no,cellular,nov,thu,2,999,0,nonexistent,-0.1,93.2,-42.0,4.076,5195.8
41,technician,married,university.degree,no,yes,no,cellular,aug,thu,2,999,0,nonexistent,1.4,93.444,-36.1,4.964,5228.1
36,blue-collar,married,basic.4y,unknown,yes,no,telephone,may,fri,2,999,0,nonexistent,1.1,93.994,-36.4,4.864,5191.0
33,self-employed,single,university.degree,no,no,no,telephone,jun,thu,1,999,0,nonexistent,1.4,94.465,-41.8,4.961,5228.1
30,technician,single,professional.course,no,no,no,cellular,aug,mon,3,999,0,nonexistent,1.4,93.444,-36.1,4.965,5228.1
49,management,married,university.degree,unknown,yes,no,cellular,jul,mon,1,999,0,nonexistent,1.4,93.918,-42.7,4.96,5228.1
40,blue-collar,married,professional.course,no,no,no,cellular,jul,mon,2,999,0,nonexistent,1.4,93.918,-42.7,4.962,5228.1
39,housemaid,married,basic.4y,no,no,no,cellular,aug,thu,1,999,0,nonexistent,1.4,93.444,-36.1,4.963,5228.1
44,blue-collar,married,basic.6y,no,yes,no,cellular,may,wed,1,999,0,nonexistent,-1.8,92.893,-46.2,1.334,5099.1
42,admin.,single,university.degree,no,yes,yes,cellular,jul,wed,1,999,0,nonexistent,-2.9,92.469,-33.6,1.029,5076.2
33,blue-collar,married,basic.4y,unknown,no,no,cellular,nov,thu,1,999,0,nonexistent,-0.1,93.2,-42.0,4.076,5195.8
35,unemployed,divorced,high.school,unknown,yes,no,telephone,jun,mon,1,999,0,nonexistent,1.4,94.465,-41.8,4.961,5228.1
53,admin.,married,university.degree,unknown,yes,no,telephone,may,fri,2,999,0,nonexistent,1.1,93.994,-36.4,4.855,5191.0
33,blue-collar,married,basic.4y,no,no,no,cellular,may,tue,4,999,0,nonexistent,-1.8,92.893,-46.2,1.291,5099.1
27,admin.,single,university.degree,no,yes,yes,cellular,sep,wed,1,999,0,nonexistent,-3.4,92.379,-29.8,0.781,5017.5
32,technician,married,professional.course,unknown,no,no,cellular,aug,thu,1,999,0,nonexistent,1.4,93.444,-36.1,4.963,5228.1
27,blue-collar,married,basic.9y,no,yes,no,telephone,may,tue,3,999,0,nonexistent,1.1,93.994,-36.4,4.856,5191.0
39,entrepreneur,married,high.school,no,no,no,telephone,jun,wed,1,999,0,nonexistent,1.4,94.465,-41.8,4.959,5228.1
28,blue-collar,married,basic.9y,no,yes,no,cellular,may,tue,1,999,0,nonexistent,-1.8,92.893,-46.2,1.266,5099.1
28,blue-collar,married,basic.9y,no,no,no,telephone,jul,tue,8,999,0,nonexistent,1.4,93.918,-42.7,4.961,5228.1
30,admin.,single,basic.9y,no,no,no,cellular,may,tue,1,999,0,nonexistent,-1.8,92.893,-46.2,1.291,5099.1
34,blue-collar,single,basic.6y,no,no,no,cellular,may,mon,2,999,0,nonexistent,-1.8,92.893,-46.2,1.299,5099.1
54,services,married,basic.4y,unknown,yes,no,telephone,may,mon,7,999,0,nonexistent,1.1,93.994,-36.4,4.857,5191.0
35,management,divorced,university.degree,no,yes,yes,cellular,jun,tue,2,12,2,success,-1.7,94.055,-39.8,0.723,4991.6
57,blue-collar,married,basic.9y,unknown,no,no,cellular,jul,fri,1,999,0,nonexistent,1.4,93.918,-42.7,4.957,5228.1
44,technician,single,professional.course,unknown,no,no,telephone,may,mon,6,999,0,nonexistent,1.1,93.994,-36.4,4.858,5191.0
28,admin.,single,university.degree,no,yes,no,cellular,jul,fri,2,999,0,nonexistent,1.4,93.918,-42.7,4.963,5228.1
24,services,single,high.school,no,yes,no,telephone,may,fri,1,999,0,nonexistent,1.1,93.994,-36.4,4.855,5191.0
37,admin.,single,university.degree,unknown,yes,no,telephone,jun,thu,3,999,0,nonexistent,1.4,94.465,-41.8,4.955,5228.1
25,unemployed,married,high.school,no,no,no,cellular,jun,thu,2,999,0,nonexistent,-2.9,92.963,-40.8,1.26,5076.2
31,admin.,single,university.degree,no,yes,no,cellular,apr,thu,1,999,0,nonexistent,-1.8,93.075,-47.1,1.365,5099.1
43,management,married,unknown,no,no,no,telephone,may,fri,2,999,0,nonexistent,1.1,93.994,-36.4,4.864,5191.0
51,management,married,university.degree,unknown,no,no,cellular,jul,thu,2,999,0,nonexistent,1.4,93.918,-42.7,4.962,5228.1
50,technician,married,unknown,no,no,no,cellular,may,tue,1,999,0,nonexistent,-1.8,92.893,-46.2,1.344,5099.1
37,technician,married,professional.course,no,no,no,telephone,jul,thu,32,999,0,nonexistent,1.4,93.918,-42.7,4.968,5228.1
23,student,single,high.school,no,yes,no,cellular,may,wed,1,999,0,nonexistent,-1.8,92.893,-46.2,1.281,5099.1
35,admin.,single,university.degree,no,yes,yes,telephone,may,tue,2,999,0,nonexistent,1.1,93.994,-36.4,4.856,5191.0
34,services,divorced,high.school,no,yes,yes,cellular,may,fri,2,999,0,nonexistent,-1.8,92.893,-46.2,1.25,5099.1
39,self-employed,married,basic.4y,unknown,no,no,telephone,may,wed,2,999,0,nonexistent,1.1,93.994,-36.4,4.858,5191.0
54,blue-collar,married,basic.9y,no,no,no,cellular,may,thu,3,999,0,nonexistent,-1.8,92.893,-46.2,1.266,5099.1
38,technician,married,high.school,no,no,no,cellular,aug,tue,1,999,0,nonexistent,1.4,93.444,-36.1,4.966,5228.1
53,management,married,university.degree,no,yes,no,telephone,jul,fri,1,999,0,nonexistent,1.4,93.918,-42.7,4.962,5228.1
28,blue-collar,single,basic.9y,no,no,yes,telephone,may,fri,4,999,0,nonexistent,1.1,93.994,-36.4,4.859,5191.0
34,student,single,unknown,no,yes,no,cellular,nov,thu,1,999,2,failure,-1.1,94.767,-50.8,1.031,4963.6
33,services,single,basic.6y,unknown,yes,no,telephone,may,wed,1,999,0,nonexistent,1.1,93.994,-36.4,4.859,5191.0
36,services,married,high.school,no,no,no,telephone,may,tue,2,999,0,nonexistent,1.1,93.994,-36.4,4.856,5191.0
38,technician,married,university.degree,unknown,yes,no,telephone,may,fri,4,999,0,nonexistent,1.1,93.994,-36.4,4.859,5191.0
34,management,married,university.degree,no,yes,yes,telephone,jun,wed,1,999,0,nonexistent,-2.9,92.963,-40.8,1.26,5076.2
49,admin.,married,high.school,no,no,no,cellular,aug,fri,1,999,0,nonexistent,1.4,93.444,-36.1,4.966,5228.1
55,technician,married,university.degree,no,yes,yes,cellular,may,thu,2,999,1,failure,-1.8,92.893,-46.2,1.327,5099.1
41,admin.,married,high.school,no,unknown,unknown,telephone,jun,mon,2,999,0,nonexistent,1.4,94.465,-41.8,4.865,5228.1
37,technician,divorced,basic.9y,no,yes,no,cellular,apr,mon,1,999,1,failure,-1.8,93.075,-47.1,1.466,5099.1
46,services,married,basic.6y,no,yes,no,cellular,aug,fri,5,999,0,nonexistent,1.4,93.444,-36.1,4.966,5228.1
29,student,single,high.school,no,no,yes,telephone,may,mon,1,999,0,nonexistent,1.1,93.994,-36.4,4.857,5191.0
48,blue-collar,married,basic.4y,no,no,yes,cellular,may,thu,2,1,1,success,-1.8,92.893,-46.2,1.327,5099.1
34,admin.,single,university.degree,no,yes,yes,cellular,mar,tue,1,3,2,success,-1.8,93.369,-34.8,0.652,5008.7
44,blue-collar,single,high.school,no,no,yes,telephone,may,mon,1,999,0,nonexistent,1.1,93.994,-36.4,4.857,5191.0
35,services,married,high.school,no,no,no,telephone,may,fri,5,999,0,nonexistent,1.1,93.994,-36.4,4.857,5191.0
40,blue-collar,married,high.school,no,no,yes,telephone,may,mon,1,999,0,nonexistent,1.1,93.994,-36.4,4.857,5191.0
31,blue-collar,divorced,basic.9y,no,yes,no,telephone,jun,thu,2,999,0,nonexistent,1.4,94.465,-41.8,4.866,5228.1
57,blue-collar,married,basic.6y,unknown,yes,no,cellular,jul,wed,4,999,0,nonexistent,1.4,93.918,-42.7,4.963,5228.1
52,technician,married,professional.course,no,yes,no,cellular,aug,thu,3,999,0,nonexistent,1.4,93.444,-36.1,4.968,5228.1
57,self-employed,married,university.degree,unknown,yes,no,cellular,aug,mon,2,999,0,nonexistent,1.4,93.444,-36.1,4.965,5228.1
57,admin.,married,high.school,no,no,no,telephone,jul,thu,9,999,0,nonexistent,1.4,93.918,-42.7,4.958,5228.1
38,technician,married,professional.course,unknown,no,no,cellular,apr,fri,1,999,2,failure,-1.8,93.075,-47.1,1.405,5099.1
57,admin.,married,university.degree,unknown,no,no,cellular,aug,wed,5,999,0,nonexistent,1.4,93.444,-36.1,4.964,5228.1
33,admin.,married,university.degree,no,yes,no,telephone,nov,fri,3,999,1,failure,-0.1,93.2,-42.0,4.021,5195.8
41,blue-collar,divorced,basic.6y,no,yes,no,telephone,jun,mon,1,999,0,nonexistent,1.4,94.465,-41.8,4.961,5228.1
33,blue-collar,married,high.school,no,yes,no,cellular,jun,mon,2,999,0,nonexistent,-2.9,92.963,-40.8,1.281,5076.2
30,blue-collar,married,unknown,no,no,no,telephone,may,fri,2,999,0,nonexistent,1.1,93.994,-36.4,4.864,5191.0
41,admin.,married,high.school,no,no,yes,cellular,jul,mon,4,999,0,nonexistent,1.4,93.918,-42.7,4.96,5228.1
35,blue-collar,married,basic.4y,no,yes,no,telephone,may,fri,3,999,0,nonexistent,1.1,93.994,-36.4,4.859,5191.0
34,admin.,married,high.school,no,yes,no,cellular,may,tue,3,999,0,nonexistent,-1.8,92.893,-46.2,1.291,5099.1
63,retired,married,unknown,no,yes,yes,cellular,sep,tue,1,999,1,failure,-3.4,92.379,-29.8,0.788,5017.5
30,housemaid,married,high.school,unknown,no,no,telephone,may,thu,1,999,0,nonexistent,1.1,93.994,-36.4,4.855,5191.0
53,blue-collar,married,basic.4y,no,no,yes,telephone,jun,fri,22,999,0,nonexistent,1.4,94.465,-41.8,4.959,5228.1
29,services,single,university.degree,no,yes,yes,telephone,may,fri,1,999,0,nonexistent,1.1,93.994,-36.4,4.857,5191.0
25,blue-collar,married,professional.course,unknown,no,no,telephone,may,fri,2,999,0,nonexistent,1.1,93.994,-36.4,4.855,5191.0
32,admin.,married,high.school,no,no,no,cellular,nov,tue,3,999,0,nonexistent,-0.1,93.2,-42.0,4.153,5195.8
45,services,married,high.school,no,yes,yes,cellular,may,thu,3,999,0,nonexistent,-1.8,92.893,-46.2,1.27,5099.1
55,retired,married,high.school,no,yes,no,cellular,may,tue,1,999,0,nonexistent,-1.8,92.893,-46.2,1.266,5099.1
26,technician,single,professional.course,no,yes,no,cellular,jun,tue,2,3,1,success,-2.9,92.963,-40.8,1.262,5076.2
31,admin.,divorced,university.degree,no,yes,yes,cellular,mar,mon,2,999,1,failure,-1.8,92.843,-50.0,1.56,5099.1
47,blue-collar,divorced,basic.9y,no,no,yes,telephone,may,fri,1,999,0,nonexistent,1.1,93.994,-36.4,4.857,5191.0
54,admin.,married,university.degree,no,no,yes,cellular,nov,tue,4,999,0,nonexistent,-0.1,93.2,-42.0,4.153,5195.8
29,technician,single,unknown,no,no,no,cellular,apr,mon,2,999,0,nonexistent,-1.8,93.075,-47.1,1.405,5099.1
35,unemployed,married,university.degree,no,no,no,cellular,may,wed,2,999,0,nonexistent,-1.8,92.893,-46.2,1.27,5099.1
37,admin.,single,high.school,no,no,no,cellular,apr,thu,1,999,1,failure,-1.8,93.075,-47.1,1.41,5099.1
51,housemaid,divorced,high.school,no,yes,yes,cellular,jul,thu,1,999,0,nonexistent,1.4,93.918,-42.7,4.962,5228.1
38,services,divorced,high.school,no,yes,no,cellular,may,fri,2,999,1,failure,-1.8,92.893,-46.2,1.25,5099.1
24,student,single,university.degree,unknown,yes,no,cellular,jul,thu,3,999,0,nonexistent,1.4,93.918,-42.7,4.958,5228.1
47,technician,married,professional.course,no,no,no,telephone,jun,thu,1,999,0,nonexistent,1.4,94.465,-41.8,4.866,5228.1
31,services,married,basic.9y,no,no,no,cellular,apr,mon,2,999,0,nonexistent,-1.8,93.075,-47.1,1.405,5099.1
30,technician,married,basic.9y,no,yes,no,cellular,may,thu,4,999,0,nonexistent,-1.8,92.893,-46.2,1.266,5099.1
36,blue-collar,married,basic.6y,unknown,no,no,telephone,may,fri,4,999,0,nonexistent,1.1,93.994,-36.4,4.855,5191.0
36,technician,married,professional.course,no,no,no,cellular,jul,wed,2,999,0,nonexistent,1.4,93.918,-42.7,4.963,5228.1
36,blue-collar,married,unknown,unknown,yes,no,telephone,may,fri,4,999,0,nonexistent,1.1,93.994,-36.4,4.864,5191.0
32,technician,married,professional.course,no,no,no,telephone,may,thu,1,999,0,nonexistent,1.1,93.994,-36.4,4.86,5191.0
30,services,single,high.school,no,yes,no,cellular,jul,fri,2,999,0,nonexistent,1.4,93.918,-42.7,4.963,5228.1
39,technician,single,professional.course,no,yes,no,cellular,nov,tue,1,999,0,nonexistent,-0.1,93.2,-42.0,4.153,5195.8
47,admin.,married,university.degree,no,yes,no,cellular,aug,wed,3,999,0,nonexistent,1.4,93.444,-36.1,4.964,5228.1
51,blue-collar,married,basic.9y,unknown,no,no,cellular,aug,fri,1,999,0,nonexistent,1.4,93.444,-36.1,4.963,5228.1
41,management,married,high.school,no,yes,no,cellular,jul,tue,3,999,0,nonexistent,1.4,93.918,-42.7,4.961,5228.1
40,admin.,married,university.degree,no,yes,no,cellular,jul,tue,1,999,0,nonexistent,-2.9,92.469,-33.6,1.044,5076.2
34,technician,divorced,university.degree,no,yes,no,cellular,nov,fri,1,999,0,nonexistent,-0.1,93.2,-42.0,4.021,5195.8
42,housemaid,married,high.school,no,no,no,telephone,may,tue,2,999,0,nonexistent,1.1,93.994,-36.4,4.856,5191.0
34,admin.,married,university.degree,no,no,no,telephone,jun,fri,2,999,0,nonexistent,1.4,94.465,-41.8,4.967,5228.1
38,blue-collar,single,basic.4y,unknown,no,no,telephone,may,tue,1,999,0,nonexistent,1.1,93.994,-36.4,4.857,5191.0
34,self-employed,single,university.degree,no,yes,no,telephone,jun,fri,2,999,0,nonexistent,1.4,94.465,-41.8,4.959,5228.1
33,blue-collar,single,basic.9y,no,yes,yes,cellular,may,thu,2,999,1,failure,-1.8,92.893,-46.2,1.327,5099.1
53,retired,divorced,basic.4y,unknown,no,yes,cellular,jul,tue,3,999,0,nonexistent,1.4,93.918,-42.7,4.961,5228.1
55,technician,single,university.degree,unknown,yes,no,telephone,may,fri,1,999,0,nonexistent,1.1,93.994,-36.4,4.857,5191.0
35,admin.,single,university.degree,no,yes,no,telephone,may,tue,3,999,0,nonexistent,-1.8,92.893,-46.2,1.344,5099.1
42,technician,married,basic.9y,no,no,no,telephone,may,tue,1,999,0,nonexistent,1.1,93.994,-36.4,4.857,5191.0
55,management,married,basic.9y,no,yes,no,telephone,jul,fri,3,999,0,nonexistent,1.4,93.918,-42.7,4.962,5228.1
36,admin.,single,university.degree,no,yes,no,cellular,jul,thu,8,999,0,nonexistent,1.4,93.918,-42.7,4.968,5228.1
53,blue-collar,married,basic.9y,no,yes,no,cellular,jul,tue,3,999,0,nonexistent,1.4,93.918,-42.7,4.961,5228.1
47,entrepreneur,married,university.degree,no,no,no,cellular,may,fri,2,999,0,nonexistent,-1.8,92.893,-46.2,1.25,5099.1
29,self-employed,married,university.degree,no,yes,no,cellular,mar,wed,3,999,0,nonexistent,-1.8,92.843,-50.0,1.663,5099.1
33,technician,single,professional.course,no,yes,no,cellular,mar,tue,1,999,0,nonexistent,-1.8,93.369,-34.8,0.646,5008.7
49,admin.,married,university.degree,no,yes,no,cellular,apr,mon,6,999,1,failure,-1.8,93.075,-47.1,1.405,5099.1
46,blue-collar,single,basic.6y,unknown,yes,no,cellular,jul,mon,1,999,0,nonexistent,1.4,93.918,-42.7,4.96,5228.1
42,entrepreneur,married,professional.course,no,yes,no,cellular,jul,thu,7,999,0,nonexistent,1.4,93.918,-42.7,4.968,5228.1
44,management,divorced,basic.9y,unknown,no,no,telephone,may,mon,1,999,0,nonexistent,1.1,93.994,-36.4,4.857,5191.0
58,entrepreneur,married,basic.4y,no,yes,no,telephone,jun,fri,3,999,0,nonexistent,1.4,94.465,-41.8,4.959,5228.1
33,admin.,divorced,high.school,no,yes,no,cellular,jul,mon,2,999,0,nonexistent,1.4,93.918,-42.7,4.96,5228.1
41,technician,single,professional.course,no,no,no,cellular,aug,tue,1,999,0,nonexistent,1.4,93.444,-36.1,4.968,5228.1
31,admin.,married,university.degree,no,yes,no,cellular,aug,thu,1,999,0,nonexistent,1.4,93.444,-36.1,4.962,5228.1
60,admin.,married,high.school,no,no,yes,telephone,may,mon,2,999,0,nonexistent,-1.8,92.893,-46.2,1.264,5099.1
33,technician,single,professional.course,no,no,yes,cellular,jul,tue,2,999,0,nonexistent,1.4,93.918,-42.7,4.961,5228.1
29,blue-collar,married,basic.9y,no,yes,no,cellular,may,fri,1,999,0,nonexistent,-1.8,92.893,-46.2,1.313,5099.1
58,technician,married,basic.9y,no,yes,no,cellular,aug,mon,1,999,0,nonexistent,-1.7,94.027,-38.3,0.904,4991.6
32,blue-collar,divorced,basic.4y,unknown,no,no,telephone,jun,mon,2,999,0,nonexistent,1.4,94.465,-41.8,4.865,5228.1
30,blue-collar,married,basic.6y,no,yes,no,telephone,may,mon,3,999,0,nonexistent,-1.8,92.893,-46.2,1.299,5099.1
26,blue-collar,married,basic.9y,no,no,no,telephone,jun,wed,1,999,0,nonexistent,1.4,94.465,-41.8,4.864,5228.1
30,admin.,single,high.school,no,no,yes,telephone,may,thu,4,999,0,nonexistent,1.1,93.994,-36.4,4.86,5191.0
29,services,married,high.school,no,yes,no,cellular,may,tue,2,999,0,nonexistent,-1.8,92.893,-46.2,1.291,5099.1
39,admin.,married,high.school,no,yes,no,telephone,jun,thu,2,999,0,nonexistent,1.4,94.465,-41.8,4.866,5228.1
44,admin.,married,high.school,no,no,no,cellular,aug,mon,1,999,0,nonexistent,1.4,93.444,-36.1,4.965,5228.1
40,blue-collar,married,unknown,no,no,no,telephone,may,mon,2,999,0,nonexistent,1.1,93.994,-36.4,4.857,5191.0
31,blue-collar,married,basic.4y,unknown,yes,no,cellular,jul,wed,1,999,0,nonexistent,1.4,93.918,-42.7,4.963,5228.1
38,student,single,university.degree,no,no,no,telephone,jun,mon,4,999,0,nonexistent,1.4,94.465,-41.8,4.865,5228.1
47,services,married,high.school,no,no,yes,cellular,may,fri,2,999,2,failure,-1.8,92.893,-46.2,1.313,5099.1
41,blue-collar,married,basic.9y,unknown,no,no,telephone,jun,fri,2,999,0,nonexistent,1.4,94.465,-41.8,4.959,5228.1
48,admin.,married,university.degree,no,no,no,cellular,dec,mon,2,999,0,nonexistent,-3.0,92.713,-33.0,0.717,5023.5
28,unknown,single,basic.9y,unknown,yes,no,telephone,may,wed,2,999,0,nonexistent,1.1,93.994,-36.4,4.856,5191.0
34,admin.,married,university.degree,unknown,yes,no,cellular,aug,tue,1,999,0,nonexistent,1.4,93.444,-36.1,4.968,5228.1
38,technician,married,professional.course,no,yes,no,cellular,mar,fri,2,10,1,success,-1.8,92.843,-50.0,1.726,5099.1
32,technician,married,professional.course,no,no,no,cellular,jul,mon,2,999,0,nonexistent,1.4,93.918,-42.7,4.96,5228.1
58,retired,married,unknown,unknown,yes,no,telephone,jul,mon,1,999,0,nonexistent,1.4,93.918,-42.7,4.962,5228.1
29,admin.,married,university.degree,no,yes,no,cellular,jul,mon,3,999,0,nonexistent,-1.7,94.215,-40.3,0.87,4991.6
59,retired,married,basic.9y,no,yes,no,cellular,aug,mon,1,999,0,nonexistent,1.4,93.444,-36.1,4.965,5228.1
28,admin.,single,university.degree,no,yes,no,cellular,jun,mon,1,999,0,nonexistent,-2.9,92.963,-40.8,1.266,5076.2
39,blue-collar,married,high.school,no,no,yes,cellular,may,fri,1,999,1,failure,-1.8,92.893,-46.2,1.313,5099.1
55,retired,married,basic.9y,unknown,unknown,unknown,cellular,jul,wed,1,999,0,nonexistent,1.4,93.918,-42.7,4.962,5228.1
46,services,married,unknown,no,no,no,cellular,aug,fri,1,999,0,nonexistent,1.4,93.444,-36.1,4.964,5228.1
27,technician,single,professional.course,no,no,no,cellular,jul,thu,1,999,0,nonexistent,1.4,93.918,-42.7,4.958,5228.1
36,blue-collar,married,unknown,no,no,no,cellular,may,thu,4,999,1,failure,-1.8,92.893,-46.2,1.327,5099.1
32,technician,married,university.degree,no,yes,no,cellular,aug,mon,1,999,0,nonexistent,1.4,93.444,-36.1,4.97,5228.1
38,admin.,married,high.school,no,yes,no,telephone,may,thu,2,999,0,nonexistent,1.1,93.994,-36.4,4.855,5191.0
41,blue-collar,married,basic.4y,unknown,no,no,telephone,may,mon,5,999,0,nonexistent,1.1,93.994,-36.4,4.858,5191.0
39,technician,married,professional.course,no,no,no,telephone,may,wed,2,999,0,nonexistent,1.1,93.994,-36.4,4.859,5191.0
41,blue-collar,married,basic.9y,no,no,no,telephone,jun,mon,3,999,0,nonexistent,1.4,94.465,-41.8,4.865,5228.1
40,admin.,married,university.degree,no,no,no,cellular,nov,thu,1,999,0,nonexistent,-3.4,92.649,-30.1,0.714,5017.5
36,technician,married,professional.course,unknown,yes,no,cellular,aug,fri,2,999,0,nonexistent,1.4,93.444,-36.1,4.964,5228.1
40,services,married,basic.9y,no,no,no,cellular,jul,thu,1,999,0,nonexistent,1.4,93.918,-42.7,4.958,5228.1
32,technician,single,university.degree,no,yes,no,cellular,aug,thu,2,999,0,nonexistent,1.4,93.444,-36.1,4.964,5228.1
30,services,married,high.school,no,yes,no,cellular,nov,wed,4,999,1,failure,-0.1,93.2,-42.0,4.12,5195.8
46,admin.,married,professional.course,no,no,no,cellular,apr,fri,1,999,1,failure,-1.8,93.075,-47.1,1.405,5099.1
43,blue-collar,married,basic.4y,no,yes,no,cellular,may,thu,3,999,0,nonexistent,-1.8,92.893,-46.2,1.266,5099.1
56,services,married,high.school,no,no,no,cellular,aug,fri,2,999,0,nonexistent,1.4,93.444,-36.1,4.964,5228.1
30,admin.,single,university.degree,no,no,no,cellular,apr,thu,1,999,0,nonexistent,-1.8,93.075,-47.1,1.365,5099.1
52,unemployed,married,high.school,no,yes,no,telephone,jun,tue,2,999,0,nonexistent,1.4,94.465,-41.8,4.961,5228.1
39,technician,single,university.degree,unknown,yes,no,cellular,oct,fri,1,999,0,nonexistent,-3.4,92.431,-26.9,0.72,5017.5
33,self-employed,married,basic.9y,unknown,no,no,cellular,jul,thu,1,999,0,nonexistent,1.4,93.918,-42.7,4.963,5228.1
31,housemaid,married,basic.4y,no,no,yes,cellular,aug,tue,6,999,0,nonexistent,1.4,93.444,-36.1,4.966,5228.1
54,retired,married,high.school,no,no,no,cellular,nov,tue,1,999,0,nonexistent,-0.1,93.2,-42.0,4.153,5195.8
24,technician,single,basic.6y,no,no,no,telephone,jul,thu,10,999,0,nonexistent,1.4,93.918,-42.7,4.958,5228.1
58,admin.,single,university.degree,no,yes,no,cellular,may,tue,1,999,0,nonexistent,-1.8,92.893,-46.2,1.344,5099.1
35,admin.,married,university.degree,no,no,yes,cellular,aug,thu,1,999,0,nonexistent,1.4,93.444,-36.1,4.964,5228.1
21,student,single,unknown,no,no,no,cellular,sep,thu,1,999,1,failure,-1.1,94.199,-37.5,0.878,4963.6
33,technician,married,high.school,no,yes,no,telephone,may,fri,2,999,0,nonexistent,1.1,93.994,-36.4,4.864,5191.0
28,services,single,high.school,no,no,no,telephone,jun,tue,3,999,0,nonexistent,1.4,94.465,-41.8,4.961,5228.1
33,blue-collar,married,basic.4y,no,yes,no,cellular,jul,wed,2,999,0,nonexistent,1.4,93.918,-42.7,4.963,5228.1
36,admin.,single,university.degree,no,no,no,cellular,nov,wed,1,999,0,nonexistent,-0.1,93.2,-42.0,4.12,5195.8
27,services,single,high.school,no,yes,no,telephone,may,wed,1,999,0,nonexistent,1.1,93.994,-36.4,4.857,5191.0
28,services,single,unknown,no,yes,no,cellular,may,tue,4,999,1,failure,-1.8,92.893,-46.2,1.344,5099.1
38,management,married,university.degree,no,no,no,telephone,may,wed,1,999,0,nonexistent,-1.8,92.893,-46.2,1.27,5099.1
45,admin.,married,basic.9y,no,no,no,cellular,aug,thu,5,999,0,nonexistent,1.4,93.444,-36.1,4.968,5228.1
51,blue-collar,married,basic.9y,unknown,no,no,telephone,may,fri,2,999,0,nonexistent,1.1,93.994,-36.4,4.857,5191.0
29,admin.,single,professional.course,no,yes,no,cellular,may,tue,5,999,0,nonexistent,-1.8,92.893,-46.2,1.291,5099.1
48,technician,divorced,professional.course,no,yes,yes,telephone,may,fri,2,999,0,nonexistent,1.1,93.994,-36.4,4.857,5191.0
32,entrepreneur,divorced,university.degree,no,no,no,telephone,may,wed,1,999,0,nonexistent,1.1,93.994,-36.4,4.856,5191.0
47,services,divorced,basic.4y,no,yes,no,telephone,jun,fri,6,999,0,nonexistent,1.4,94.465,-41.8,4.959,5228.1
24,blue-collar,married,professional.course,no,no,no,cellular,jul,tue,10,999,0,nonexistent,1.4,93.918,-42.7,4.961,5228.1
41,unemployed,married,basic.9y,no,no,yes,cellular,apr,mon,1,9,1,success,-1.8,93.075,-47.1,1.466,5099.1
36,technician,married,professional.course,no,no,no,cellular,jul,mon,4,999,0,nonexistent,1.4,93.918,-42.7,4.962,5228.1
35,admin.,married,university.degree,no,yes,yes,cellular,aug,thu,7,999,0,nonexistent,1.4,93.444,-36.1,4.962,5228.1
49,technician,married,professional.course,unknown,no,no,cellular,aug,tue,1,999,0,nonexistent,1.4,93.444,-36.1,4.968,5228.1
40,management,married,university.degree,no,no,no,cellular,jul,tue,2,999,0,nonexistent,1.4,93.918,-42.7,4.961,5228.1
65,management,married,unknown,no,no,no,cellular,dec,wed,2,9,1,success,-3.0,92.713,-33.0,0.715,5023.5
48,services,married,basic.4y,unknown,yes,yes,cellular,aug,thu,3,999,0,nonexistent,1.4,93.444,-36.1,4.963,5228.1
39,services,single,high.school,no,yes,no,cellular,jul,thu,5,999,0,nonexistent,1.4,93.918,-42.7,4.968,5228.1
33,technician,single,professional.course,no,yes,no,cellular,may,wed,1,999,1,failure,-1.8,92.893,-46.2,1.281,5099.1
25,technician,single,professional.course,no,unknown,unknown,cellular,may,mon,2,999,0,nonexistent,-1.8,92.893,-46.2,1.244,5099.1
43,admin.,married,high.school,no,yes,no,cellular,jul,thu,1,999,0,nonexistent,1.4,93.918,-42.7,4.962,5228.1
45,entrepreneur,divorced,university.degree,no,unknown,unknown,cellular,may,fri,2,999,0,nonexistent,-1.8,92.893,-46.2,1.25,5099.1
38,entrepreneur,married,university.degree,no,no,no,cellular,may,thu,2,999,1,failure,-1.8,92.893,-46.2,1.266,5099.1
33,blue-collar,single,basic.4y,no,yes,no,cellular,apr,thu,1,999,0,nonexistent,-1.8,93.075,-47.1,1.365,5099.1
44,blue-collar,married,professional.course,no,no,no,telephone,jun,mon,1,999,0,nonexistent,1.4,94.465,-41.8,4.961,5228.1
31,blue-collar,married,basic.4y,unknown,yes,no,cellular,jul,wed,1,999,0,nonexistent,1.4,93.918,-42.7,4.963,5228.1
40,blue-collar,married,basic.4y,unknown,no,yes,telephone,jul,thu,1,999,0,nonexistent,1.4,93.918,-42.7,4.963,5228.1
54,retired,divorced,professional.course,no,no,no,cellular,nov,mon,1,999,0,nonexistent,-0.1,93.2,-42.0,4.191,5195.8
85,retired,single,professional.course,no,no,no,cellular,mar,fri,7,7,2,success,-1.8,93.369,-34.8,0.653,5008.7
36,blue-collar,married,basic.9y,no,yes,no,telephone,may,tue,1,999,0,nonexistent,1.1,93.994,-36.4,4.856,5191.0
33,admin.,single,high.school,no,yes,no,cellular,may,wed,3,999,1,failure,-1.8,92.893,-46.2,1.334,5099.1
26,student,single,unknown,no,no,no,cellular,sep,thu,1,999,1,failure,-3.4,92.379,-29.8,0.809,5017.5
38,admin.,single,university.degree,no,yes,no,cellular,aug,thu,2,999,0,nonexistent,1.4,93.444,-36.1,4.963,5228.1
34,technician,married,professional.course,unknown,no,no,cellular,jul,thu,1,999,0,nonexistent,1.4,93.918,-42.7,4.968,5228.1
