customer_id,age,job,marital,education,default,housing,loan,contact,month,day_of_week,campaign,pdays,previous,poutcome,emp.var.rate,cons.price.idx,cons.conf.idx,euribor3m,nr.employed
CUST_000001,44,admin.,married,university.degree,no,no,no,cellular,apr,thu,1,999,1,nonexistent,-1.78,93.05,-46.35,1.4,5096.49
CUST_000002,35,management,single,high.school,no,no,no,cellular,jul,mon,1,999,1,nonexistent,1.48,93.95,-42.96,4.91,5227.16
CUST_000003,45,admin.,married,unknown,unknown,no,no,cellular,jul,thu,1,999,1,nonexistent,1.32,93.93,-42.47,4.96,5227.38
CUST_000004,31,technician,single,university.degree,no,no,no,telephone,may,mon,3,999,0,nonexistent,0.98,94.23,-36.97,4.66,5180.87
CUST_000005,56,retired,married,university.degree,no,yes,no,cellular,nov,fri,1,999,1,nonexistent,-1.1,94.81,-51.35,1.0,4963.44
CUST_000006,46,admin.,married,university.degree,no,yes,no,telephone,jun,tue,1,999,1,nonexistent,1.51,94.48,-41.42,5.04,5225.02
CUST_000007,41,admin.,married,professional.course,no,no,yes,telephone,may,fri,1,999,0,nonexistent,1.24,93.82,-36.63,4.88,5189.83
CUST_000008,24,blue-collar,single,basic.9y,no,yes,no,cellular,may,wed,2,999,1,failure,-1.67,92.85,-45.49,1.3,5096.06
CUST_000009,53,blue-collar,single,basic.9y,unknown,yes,no,cellular,nov,tue,5,999,0,nonexistent,-0.12,93.21,-41.66,4.25,5201.99
CUST_000010,37,blue-collar,married,basic.9y,unknown,yes,no,cellular,jul,thu,4,999,0,nonexistent,1.47,94.03,-42.0,4.98,5224.76
CUST_000011,49,admin.,divorced,basic.6y,no,no,no,cellular,nov,tue,1,999,0,nonexistent,-0.06,93.14,-41.81,4.12,5192.24
CUST_000012,48,technician,married,university.degree,no,no,no,cellular,aug,fri,1,999,0,nonexistent,1.55,93.46,-35.81,4.9,5227.13
CUST_000013,24,services,single,high.school,no,yes,no,telephone,may,mon,1,999,0,nonexistent,1.1,93.94,-36.47,4.94,5193.75
CUST_000014,33,technician,married,professional.course,no,no,no,telephone,jun,fri,3,999,0,nonexistent,1.41,94.34,-41.74,5.07,5235.57
CUST_000015,33,admin.,divorced,university.degree,no,no,yes,cellular,jul,thu,2,999,0,nonexistent,-2.93,92.65,-33.31,0.83,5073.1
CUST_000016,37,services,single,high.school,no,yes,no,cellular,may,wed,5,999,2,nonexistent,-1.9,92.94,-45.66,1.24,5105.44
CUST_000017,32,blue-collar,married,basic.4y,unknown,yes,no,cellular,nov,thu,1,999,1,failure,-0.17,93.08,-41.71,3.78,5191.12
CUST_000018,51,services,divorced,high.school,no,no,no,cellular,may,wed,2,999,0,nonexistent,-1.85,92.91,-46.42,1.27,5095.0
CUST_000019,52,management,married,university.degree,no,yes,no,cellular,jul,wed,2,999,0,nonexistent,1.23,93.92,-42.78,4.94,5229.88
CUST_000020,20,student,single,basic.9y,no,yes,yes,telephone,jul,tue,2,999,0,nonexistent,-1.66,94.32,-41.2,0.83,4994.1
CUST_000021,57,retired,single,professional.course,no,no,yes,telephone,jun,tue,2,999,1,nonexistent,1.46,94.47,-40.49,4.98,5229.96
CUST_000022,29,admin.,single,university.degree,no,yes,no,telephone,jun,thu,2,999,1,nonexistent,-1.81,93.95,-39.68,0.56,4989.62
CUST_000023,23,student,single,unknown,no,no,no,cellular,oct,fri,5,999,0,nonexistent,-3.4,92.4,-27.9,0.82,5019.88
CUST_000024,32,technician,divorced,professional.course,no,yes,no,telephone,may,wed,2,999,0,nonexistent,1.1,93.94,-37.69,4.71,5190.05
CUST_000025,37,management,married,university.degree,no,no,yes,cellular,jul,thu,2,999,1,nonexistent,1.46,94.02,-42.72,5.06,5229.44
CUST_000026,34,technician,single,professional.course,no,no,no,cellular,may,fri,3,999,1,nonexistent,-1.69,92.91,-46.06,1.18,5102.76
CUST_000027,41,services,married,professional.course,no,no,yes,cellular,nov,thu,4,999,3,nonexistent,-0.07,93.18,-42.49,4.03,5198.21
CUST_000028,28,admin.,married,unknown,no,yes,no,cellular,nov,thu,1,999,0,nonexistent,0.06,93.17,-41.47,3.97,5196.26
CUST_000029,34,technician,married,university.degree,no,no,no,cellular,jul,thu,4,999,0,nonexistent,1.23,93.94,-42.36,4.96,5230.17
CUST_000030,31,self-employed,married,university.degree,no,no,no,cellular,may,fri,1,999,1,nonexistent,-1.87,92.87,-45.28,1.35,5103.71
CUST_000031,49,housemaid,single,university.degree,no,yes,no,cellular,dec,mon,2,4,3,success,-3.08,92.56,-33.02,0.71,5024.47
CUST_000032,27,blue-collar,single,basic.6y,no,no,no,telephone,jul,tue,2,999,0,nonexistent,1.48,93.89,-43.27,4.93,5229.73
CUST_000033,56,management,divorced,university.degree,no,yes,no,telephone,may,wed,3,999,2,nonexistent,1.04,93.89,-36.71,5.02,5186.88
CUST_000034,32,blue-collar,married,basic.9y,unknown,no,no,cellular,may,wed,1,0,3,success,-1.85,92.92,-45.85,1.35,5096.08
CUST_000035,60,housemaid,divorced,professional.course,no,yes,no,cellular,aug,tue,3,999,1,failure,-2.67,92.13,-32.8,0.97,5071.22
CUST_000036,58,retired,married,basic.9y,no,no,no,telephone,may,wed,3,999,2,nonexistent,1.24,93.91,-36.1,4.68,5182.56
CUST_000037,36,blue-collar,married,basic.9y,unknown,yes,no,cellular,jul,thu,1,999,2,nonexistent,1.41,94.01,-42.86,5.16,5222.93
CUST_000038,39,self-employed,married,university.degree,no,no,yes,telephone,jun,mon,1,999,2,nonexistent,1.51,94.24,-41.94,5.12,5223.91
CUST_000039,52,entrepreneur,married,basic.6y,unknown,no,no,cellular,jul,fri,2,999,0,nonexistent,1.56,93.9,-43.2,4.9,5224.6
CUST_000040,63,blue-collar,married,basic.4y,no,yes,yes,cellular,nov,mon,1,999,0,nonexistent,-3.5,92.57,-29.62,0.8,5025.53
CUST_000041,45,blue-collar,married,basic.9y,no,yes,no,telephone,jun,mon,1,999,1,nonexistent,1.56,94.45,-42.85,5.0,5223.52
CUST_000042,33,technician,single,professional.course,no,unknown,unknown,cellular,nov,wed,1,999,0,nonexistent,-0.06,93.23,-42.74,3.94,5197.03
CUST_000043,39,admin.,single,unknown,unknown,no,no,telephone,jun,tue,3,999,0,nonexistent,1.4,94.47,-41.91,4.99,5225.43
CUST_000044,34,self-employed,single,university.degree,no,yes,no,telephone,may,fri,2,999,1,nonexistent,1.02,94.01,-36.73,4.75,5188.54
CUST_000045,55,technician,married,basic.9y,no,yes,no,telephone,may,wed,1,999,0,nonexistent,1.19,93.91,-36.7,4.59,5195.09
CUST_000046,40,admin.,married,university.degree,no,no,no,cellular,aug,thu,11,999,0,nonexistent,1.38,93.32,-35.03,4.99,5225.9
CUST_000047,34,self-employed,single,university.degree,no,no,no,cellular,may,mon,1,999,1,nonexistent,-1.77,92.92,-46.22,1.26,5100.46
CUST_000048,35,entrepreneur,married,high.school,no,yes,no,cellular,nov,mon,3,999,1,nonexistent,-0.06,93.02,-42.73,4.11,5191.96
CUST_000049,29,admin.,single,high.school,no,yes,no,cellular,jul,tue,1,999,0,nonexistent,1.35,93.8,-43.12,5.01,5230.19
CUST_000050,25,technician,unknown,university.degree,no,yes,yes,cellular,may,mon,2,999,0,nonexistent,-1.71,92.86,-46.63,1.29,5096.67
CUST_000051,48,technician,divorced,professional.course,no,no,no,cellular,jul,wed,1,999,1,nonexistent,1.51,93.84,-42.69,5.07,5224.38
CUST_000052,26,admin.,married,university.degree,no,yes,no,cellular,mar,mon,1,999,0,nonexistent,-1.78,92.93,-51.36,1.58,5099.08
CUST_000053,40,admin.,married,university.degree,no,no,no,telephone,may,mon,2,999,1,nonexistent,-1.85,93.96,-40.31,0.73,5013.56
CUST_000054,29,technician,single,university.degree,no,yes,no,cellular,mar,mon,1,999,1,nonexistent,-1.64,92.8,-50.48,1.81,5097.45
CUST_000055,36,blue-collar,married,basic.9y,no,yes,no,telephone,may,thu,2,999,0,nonexistent,0.98,94.07,-36.37,4.82,5189.29
CUST_000056,36,entrepreneur,married,basic.9y,no,no,no,cellular,may,mon,3,999,1,nonexistent,-1.74,92.86,-45.88,1.19,5096.3
CUST_000057,30,self-employed,married,university.degree,no,no,no,cellular,may,fri,1,999,0,nonexistent,-1.77,92.87,-47.14,1.18,5105.46
CUST_000058,33,technician,married,professional.course,no,yes,no,cellular,jun,tue,6,21,2,success,-1.82,94.17,-39.75,0.71,4987.39
CUST_000059,39,management,married,university.degree,no,yes,no,telephone,jun,fri,2,999,0,nonexistent,1.27,94.48,-41.69,4.92,5226.16
CUST_000060,39,blue-collar,married,high.school,no,yes,no,cellular,jul,wed,5,999,0,nonexistent,1.53,93.87,-41.78,5.06,5228.24
CUST_000061,31,admin.,single,university.degree,no,no,no,cellular,aug,fri,1,999,0,nonexistent,1.52,93.39,-36.43,4.91,5229.29
CUST_000062,43,blue-collar,married,basic.9y,no,no,no,cellular,may,tue,1,999,1,failure,-1.54,92.78,-46.1,1.35,5096.75
CUST_000063,43,technician,single,professional.course,no,yes,no,cellular,jul,tue,3,999,1,nonexistent,1.29,93.72,-43.5,4.93,5228.33
CUST_000064,33,admin.,married,university.degree,no,yes,no,cellular,jul,thu,2,999,0,nonexistent,1.47,93.88,-43.07,4.96,5222.17
CUST_000065,53,admin.,married,university.degree,no,no,yes,cellular,sep,fri,1,999,0,nonexistent,-3.49,92.23,-30.46,0.9,5013.51
CUST_000066,32,admin.,married,university.degree,no,no,no,cellular,jun,tue,1,9,0,success,-2.89,92.94,-40.35,1.33,5077.12
CUST_000067,39,blue-collar,married,basic.9y,unknown,no,no,telephone,jun,thu,1,999,0,nonexistent,1.4,94.42,-41.37,5.19,5224.35
CUST_000068,37,blue-collar,married,basic.9y,no,no,no,telephone,jun,mon,3,999,0,nonexistent,1.34,94.65,-42.15,4.88,5230.3
CUST_000069,31,blue-collar,single,basic.4y,no,yes,no,cellular,jul,thu,2,999,0,nonexistent,1.45,93.98,-42.54,4.95,5226.97
CUST_000070,35,management,married,university.degree,no,yes,no,telephone,may,wed,2,999,0,nonexistent,1.07,94.08,-36.29,4.79,5189.55
CUST_000071,47,blue-collar,married,basic.6y,no,no,no,telephone,jun,thu,1,999,0,nonexistent,1.37,94.55,-41.38,5.04,5228.12
CUST_000072,30,technician,married,university.degree,no,yes,no,cellular,jul,wed,2,999,1,nonexistent,-3.01,92.52,-33.07,1.01,5076.23
CUST_000073,37,blue-collar,married,basic.9y,unknown,no,no,telephone,jun,tue,3,999,0,nonexistent,1.41,94.62,-40.73,4.84,5222.81
CUST_000074,47,retired,married,basic.4y,no,no,no,telephone,may,wed,1,999,0,nonexistent,0.87,93.9,-35.85,4.92,5193.13
CUST_000075,36,admin.,married,university.degree,unknown,no,no,cellular,jul,thu,2,999,0,nonexistent,1.3,93.96,-43.36,5.07,5227.61
CUST_000076,35,admin.,married,basic.9y,no,yes,no,cellular,apr,mon,2,999,1,nonexistent,-2.05,93.02,-46.89,1.4,5098.26
CUST_000077,26,unemployed,married,high.school,no,yes,no,cellular,jul,fri,5,999,0,nonexistent,-1.81,94.29,-39.21,0.87,4992.84
CUST_000078,29,technician,married,professional.course,no,no,no,cellular,jul,thu,1,999,0,nonexistent,1.21,93.7,-43.4,4.84,5230.8
CUST_000079,35,admin.,divorced,high.school,no,no,no,cellular,nov,mon,4,999,0,nonexistent,-0.16,93.05,-42.09,4.21,5196.44
CUST_000080,25,admin.,single,high.school,no,yes,no,cellular,jul,thu,1,999,1,nonexistent,1.27,93.72,-42.92,4.99,5223.49
CUST_000081,35,technician,married,university.degree,no,yes,no,cellular,nov,tue,1,999,0,nonexistent,-0.06,93.22,-42.32,4.14,5197.18
CUST_000082,35,services,married,professional.course,no,yes,yes,cellular,aug,tue,4,999,0,nonexistent,1.63,93.44,-36.53,4.89,5224.24
CUST_000083,50,admin.,married,university.degree,no,no,no,cellular,aug,tue,6,999,0,nonexistent,1.4,93.46,-36.31,4.78,5230.1
CUST_000084,52,blue-collar,married,basic.4y,no,yes,no,cellular,apr,wed,2,999,0,failure,-1.6,93.14,-47.96,1.4,5098.23
CUST_000085,31,services,single,university.degree,no,no,no,cellular,sep,thu,1,999,1,failure,-1.08,94.28,-37.22,0.89,4959.8
CUST_000086,44,technician,single,university.degree,no,yes,no,telephone,jun,mon,4,999,0,nonexistent,1.27,94.5,-42.18,4.83,5229.6
CUST_000087,30,admin.,married,university.degree,no,no,no,telephone,jul,mon,1,999,1,nonexistent,-1.55,94.09,-41.17,0.93,4998.59
CUST_000088,37,technician,married,professional.course,no,no,no,cellular,nov,mon,3,999,0,nonexistent,-0.08,93.36,-42.54,4.14,5198.7
CUST_000089,28,student,single,high.school,no,no,no,cellular,may,mon,3,999,1,failure,-1.66,92.89,-46.33,1.16,5098.49
CUST_000090,51,blue-collar,married,basic.6y,no,yes,no,telephone,may,fri,9,999,0,nonexistent,1.22,94.18,-37.59,4.97,5191.71
CUST_000091,30,admin.,married,university.degree,no,no,no,cellular,sep,mon,1,6,2,success,-3.45,92.14,-29.51,0.74,5018.55
CUST_000092,34,management,married,university.degree,no,yes,no,telephone,may,tue,2,999,0,nonexistent,0.9,93.94,-35.94,4.85,5190.67
CUST_000093,38,blue-collar,married,basic.9y,no,yes,no,telephone,may,tue,2,999,1,nonexistent,-1.71,93.07,-46.12,1.24,5092.5
CUST_000094,46,blue-collar,divorced,basic.6y,no,unknown,unknown,telephone,jun,thu,9,999,1,nonexistent,1.44,94.45,-42.47,5.07,5232.53
CUST_000095,50,technician,married,university.degree,no,no,no,cellular,aug,tue,2,999,0,nonexistent,-2.78,92.22,-31.23,0.96,5085.57
CUST_000096,34,technician,single,university.degree,no,yes,no,telephone,may,tue,2,999,0,nonexistent,0.95,93.94,-36.32,4.98,5184.66
CUST_000097,34,management,single,university.degree,no,yes,no,telephone,nov,wed,3,999,1,failure,0.03,93.24,-41.82,4.19,5191.37
CUST_000098,26,blue-collar,married,basic.9y,no,yes,no,telephone,jun,mon,1,999,0,nonexistent,1.55,94.47,-42.15,5.12,5236.8
CUST_000099,25,admin.,single,high.school,no,no,no,telephone,may,tue,1,999,1,nonexistent,1.18,94.12,-36.51,4.72,5194.31
CUST_000100,42,blue-collar,married,basic.4y,unknown,no,no,telephone,may,wed,1,999,0,nonexistent,1.14,94.14,-36.72,4.88,5187.53
CUST_000101,33,admin.,married,university.degree,no,no,no,cellular,nov,thu,1,999,0,nonexistent,-0.17,93.24,-42.91,4.02,5189.97
CUST_000102,46,services,married,high.school,unknown,yes,no,cellular,apr,mon,4,999,0,nonexistent,-1.68,93.1,-47.96,1.45,5098.71
CUST_000103,47,technician,married,professional.course,unknown,yes,no,cellular,apr,fri,1,999,0,nonexistent,-1.63,92.97,-47.91,1.29,5098.57
CUST_000104,37,entrepreneur,married,basic.9y,no,no,no,cellular,apr,fri,2,999,1,nonexistent,-1.95,93.04,-47.95,1.49,5109.48
CUST_000105,27,admin.,married,high.school,no,unknown,unknown,telephone,may,mon,5,999,0,nonexistent,1.32,93.85,-37.15,4.83,5178.0
CUST_000106,44,admin.,married,university.degree,no,yes,no,cellular,may,fri,3,999,0,nonexistent,-1.78,92.92,-45.91,1.16,5092.77
CUST_000107,29,admin.,married,high.school,no,yes,no,cellular,jun,wed,1,999,2,failure,-3.02,92.88,-41.78,1.28,5075.56
CUST_000108,38,admin.,married,unknown,no,no,no,cellular,nov,fri,2,999,1,nonexistent,-0.04,93.25,-42.03,4.01,5197.35
CUST_000109,42,blue-collar,married,basic.6y,no,no,no,cellular,may,mon,1,999,2,failure,-1.9,93.07,-46.14,1.29,5097.75
CUST_000110,42,blue-collar,married,basic.9y,no,no,no,telephone,jun,wed,3,999,0,nonexistent,1.33,94.62,-42.21,4.94,5227.02
CUST_000111,41,unemployed,single,high.school,no,no,no,cellular,jul,wed,1,999,2,nonexistent,1.3,93.84,-42.57,4.79,5225.61
CUST_000112,38,management,married,university.degree,no,yes,no,cellular,nov,thu,1,999,0,nonexistent,-0.19,93.24,-42.19,4.16,5196.7
CUST_000113,45,technician,married,university.degree,no,yes,no,cellular,apr,thu,2,999,0,nonexistent,-1.68,93.14,-47.57,1.49,5095.26
CUST_000114,47,admin.,divorced,professional.course,no,yes,no,telephone,jun,wed,1,999,0,nonexistent,1.3,94.39,-42.83,4.9,5229.66
CUST_000115,38,self-employed,single,university.degree,no,no,no,cellular,may,tue,2,999,0,nonexistent,-1.74,92.99,-45.91,1.43,5095.06
CUST_000116,34,blue-collar,married,basic.9y,no,no,yes,telephone,may,mon,2,999,0,nonexistent,1.04,93.99,-35.74,4.88,5188.13
CUST_000117,47,management,married,high.school,no,yes,no,cellular,nov,wed,1,999,0,nonexistent,-0.19,93.03,-41.52,4.09,5194.54
CUST_000118,65,admin.,divorced,university.degree,no,yes,no,cellular,aug,wed,2,16,0,success,-1.77,94.16,-37.88,0.82,4989.28
CUST_000119,51,housemaid,divorced,high.school,no,yes,no,cellular,jul,thu,4,999,0,nonexistent,1.39,93.97,-43.77,4.94,5226.86
CUST_000120,48,management,married,university.degree,no,yes,no,cellular,nov,mon,1,1,0,success,-0.03,93.2,-41.71,4.04,5187.78
CUST_000121,32,technician,married,university.degree,no,yes,no,cellular,aug,mon,1,999,0,nonexistent,1.43,93.33,-36.0,4.92,5224.96
CUST_000122,33,management,single,university.degree,no,yes,no,cellular,may,fri,2,999,0,nonexistent,-1.88,92.94,-46.22,1.36,5100.18
CUST_000123,34,unemployed,married,basic.9y,unknown,yes,no,cellular,apr,fri,4,999,0,nonexistent,-1.86,93.09,-47.55,1.41,5101.09
CUST_000124,52,blue-collar,married,basic.4y,unknown,no,no,telephone,jun,thu,1,999,0,nonexistent,1.39,94.48,-41.43,4.96,5225.04
CUST_000125,34,management,married,university.degree,no,yes,no,cellular,aug,wed,3,999,1,nonexistent,1.41,93.56,-37.48,4.95,5227.28
CUST_000126,25,technician,single,professional.course,no,yes,no,cellular,jul,tue,3,999,0,nonexistent,1.46,94.07,-44.06,4.81,5235.48
CUST_000127,41,blue-collar,married,basic.9y,no,yes,no,cellular,jul,tue,2,999,1,nonexistent,1.47,93.86,-42.85,4.9,5225.83
CUST_000128,29,services,married,high.school,no,yes,yes,telephone,jul,tue,1,999,1,nonexistent,1.38,93.91,-42.86,5.01,5224.36
CUST_000129,34,blue-collar,divorced,basic.9y,no,no,no,telephone,jun,thu,4,999,1,nonexistent,1.3,94.36,-42.39,4.96,5228.61
CUST_000130,42,services,married,high.school,no,yes,no,cellular,jul,fri,2,999,0,nonexistent,1.42,93.95,-42.43,4.96,5224.51
CUST_000131,55,blue-collar,married,basic.4y,no,yes,no,telephone,may,mon,2,999,0,nonexistent,1.3,94.02,-37.04,4.87,5182.33
CUST_000132,60,management,married,university.degree,unknown,no,no,telephone,may,fri,3,999,1,nonexistent,1.11,94.06,-36.32,4.85,5193.46
CUST_000133,33,unemployed,single,university.degree,no,yes,yes,cellular,aug,thu,1,999,1,nonexistent,1.25,93.31,-35.63,4.7,5227.23
CUST_000134,34,blue-collar,married,basic.6y,unknown,yes,yes,telephone,may,fri,6,999,0,nonexistent,1.26,94.08,-37.41,4.77,5188.55
CUST_000135,36,admin.,single,university.degree,no,yes,yes,cellular,jun,wed,1,999,0,nonexistent,-1.62,94.05,-40.12,0.74,4991.53
CUST_000136,36,admin.,married,university.degree,no,yes,no,telephone,jun,fri,4,999,1,nonexistent,1.43,94.5,-42.45,5.1,5231.97
CUST_000137,31,admin.,divorced,university.degree,no,yes,yes,cellular,may,mon,4,999,0,nonexistent,-1.66,93.06,-45.79,1.39,5100.48
CUST_000138,56,retired,divorced,basic.4y,unknown,yes,no,telephone,may,thu,1,999,0,nonexistent,1.06,93.87,-36.69,4.9,5191.31
CUST_000139,50,blue-collar,married,basic.9y,no,yes,no,telephone,jun,mon,1,999,1,nonexistent,1.22,94.37,-41.82,4.71,5231.59
CUST_000140,37,blue-collar,married,basic.6y,unknown,no,no,telephone,jun,tue,2,999,0,nonexistent,1.49,94.53,-42.14,5.03,5226.12
CUST_000141,45,entrepreneur,divorced,basic.9y,no,yes,no,cellular,nov,thu,4,999,0,nonexistent,-0.07,93.18,-42.2,3.96,5193.66
CUST_000142,29,admin.,single,university.degree,no,yes,no,cellular,may,thu,1,999,0,nonexistent,-1.7,92.89,-46.4,1.2,5094.5
CUST_000143,46,blue-collar,married,basic.9y,no,yes,no,cellular,nov,mon,3,999,1,failure,-0.03,93.24,-42.74,4.27,5195.57
CUST_000144,53,blue-collar,married,basic.4y,no,no,no,cellular,nov,fri,4,999,0,failure,-0.07,93.25,-42.99,4.13,5198.31
CUST_000145,43,admin.,married,high.school,no,no,no,telephone,may,fri,1,999,2,nonexistent,1.05,93.96,-36.63,4.88,5190.35
CUST_000146,45,technician,married,professional.course,no,no,yes,cellular,nov,fri,5,999,0,nonexistent,-0.2,93.13,-42.4,3.81,5194.76
CUST_000147,31,admin.,single,university.degree,no,no,no,telephone,may,tue,1,999,0,nonexistent,0.93,93.9,-36.71,4.82,5194.98
CUST_000148,42,blue-collar,divorced,basic.9y,no,yes,no,telephone,nov,tue,2,999,0,nonexistent,-0.17,93.17,-42.03,4.17,5196.56
CUST_000149,24,student,single,university.degree,no,yes,no,cellular,may,wed,1,999,0,nonexistent,-1.77,92.91,-47.14,1.34,5101.67
CUST_000150,31,self-employed,single,university.degree,no,yes,no,cellular,aug,thu,1,999,0,nonexistent,1.41,93.38,-37.11,4.96,5228.61
CUST_000151,51,technician,married,high.school,no,yes,no,telephone,may,fri,4,999,0,nonexistent,1.12,94.17,-35.95,4.93,5194.11
CUST_000152,38,admin.,married,university.degree,no,no,no,cellular,jun,mon,2,999,1,nonexistent,-2.8,93.07,-39.94,1.32,5081.59
CUST_000153,36,blue-collar,married,basic.6y,no,no,no,cellular,may,fri,2,999,0,nonexistent,-1.95,92.87,-46.2,1.42,5101.48
CUST_000154,38,blue-collar,married,unknown,no,no,no,cellular,jul,wed,1,999,0,nonexistent,1.26,93.82,-42.7,4.84,5225.56
CUST_000155,37,admin.,married,university.degree,no,yes,no,cellular,aug,wed,3,999,0,nonexistent,1.29,93.52,-36.18,4.92,5229.19
CUST_000156,73,retired,divorced,high.school,no,yes,yes,telephone,dec,mon,8,999,0,nonexistent,-3.08,92.89,-33.81,0.72,5023.49
CUST_000157,49,blue-collar,married,basic.4y,unknown,unknown,unknown,telephone,may,tue,1,999,0,nonexistent,0.99,93.87,-35.25,4.86,5188.95
CUST_000158,57,admin.,married,university.degree,no,yes,no,cellular,aug,tue,7,999,0,nonexistent,1.46,93.39,-36.16,4.93,5230.88
CUST_000159,38,blue-collar,married,basic.6y,no,no,no,telephone,may,tue,2,999,0,nonexistent,1.1,94.01,-37.09,4.82,5193.42
CUST_000160,35,blue-collar,married,basic.9y,unknown,no,no,telephone,may,tue,2,999,1,nonexistent,1.06,93.98,-36.6,4.82,5194.51
CUST_000161,36,services,married,high.school,no,no,no,telephone,may,mon,2,999,0,nonexistent,1.08,93.76,-36.62,4.85,5186.83
CUST_000162,36,admin.,married,university.degree,unknown,yes,yes,cellular,aug,fri,1,999,0,nonexistent,1.48,93.34,-35.59,5.0,5229.09
CUST_000163,46,unknown,married,unknown,no,no,yes,cellular,aug,wed,3,999,0,nonexistent,-2.83,92.2,-31.21,0.89,5070.88
CUST_000164,56,technician,divorced,university.degree,unknown,no,no,cellular,jul,thu,3,999,0,nonexistent,1.39,93.81,-42.75,4.96,5227.8
CUST_000165,29,admin.,married,high.school,no,yes,no,cellular,may,wed,2,999,0,nonexistent,-1.7,92.82,-46.12,1.53,5098.84
CUST_000166,56,admin.,married,basic.9y,no,no,no,telephone,may,tue,7,999,0,nonexistent,1.12,93.95,-36.11,4.76,5190.26
CUST_000167,53,blue-collar,single,unknown,no,yes,no,cellular,may,wed,6,999,1,nonexistent,-1.93,92.87,-45.58,1.32,5094.39
CUST_000168,36,blue-collar,divorced,basic.9y,no,no,no,cellular,may,wed,1,999,0,nonexistent,-1.97,92.97,-47.02,1.17,5096.43
CUST_000169,39,admin.,married,high.school,no,yes,no,telephone,apr,tue,1,999,0,nonexistent,-1.78,93.22,-47.16,1.38,5107.34
CUST_000170,35,services,married,high.school,no,yes,yes,cellular,jul,mon,8,999,0,nonexistent,1.56,93.76,-43.27,4.74,5225.57
CUST_000171,53,blue-collar,married,basic.9y,unknown,no,yes,telephone,jun,fri,1,999,1,nonexistent,1.4,94.5,-41.99,4.9,5232.62
CUST_000172,40,admin.,married,professional.course,no,no,no,telephone,jun,fri,5,999,0,nonexistent,1.29,94.49,-41.91,4.9,5231.76
CUST_000173,28,admin.,married,university.degree,no,yes,no,cellular,jun,mon,4,999,0,nonexistent,-1.71,94.05,-40.74,0.64,4992.04
CUST_000174,29,student,single,professional.course,no,yes,no,telephone,sep,mon,2,999,0,nonexistent,-1.07,94.27,-38.09,0.9,4968.66
CUST_000175,48,blue-collar,single,high.school,no,yes,yes,cellular,may,mon,7,999,1,nonexistent,-1.84,92.84,-45.18,1.41,5099.8
CUST_000176,44,technician,divorced,unknown,unknown,no,no,cellular,jul,fri,2,999,0,nonexistent,1.42,93.93,-42.82,4.92,5223.57
CUST_000177,47,technician,divorced,university.degree,no,no,yes,cellular,apr,fri,1,999,1,failure,-1.74,92.98,-46.94,1.44,5095.57
CUST_000178,43,admin.,single,university.degree,no,no,no,cellular,nov,mon,1,999,2,nonexistent,-0.22,93.17,-41.12,4.31,5193.29
CUST_000179,43,unemployed,married,professional.course,no,yes,no,telephone,jun,thu,2,999,1,nonexistent,1.26,94.46,-41.17,5.03,5229.43
CUST_000180,69,retired,married,professional.course,no,yes,no,telephone,aug,mon,1,999,0,nonexistent,-2.79,92.19,-31.5,0.97,5070.89
CUST_000181,44,blue-collar,married,unknown,unknown,no,yes,cellular,jul,tue,21,999,1,nonexistent,1.54,94.02,-42.32,4.96,5221.67
CUST_000182,28,self-employed,married,professional.course,no,no,no,telephone,jun,wed,1,999,0,nonexistent,1.46,94.36,-41.35,4.93,5228.89
CUST_000183,31,admin.,single,university.degree,no,yes,yes,telephone,nov,fri,11,999,0,nonexistent,-0.22,93.27,-41.95,4.06,5198.82
CUST_000184,35,technician,married,professional.course,no,no,no,telephone,may,wed,2,999,0,nonexistent,1.03,94.04,-36.08,4.87,5184.46
CUST_000185,49,blue-collar,married,basic.4y,no,no,no,telephone,jun,fri,3,999,2,nonexistent,1.23,94.52,-42.13,4.85,5227.75
CUST_000186,38,entrepreneur,divorced,basic.9y,no,yes,no,cellular,nov,wed,5,999,2,nonexistent,-0.06,93.25,-43.28,4.15,5196.51
CUST_000187,41,entrepreneur,single,high.school,no,yes,yes,cellular,jul,thu,21,999,0,nonexistent,1.4,94.05,-42.72,4.98,5230.94
CUST_000188,41,self-employed,divorced,university.degree,unknown,yes,no,telephone,jun,fri,5,999,1,nonexistent,1.43,94.57,-41.2,4.91,5234.01
CUST_000189,56,admin.,single,university.degree,unknown,no,yes,cellular,nov,fri,2,999,0,nonexistent,-0.14,93.29,-41.38,3.93,5182.03
CUST_000190,32,blue-collar,married,basic.9y,unknown,yes,no,telephone,jun,tue,1,999,0,nonexistent,1.44,94.51,-42.16,5.02,5231.48
CUST_000191,36,blue-collar,married,basic.9y,no,yes,no,telephone,jun,tue,2,999,1,nonexistent,1.53,94.46,-41.77,5.03,5231.0
CUST_000192,45,entrepreneur,married,university.degree,unknown,no,no,cellular,nov,thu,2,999,0,nonexistent,-0.17,93.29,-41.84,4.16,5192.73
CUST_000193,40,blue-collar,married,basic.6y,no,yes,no,telephone,may,mon,2,999,2,nonexistent,1.04,93.97,-37.0,4.89,5193.55
CUST_000194,52,entrepreneur,married,professional.course,no,yes,yes,cellular,nov,tue,2,999,0,nonexistent,-0.01,93.37,-41.65,4.16,5195.25
CUST_000195,59,services,married,high.school,no,no,no,cellular,aug,fri,4,999,0,nonexistent,1.36,93.46,-36.48,4.95,5223.68
CUST_000196,25,student,single,high.school,no,yes,no,telephone,jun,tue,1,999,0,nonexistent,1.29,94.67,-41.53,4.97,5228.3
CUST_000197,37,management,married,university.degree,unknown,no,yes,cellular,apr,fri,1,999,2,failure,-1.89,92.9,-47.52,1.35,5101.05
CUST_000198,36,management,married,university.degree,no,no,no,cellular,nov,mon,2,999,0,nonexistent,0.0,93.18,-41.73,4.1,5190.17
CUST_000199,25,blue-collar,single,basic.9y,no,no,no,telephone,may,tue,1,999,0,nonexistent,0.83,93.94,-36.23,4.96,5191.23
CUST_000200,36,admin.,married,high.school,no,yes,no,telephone,may,fri,4,999,0,nonexistent,1.11,94.03,-36.16,4.94,5190.66
CUST_000201,39,blue-collar,divorced,basic.4y,no,no,yes,telephone,may,fri,1,999,0,nonexistent,1.02,93.87,-35.41,4.67,5194.33
CUST_000202,28,self-employed,single,university.degree,no,no,no,cellular,may,thu,1,999,0,nonexistent,-1.82,92.99,-45.73,1.4,5109.31
CUST_000203,34,blue-collar,married,basic.9y,unknown,yes,no,telephone,may,thu,1,999,0,nonexistent,1.04,94.04,-37.05,4.91,5186.64
CUST_000204,35,technician,married,professional.course,no,yes,no,cellular,may,wed,3,999,0,nonexistent,-1.79,92.79,-45.78,1.35,5098.01
CUST_000205,39,admin.,married,high.school,no,yes,no,cellular,apr,fri,1,999,2,nonexistent,-1.95,92.97,-47.16,1.43,5100.82
CUST_000206,45,entrepreneur,married,unknown,unknown,yes,no,telephone,jun,fri,2,999,0,nonexistent,1.5,94.45,-41.37,4.88,5226.37
CUST_000207,31,admin.,married,university.degree,no,no,yes,cellular,aug,fri,2,999,0,nonexistent,1.44,93.53,-36.3,4.93,5224.03
CUST_000208,48,admin.,married,university.degree,no,no,no,telephone,may,fri,1,999,0,nonexistent,-1.9,92.98,-45.48,1.14,5095.15
CUST_000209,43,blue-collar,married,basic.4y,unknown,yes,no,telephone,may,fri,1,999,0,nonexistent,1.12,94.08,-35.38,4.79,5191.58
CUST_000210,41,technician,married,university.degree,no,no,no,cellular,jul,thu,1,999,0,nonexistent,1.55,93.88,-42.58,4.82,5228.51
CUST_000211,63,retired,married,university.degree,no,no,no,cellular,aug,fri,1,999,1,failure,-2.86,92.26,-31.57,0.83,5072.02
CUST_000212,38,admin.,married,high.school,no,yes,no,telephone,jun,mon,2,999,1,nonexistent,1.55,94.52,-42.07,4.88,5226.25
CUST_000213,36,housemaid,divorced,university.degree,no,no,no,telephone,may,thu,6,999,0,nonexistent,1.23,93.71,-37.09,4.7,5191.38
CUST_000214,34,technician,divorced,professional.course,no,yes,no,telephone,may,wed,1,999,0,nonexistent,0.94,94.16,-35.76,4.99,5190.3
CUST_000215,30,blue-collar,married,basic.4y,no,no,yes,cellular,may,thu,1,999,1,failure,-1.67,92.74,-45.67,1.18,5099.51
CUST_000216,42,technician,married,high.school,no,no,no,cellular,jul,wed,5,999,1,nonexistent,1.3,93.94,-41.94,4.86,5225.61
CUST_000217,37,admin.,married,high.school,no,yes,no,telephone,jun,thu,1,999,0,nonexistent,1.3,94.47,-41.58,5.02,5226.24
CUST_000218,43,technician,married,professional.course,unknown,yes,no,cellular,aug,tue,2,999,1,nonexistent,1.43,93.49,-36.5,5.03,5226.79
CUST_000219,47,admin.,divorced,university.degree,no,yes,no,cellular,may,mon,8,999,0,nonexistent,-1.89,92.9,-46.25,1.18,5105.65
CUST_000220,35,blue-collar,married,basic.9y,no,yes,no,cellular,mar,tue,1,999,1,failure,-1.85,93.41,-33.71,0.5,5006.75
CUST_000221,46,entrepreneur,married,high.school,no,no,no,cellular,may,tue,2,2,1,success,-2.01,92.9,-47.7,1.22,5099.92
CUST_000222,33,unknown,married,basic.4y,unknown,yes,no,telephone,may,tue,2,999,0,nonexistent,1.03,93.89,-36.86,4.89,5194.06
CUST_000223,51,admin.,married,university.degree,no,no,no,telephone,jul,mon,4,999,0,nonexistent,1.33,94.05,-42.41,5.01,5223.93
CUST_000224,33,admin.,single,university.degree,no,yes,no,telephone,may,thu,6,999,0,nonexistent,0.91,94.03,-36.64,5.0,5187.35
CUST_000225,42,technician,married,university.degree,no,yes,no,cellular,nov,fri,4,999,1,nonexistent,-0.21,93.48,-41.92,3.96,5198.46
CUST_000226,52,blue-collar,married,professional.course,no,yes,no,cellular,sep,tue,3,999,0,nonexistent,-3.5,92.41,-29.13,0.81,5021.27
CUST_000227,30,self-employed,single,university.degree,no,no,no,telephone,may,thu,2,999,0,nonexistent,1.14,93.9,-36.63,4.76,5187.95
CUST_000228,44,services,married,basic.4y,no,unknown,unknown,cellular,apr,mon,2,999,0,nonexistent,-1.84,93.09,-47.71,1.38,5102.32
CUST_000229,34,services,single,high.school,no,no,no,telephone,may,wed,3,999,0,nonexistent,-1.66,92.84,-46.54,1.3,5098.87
CUST_000230,23,student,single,high.school,no,yes,no,cellular,jun,thu,2,999,0,nonexistent,-1.79,94.16,-39.59,0.75,4988.85
CUST_000231,58,retired,married,university.degree,no,yes,no,cellular,aug,fri,1,999,0,nonexistent,1.26,93.59,-36.52,5.02,5228.09
CUST_000232,41,services,married,professional.course,no,no,yes,cellular,jul,fri,2,999,0,nonexistent,1.48,93.96,-41.9,4.99,5228.2
CUST_000233,35,blue-collar,married,basic.9y,no,no,yes,cellular,may,fri,2,999,0,nonexistent,-1.66,92.96,-47.36,1.36,5097.35
CUST_000234,33,technician,single,high.school,no,yes,no,cellular,aug,mon,2,999,1,nonexistent,1.27,93.48,-36.53,5.07,5229.24
CUST_000235,36,management,married,university.degree,no,no,no,telephone,may,mon,3,999,1,nonexistent,1.06,94.0,-35.86,4.9,5193.12
CUST_000236,30,management,single,university.degree,no,yes,no,cellular,aug,mon,1,999,0,nonexistent,1.48,93.58,-35.76,4.87,5230.48
CUST_000237,54,retired,married,high.school,no,yes,yes,cellular,jun,fri,2,999,0,nonexistent,-2.95,92.9,-40.95,1.14,5083.16
CUST_000238,44,admin.,married,high.school,no,no,no,cellular,aug,thu,6,999,0,nonexistent,1.42,93.52,-35.65,5.02,5227.21
CUST_000239,42,technician,married,professional.course,no,yes,yes,cellular,nov,thu,1,999,0,nonexistent,-0.06,93.28,-42.54,4.17,5194.11
CUST_000240,38,technician,married,professional.course,unknown,yes,yes,telephone,jun,wed,1,999,2,nonexistent,1.39,94.44,-41.67,4.83,5227.59
CUST_000241,40,admin.,married,university.degree,unknown,yes,yes,cellular,aug,thu,3,999,0,nonexistent,1.41,93.49,-36.96,5.08,5231.65
CUST_000242,42,blue-collar,married,basic.6y,unknown,yes,no,telephone,jun,thu,4,999,0,nonexistent,1.54,94.39,-41.89,4.99,5230.09
CUST_000243,33,admin.,married,university.degree,no,no,no,cellular,aug,fri,1,999,1,nonexistent,1.35,93.43,-36.46,4.91,5223.33
CUST_000244,53,unemployed,married,basic.6y,unknown,no,no,cellular,jul,mon,1,999,0,nonexistent,1.43,94.03,-41.87,4.98,5229.78
CUST_000245,54,services,married,high.school,unknown,no,no,cellular,aug,mon,1,999,0,nonexistent,1.33,93.55,-35.85,4.85,5226.79
CUST_000246,40,blue-collar,married,basic.9y,no,yes,no,cellular,may,tue,1,999,0,nonexistent,-1.93,92.88,-47.09,1.22,5103.16
CUST_000247,47,technician,married,professional.course,unknown,yes,no,telephone,jun,thu,3,999,0,nonexistent,1.58,94.67,-41.72,4.93,5226.38
CUST_000248,33,admin.,divorced,university.degree,no,yes,no,cellular,aug,tue,2,999,1,nonexistent,1.31,93.33,-35.31,4.98,5224.6
CUST_000249,29,technician,married,professional.course,no,yes,no,cellular,oct,fri,2,19,0,success,-1.14,94.46,-49.76,0.9,4963.22
CUST_000250,39,entrepreneur,married,basic.9y,unknown,yes,yes,cellular,may,thu,2,999,0,nonexistent,-1.86,92.91,-46.22,1.3,5100.46
CUST_000251,33,blue-collar,single,basic.9y,unknown,no,no,cellular,may,thu,1,999,0,failure,-1.62,92.88,-46.14,1.35,5108.53
CUST_000252,45,blue-collar,married,basic.4y,no,yes,no,cellular,aug,tue,3,999,1,nonexistent,1.28,93.62,-35.91,4.98,5225.97
CUST_000253,49,services,single,high.school,no,no,no,cellular,jul,wed,2,999,0,nonexistent,1.32,93.91,-43.17,4.97,5224.45
CUST_000254,42,technician,divorced,professional.course,no,yes,no,cellular,aug,mon,3,999,0,nonexistent,1.56,93.43,-36.66,4.97,5233.3
CUST_000255,49,admin.,married,unknown,no,yes,no,cellular,apr,fri,2,999,1,nonexistent,-1.95,93.08,-47.35,1.49,5100.66
CUST_000256,45,management,single,basic.9y,no,yes,no,cellular,nov,thu,3,999,1,failure,-0.28,93.38,-42.43,3.94,5201.58
CUST_000257,42,technician,married,basic.4y,no,yes,no,telephone,may,tue,7,999,0,failure,-1.68,92.79,-46.25,1.35,5096.07
CUST_000258,58,management,married,university.degree,no,no,no,cellular,aug,mon,3,999,0,nonexistent,1.59,93.46,-35.89,4.89,5228.6
CUST_000259,30,management,married,university.degree,no,no,yes,cellular,jul,mon,5,999,0,nonexistent,1.48,93.77,-43.07,4.92,5226.82
CUST_000260,25,blue-collar,single,basic.4y,no,no,no,cellular,jul,thu,1,999,1,nonexistent,1.34,93.86,-42.67,4.84,5231.62
CUST_000261,31,admin.,single,university.degree,no,yes,no,cellular,aug,thu,14,999,1,nonexistent,1.56,93.45,-35.98,4.94,5229.99
CUST_000262,39,admin.,divorced,high.school,unknown,yes,no,cellular,jul,wed,3,999,0,nonexistent,1.26,93.87,-42.43,4.82,5222.12
CUST_000263,33,services,single,university.degree,no,yes,no,cellular,oct,mon,3,7,1,success,-0.99,94.43,-49.73,0.99,4958.71
CUST_000264,34,admin.,single,university.degree,no,no,no,cellular,aug,thu,1,999,0,nonexistent,-3.15,92.24,-30.66,0.68,5082.18
CUST_000265,30,admin.,single,high.school,no,yes,no,cellular,apr,thu,1,999,1,nonexistent,-1.83,93.14,-47.5,1.36,5100.07
CUST_000266,74,retired,married,university.degree,no,yes,yes,cellular,aug,wed,2,999,0,nonexistent,-2.89,92.14,-31.97,1.04,5073.94
CUST_000267,38,technician,married,professional.course,no,no,no,telephone,jun,tue,3,999,0,nonexistent,1.37,94.36,-41.67,4.89,5223.9
CUST_000268,57,blue-collar,married,basic.4y,no,no,no,telephone,jun,thu,1,999,1,nonexistent,1.6,94.44,-41.3,4.92,5219.32
CUST_000269,41,technician,married,high.school,no,yes,no,telephone,jun,fri,24,999,2,nonexistent,1.42,94.38,-41.06,4.82,5229.36
CUST_000270,23,services,single,high.school,no,no,no,telephone,may,fri,2,999,0,nonexistent,1.13,94.12,-36.3,4.93,5188.92
CUST_000271,23,admin.,single,university.degree,no,yes,no,cellular,mar,thu,4,999,0,nonexistent,-1.72,92.92,-50.21,1.7,5101.14
CUST_000272,40,admin.,single,high.school,no,yes,no,cellular,jun,tue,1,999,1,nonexistent,-2.94,93.02,-39.51,1.32,5079.99
CUST_000273,42,blue-collar,divorced,basic.6y,no,yes,no,telephone,may,mon,1,999,0,nonexistent,1.25,93.93,-36.22,4.84,5194.14
CUST_000274,42,housemaid,single,basic.4y,unknown,yes,no,telephone,may,tue,6,999,0,nonexistent,0.94,93.88,-37.32,4.86,5194.12
CUST_000275,34,admin.,single,university.degree,no,yes,no,cellular,nov,wed,1,999,2,nonexistent,-0.21,93.16,-42.23,3.91,5197.51
CUST_000276,32,admin.,single,high.school,no,no,yes,telephone,jun,fri,2,999,0,nonexistent,1.24,94.62,-41.41,5.01,5226.36
CUST_000277,46,admin.,married,basic.9y,unknown,no,no,cellular,jul,mon,3,999,0,nonexistent,1.22,94.18,-43.24,4.9,5231.16
CUST_000278,41,technician,single,high.school,no,no,no,telephone,jun,thu,1,999,1,nonexistent,1.36,94.39,-41.58,4.98,5229.88
CUST_000279,38,housemaid,married,basic.6y,no,yes,no,cellular,aug,thu,3,999,0,nonexistent,1.54,93.3,-36.76,4.9,5228.55
CUST_000280,48,unemployed,married,university.degree,no,yes,yes,cellular,jul,tue,4,999,0,nonexistent,1.42,93.8,-42.7,4.93,5228.26
CUST_000281,71,retired,married,basic.4y,no,yes,no,cellular,sep,tue,1,999,1,nonexistent,-3.26,92.24,-30.52,0.69,5022.97
CUST_000282,45,technician,married,professional.course,no,no,no,cellular,aug,thu,2,999,0,nonexistent,1.32,93.4,-36.23,4.99,5229.53
CUST_000283,44,unknown,married,unknown,no,no,no,telephone,may,fri,1,999,0,nonexistent,1.12,94.08,-36.8,4.84,5194.11
CUST_000284,27,blue-collar,married,unknown,no,yes,no,telephone,may,fri,1,999,1,nonexistent,1.15,94.01,-35.81,4.87,5184.76
CUST_000285,32,admin.,single,university.degree,no,yes,no,cellular,aug,tue,2,999,0,nonexistent,1.32,93.48,-35.85,5.01,5232.19
CUST_000286,52,technician,married,professional.course,no,yes,yes,cellular,aug,thu,4,999,0,nonexistent,1.43,93.44,-35.81,4.93,5228.14
CUST_000287,25,admin.,single,university.degree,no,no,no,cellular,jul,wed,3,999,0,nonexistent,1.28,93.85,-43.15,5.06,5225.85
CUST_000288,59,management,married,university.degree,no,yes,no,cellular,aug,mon,5,999,0,nonexistent,1.4,93.41,-36.69,4.95,5234.75
CUST_000289,35,technician,married,professional.course,no,no,no,telephone,jun,thu,8,999,1,nonexistent,1.46,94.37,-40.19,5.01,5225.71
CUST_000290,57,technician,married,high.school,no,yes,no,cellular,apr,wed,1,999,2,failure,-1.81,92.94,-46.78,1.44,5098.19
CUST_000291,42,admin.,married,high.school,no,yes,no,cellular,aug,mon,1,999,0,nonexistent,1.38,93.4,-35.39,4.97,5226.09
CUST_000292,34,blue-collar,married,high.school,no,no,no,cellular,jul,mon,4,999,0,nonexistent,1.2,93.93,-42.67,5.08,5231.11
CUST_000293,39,admin.,married,high.school,no,no,no,cellular,may,tue,1,999,0,nonexistent,-1.7,92.83,-46.52,1.24,5096.06
CUST_000294,27,technician,single,professional.course,no,yes,yes,cellular,may,wed,3,999,0,failure,-1.84,92.86,-47.11,1.29,5096.59
CUST_000295,37,unemployed,married,basic.6y,no,yes,no,cellular,may,thu,1,999,1,failure,-1.79,93.01,-47.16,1.3,5096.5
CUST_000296,36,self-employed,married,university.degree,no,no,no,cellular,may,mon,1,999,0,nonexistent,-1.82,92.89,-45.61,1.35,5103.33
CUST_000297,33,technician,married,university.degree,no,unknown,unknown,cellular,aug,tue,1,999,3,nonexistent,-2.79,92.24,-31.45,0.99,5075.45
CUST_000298,47,blue-collar,married,unknown,unknown,yes,yes,telephone,may,thu,1,999,1,nonexistent,1.24,93.85,-36.74,4.8,5187.33
CUST_000299,56,services,married,high.school,no,yes,no,telephone,jun,tue,2,999,0,nonexistent,1.39,94.34,-41.8,4.87,5232.55
CUST_000300,55,blue-collar,married,basic.4y,unknown,yes,no,telephone,jun,fri,3,999,0,nonexistent,1.53,94.45,-42.26,4.91,5227.14
CUST_000301,47,blue-collar,married,professional.course,no,no,yes,cellular,nov,fri,1,999,1,nonexistent,-0.12,93.07,-42.02,4.11,5193.4
CUST_000302,38,services,married,high.school,unknown,no,yes,telephone,may,tue,1,999,1,nonexistent,1.09,93.97,-36.21,4.83,5189.05
CUST_000303,39,management,single,university.degree,no,no,no,cellular,apr,fri,1,999,0,failure,-1.98,93.05,-46.75,1.36,5096.75
CUST_000304,43,management,divorced,high.school,no,no,no,telephone,jun,mon,2,999,1,nonexistent,1.13,94.39,-41.52,4.87,5225.53
CUST_000305,29,technician,single,university.degree,no,yes,no,telephone,jun,wed,3,999,2,failure,-1.79,94.05,-39.8,0.87,4994.0
CUST_000306,53,management,married,university.degree,no,no,no,cellular,jul,tue,4,999,2,nonexistent,1.39,93.93,-42.63,4.99,5226.98
CUST_000307,34,admin.,single,university.degree,no,yes,no,cellular,may,thu,5,999,0,nonexistent,-1.81,92.95,-46.92,1.25,5099.78
CUST_000308,48,blue-collar,married,basic.6y,unknown,yes,no,cellular,aug,tue,2,999,0,nonexistent,1.34,93.55,-36.75,5.09,5217.29
CUST_000309,29,technician,single,high.school,no,yes,no,cellular,aug,mon,1,999,0,nonexistent,1.56,93.44,-36.83,4.97,5234.46
CUST_000310,31,technician,single,university.degree,no,no,yes,cellular,aug,thu,8,999,1,nonexistent,1.28,93.51,-36.9,4.99,5233.23
CUST_000311,30,blue-collar,married,basic.9y,no,no,no,telephone,jun,tue,3,999,0,nonexistent,1.36,94.42,-41.53,5.2,5227.46
CUST_000312,48,management,married,university.degree,no,no,no,telephone,jun,thu,1,999,0,nonexistent,1.4,94.51,-41.5,5.0,5236.22
CUST_000313,32,services,married,high.school,unknown,no,no,telephone,may,fri,3,999,0,nonexistent,1.01,93.92,-36.57,5.05,5195.06
CUST_000314,27,blue-collar,married,basic.6y,unknown,no,no,cellular,may,mon,2,999,0,nonexistent,-1.67,92.88,-45.54,1.32,5107.52
CUST_000315,56,admin.,divorced,professional.course,no,no,no,cellular,aug,wed,3,999,1,nonexistent,1.24,93.36,-36.36,4.9,5221.4
CUST_000316,38,blue-collar,divorced,unknown,no,yes,no,telephone,may,wed,1,999,0,nonexistent,1.0,94.11,-34.65,4.81,5191.1
CUST_000317,40,blue-collar,single,basic.6y,unknown,no,no,cellular,apr,fri,1,999,1,nonexistent,-1.77,93.01,-46.94,1.41,5104.2
CUST_000318,52,blue-collar,married,basic.4y,no,no,no,cellular,aug,mon,1,999,0,nonexistent,1.25,93.41,-37.08,4.96,5229.48
CUST_000319,33,entrepreneur,married,basic.9y,no,no,no,cellular,may,wed,2,999,3,failure,-1.95,93.05,-46.69,1.44,5098.39
CUST_000320,18,student,single,unknown,no,yes,no,cellular,may,thu,1,17,1,success,-1.9,94.04,-39.9,0.63,5012.21
CUST_000321,39,admin.,married,high.school,no,no,no,telephone,may,tue,1,999,0,nonexistent,1.17,94.15,-36.11,4.87,5192.77
CUST_000322,44,blue-collar,married,basic.4y,unknown,yes,no,cellular,aug,wed,1,999,0,nonexistent,1.35,93.53,-35.75,4.77,5231.73
CUST_000323,29,self-employed,married,university.degree,no,yes,yes,cellular,mar,wed,1,999,2,failure,-1.8,92.92,-51.06,1.58,5097.7
CUST_000324,39,services,married,high.school,no,no,yes,telephone,may,thu,1,999,1,nonexistent,0.94,93.78,-35.99,5.01,5188.46
CUST_000325,52,admin.,married,university.degree,no,yes,no,cellular,jun,wed,1,999,0,nonexistent,-1.7,93.99,-39.88,0.78,4984.86
CUST_000326,38,technician,single,professional.course,no,no,no,cellular,jul,mon,1,999,2,nonexistent,1.6,93.95,-42.85,4.91,5223.01
CUST_000327,29,management,single,university.degree,no,yes,no,cellular,mar,mon,5,999,3,failure,-1.76,93.42,-34.59,0.81,5008.28
CUST_000328,59,retired,married,unknown,unknown,no,no,cellular,jul,wed,2,999,0,nonexistent,1.35,93.79,-42.37,4.82,5235.21
CUST_000329,56,retired,married,basic.4y,unknown,no,yes,cellular,jul,mon,5,999,0,nonexistent,1.58,94.0,-42.69,4.86,5227.66
CUST_000330,54,admin.,divorced,university.degree,no,yes,yes,cellular,nov,tue,2,999,2,nonexistent,-0.05,93.32,-42.12,4.22,5192.37
CUST_000331,45,blue-collar,married,basic.6y,unknown,no,yes,telephone,may,thu,1,999,2,nonexistent,1.14,94.01,-36.83,4.71,5189.87
CUST_000332,47,technician,divorced,professional.course,unknown,no,no,telephone,may,wed,3,999,0,nonexistent,1.05,94.07,-36.57,4.95,5191.92
CUST_000333,28,blue-collar,single,high.school,no,yes,yes,telephone,jun,wed,1,999,0,nonexistent,1.3,94.57,-40.96,4.77,5223.31
CUST_000334,29,student,single,basic.9y,no,yes,no,cellular,may,mon,1,999,0,nonexistent,-1.82,92.92,-46.67,1.09,5102.13
CUST_000335,33,services,married,high.school,no,no,no,cellular,nov,wed,3,999,0,nonexistent,-0.12,93.12,-41.94,4.25,5192.66
CUST_000336,33,admin.,married,high.school,unknown,yes,yes,cellular,aug,thu,4,999,0,nonexistent,1.34,93.46,-36.22,4.99,5230.54
CUST_000337,49,blue-collar,married,basic.9y,unknown,no,no,cellular,may,tue,3,999,2,failure,-1.76,93.0,-45.62,1.49,5094.19
CUST_000338,37,services,married,high.school,unknown,yes,no,telephone,may,fri,1,999,0,nonexistent,0.97,93.96,-35.91,4.89,5192.85
CUST_000339,45,blue-collar,married,basic.6y,no,yes,no,cellular,jul,wed,5,999,1,nonexistent,1.5,93.9,-42.34,4.89,5228.56
CUST_000340,42,admin.,married,university.degree,no,no,yes,cellular,aug,thu,1,999,1,nonexistent,1.27,93.66,-37.01,4.78,5231.96
CUST_000341,54,technician,married,professional.course,unknown,yes,no,cellular,aug,thu,4,999,0,nonexistent,1.3,93.48,-36.47,5.06,5229.62
CUST_000342,33,technician,single,university.degree,no,no,no,cellular,jun,mon,1,999,0,nonexistent,-2.91,93.02,-41.14,1.31,5076.57
CUST_000343,39,blue-collar,single,basic.6y,no,no,no,cellular,nov,wed,1,999,0,nonexistent,-0.1,93.2,-41.79,4.17,5193.87
CUST_000344,29,technician,divorced,professional.course,no,yes,yes,telephone,may,mon,1,999,1,nonexistent,1.14,94.0,-36.35,4.66,5194.72
CUST_000345,50,unknown,married,basic.4y,unknown,no,yes,cellular,may,tue,4,999,1,failure,-1.69,92.83,-45.85,1.24,5095.89
CUST_000346,29,admin.,married,basic.9y,no,no,no,telephone,jun,tue,1,999,0,nonexistent,1.37,94.36,-41.3,4.62,5227.79
CUST_000347,47,technician,single,high.school,no,yes,no,telephone,may,fri,4,999,0,nonexistent,0.96,94.0,-36.03,4.86,5196.34
CUST_000348,49,technician,married,university.degree,no,no,no,cellular,nov,tue,4,999,0,nonexistent,-0.0,93.35,-42.48,4.18,5199.68
CUST_000349,24,student,single,high.school,no,no,no,cellular,sep,wed,2,0,0,success,-1.16,94.13,-37.45,0.76,4960.93
CUST_000350,38,services,married,high.school,no,no,yes,cellular,apr,fri,1,999,1,failure,-1.91,93.05,-45.73,1.5,5098.49
CUST_000351,53,technician,married,professional.course,no,yes,no,telephone,may,wed,7,999,2,nonexistent,1.29,93.92,-35.72,4.87,5194.28
CUST_000352,29,admin.,single,high.school,no,no,no,cellular,sep,thu,1,999,3,nonexistent,-1.1,94.1,-36.66,0.92,4954.9
CUST_000353,43,admin.,married,university.degree,no,yes,no,telephone,jun,thu,1,999,0,nonexistent,1.52,94.42,-42.54,4.93,5230.74
CUST_000354,70,retired,married,basic.4y,no,no,no,telephone,apr,tue,3,999,0,nonexistent,-1.65,93.16,-46.2,1.48,5105.2
CUST_000355,42,blue-collar,married,high.school,no,yes,no,cellular,jul,tue,2,999,0,nonexistent,-2.87,92.48,-33.79,1.04,5074.5
CUST_000356,46,admin.,married,high.school,no,no,no,telephone,jun,thu,1,999,0,nonexistent,1.4,94.58,-41.57,4.9,5233.53
CUST_000357,43,management,married,high.school,no,no,yes,telephone,jul,fri,2,999,1,nonexistent,1.52,93.78,-43.07,4.94,5230.47
CUST_000358,58,retired,married,professional.course,no,no,no,cellular,nov,mon,1,999,0,nonexistent,-0.24,92.98,-42.34,4.13,5192.05
CUST_000359,33,technician,married,professional.course,no,no,yes,telephone,jun,tue,1,999,0,nonexistent,1.19,94.38,-41.21,4.91,5227.54
CUST_000360,51,admin.,married,university.degree,no,yes,no,cellular,aug,thu,3,999,0,nonexistent,1.3,93.4,-36.91,5.09,5225.84
CUST_000361,33,blue-collar,married,basic.9y,no,yes,no,cellular,may,thu,3,999,1,nonexistent,-1.76,92.94,-45.43,1.2,5097.53
CUST_000362,35,unemployed,married,high.school,no,no,no,cellular,jul,fri,1,999,1,nonexistent,1.51,94.0,-42.45,4.98,5225.53
CUST_000363,31,housemaid,married,university.degree,no,yes,no,telephone,jun,fri,3,999,0,nonexistent,1.28,94.44,-41.59,4.99,5228.66
CUST_000364,49,technician,married,professional.course,unknown,yes,no,cellular,aug,thu,3,999,0,nonexistent,1.37,93.33,-35.45,4.95,5225.86
CUST_000365,42,admin.,married,high.school,no,no,no,telephone,may,wed,3,999,0,nonexistent,0.96,94.01,-36.5,5.01,5191.0
CUST_000366,32,technician,married,unknown,no,no,no,cellular,jul,fri,2,999,0,nonexistent,1.37,93.91,-42.97,4.94,5227.29
CUST_000367,31,admin.,married,high.school,no,yes,yes,cellular,may,mon,1,999,0,nonexistent,-1.68,92.91,-45.23,1.18,5098.16
CUST_000368,45,admin.,married,university.degree,unknown,no,no,cellular,apr,fri,2,999,2,failure,-1.72,93.0,-47.4,1.38,5105.55
CUST_000369,32,admin.,married,university.degree,no,yes,no,cellular,jul,thu,16,999,0,nonexistent,1.43,93.8,-42.95,4.92,5229.58
CUST_000370,38,unemployed,married,basic.9y,unknown,yes,no,telephone,jun,fri,8,999,0,nonexistent,1.43,94.5,-41.8,5.08,5227.16
CUST_000371,57,blue-collar,married,basic.6y,unknown,no,no,cellular,jul,mon,9,999,1,nonexistent,1.4,93.95,-42.77,5.11,5237.6
CUST_000372,25,admin.,single,high.school,no,yes,no,telephone,jul,mon,3,999,0,nonexistent,1.37,94.19,-43.31,5.15,5230.88
CUST_000373,33,blue-collar,married,basic.9y,no,yes,no,cellular,jul,tue,5,999,0,nonexistent,1.48,93.84,-41.62,4.87,5227.27
CUST_000374,24,blue-collar,single,basic.9y,no,yes,yes,cellular,jul,thu,1,999,0,nonexistent,1.29,93.84,-42.49,4.92,5227.46
CUST_000375,40,self-employed,divorced,university.degree,no,no,no,cellular,aug,thu,4,999,1,nonexistent,1.35,93.45,-34.78,4.82,5233.59
CUST_000376,40,blue-collar,married,university.degree,no,no,no,cellular,jul,thu,1,999,0,nonexistent,1.58,93.75,-42.83,4.99,5223.54
CUST_000377,50,admin.,married,high.school,no,no,no,telephone,jun,fri,3,999,2,nonexistent,1.57,94.41,-42.12,4.83,5232.91
CUST_000378,51,entrepreneur,married,basic.6y,unknown,no,no,cellular,jul,fri,4,999,0,nonexistent,1.55,93.88,-42.77,4.77,5220.71
CUST_000379,45,blue-collar,married,basic.9y,no,no,yes,cellular,aug,mon,4,999,0,nonexistent,1.29,93.55,-36.13,4.82,5233.46
CUST_000380,54,admin.,married,high.school,no,no,yes,telephone,may,thu,4,999,0,nonexistent,1.06,94.17,-35.8,4.82,5197.06
CUST_000381,27,services,single,professional.course,no,yes,yes,telephone,may,tue,1,999,0,nonexistent,1.15,94.04,-35.99,4.81,5199.22
CUST_000382,53,technician,married,high.school,no,yes,no,telephone,may,wed,1,999,0,nonexistent,1.07,93.93,-36.22,4.84,5194.03
CUST_000383,31,technician,single,professional.course,no,yes,yes,cellular,may,wed,1,999,1,nonexistent,-1.68,92.79,-45.96,1.42,5096.2
CUST_000384,36,blue-collar,married,professional.course,no,yes,no,cellular,may,mon,1,999,2,failure,-1.94,92.88,-46.39,1.31,5103.22
CUST_000385,33,services,single,high.school,no,yes,no,telephone,may,wed,1,999,0,nonexistent,0.98,93.92,-35.66,4.86,5190.79
CUST_000386,36,technician,single,professional.course,no,no,no,cellular,jul,tue,3,999,0,nonexistent,1.38,93.91,-42.35,5.03,5224.72
CUST_000387,44,entrepreneur,married,university.degree,no,no,no,telephone,may,thu,1,999,0,nonexistent,1.25,93.86,-36.39,4.81,5191.62
CUST_000388,45,blue-collar,married,unknown,unknown,no,no,telephone,may,mon,1,999,0,nonexistent,1.22,94.16,-36.1,4.77,5186.96
CUST_000389,40,admin.,single,high.school,unknown,yes,no,telephone,jun,wed,4,999,2,nonexistent,1.47,94.43,-41.98,4.95,5230.16
CUST_000390,36,admin.,married,university.degree,no,no,yes,cellular,apr,fri,1,999,2,failure,-1.87,93.65,-35.04,0.68,5007.19
CUST_000391,33,admin.,married,high.school,no,yes,no,telephone,jun,mon,4,999,0,nonexistent,1.38,94.41,-42.35,4.85,5231.12
CUST_000392,32,management,married,university.degree,no,no,no,cellular,may,fri,1,999,0,nonexistent,-1.84,92.8,-46.1,1.37,5096.94
CUST_000393,25,student,single,high.school,no,no,no,cellular,may,mon,1,999,0,nonexistent,-1.85,92.9,-45.32,1.24,5103.41
CUST_000394,29,technician,single,professional.course,no,yes,no,cellular,sep,fri,2,999,0,nonexistent,-1.18,94.08,-36.97,0.88,4963.97
CUST_000395,39,technician,divorced,university.degree,no,yes,no,telephone,may,tue,1,999,0,nonexistent,1.17,94.01,-36.65,4.86,5194.73
CUST_000396,51,blue-collar,married,basic.4y,no,no,no,cellular,aug,mon,3,999,0,nonexistent,1.42,93.42,-36.05,4.88,5235.09
CUST_000397,60,admin.,married,university.degree,no,yes,no,cellular,mar,mon,6,999,1,failure,-1.76,93.32,-35.8,0.66,5004.94
CUST_000398,44,management,married,basic.9y,no,yes,no,cellular,nov,tue,2,999,0,nonexistent,-0.14,93.23,-42.36,3.97,5202.83
CUST_000399,29,blue-collar,married,basic.9y,unknown,yes,no,cellular,jul,tue,2,999,1,nonexistent,1.51,93.84,-41.63,5.07,5230.01
CUST_000400,33,admin.,single,university.degree,no,yes,no,cellular,jul,tue,5,999,1,nonexistent,1.36,93.86,-41.42,5.09,5225.89
CUST_000401,50,admin.,married,high.school,no,yes,no,telephone,may,thu,2,999,0,nonexistent,1.17,94.03,-36.51,4.82,5190.18
CUST_000402,60,retired,married,basic.4y,unknown,no,no,telephone,jun,mon,4,999,0,nonexistent,1.43,94.56,-41.98,5.07,5231.49
CUST_000403,34,self-employed,married,university.degree,no,no,no,telephone,may,mon,2,999,1,nonexistent,1.07,93.95,-37.24,4.87,5188.56
CUST_000404,27,admin.,single,high.school,no,yes,no,telephone,jul,fri,4,999,3,nonexistent,-1.8,94.29,-39.31,0.86,4991.46
CUST_000405,44,entrepreneur,married,high.school,unknown,yes,no,telephone,may,fri,1,999,0,nonexistent,1.23,94.09,-37.27,4.89,5187.28
CUST_000406,32,technician,single,university.degree,no,no,no,telephone,aug,mon,6,999,0,nonexistent,1.41,93.46,-36.15,4.81,5220.47
CUST_000407,37,services,married,high.school,no,yes,no,cellular,apr,thu,1,999,1,failure,-1.75,93.12,-46.75,1.3,5101.79
CUST_000408,27,technician,single,professional.course,no,yes,no,cellular,may,wed,2,13,1,success,-1.69,92.83,-45.64,1.26,5103.14
CUST_000409,48,blue-collar,married,professional.course,no,no,no,cellular,may,tue,1,999,0,nonexistent,-1.81,93.02,-46.86,1.21,5102.97
CUST_000410,43,blue-collar,married,basic.9y,unknown,yes,no,cellular,jul,mon,3,999,0,nonexistent,1.38,94.07,-42.18,5.09,5232.69
CUST_000411,42,retired,single,basic.9y,no,no,no,cellular,nov,mon,1,999,1,failure,-0.23,93.08,-42.23,4.23,5194.44
CUST_000412,30,admin.,single,university.degree,no,yes,no,cellular,aug,mon,3,999,2,nonexistent,1.47,93.48,-35.32,5.07,5226.54
CUST_000413,39,services,married,high.school,no,no,no,cellular,may,mon,2,999,0,nonexistent,-1.72,92.91,-46.52,1.21,5097.7
CUST_000414,51,admin.,married,professional.course,no,no,no,cellular,jul,tue,3,999,0,nonexistent,-1.65,94.2,-40.02,1.03,4988.68
CUST_000415,33,blue-collar,married,basic.9y,unknown,no,no,telephone,jul,tue,6,999,1,nonexistent,1.41,93.97,-43.49,4.92,5230.64
CUST_000416,39,blue-collar,married,basic.9y,unknown,no,no,cellular,may,tue,1,999,1,nonexistent,-1.98,92.8,-46.07,1.25,5101.49
CUST_000417,23,technician,married,professional.course,no,yes,no,cellular,may,mon,3,999,0,nonexistent,-1.78,92.73,-46.12,1.21,5099.19
CUST_000418,33,self-employed,married,university.degree,no,yes,no,cellular,aug,tue,4,999,0,nonexistent,1.44,93.36,-35.48,4.98,5231.93
CUST_000419,34,blue-collar,married,basic.4y,no,yes,no,telephone,may,tue,1,999,1,nonexistent,0.94,93.94,-36.54,4.66,5188.38
CUST_000420,31,technician,married,university.degree,no,yes,no,cellular,may,mon,4,999,1,failure,-1.77,92.89,-46.35,1.32,5099.07
CUST_000421,36,unemployed,married,basic.4y,unknown,yes,no,cellular,jul,tue,19,999,0,nonexistent,1.46,94.01,-43.81,5.06,5228.32
CUST_000422,36,blue-collar,single,unknown,unknown,no,no,telephone,may,fri,2,999,0,nonexistent,1.1,94.0,-35.76,4.91,5186.48
CUST_000423,32,admin.,single,high.school,no,yes,no,cellular,jul,wed,1,999,0,nonexistent,1.29,93.97,-42.91,4.99,5229.19
CUST_000424,51,management,divorced,university.degree,no,yes,no,telephone,jul,wed,1,999,0,nonexistent,-2.81,92.4,-34.23,0.99,5080.02
CUST_000425,46,admin.,married,university.degree,no,yes,no,telephone,jun,tue,3,999,0,nonexistent,1.48,94.53,-41.52,5.05,5225.64
CUST_000426,34,management,single,high.school,no,yes,no,telephone,jun,mon,2,999,0,nonexistent,1.52,94.53,-41.87,5.01,5228.5
CUST_000427,27,management,single,university.degree,no,no,no,cellular,nov,tue,1,999,1,failure,-0.06,93.13,-41.61,4.16,5194.5
CUST_000428,37,admin.,married,basic.6y,no,yes,no,telephone,jul,thu,3,999,0,nonexistent,1.36,93.94,-42.53,5.09,5226.32
CUST_000429,57,retired,married,high.school,unknown,yes,no,cellular,aug,thu,2,999,3,nonexistent,1.5,93.42,-35.69,5.11,5220.74
CUST_000430,35,technician,married,professional.course,unknown,no,no,telephone,may,mon,1,999,1,nonexistent,1.25,94.22,-36.49,4.9,5200.2
CUST_000431,41,technician,single,university.degree,no,no,no,cellular,nov,mon,3,5,0,success,-3.38,92.7,-30.49,0.66,5018.91
CUST_000432,33,services,married,high.school,no,yes,yes,cellular,nov,wed,3,999,1,nonexistent,-0.05,93.07,-42.17,4.06,5199.65
CUST_000433,46,blue-collar,married,professional.course,unknown,no,no,telephone,jun,wed,1,999,0,nonexistent,1.32,94.4,-42.09,4.96,5235.72
CUST_000434,31,technician,married,professional.course,no,no,yes,cellular,jul,thu,2,999,0,nonexistent,1.41,93.91,-42.67,4.95,5230.7
CUST_000435,32,technician,single,university.degree,no,no,no,cellular,jul,fri,2,999,1,nonexistent,1.29,94.04,-42.48,5.06,5228.44
CUST_000436,31,technician,married,professional.course,no,yes,no,cellular,jul,wed,3,999,0,nonexistent,1.5,94.13,-43.29,4.9,5230.33
CUST_000437,45,technician,married,basic.9y,no,yes,no,cellular,nov,wed,1,999,0,nonexistent,-0.08,93.25,-42.27,4.1,5191.26
CUST_000438,22,student,single,high.school,no,yes,no,cellular,aug,thu,2,999,1,nonexistent,-2.96,92.21,-31.37,0.92,5084.4
CUST_000439,53,admin.,divorced,university.degree,no,yes,no,cellular,may,mon,1,999,0,nonexistent,-1.77,93.0,-47.02,1.35,5096.19
CUST_000440,48,blue-collar,married,basic.4y,unknown,yes,yes,telephone,jun,tue,1,999,0,nonexistent,1.46,94.46,-42.19,4.95,5226.48
CUST_000441,47,services,married,high.school,unknown,yes,no,telephone,jun,wed,10,999,1,nonexistent,1.47,94.47,-43.28,4.87,5225.13
CUST_000442,41,unemployed,married,basic.9y,unknown,yes,no,telephone,apr,fri,1,999,2,failure,-1.68,93.32,-48.2,1.5,5099.39
CUST_000443,29,admin.,married,high.school,no,yes,no,telephone,jun,tue,10,999,0,nonexistent,1.43,94.43,-41.62,4.96,5224.18
CUST_000444,35,admin.,married,basic.9y,no,yes,no,cellular,apr,mon,1,999,1,nonexistent,-1.84,93.33,-47.14,1.49,5101.41
CUST_000445,38,blue-collar,married,basic.9y,no,yes,no,cellular,nov,fri,3,999,0,nonexistent,-0.1,93.14,-41.3,4.22,5200.02
CUST_000446,58,retired,married,basic.6y,unknown,no,no,telephone,jun,wed,5,999,0,nonexistent,1.44,94.63,-42.79,4.9,5225.72
CUST_000447,32,admin.,married,university.degree,no,yes,no,telephone,jun,wed,1,999,0,nonexistent,1.33,94.43,-42.14,4.83,5227.51
CUST_000448,29,admin.,single,high.school,no,no,no,telephone,jul,thu,3,999,0,nonexistent,-1.91,94.16,-40.52,0.77,4987.8
CUST_000449,36,admin.,single,university.degree,no,yes,yes,cellular,jul,thu,7,999,1,nonexistent,1.32,93.81,-42.34,5.12,5225.73
CUST_000450,36,admin.,married,professional.course,no,no,no,cellular,aug,mon,2,999,0,nonexistent,1.45,93.65,-36.0,5.0,5234.38
CUST_000451,41,blue-collar,married,basic.4y,no,yes,no,telephone,jun,thu,3,999,0,nonexistent,1.36,94.66,-41.61,4.8,5221.64
CUST_000452,34,blue-collar,married,basic.4y,unknown,yes,yes,cellular,jul,thu,2,999,2,nonexistent,1.5,94.09,-43.36,5.02,5227.4
CUST_000453,56,blue-collar,married,unknown,unknown,yes,yes,cellular,jul,mon,1,999,1,nonexistent,1.59,93.79,-42.4,4.92,5230.19
CUST_000454,31,housemaid,married,basic.9y,no,no,no,telephone,jul,thu,1,999,0,nonexistent,1.33,93.88,-42.49,4.81,5230.67
CUST_000455,44,housemaid,married,high.school,no,yes,no,cellular,aug,fri,2,999,0,nonexistent,-2.97,92.29,-30.78,0.95,5076.94
CUST_000456,55,technician,married,university.degree,no,yes,no,telephone,may,thu,10,999,3,nonexistent,1.1,94.0,-35.67,4.79,5191.07
CUST_000457,43,blue-collar,married,basic.6y,unknown,yes,no,telephone,may,wed,3,999,0,nonexistent,-1.67,92.88,-45.84,1.46,5090.06
CUST_000458,60,retired,married,basic.4y,no,no,no,telephone,apr,tue,4,999,0,nonexistent,-1.93,92.92,-47.18,1.6,5098.21
CUST_000459,42,services,divorced,high.school,no,no,no,cellular,nov,thu,1,999,0,nonexistent,-0.14,93.33,-41.04,4.07,5198.96
CUST_000460,38,management,married,university.degree,no,yes,no,telephone,may,wed,8,999,0,nonexistent,1.02,93.82,-36.99,4.72,5197.45
CUST_000461,45,blue-collar,married,basic.9y,no,yes,no,telephone,jun,thu,1,999,2,nonexistent,1.18,94.33,-42.05,5.07,5235.95
CUST_000462,20,blue-collar,single,high.school,no,yes,no,cellular,may,thu,3,999,0,nonexistent,-1.8,92.91,-46.48,1.52,5103.28
CUST_000463,46,admin.,married,high.school,unknown,yes,no,cellular,nov,mon,1,999,0,nonexistent,-0.15,93.17,-42.3,4.08,5194.35
CUST_000464,31,services,married,professional.course,unknown,no,no,telephone,may,mon,4,999,0,nonexistent,1.22,94.11,-36.37,4.81,5198.11
CUST_000465,30,admin.,married,high.school,no,no,no,cellular,jun,mon,1,999,2,failure,-2.83,92.98,-40.24,1.4,5073.07
CUST_000466,39,blue-collar,single,unknown,unknown,yes,no,telephone,may,fri,4,999,0,nonexistent,1.06,93.94,-36.31,4.88,5193.41
CUST_000467,42,technician,married,basic.9y,unknown,no,no,telephone,may,mon,2,999,2,nonexistent,0.84,94.01,-36.26,4.99,5189.15
CUST_000468,25,technician,single,professional.course,no,no,no,cellular,jul,wed,1,999,1,nonexistent,1.38,93.88,-43.32,5.08,5226.43
CUST_000469,61,retired,married,professional.course,no,yes,no,cellular,mar,wed,1,999,0,nonexistent,-1.82,92.84,-49.45,1.72,5090.58
CUST_000470,45,admin.,married,high.school,unknown,no,yes,telephone,jul,mon,1,999,2,nonexistent,1.35,93.98,-43.32,4.94,5228.65
CUST_000471,30,technician,married,university.degree,no,no,no,telephone,may,fri,3,999,0,nonexistent,1.21,94.03,-37.63,4.81,5195.06
CUST_000472,37,entrepreneur,married,basic.6y,no,yes,no,cellular,jun,mon,1,999,0,nonexistent,-2.99,93.06,-40.93,1.36,5074.21
CUST_000473,21,student,single,high.school,unknown,no,no,cellular,may,fri,3,999,0,nonexistent,-1.73,92.9,-46.46,1.37,5100.53
CUST_000474,31,technician,single,professional.course,no,yes,no,cellular,nov,thu,9,999,0,nonexistent,-0.17,93.07,-42.05,4.08,5197.96
CUST_000475,34,admin.,married,university.degree,no,yes,yes,cellular,nov,wed,3,999,1,nonexistent,-0.23,93.3,-40.8,4.1,5205.62
CUST_000476,49,housemaid,married,basic.4y,no,no,no,cellular,nov,tue,1,999,0,nonexistent,-0.07,93.21,-42.36,3.96,5191.44
CUST_000477,39,blue-collar,married,basic.6y,unknown,no,no,cellular,may,mon,1,999,1,nonexistent,-1.71,93.01,-45.52,1.36,5103.2
CUST_000478,46,blue-collar,married,basic.4y,no,no,no,telephone,may,thu,1,999,0,nonexistent,-1.85,92.77,-46.57,1.36,5102.32
CUST_000479,34,technician,single,university.degree,no,no,no,cellular,jul,tue,2,999,1,nonexistent,1.43,93.98,-43.03,5.12,5237.16
CUST_000480,31,admin.,single,high.school,no,yes,no,telephone,may,mon,1,999,0,nonexistent,1.06,93.98,-36.13,4.84,5191.08
CUST_000481,40,admin.,married,high.school,no,yes,no,cellular,nov,mon,1,999,1,nonexistent,-0.23,93.33,-42.53,4.25,5191.64
CUST_000482,40,services,married,high.school,no,yes,no,cellular,apr,fri,2,999,1,nonexistent,-1.97,93.19,-45.84,1.5,5100.74
CUST_000483,53,management,married,high.school,no,no,no,cellular,aug,tue,3,999,0,nonexistent,-2.9,92.09,-31.33,0.86,5075.14
CUST_000484,40,technician,married,professional.course,no,no,no,cellular,aug,tue,1,999,2,nonexistent,1.47,93.4,-36.4,4.84,5232.1
CUST_000485,53,management,married,university.degree,no,yes,no,telephone,aug,tue,2,999,1,nonexistent,-1.8,93.79,-38.55,0.97,4989.1
CUST_000486,54,blue-collar,married,basic.4y,no,yes,no,telephone,aug,mon,1,999,0,nonexistent,1.15,93.62,-37.0,5.04,5229.51
CUST_000487,51,entrepreneur,married,university.degree,unknown,no,no,telephone,may,mon,1,999,0,nonexistent,1.17,93.92,-35.7,4.98,5194.59
CUST_000488,27,services,single,basic.9y,unknown,yes,no,telephone,may,fri,1,999,0,nonexistent,1.12,94.02,-36.19,4.9,5189.28
CUST_000489,29,admin.,single,high.school,no,no,no,telephone,may,tue,3,999,1,nonexistent,1.03,94.09,-37.04,4.59,5191.8
CUST_000490,33,blue-collar,married,basic.9y,no,no,no,telephone,may,fri,4,999,0,nonexistent,1.28,94.07,-36.16,4.77,5183.65
CUST_000491,60,entrepreneur,married,basic.4y,no,yes,no,telephone,may,thu,3,999,0,nonexistent,1.1,93.84,-35.95,4.81,5194.28
CUST_000492,50,admin.,married,high.school,no,no,no,telephone,jun,tue,1,999,0,nonexistent,1.41,94.66,-40.25,5.0,5224.86
CUST_000493,33,technician,single,university.degree,no,yes,no,cellular,aug,wed,4,999,0,nonexistent,1.36,93.51,-36.77,4.99,5227.98
CUST_000494,41,management,married,unknown,unknown,no,no,telephone,jun,tue,5,999,0,nonexistent,1.39,94.43,-41.48,4.82,5229.84
CUST_000495,31,admin.,single,university.degree,no,unknown,unknown,cellular,mar,mon,3,999,2,nonexistent,-1.85,92.82,-50.48,1.49,5101.16
CUST_000496,31,admin.,married,university.degree,no,no,no,telephone,jun,wed,4,999,0,nonexistent,1.22,94.39,-41.88,4.78,5226.42
CUST_000497,60,unknown,married,university.degree,no,yes,no,telephone,jun,mon,1,999,1,nonexistent,1.54,94.57,-40.89,4.9,5224.26
CUST_000498,48,technician,married,professional.course,unknown,no,yes,telephone,jul,thu,6,999,1,nonexistent,1.31,93.97,-41.69,4.98,5230.51
CUST_000499,27,blue-collar,divorced,high.school,no,yes,no,cellular,jul,tue,2,999,0,nonexistent,1.28,93.92,-43.05,5.03,5226.63
CUST_000500,20,blue-collar,married,basic.9y,no,no,yes,cellular,jul,wed,5,999,1,nonexistent,1.11,93.81,-43.17,4.81,5218.51
CUST_000501,55,technician,single,university.degree,unknown,no,no,telephone,may,mon,2,999,0,nonexistent,1.16,93.92,-35.89,4.94,5190.8
CUST_000502,46,admin.,single,university.degree,unknown,yes,no,cellular,jul,thu,1,999,0,nonexistent,1.42,93.88,-43.93,4.93,5230.75
CUST_000503,46,unemployed,married,university.degree,no,no,no,cellular,nov,mon,2,999,0,failure,-0.18,93.18,-40.87,4.08,5199.59
CUST_000504,47,housemaid,single,basic.9y,no,no,no,cellular,nov,thu,1,999,2,nonexistent,0.04,93.25,-42.66,4.03,5198.83
CUST_000505,31,services,single,high.school,no,yes,yes,cellular,apr,mon,1,999,1,failure,-1.82,93.09,-47.15,1.47,5099.9
CUST_000506,25,technician,married,professional.course,no,yes,no,telephone,jun,mon,4,999,1,nonexistent,1.35,94.43,-40.89,4.93,5234.9
CUST_000507,33,management,married,university.degree,no,no,no,cellular,jul,tue,1,999,0,nonexistent,1.53,93.82,-42.58,4.99,5232.06
CUST_000508,37,management,divorced,university.degree,no,no,no,cellular,may,mon,1,999,1,nonexistent,-1.95,92.94,-46.84,1.07,5102.44
CUST_000509,54,admin.,married,unknown,no,yes,no,cellular,aug,thu,1,999,0,nonexistent,1.37,93.5,-35.72,4.98,5223.45
CUST_000510,39,blue-collar,married,basic.9y,unknown,yes,no,telephone,jul,wed,2,999,2,nonexistent,1.21,93.97,-42.27,5.05,5224.44
CUST_000511,36,admin.,single,university.degree,no,yes,no,cellular,may,mon,1,999,2,failure,-1.71,92.8,-46.76,1.42,5097.13
CUST_000512,61,technician,divorced,professional.course,unknown,yes,no,telephone,may,tue,5,999,0,nonexistent,1.24,94.0,-36.91,4.87,5189.9
CUST_000513,43,technician,married,university.degree,no,no,no,cellular,nov,mon,2,999,0,nonexistent,0.03,93.1,-42.59,4.14,5198.82
CUST_000514,35,services,married,professional.course,unknown,yes,no,telephone,may,thu,1,999,0,nonexistent,1.1,94.04,-36.53,4.78,5189.21
CUST_000515,35,self-employed,married,basic.6y,no,no,no,telephone,may,fri,5,999,0,nonexistent,1.19,94.0,-36.43,4.87,5187.77
CUST_000516,32,admin.,single,high.school,no,no,no,telephone,jun,mon,2,999,0,nonexistent,1.43,94.59,-41.89,4.99,5234.44
CUST_000517,47,admin.,single,basic.9y,no,yes,yes,cellular,jul,thu,3,29,1,success,-1.75,94.21,-41.24,0.83,4991.47
CUST_000518,38,blue-collar,married,professional.course,no,no,no,telephone,may,mon,3,999,0,nonexistent,1.11,93.95,-35.97,4.92,5183.91
CUST_000519,44,admin.,married,high.school,no,yes,no,cellular,aug,fri,2,999,1,nonexistent,1.35,93.42,-35.83,4.97,5226.63
CUST_000520,77,retired,married,basic.9y,no,yes,no,telephone,oct,thu,1,999,0,nonexistent,-3.61,92.49,-26.56,0.72,5012.78
CUST_000521,36,self-employed,single,university.degree,no,no,no,cellular,jul,thu,1,999,0,nonexistent,1.45,93.99,-43.25,5.05,5229.75
CUST_000522,49,blue-collar,married,basic.4y,no,no,no,telephone,may,fri,4,999,1,nonexistent,0.89,94.09,-37.01,4.8,5196.38
CUST_000523,50,blue-collar,married,basic.9y,unknown,yes,no,cellular,jul,thu,2,999,0,nonexistent,1.32,93.92,-42.9,5.0,5230.64
CUST_000524,45,technician,married,professional.course,no,no,no,cellular,jul,wed,2,999,2,nonexistent,1.19,93.81,-41.89,4.93,5227.77
CUST_000525,31,technician,married,university.degree,no,no,no,cellular,aug,fri,1,999,2,nonexistent,1.51,93.16,-36.51,5.07,5229.95
CUST_000526,37,blue-collar,married,basic.4y,no,no,no,telephone,jun,thu,2,999,1,nonexistent,1.48,94.5,-41.98,4.83,5221.67
CUST_000527,51,blue-collar,married,basic.9y,unknown,yes,no,telephone,jun,mon,1,999,2,nonexistent,1.53,94.48,-42.18,4.93,5233.95
CUST_000528,48,services,married,basic.9y,no,yes,no,cellular,jul,wed,2,999,0,nonexistent,1.47,94.02,-42.74,4.93,5229.29
CUST_000529,33,blue-collar,married,basic.9y,unknown,yes,no,telephone,may,fri,1,999,0,nonexistent,1.15,94.11,-36.37,4.74,5179.11
CUST_000530,46,self-employed,married,basic.6y,no,yes,no,cellular,aug,wed,1,999,0,nonexistent,1.37,93.53,-36.34,5.14,5235.06
CUST_000531,44,technician,divorced,basic.9y,unknown,yes,yes,telephone,may,tue,2,999,1,nonexistent,1.08,93.93,-36.75,4.81,5192.15
CUST_000532,56,technician,divorced,university.degree,no,no,no,cellular,aug,tue,1,999,1,nonexistent,1.4,93.49,-36.83,4.94,5230.28
CUST_000533,60,retired,married,basic.4y,unknown,no,no,telephone,may,fri,5,999,1,nonexistent,1.2,93.99,-36.79,4.9,5187.55
CUST_000534,46,management,married,university.degree,no,no,no,telephone,may,wed,3,999,0,nonexistent,1.05,94.05,-37.02,4.86,5192.43
CUST_000535,27,admin.,single,high.school,no,no,no,telephone,jun,wed,1,999,1,nonexistent,1.33,94.45,-42.25,5.0,5230.39
CUST_000536,32,admin.,single,university.degree,no,yes,no,telephone,oct,tue,3,999,0,nonexistent,-0.25,93.7,-41.18,4.95,5194.13
CUST_000537,49,services,divorced,basic.4y,no,no,no,cellular,nov,wed,1,999,0,nonexistent,-0.03,93.4,-42.74,4.05,5197.39
CUST_000538,34,admin.,married,high.school,unknown,yes,no,cellular,jul,fri,2,999,0,nonexistent,1.43,93.75,-43.05,5.08,5226.48
CUST_000539,45,technician,single,professional.course,no,yes,no,cellular,aug,fri,3,999,0,nonexistent,1.3,93.44,-36.65,5.03,5226.92
CUST_000540,32,blue-collar,single,basic.9y,no,no,no,telephone,may,wed,1,999,2,nonexistent,1.04,93.93,-35.09,4.92,5199.08
CUST_000541,40,admin.,divorced,basic.9y,no,no,no,telephone,jun,fri,5,999,0,nonexistent,1.31,94.51,-42.05,5.03,5230.9
CUST_000542,30,admin.,single,high.school,no,no,yes,cellular,apr,wed,2,10,3,success,-1.83,93.08,-47.27,1.47,5095.12
CUST_000543,37,admin.,married,university.degree,no,no,no,cellular,aug,thu,3,999,0,nonexistent,1.38,93.4,-36.09,4.85,5224.79
CUST_000544,30,services,single,professional.course,no,yes,no,telephone,may,fri,3,999,0,nonexistent,1.13,93.98,-37.08,5.12,5194.29
CUST_000545,57,retired,married,university.degree,no,yes,no,telephone,jun,fri,5,999,0,nonexistent,1.44,94.49,-41.9,4.9,5227.63
CUST_000546,33,blue-collar,married,basic.4y,no,yes,no,telephone,jun,wed,23,999,0,nonexistent,1.3,94.35,-41.53,4.85,5224.26
CUST_000547,25,student,single,high.school,no,yes,no,cellular,may,mon,2,999,0,nonexistent,-1.73,92.8,-45.47,1.26,5097.0
CUST_000548,32,technician,married,high.school,no,no,no,cellular,jul,thu,1,999,0,nonexistent,1.49,93.82,-42.33,4.83,5225.0
CUST_000549,56,admin.,married,university.degree,no,yes,yes,cellular,jul,fri,1,999,0,nonexistent,1.48,93.83,-41.54,5.01,5232.23
CUST_000550,33,admin.,single,professional.course,no,no,no,telephone,may,tue,3,999,0,nonexistent,1.11,93.95,-36.99,4.76,5191.52
CUST_000551,29,admin.,married,university.degree,no,no,yes,cellular,jun,tue,3,5,1,success,-1.65,94.13,-39.89,0.97,4991.41
CUST_000552,50,admin.,married,university.degree,no,yes,no,cellular,aug,thu,1,999,0,nonexistent,1.51,93.32,-36.44,5.04,5225.8
CUST_000553,33,admin.,married,professional.course,no,yes,no,cellular,aug,wed,3,999,2,nonexistent,1.31,93.56,-34.4,5.03,5233.03
CUST_000554,50,management,married,university.degree,no,no,yes,telephone,may,thu,2,999,1,nonexistent,1.11,93.93,-35.98,4.89,5191.6
CUST_000555,35,technician,married,professional.course,no,unknown,unknown,cellular,may,thu,3,999,0,nonexistent,-1.88,92.8,-45.78,1.47,5099.97
CUST_000556,33,technician,divorced,university.degree,no,yes,yes,cellular,aug,thu,2,999,1,nonexistent,1.45,93.49,-35.85,4.99,5231.21
CUST_000557,57,admin.,married,professional.course,no,yes,no,cellular,nov,tue,1,999,2,failure,-0.05,93.38,-42.35,4.03,5189.41
CUST_000558,26,student,single,university.degree,no,no,no,cellular,aug,thu,1,999,0,nonexistent,-2.97,92.32,-30.29,0.77,5075.3
CUST_000559,35,services,single,high.school,unknown,yes,yes,cellular,jul,tue,1,999,0,nonexistent,1.35,93.88,-41.97,4.97,5228.43
CUST_000560,28,management,married,university.degree,no,yes,yes,cellular,jul,wed,4,999,0,nonexistent,1.28,93.89,-42.61,4.83,5230.66
CUST_000561,56,blue-collar,married,basic.4y,no,yes,yes,cellular,may,wed,3,999,0,nonexistent,-1.91,92.54,-45.72,1.45,5099.34
CUST_000562,38,blue-collar,married,basic.4y,unknown,no,no,telephone,jun,fri,3,999,0,nonexistent,1.45,94.4,-42.63,4.96,5234.31
CUST_000563,43,blue-collar,married,basic.9y,no,yes,no,cellular,aug,mon,3,999,0,nonexistent,1.47,93.25,-35.28,4.87,5225.72
CUST_000564,58,admin.,married,university.degree,no,yes,no,cellular,aug,wed,1,999,0,nonexistent,1.31,93.51,-36.1,5.18,5219.12
CUST_000565,27,admin.,married,professional.course,no,yes,no,cellular,may,thu,1,999,0,nonexistent,-1.78,92.8,-46.62,1.31,5094.19
CUST_000566,42,admin.,divorced,high.school,unknown,no,no,telephone,jun,thu,1,999,0,nonexistent,1.34,94.45,-41.84,5.02,5219.11
CUST_000567,45,blue-collar,married,basic.9y,unknown,no,no,cellular,aug,tue,1,999,0,nonexistent,1.31,93.64,-36.33,4.82,5234.4
CUST_000568,57,blue-collar,married,basic.4y,no,yes,no,cellular,jul,mon,4,999,0,nonexistent,1.39,93.9,-41.78,4.88,5233.78
CUST_000569,33,services,divorced,high.school,no,yes,no,cellular,nov,wed,1,999,0,failure,-0.05,93.08,-42.04,4.1,5192.41
CUST_000570,31,admin.,married,high.school,no,yes,no,cellular,jul,thu,2,999,0,nonexistent,1.22,93.94,-43.47,4.96,5232.01
CUST_000571,53,retired,married,university.degree,unknown,no,no,cellular,jul,thu,3,999,0,nonexistent,1.49,93.52,-42.28,5.01,5220.54
CUST_000572,33,technician,single,professional.course,no,yes,no,cellular,aug,tue,1,999,0,nonexistent,1.4,93.29,-36.01,5.01,5225.45
CUST_000573,49,blue-collar,married,basic.6y,unknown,no,no,cellular,nov,tue,2,999,1,nonexistent,-0.11,93.05,-41.93,4.41,5197.43
CUST_000574,57,retired,married,professional.course,no,no,no,cellular,aug,wed,5,999,1,nonexistent,1.56,93.43,-36.24,4.89,5226.55
CUST_000575,52,admin.,married,high.school,no,no,no,cellular,jul,mon,5,999,0,nonexistent,1.38,93.93,-43.05,5.01,5225.43
CUST_000576,39,services,single,unknown,no,yes,no,cellular,may,thu,6,999,0,nonexistent,-1.82,92.83,-46.97,1.29,5097.79
CUST_000577,38,services,married,high.school,no,yes,yes,cellular,may,thu,1,999,0,nonexistent,-1.83,92.87,-46.78,1.18,5103.76
CUST_000578,51,admin.,married,basic.6y,no,yes,no,cellular,apr,wed,2,999,1,failure,-1.74,93.03,-46.42,1.62,5102.61
CUST_000579,55,entrepreneur,divorced,university.degree,no,no,yes,telephone,jul,tue,7,999,0,nonexistent,1.44,94.01,-42.11,4.79,5230.17
CUST_000580,49,blue-collar,married,basic.4y,no,yes,no,cellular,aug,thu,2,999,0,nonexistent,1.4,93.29,-36.18,4.93,5231.64
CUST_000581,30,student,single,unknown,unknown,yes,no,cellular,apr,thu,1,999,0,failure,-1.85,93.09,-46.44,1.39,5104.69
CUST_000582,31,technician,married,professional.course,unknown,yes,no,cellular,aug,thu,1,999,0,nonexistent,1.29,93.57,-36.23,4.96,5223.77
CUST_000583,38,technician,married,basic.6y,no,no,no,cellular,apr,tue,3,999,0,nonexistent,-1.89,93.06,-48.15,1.42,5101.85
CUST_000584,47,admin.,married,high.school,unknown,yes,no,telephone,jun,mon,3,999,0,nonexistent,1.38,94.5,-40.78,5.16,5232.26
CUST_000585,57,blue-collar,married,high.school,no,yes,no,telephone,may,wed,12,999,1,nonexistent,1.14,93.9,-36.31,4.84,5196.33
CUST_000586,50,blue-collar,single,basic.9y,unknown,yes,no,telephone,may,thu,1,999,2,nonexistent,1.06,93.92,-35.58,4.83,5189.75
CUST_000587,36,blue-collar,divorced,basic.6y,no,yes,no,cellular,may,wed,1,999,2,failure,-1.8,92.95,-47.24,1.34,5101.58
CUST_000588,38,admin.,married,university.degree,no,yes,no,telephone,may,thu,11,999,0,nonexistent,1.15,93.9,-37.19,4.85,5185.92
CUST_000589,55,blue-collar,married,basic.9y,no,yes,no,cellular,jun,fri,1,6,1,success,-2.93,92.9,-40.85,1.27,5074.19
CUST_000590,34,blue-collar,single,high.school,no,yes,no,cellular,jul,thu,23,999,0,nonexistent,1.34,93.97,-41.95,5.02,5232.82
CUST_000591,34,services,married,basic.9y,unknown,no,no,cellular,may,mon,3,999,1,failure,-1.7,92.86,-46.3,1.32,5098.93
CUST_000592,43,entrepreneur,married,basic.4y,no,yes,no,telephone,may,thu,3,999,0,nonexistent,1.12,94.13,-36.46,4.79,5197.88
CUST_000593,32,admin.,single,university.degree,no,yes,no,cellular,aug,wed,4,999,2,nonexistent,1.48,93.38,-36.15,4.88,5226.57
CUST_000594,32,services,married,high.school,no,yes,yes,cellular,nov,wed,3,999,0,nonexistent,-0.12,93.23,-41.91,4.19,5198.3
CUST_000595,43,admin.,married,university.degree,no,yes,no,cellular,aug,wed,12,999,0,nonexistent,1.39,93.35,-36.31,4.86,5225.25
CUST_000596,47,blue-collar,married,basic.4y,unknown,no,no,cellular,may,fri,1,999,0,nonexistent,-1.89,92.97,-45.3,1.35,5105.9
CUST_000597,31,services,married,high.school,no,no,no,telephone,nov,fri,3,26,1,success,-3.58,92.46,-30.06,0.73,5020.55
CUST_000598,36,services,single,high.school,no,yes,no,telephone,jul,tue,3,999,0,nonexistent,1.35,93.92,-42.96,5.01,5231.7
CUST_000599,28,admin.,married,university.degree,no,no,no,cellular,aug,fri,1,999,1,nonexistent,1.43,93.61,-36.23,4.92,5227.72
CUST_000600,49,admin.,married,unknown,unknown,no,no,cellular,jul,mon,4,999,0,nonexistent,1.55,93.95,-41.85,4.83,5229.49
CUST_000601,41,technician,divorced,professional.course,no,no,no,cellular,apr,thu,2,999,1,failure,-1.69,92.87,-46.91,1.31,5099.5
CUST_000602,59,retired,divorced,professional.course,unknown,no,no,telephone,jun,mon,3,999,1,nonexistent,1.24,94.44,-41.66,5.08,5230.97
CUST_000603,24,technician,married,unknown,no,yes,no,telephone,jul,tue,3,999,0,nonexistent,1.38,93.81,-43.18,4.84,5229.04
CUST_000604,20,blue-collar,married,basic.9y,no,no,no,cellular,jul,wed,2,999,0,nonexistent,1.35,93.98,-43.26,4.91,5234.89
CUST_000605,51,services,married,unknown,no,yes,no,cellular,nov,thu,3,999,0,nonexistent,-0.08,93.22,-41.57,4.1,5197.34
CUST_000606,42,admin.,single,professional.course,no,no,no,cellular,aug,mon,5,999,0,nonexistent,1.26,93.39,-36.17,5.03,5225.89
CUST_000607,38,entrepreneur,single,university.degree,no,yes,no,telephone,may,mon,5,999,0,nonexistent,-1.69,92.74,-46.63,1.12,5096.7
CUST_000608,37,admin.,single,high.school,unknown,yes,no,cellular,nov,mon,1,999,1,nonexistent,-0.03,93.1,-42.77,4.33,5192.73
CUST_000609,43,management,married,high.school,no,no,no,telephone,may,wed,1,999,1,nonexistent,1.22,93.94,-35.48,4.82,5186.91
CUST_000610,30,unemployed,single,high.school,no,no,no,cellular,apr,wed,2,999,0,nonexistent,-1.85,93.19,-47.63,1.5,5098.49
CUST_000611,52,services,married,high.school,unknown,yes,no,telephone,may,tue,2,999,0,nonexistent,1.16,94.23,-36.65,4.94,5191.6
CUST_000612,23,services,married,high.school,no,yes,no,telephone,may,wed,2,999,0,nonexistent,1.1,94.01,-35.7,4.78,5192.86
CUST_000613,29,unemployed,single,basic.9y,no,yes,no,cellular,nov,tue,1,999,0,nonexistent,-3.59,92.65,-29.24,0.51,5014.15
CUST_000614,32,admin.,married,university.degree,no,yes,yes,cellular,may,mon,1,999,0,failure,-1.82,92.73,-45.87,1.16,5098.64
CUST_000615,37,admin.,single,university.degree,no,no,no,cellular,aug,tue,1,999,1,nonexistent,-2.89,92.15,-31.9,1.0,5077.33
CUST_000616,24,technician,divorced,university.degree,no,yes,no,telephone,jun,mon,3,999,0,nonexistent,1.48,94.33,-41.75,5.0,5229.01
CUST_000617,30,admin.,single,university.degree,no,no,no,cellular,aug,tue,2,999,1,nonexistent,1.59,93.35,-36.8,4.89,5230.6
CUST_000618,35,technician,single,university.degree,no,yes,no,cellular,may,mon,4,999,0,nonexistent,-1.61,93.03,-46.52,1.42,5098.69
CUST_000619,30,unknown,married,university.degree,no,yes,no,cellular,aug,mon,1,999,1,nonexistent,1.4,93.39,-37.25,4.93,5229.44
CUST_000620,31,admin.,single,university.degree,no,yes,no,cellular,aug,tue,3,999,0,nonexistent,1.26,93.7,-37.13,5.01,5221.22
CUST_000621,46,management,married,university.degree,no,yes,no,cellular,nov,mon,2,999,0,nonexistent,-0.15,93.14,-42.16,4.13,5197.97
CUST_000622,38,technician,single,professional.course,no,yes,no,cellular,nov,mon,3,999,0,nonexistent,-0.14,93.3,-41.59,4.18,5197.93
CUST_000623,59,services,married,university.degree,no,yes,no,cellular,oct,mon,1,999,0,nonexistent,-1.09,94.71,-49.47,0.89,4965.58
CUST_000624,39,services,married,high.school,unknown,no,yes,telephone,jun,tue,2,999,1,nonexistent,1.44,94.55,-41.4,4.97,5233.07
CUST_000625,51,admin.,divorced,high.school,no,yes,yes,cellular,may,wed,4,999,1,failure,-1.83,92.69,-46.51,1.44,5098.55
CUST_000626,57,housemaid,married,basic.4y,unknown,no,no,cellular,jul,tue,2,999,0,nonexistent,1.32,94.06,-42.57,4.81,5229.63
CUST_000627,38,admin.,married,university.degree,no,no,no,telephone,aug,fri,1,999,1,nonexistent,1.31,93.42,-35.04,5.19,5237.12
CUST_000628,28,admin.,married,university.degree,no,no,yes,cellular,aug,tue,1,999,0,nonexistent,1.28,93.46,-36.37,4.91,5224.58
CUST_000629,46,admin.,divorced,university.degree,no,yes,no,telephone,may,wed,2,999,0,nonexistent,1.14,93.97,-35.65,4.85,5190.36
CUST_000630,50,admin.,single,basic.9y,no,yes,no,cellular,jun,wed,1,999,0,nonexistent,-2.99,93.08,-41.23,1.2,5071.21
CUST_000631,41,admin.,married,high.school,no,yes,no,cellular,aug,tue,2,999,0,nonexistent,1.12,93.49,-35.09,4.97,5229.64
CUST_000632,38,entrepreneur,married,university.degree,no,no,no,telephone,jun,fri,2,999,0,nonexistent,1.4,94.42,-41.96,4.97,5221.72
CUST_000633,35,blue-collar,single,basic.9y,no,no,yes,telephone,may,wed,1,999,0,nonexistent,1.05,94.0,-36.85,4.76,5192.21
CUST_000634,46,blue-collar,single,high.school,unknown,yes,no,cellular,may,mon,8,999,0,nonexistent,-1.74,92.94,-45.08,1.4,5105.25
CUST_000635,83,retired,married,university.degree,no,no,no,telephone,jul,tue,1,17,0,success,-1.63,94.25,-40.23,0.85,4987.6
CUST_000636,51,blue-collar,divorced,basic.9y,unknown,no,no,telephone,may,wed,2,999,1,nonexistent,1.0,94.04,-36.17,4.83,5197.35
CUST_000637,33,admin.,married,university.degree,no,yes,no,cellular,jul,thu,2,999,0,nonexistent,1.55,93.97,-42.24,5.06,5229.91
CUST_000638,46,management,married,university.degree,no,yes,no,cellular,may,thu,4,999,0,nonexistent,-1.75,92.9,-45.64,1.35,5100.68
CUST_000639,35,blue-collar,single,high.school,no,yes,no,cellular,may,tue,1,999,0,failure,-1.75,92.97,-46.9,1.41,5101.28
CUST_000640,44,admin.,married,high.school,no,yes,no,cellular,jul,mon,2,999,0,nonexistent,1.49,93.77,-42.26,5.02,5229.95
CUST_000641,35,admin.,single,university.degree,no,no,no,telephone,may,thu,1,999,0,nonexistent,1.29,94.08,-36.26,4.82,5197.22
CUST_000642,34,technician,single,professional.course,no,yes,no,cellular,aug,mon,1,999,1,nonexistent,1.46,93.39,-37.29,4.81,5230.1
CUST_000643,26,admin.,single,university.degree,no,no,no,telephone,may,wed,1,999,0,nonexistent,1.03,94.17,-35.37,4.89,5188.34
CUST_000644,41,management,single,university.degree,unknown,no,no,cellular,apr,thu,1,999,2,failure,-1.73,93.23,-46.95,1.4,5099.21
CUST_000645,31,technician,married,university.degree,no,no,no,cellular,jun,mon,1,999,0,nonexistent,-2.89,93.14,-40.96,1.21,5071.25
CUST_000646,57,admin.,divorced,high.school,no,no,no,cellular,jul,fri,3,999,0,nonexistent,1.46,93.78,-42.9,4.73,5228.82
CUST_000647,49,blue-collar,married,professional.course,unknown,yes,no,cellular,may,thu,1,999,2,failure,-1.64,92.71,-45.6,1.29,5097.31
CUST_000648,59,self-employed,single,high.school,unknown,no,no,telephone,may,thu,2,999,0,nonexistent,1.18,94.01,-36.51,4.76,5201.64
CUST_000649,41,blue-collar,married,basic.9y,no,yes,yes,telephone,jun,fri,1,999,0,nonexistent,1.27,94.54,-42.35,5.01,5231.96
CUST_000650,59,technician,married,professional.course,no,yes,no,cellular,aug,tue,1,999,0,nonexistent,-2.84,92.11,-31.53,0.81,5081.06
CUST_000651,34,services,divorced,basic.6y,unknown,no,no,cellular,may,wed,3,999,0,nonexistent,-1.77,92.92,-45.95,1.36,5097.62
CUST_000652,32,services,married,high.school,no,no,no,cellular,jul,tue,8,999,0,nonexistent,1.43,93.97,-43.49,4.91,5224.97
CUST_000653,45,blue-collar,married,basic.4y,unknown,yes,no,telephone,may,wed,1,999,2,nonexistent,1.11,93.85,-37.02,4.87,5189.57
CUST_000654,34,admin.,married,basic.9y,no,yes,no,telephone,jun,mon,3,999,2,nonexistent,1.3,94.66,-42.3,4.96,5228.77
CUST_000655,44,self-employed,divorced,basic.9y,no,yes,no,cellular,may,wed,2,999,0,nonexistent,-1.86,92.75,-46.08,1.03,5098.21
CUST_000656,33,unknown,single,basic.9y,no,yes,no,telephone,nov,mon,2,999,0,failure,-0.14,93.3,-42.5,4.24,5194.58
CUST_000657,45,admin.,single,unknown,no,yes,no,cellular,apr,thu,2,999,2,failure,-1.65,93.06,-46.66,1.48,5104.47
CUST_000658,33,admin.,married,university.degree,no,yes,no,telephone,jul,fri,5,999,1,nonexistent,1.36,93.93,-43.2,4.99,5221.05
CUST_000659,41,services,married,basic.9y,no,yes,no,telephone,jun,wed,4,999,1,nonexistent,1.54,94.35,-43.11,5.19,5228.17
CUST_000660,34,admin.,single,university.degree,no,no,no,cellular,sep,fri,3,0,3,success,-3.28,92.46,-29.22,0.73,5014.49
CUST_000661,56,blue-collar,divorced,basic.4y,no,yes,no,telephone,jun,wed,4,999,0,nonexistent,1.35,94.46,-41.58,4.92,5233.21
CUST_000662,31,blue-collar,married,professional.course,no,no,no,telephone,jun,fri,1,999,0,nonexistent,1.41,94.3,-41.06,4.77,5229.92
CUST_000663,28,services,married,high.school,no,yes,no,telephone,may,fri,3,999,0,nonexistent,1.25,94.0,-37.41,4.91,5195.07
CUST_000664,47,blue-collar,single,basic.9y,no,yes,no,cellular,may,thu,4,999,0,nonexistent,-2.09,92.84,-45.55,1.39,5090.19
CUST_000665,27,self-employed,single,university.degree,no,yes,no,cellular,apr,thu,2,999,1,nonexistent,-1.67,93.09,-47.81,1.38,5095.22
CUST_000666,44,entrepreneur,married,university.degree,unknown,yes,yes,telephone,jul,tue,4,999,0,nonexistent,1.31,93.95,-42.43,5.02,5228.14
CUST_000667,40,services,divorced,high.school,no,yes,no,cellular,apr,wed,1,999,0,nonexistent,-1.67,93.07,-46.71,1.5,5099.84
CUST_000668,29,admin.,divorced,university.degree,no,yes,yes,cellular,aug,thu,2,999,0,nonexistent,1.44,93.4,-35.31,4.98,5221.35
CUST_000669,44,services,married,high.school,no,yes,no,telephone,jun,fri,4,999,0,nonexistent,1.38,94.62,-41.45,4.9,5224.96
CUST_000670,36,student,single,unknown,no,no,yes,cellular,jun,fri,3,999,0,nonexistent,-2.97,93.01,-40.9,1.33,5081.26
CUST_000671,45,technician,married,high.school,no,yes,no,cellular,nov,mon,1,999,0,nonexistent,-0.14,93.25,-42.8,4.19,5197.42
CUST_000672,52,blue-collar,divorced,basic.9y,no,no,no,cellular,jul,wed,4,999,0,nonexistent,1.34,93.84,-43.08,4.84,5228.66
CUST_000673,51,admin.,single,high.school,no,yes,no,cellular,oct,fri,2,999,0,nonexistent,-3.29,92.59,-28.09,0.97,5014.71
CUST_000674,40,retired,married,basic.9y,unknown,no,no,telephone,may,fri,1,999,0,nonexistent,1.14,94.03,-36.14,4.85,5187.91
CUST_000675,47,blue-collar,divorced,basic.4y,no,yes,no,cellular,aug,mon,2,999,0,nonexistent,1.31,93.36,-36.63,5.17,5231.79
CUST_000676,52,admin.,single,university.degree,unknown,no,no,cellular,nov,fri,1,999,1,failure,-0.16,93.31,-40.98,4.08,5198.51
CUST_000677,40,management,married,high.school,no,no,no,cellular,aug,fri,2,999,1,nonexistent,1.38,93.44,-36.22,4.91,5226.02
CUST_000678,36,management,married,university.degree,no,no,no,cellular,jun,thu,1,999,0,nonexistent,-2.81,93.13,-40.55,1.27,5079.61
CUST_000679,59,housemaid,married,basic.4y,unknown,no,no,cellular,aug,wed,1,999,0,nonexistent,1.36,93.43,-35.79,4.79,5230.11
CUST_000680,44,technician,single,unknown,unknown,yes,no,telephone,may,mon,2,999,1,nonexistent,0.92,93.9,-35.91,4.89,5190.55
CUST_000681,27,admin.,single,university.degree,no,yes,no,cellular,aug,thu,1,999,0,nonexistent,1.48,93.47,-36.85,4.9,5232.31
CUST_000682,51,blue-collar,married,unknown,unknown,yes,no,cellular,jul,thu,1,999,0,nonexistent,1.26,93.85,-43.81,4.92,5230.04
CUST_000683,46,technician,divorced,unknown,no,no,yes,telephone,may,thu,2,999,0,nonexistent,1.15,94.06,-37.0,4.8,5190.29
CUST_000684,32,services,single,high.school,no,no,no,cellular,may,wed,3,999,0,nonexistent,-1.77,92.89,-46.04,1.17,5098.28
CUST_000685,35,blue-collar,married,basic.4y,unknown,yes,no,cellular,may,fri,3,999,1,nonexistent,-1.87,92.97,-46.43,1.41,5098.96
CUST_000686,35,technician,married,professional.course,unknown,no,no,cellular,oct,thu,2,999,0,nonexistent,-3.35,92.49,-27.38,0.5,5006.38
CUST_000687,49,technician,divorced,unknown,no,no,no,cellular,oct,thu,3,999,1,failure,-3.28,92.46,-26.61,0.69,5016.07
CUST_000688,29,admin.,single,high.school,no,yes,no,cellular,may,thu,12,999,0,nonexistent,-1.78,92.83,-46.93,1.21,5099.49
CUST_000689,44,services,married,high.school,no,yes,no,telephone,nov,wed,3,999,0,nonexistent,-0.09,93.21,-41.74,3.94,5196.57
CUST_000690,50,blue-collar,divorced,unknown,unknown,no,no,telephone,jun,wed,1,999,1,nonexistent,1.24,94.59,-42.05,4.68,5231.95
CUST_000691,33,technician,married,professional.course,no,no,no,cellular,may,fri,1,999,2,failure,-1.61,92.82,-46.93,1.33,5096.04
CUST_000692,35,admin.,single,university.degree,no,yes,no,cellular,aug,mon,1,999,0,nonexistent,1.42,93.59,-36.53,4.88,5220.8
CUST_000693,25,admin.,married,high.school,no,no,no,telephone,may,thu,3,999,0,nonexistent,0.93,94.04,-36.84,4.8,5196.22
CUST_000694,53,technician,married,university.degree,no,yes,no,cellular,nov,mon,1,999,0,nonexistent,-0.13,93.27,-41.16,4.25,5190.58
CUST_000695,71,retired,single,university.degree,no,yes,no,cellular,oct,tue,1,999,0,nonexistent,-3.26,92.43,-26.09,0.68,5018.21
CUST_000696,35,admin.,married,high.school,unknown,yes,no,cellular,jul,fri,1,999,0,nonexistent,1.48,93.96,-43.19,4.94,5236.93
CUST_000697,28,admin.,single,high.school,no,yes,yes,cellular,may,wed,3,999,2,failure,-1.78,92.94,-45.97,1.23,5096.58
CUST_000698,40,services,divorced,high.school,unknown,no,no,telephone,jun,thu,2,999,0,nonexistent,1.5,94.41,-42.66,4.98,5227.23
CUST_000699,31,blue-collar,married,basic.9y,no,yes,no,telephone,may,tue,1,999,1,nonexistent,0.99,93.88,-37.02,4.91,5188.48
CUST_000700,24,admin.,single,high.school,unknown,unknown,unknown,cellular,jul,thu,1,999,0,nonexistent,1.5,94.04,-41.58,4.97,5226.65
CUST_000701,36,housemaid,single,university.degree,no,unknown,unknown,cellular,aug,fri,3,11,1,success,-2.85,92.18,-31.08,0.69,5081.09
CUST_000702,61,retired,married,university.degree,no,yes,no,cellular,aug,tue,1,999,0,nonexistent,-2.92,92.28,-32.06,0.79,5074.91
CUST_000703,45,services,married,high.school,unknown,unknown,unknown,telephone,may,wed,5,999,0,nonexistent,0.96,94.03,-35.33,5.03,5189.21
CUST_000704,38,admin.,married,high.school,no,yes,no,cellular,may,fri,6,999,0,nonexistent,-1.75,92.97,-45.24,1.09,5096.49
CUST_000705,33,admin.,married,high.school,no,no,no,cellular,may,wed,1,999,3,failure,-1.74,92.99,-47.47,1.31,5097.33
CUST_000706,31,technician,married,university.degree,unknown,yes,no,cellular,aug,wed,3,999,1,nonexistent,1.45,93.44,-36.02,5.06,5226.73
CUST_000707,35,blue-collar,single,basic.6y,no,no,no,telephone,may,thu,1,999,0,nonexistent,1.24,93.92,-36.86,4.82,5199.34
CUST_000708,32,blue-collar,single,basic.9y,no,no,no,cellular,may,wed,1,999,2,failure,-1.71,92.82,-47.04,1.16,5104.93
CUST_000709,37,technician,married,high.school,no,no,no,cellular,may,mon,1,999,0,nonexistent,-1.71,93.07,-45.08,1.23,5106.7
CUST_000710,31,services,married,high.school,no,yes,no,telephone,jun,wed,3,999,0,nonexistent,1.47,94.55,-41.64,4.91,5228.2
CUST_000711,56,technician,married,basic.4y,no,no,no,cellular,oct,thu,3,17,1,success,-3.38,92.35,-28.38,0.74,5015.76
CUST_000712,39,admin.,married,university.degree,no,yes,no,cellular,nov,mon,1,999,0,nonexistent,-0.1,93.19,-41.92,4.19,5194.1
CUST_000713,59,blue-collar,unknown,basic.9y,unknown,no,no,telephone,jun,fri,7,999,0,nonexistent,1.6,94.63,-41.24,5.01,5223.71
CUST_000714,36,technician,married,high.school,no,yes,no,cellular,aug,mon,5,999,0,nonexistent,1.65,93.42,-36.0,4.99,5223.56
CUST_000715,43,admin.,divorced,university.degree,no,no,yes,cellular,aug,wed,3,999,0,nonexistent,1.33,93.34,-36.34,4.96,5224.32
CUST_000716,38,technician,married,professional.course,no,yes,no,telephone,may,tue,1,999,0,nonexistent,1.14,93.92,-36.13,4.72,5194.56
CUST_000717,46,blue-collar,married,basic.6y,unknown,yes,no,cellular,may,mon,5,999,1,failure,-1.7,92.91,-46.24,1.23,5102.76
CUST_000718,33,management,married,university.degree,no,no,no,telephone,jun,wed,3,999,1,nonexistent,1.36,94.43,-42.16,4.81,5229.31
CUST_000719,36,management,married,university.degree,no,no,yes,cellular,apr,wed,1,999,0,nonexistent,-1.84,93.03,-47.13,1.55,5096.6
CUST_000720,76,retired,divorced,basic.4y,no,no,no,cellular,aug,tue,1,999,2,failure,-1.74,93.96,-38.11,0.82,5000.18
CUST_000721,34,unemployed,single,professional.course,no,yes,yes,telephone,aug,tue,1,999,1,nonexistent,1.41,93.74,-35.98,5.05,5226.07
CUST_000722,31,management,married,university.degree,no,yes,no,cellular,aug,tue,7,999,0,nonexistent,1.47,93.5,-36.37,4.93,5224.68
CUST_000723,52,housemaid,married,unknown,no,yes,yes,cellular,aug,fri,1,999,3,nonexistent,-2.64,92.1,-31.77,0.71,5073.16
CUST_000724,36,blue-collar,single,basic.6y,no,no,no,cellular,jul,tue,4,999,1,nonexistent,1.28,94.01,-43.1,4.87,5225.71
CUST_000725,44,admin.,divorced,high.school,no,unknown,unknown,cellular,apr,thu,1,999,0,failure,-1.63,92.97,-47.02,1.55,5100.97
CUST_000726,26,services,married,professional.course,unknown,no,no,telephone,may,thu,2,999,0,nonexistent,1.1,94.03,-36.53,4.89,5190.63
CUST_000727,37,technician,single,unknown,no,yes,no,cellular,nov,fri,7,999,1,nonexistent,-0.01,93.08,-42.79,3.99,5197.62
CUST_000728,34,blue-collar,married,basic.9y,no,yes,no,cellular,may,fri,3,999,0,nonexistent,-1.82,92.79,-45.39,1.22,5105.33
CUST_000729,33,admin.,single,university.degree,no,no,no,cellular,nov,fri,1,999,1,nonexistent,-0.14,93.28,-41.35,4.03,5196.09
CUST_000730,41,admin.,married,university.degree,no,yes,no,cellular,aug,mon,1,999,2,failure,-2.99,92.22,-31.82,0.73,5077.14
CUST_000731,47,blue-collar,married,basic.6y,no,yes,no,cellular,may,tue,3,999,0,nonexistent,-1.8,93.01,-46.71,1.41,5102.47
CUST_000732,54,admin.,divorced,basic.9y,no,no,yes,cellular,may,fri,1,999,2,nonexistent,-1.77,93.07,-46.89,1.32,5097.88
CUST_000733,38,technician,single,professional.course,no,unknown,unknown,telephone,jun,fri,4,999,0,nonexistent,1.48,94.35,-42.69,4.95,5228.38
CUST_000734,31,management,single,university.degree,no,no,no,cellular,nov,thu,4,999,0,failure,-0.14,93.25,-42.78,4.09,5199.29
CUST_000735,33,technician,married,professional.course,no,no,no,cellular,oct,wed,1,0,3,success,-0.94,94.65,-49.78,1.02,4962.46
CUST_000736,51,blue-collar,divorced,basic.4y,no,no,no,telephone,jun,thu,3,999,0,nonexistent,1.37,94.39,-41.3,4.9,5225.75
CUST_000737,30,self-employed,married,basic.9y,unknown,yes,no,telephone,jul,wed,1,999,0,nonexistent,1.36,93.78,-42.74,4.99,5235.16
CUST_000738,37,technician,married,university.degree,no,no,no,cellular,mar,tue,1,999,1,nonexistent,-1.6,92.9,-49.75,1.69,5099.21
CUST_000739,27,services,single,university.degree,no,no,no,cellular,jul,thu,3,999,0,nonexistent,1.38,93.93,-42.72,5.02,5229.08
CUST_000740,44,blue-collar,married,high.school,unknown,yes,no,telephone,jun,wed,4,999,2,nonexistent,1.37,94.47,-42.02,4.96,5216.26
CUST_000741,29,technician,single,university.degree,no,no,no,telephone,may,wed,1,999,0,nonexistent,1.06,93.89,-37.79,4.84,5185.62
CUST_000742,38,admin.,married,high.school,no,yes,no,telephone,may,mon,6,999,0,nonexistent,1.36,94.25,-36.97,5.15,5191.13
CUST_000743,32,admin.,single,university.degree,no,yes,no,cellular,mar,mon,3,999,0,nonexistent,-1.88,92.8,-50.32,1.69,5091.82
CUST_000744,42,blue-collar,married,basic.4y,no,no,no,telephone,may,wed,1,999,0,nonexistent,0.99,93.85,-35.86,4.73,5193.5
CUST_000745,32,blue-collar,married,basic.9y,unknown,no,no,cellular,may,mon,2,999,0,nonexistent,-1.89,92.86,-47.18,1.26,5099.39
CUST_000746,84,retired,divorced,basic.4y,unknown,yes,yes,cellular,oct,mon,3,14,0,success,-1.03,94.55,-49.75,0.94,4962.09
CUST_000747,37,entrepreneur,single,professional.course,no,no,no,cellular,jul,fri,6,999,0,nonexistent,1.46,93.8,-41.32,4.86,5226.9
CUST_000748,35,services,married,high.school,no,yes,no,telephone,may,mon,5,999,0,nonexistent,1.02,93.89,-36.56,5.03,5187.84
CUST_000749,58,retired,married,high.school,no,yes,no,cellular,jul,wed,1,999,0,nonexistent,1.42,93.96,-42.53,4.96,5225.02
CUST_000750,23,management,single,university.degree,no,yes,no,cellular,jul,thu,2,999,0,nonexistent,1.21,93.89,-42.6,4.82,5230.73
CUST_000751,34,technician,divorced,unknown,no,no,no,telephone,jul,thu,7,999,0,nonexistent,1.37,93.93,-42.54,4.94,5223.76
CUST_000752,72,retired,married,professional.course,no,no,no,cellular,sep,wed,3,999,4,failure,-1.11,94.15,-37.02,0.83,4964.7
CUST_000753,41,technician,married,university.degree,no,yes,no,cellular,nov,fri,4,999,1,nonexistent,-0.03,93.22,-41.94,4.06,5186.09
CUST_000754,45,services,married,high.school,no,no,no,telephone,may,tue,1,999,0,nonexistent,1.16,94.05,-36.4,4.74,5186.62
CUST_000755,36,blue-collar,married,basic.9y,unknown,no,no,telephone,jun,wed,2,999,1,nonexistent,1.49,94.33,-41.88,4.92,5219.67
CUST_000756,44,admin.,married,high.school,no,yes,no,cellular,may,fri,1,999,2,failure,-1.81,93.01,-46.19,1.31,5095.5
CUST_000757,45,technician,divorced,professional.course,unknown,yes,no,cellular,aug,wed,2,999,1,nonexistent,1.26,93.53,-34.86,4.84,5228.7
CUST_000758,27,housemaid,married,high.school,no,yes,no,cellular,mar,fri,11,999,2,nonexistent,-1.79,92.78,-50.07,1.29,5103.2
CUST_000759,58,retired,divorced,basic.9y,unknown,yes,no,telephone,jul,fri,7,999,1,nonexistent,1.31,93.78,-43.44,5.16,5231.64
CUST_000760,29,technician,divorced,high.school,no,no,no,cellular,jul,wed,1,999,0,nonexistent,1.43,93.98,-42.99,4.75,5220.66
CUST_000761,44,technician,divorced,professional.course,unknown,yes,no,cellular,aug,thu,6,999,0,nonexistent,1.26,93.47,-36.31,4.96,5230.62
CUST_000762,52,admin.,divorced,university.degree,unknown,no,no,telephone,may,mon,1,999,0,nonexistent,1.18,93.88,-36.57,4.84,5188.79
CUST_000763,37,admin.,married,basic.9y,no,yes,no,cellular,may,wed,1,999,0,nonexistent,-1.83,92.77,-45.84,1.34,5091.85
CUST_000764,49,admin.,divorced,professional.course,no,no,no,cellular,nov,thu,5,999,0,failure,-0.12,93.14,-41.98,4.23,5188.57
CUST_000765,49,services,married,high.school,no,no,no,cellular,jul,wed,1,999,2,nonexistent,1.42,93.96,-42.83,5.0,5224.17
CUST_000766,47,technician,married,high.school,no,no,no,cellular,aug,thu,3,999,0,nonexistent,1.41,93.53,-35.81,4.84,5230.47
CUST_000767,40,admin.,married,university.degree,no,no,no,cellular,jun,tue,1,999,0,failure,-2.89,92.91,-40.61,1.24,5074.31
CUST_000768,50,self-employed,single,basic.9y,no,no,no,telephone,may,mon,11,999,0,nonexistent,1.26,94.01,-37.33,4.91,5197.39
CUST_000769,31,admin.,single,university.degree,no,yes,no,cellular,aug,thu,6,999,2,nonexistent,1.42,93.45,-36.13,5.07,5230.6
CUST_000770,29,management,single,university.degree,no,yes,no,cellular,jun,thu,2,24,1,success,-1.71,93.92,-39.7,0.52,4993.37
CUST_000771,35,self-employed,married,university.degree,no,no,no,telephone,may,mon,3,999,0,nonexistent,1.06,93.98,-36.36,4.93,5192.33
CUST_000772,88,retired,divorced,basic.4y,no,no,no,cellular,aug,fri,1,999,2,nonexistent,-2.97,92.23,-31.92,0.76,5077.76
CUST_000773,47,blue-collar,married,high.school,no,yes,no,cellular,may,tue,2,999,1,nonexistent,-1.85,92.93,-45.17,1.29,5101.3
CUST_000774,42,admin.,married,basic.6y,no,yes,yes,telephone,jun,wed,1,999,1,nonexistent,1.39,94.49,-41.75,4.9,5232.04
CUST_000775,34,technician,single,professional.course,no,no,no,cellular,jul,thu,1,999,0,nonexistent,1.38,93.97,-41.86,5.11,5224.85
CUST_000776,54,blue-collar,married,basic.4y,unknown,no,no,cellular,aug,thu,7,999,0,nonexistent,1.29,93.43,-35.59,4.85,5222.58
CUST_000777,34,admin.,married,high.school,no,no,no,cellular,jul,fri,3,999,0,nonexistent,1.28,93.92,-43.38,4.76,5235.18
CUST_000778,29,blue-collar,single,basic.9y,no,no,no,telephone,jun,mon,2,999,0,nonexistent,1.52,94.51,-41.16,4.89,5225.72
CUST_000779,43,retired,married,basic.9y,unknown,no,no,telephone,jun,mon,1,999,0,nonexistent,1.34,94.47,-42.75,4.95,5221.11
CUST_000780,44,entrepreneur,married,basic.4y,unknown,no,no,telephone,may,wed,3,999,0,nonexistent,1.12,93.85,-36.87,4.73,5187.66
CUST_000781,52,admin.,divorced,university.degree,no,no,yes,cellular,jul,wed,7,999,0,nonexistent,1.38,93.93,-42.85,5.09,5226.32
CUST_000782,36,management,married,university.degree,no,yes,no,cellular,aug,fri,4,999,0,nonexistent,1.44,93.55,-35.28,5.12,5225.77
CUST_000783,31,services,married,unknown,no,yes,yes,telephone,may,wed,4,999,1,nonexistent,1.15,94.09,-35.5,4.97,5184.83
CUST_000784,70,retired,married,basic.4y,no,no,no,cellular,apr,wed,2,999,0,failure,-1.63,93.03,-47.89,1.42,5095.49
CUST_000785,34,admin.,single,high.school,no,yes,no,cellular,nov,mon,3,999,1,failure,-3.34,92.76,-31.16,0.84,5022.39
CUST_000786,39,technician,married,professional.course,no,yes,no,cellular,aug,thu,8,999,0,nonexistent,1.33,93.55,-36.47,5.09,5230.34
CUST_000787,36,admin.,single,university.degree,unknown,yes,no,cellular,jul,tue,3,999,0,nonexistent,1.27,93.87,-42.77,4.86,5232.46
CUST_000788,43,admin.,married,university.degree,no,yes,no,cellular,nov,mon,2,999,0,nonexistent,-0.11,93.26,-42.53,4.19,5191.66
CUST_000789,45,services,married,basic.6y,no,no,no,cellular,may,tue,3,999,0,failure,-1.9,93.03,-45.64,1.09,5098.43
CUST_000790,37,unknown,single,university.degree,no,yes,no,cellular,may,mon,5,999,0,nonexistent,-1.92,92.82,-45.71,1.32,5109.01
CUST_000791,55,blue-collar,married,basic.9y,no,yes,no,cellular,aug,wed,5,999,1,nonexistent,1.35,93.6,-36.28,5.11,5227.09
CUST_000792,32,admin.,single,high.school,no,yes,no,cellular,nov,mon,2,999,2,nonexistent,-0.0,93.29,-42.54,4.34,5197.01
CUST_000793,37,blue-collar,married,basic.6y,no,no,no,telephone,jun,mon,1,999,0,nonexistent,1.39,94.67,-41.39,4.97,5227.22
CUST_000794,45,services,married,basic.9y,no,yes,no,telephone,jun,wed,3,999,0,nonexistent,1.49,94.46,-42.2,5.11,5223.76
CUST_000795,55,admin.,married,university.degree,no,no,no,telephone,jul,fri,9,999,0,nonexistent,1.26,93.94,-43.09,4.79,5226.25
CUST_000796,35,management,married,university.degree,no,yes,no,cellular,jun,tue,1,999,0,nonexistent,-2.89,92.87,-40.87,1.17,5078.89
CUST_000797,32,technician,married,university.degree,no,yes,no,cellular,jul,wed,5,999,1,nonexistent,1.38,93.93,-42.9,4.84,5235.8
CUST_000798,31,housemaid,married,high.school,no,yes,no,cellular,jul,mon,5,999,0,nonexistent,1.36,93.89,-43.29,5.0,5230.52
CUST_000799,75,retired,married,professional.course,no,yes,no,cellular,aug,thu,4,999,1,failure,-2.86,92.17,-31.65,0.95,5080.33
CUST_000800,43,management,married,university.degree,no,yes,no,cellular,may,fri,3,999,1,failure,-1.95,92.92,-46.23,1.29,5099.56
CUST_000801,47,blue-collar,married,basic.4y,no,yes,no,telephone,may,mon,1,999,2,nonexistent,1.11,94.14,-37.06,4.92,5185.97
CUST_000802,25,admin.,married,high.school,no,yes,no,telephone,jul,wed,5,999,0,nonexistent,1.54,93.99,-43.35,5.1,5229.21
CUST_000803,58,blue-collar,married,basic.9y,no,no,no,telephone,jun,wed,3,999,0,nonexistent,1.47,94.46,-42.28,4.97,5223.61
CUST_000804,57,blue-collar,divorced,basic.4y,no,yes,no,telephone,may,mon,2,999,2,nonexistent,1.14,94.08,-36.96,4.87,5183.62
CUST_000805,69,retired,married,professional.course,no,yes,no,cellular,aug,fri,5,999,0,nonexistent,-2.84,92.03,-30.37,0.8,5077.19
CUST_000806,57,retired,married,basic.4y,no,yes,yes,telephone,may,tue,1,999,0,nonexistent,1.08,94.14,-37.26,4.91,5186.76
CUST_000807,31,technician,married,professional.course,no,yes,yes,cellular,mar,tue,2,999,1,nonexistent,-1.9,93.5,-35.14,0.81,5020.88
CUST_000808,56,admin.,married,university.degree,no,unknown,unknown,telephone,may,thu,3,999,0,nonexistent,1.08,94.11,-36.37,4.94,5194.05
CUST_000809,56,admin.,married,university.degree,no,yes,no,cellular,may,tue,1,999,0,nonexistent,-1.7,92.83,-46.16,1.24,5100.13
CUST_000810,30,blue-collar,single,basic.9y,no,no,no,cellular,nov,wed,1,999,0,nonexistent,-0.18,93.16,-42.74,4.24,5189.49
CUST_000811,30,admin.,single,university.degree,no,no,no,cellular,jul,mon,3,999,0,nonexistent,1.48,93.86,-42.79,4.86,5226.23
CUST_000812,42,admin.,married,high.school,no,no,no,cellular,aug,tue,1,999,0,nonexistent,-2.89,92.24,-31.18,0.91,5071.74
CUST_000813,41,services,married,high.school,unknown,no,no,telephone,may,thu,4,999,0,nonexistent,1.08,94.01,-36.46,4.96,5187.75
CUST_000814,43,technician,married,professional.course,no,no,no,cellular,may,thu,1,999,0,failure,-1.76,93.93,-40.09,0.79,5004.31
CUST_000815,35,services,divorced,high.school,no,yes,no,telephone,jun,thu,3,999,2,nonexistent,1.55,94.41,-42.04,4.73,5230.52
CUST_000816,36,admin.,single,university.degree,no,no,no,telephone,may,tue,1,999,0,nonexistent,1.2,93.93,-36.29,4.83,5192.92
CUST_000817,43,management,divorced,university.degree,unknown,no,no,cellular,jul,mon,3,999,0,nonexistent,1.33,93.78,-42.95,4.94,5230.51
CUST_000818,27,technician,single,professional.course,no,yes,no,telephone,may,tue,1,999,0,nonexistent,1.09,94.05,-36.33,5.01,5185.01
CUST_000819,33,blue-collar,married,basic.9y,no,unknown,unknown,telephone,may,mon,3,999,0,nonexistent,1.0,93.96,-37.37,4.81,5194.05
CUST_000820,56,technician,divorced,basic.9y,no,yes,no,telephone,jun,fri,8,999,0,nonexistent,1.54,94.43,-41.98,4.91,5231.98
CUST_000821,36,technician,married,professional.course,unknown,no,no,cellular,oct,thu,1,999,0,nonexistent,-3.46,92.32,-25.74,0.64,5020.02
CUST_000822,34,technician,married,university.degree,no,yes,no,cellular,may,mon,1,999,2,failure,-1.8,92.95,-46.4,1.18,5100.88
CUST_000823,32,services,married,high.school,no,yes,no,cellular,nov,thu,1,999,0,nonexistent,-0.06,93.02,-41.09,3.97,5197.84
CUST_000824,56,blue-collar,married,basic.9y,unknown,yes,no,cellular,jul,thu,1,999,0,nonexistent,1.42,93.86,-41.98,4.93,5228.44
CUST_000825,34,self-employed,single,university.degree,no,no,no,telephone,jun,mon,3,999,1,nonexistent,1.43,94.37,-41.96,4.89,5227.55
CUST_000826,37,admin.,married,high.school,no,no,no,telephone,may,tue,1,999,0,nonexistent,0.89,94.09,-36.52,4.76,5185.56
CUST_000827,50,blue-collar,divorced,basic.4y,no,no,no,telephone,jun,wed,1,999,1,nonexistent,1.4,94.58,-42.31,4.92,5227.28
CUST_000828,52,self-employed,single,university.degree,no,yes,no,telephone,may,tue,3,999,0,nonexistent,1.09,94.04,-35.85,4.91,5196.99
CUST_000829,43,blue-collar,married,basic.9y,no,yes,yes,cellular,may,tue,5,999,1,nonexistent,-1.36,92.74,-45.03,1.22,5099.42
CUST_000830,47,management,married,basic.9y,no,yes,no,cellular,nov,tue,2,999,0,nonexistent,-3.54,92.53,-30.57,0.68,5023.34
CUST_000831,43,management,married,university.degree,no,no,no,cellular,aug,wed,2,999,0,nonexistent,1.28,93.52,-36.24,5.01,5226.93
CUST_000832,27,unemployed,married,university.degree,no,no,no,cellular,may,wed,2,999,0,nonexistent,-1.7,92.99,-46.16,1.14,5099.77
CUST_000833,55,retired,divorced,basic.4y,no,no,no,telephone,jun,mon,2,999,2,nonexistent,1.38,94.6,-42.21,4.84,5226.56
CUST_000834,53,admin.,married,university.degree,no,no,no,telephone,jun,tue,1,999,0,nonexistent,1.44,94.25,-40.77,4.94,5227.68
CUST_000835,57,retired,married,professional.course,no,yes,no,telephone,jun,tue,8,999,1,nonexistent,1.29,94.6,-41.16,4.77,5224.6
CUST_000836,21,student,single,unknown,no,no,no,cellular,sep,thu,2,999,1,nonexistent,-1.01,94.29,-38.2,0.74,4961.1
CUST_000837,29,blue-collar,single,basic.9y,unknown,no,no,cellular,apr,fri,1,999,3,failure,-1.71,93.24,-46.48,1.49,5098.12
CUST_000838,21,student,single,high.school,no,no,no,telephone,jun,fri,7,999,0,nonexistent,1.46,94.37,-42.26,4.94,5221.39
CUST_000839,21,student,single,high.school,no,yes,yes,cellular,may,tue,2,999,0,nonexistent,-1.66,92.8,-46.45,1.05,5089.61
CUST_000840,42,self-employed,married,professional.course,unknown,no,no,cellular,may,fri,1,999,0,nonexistent,-1.82,92.91,-45.63,1.28,5096.5
CUST_000841,39,technician,single,professional.course,no,no,no,cellular,jul,tue,2,999,0,nonexistent,1.26,94.0,-44.05,4.94,5226.59
CUST_000842,28,admin.,single,university.degree,no,yes,no,cellular,aug,thu,2,999,0,nonexistent,1.41,93.42,-35.67,4.95,5227.38
CUST_000843,65,retired,married,basic.4y,no,yes,no,cellular,apr,tue,1,999,1,failure,-1.81,93.06,-47.62,1.59,5103.46
CUST_000844,39,blue-collar,single,unknown,unknown,no,no,telephone,may,mon,1,999,0,nonexistent,1.27,94.26,-36.0,4.91,5189.22
CUST_000845,50,blue-collar,married,basic.4y,unknown,no,no,telephone,may,wed,1,999,1,nonexistent,1.24,93.93,-35.91,4.82,5189.11
CUST_000846,45,admin.,divorced,high.school,unknown,yes,no,cellular,apr,mon,1,999,0,nonexistent,-1.76,93.11,-46.98,1.39,5103.25
CUST_000847,35,blue-collar,married,basic.9y,no,no,no,telephone,may,tue,1,999,0,nonexistent,1.34,93.96,-37.42,4.81,5188.57
CUST_000848,38,blue-collar,married,basic.9y,unknown,no,no,telephone,jul,wed,5,999,0,nonexistent,1.51,93.87,-42.46,4.87,5227.65
CUST_000849,93,retired,divorced,basic.6y,no,no,no,cellular,mar,thu,1,999,0,nonexistent,-1.61,92.96,-50.59,1.76,5105.38
CUST_000850,53,self-employed,married,university.degree,no,yes,no,telephone,jun,tue,4,999,0,nonexistent,1.33,94.53,-41.9,4.84,5236.18
CUST_000851,28,self-employed,married,university.degree,no,yes,no,telephone,jul,thu,10,999,0,nonexistent,1.49,93.8,-43.19,4.95,5232.1
CUST_000852,58,management,divorced,university.degree,no,no,no,cellular,nov,wed,2,0,2,success,0.01,93.19,-40.76,4.14,5199.0
CUST_000853,27,admin.,married,university.degree,no,no,no,cellular,may,wed,6,999,0,nonexistent,-1.68,92.72,-46.96,1.28,5097.18
CUST_000854,63,housemaid,married,basic.4y,no,yes,no,cellular,nov,thu,1,999,2,nonexistent,-3.51,92.69,-30.5,0.73,5011.99
CUST_000855,37,entrepreneur,single,university.degree,no,no,no,telephone,may,fri,3,999,0,nonexistent,1.02,94.05,-36.97,4.82,5187.69
CUST_000856,60,retired,married,basic.4y,unknown,no,no,cellular,aug,tue,3,999,0,nonexistent,1.37,93.41,-35.94,4.97,5228.44
CUST_000857,54,management,married,unknown,no,yes,yes,telephone,jul,tue,6,999,2,nonexistent,-2.69,92.31,-33.03,0.75,5078.77
CUST_000858,57,admin.,married,university.degree,unknown,yes,no,cellular,aug,thu,1,999,1,nonexistent,1.51,93.62,-36.83,5.01,5229.27
CUST_000859,50,self-employed,married,professional.course,no,yes,yes,cellular,jul,mon,3,999,0,nonexistent,1.33,93.99,-42.8,4.88,5231.13
CUST_000860,58,blue-collar,married,unknown,unknown,yes,no,telephone,may,thu,2,999,1,nonexistent,1.34,93.77,-35.71,4.8,5191.26
CUST_000861,41,admin.,single,university.degree,unknown,no,no,telephone,may,mon,2,999,1,nonexistent,1.05,94.04,-37.83,4.88,5194.27
CUST_000862,43,services,single,high.school,no,no,no,cellular,jul,mon,2,999,1,nonexistent,1.44,93.78,-41.98,5.03,5229.63
CUST_000863,58,admin.,married,university.degree,unknown,yes,no,cellular,jul,mon,23,999,2,nonexistent,1.52,94.04,-42.41,5.16,5229.09
CUST_000864,51,admin.,married,basic.9y,no,no,yes,telephone,jun,fri,2,999,0,nonexistent,1.31,94.34,-41.48,4.69,5236.33
CUST_000865,34,admin.,married,university.degree,no,yes,no,telephone,may,fri,1,999,1,nonexistent,1.01,94.11,-36.69,4.99,5193.75
CUST_000866,59,retired,married,high.school,no,unknown,unknown,telephone,aug,thu,2,999,1,nonexistent,1.41,93.6,-35.87,4.86,5226.84
CUST_000867,57,retired,married,professional.course,no,yes,yes,cellular,jul,fri,1,999,0,nonexistent,1.45,93.89,-41.98,4.86,5231.12
CUST_000868,26,admin.,single,high.school,no,no,yes,telephone,may,fri,1,999,1,nonexistent,1.18,94.02,-36.26,4.74,5202.36
CUST_000869,30,unemployed,single,university.degree,no,yes,no,cellular,mar,tue,2,10,1,success,-1.8,93.49,-34.7,0.57,5006.96
CUST_000870,33,admin.,single,university.degree,no,yes,no,cellular,sep,tue,2,999,2,nonexistent,-3.28,92.44,-30.29,0.95,5013.13
CUST_000871,57,admin.,single,university.degree,unknown,yes,no,cellular,aug,wed,3,999,0,nonexistent,1.31,93.46,-36.18,4.81,5233.32
CUST_000872,23,unemployed,single,high.school,no,yes,no,telephone,jul,mon,4,999,0,nonexistent,1.53,93.81,-42.77,4.97,5230.52
CUST_000873,30,self-employed,married,basic.9y,no,no,no,telephone,may,tue,2,999,1,nonexistent,1.18,93.8,-37.31,4.76,5191.14
CUST_000874,34,blue-collar,married,basic.4y,no,yes,no,telephone,may,mon,2,999,2,nonexistent,1.04,93.93,-36.84,4.86,5182.2
CUST_000875,44,admin.,single,basic.6y,unknown,yes,no,cellular,jul,thu,2,999,0,nonexistent,1.47,93.84,-42.16,4.94,5228.3
CUST_000876,28,admin.,single,university.degree,no,yes,no,cellular,aug,tue,1,999,0,nonexistent,1.36,93.54,-35.95,4.91,5226.44
CUST_000877,43,housemaid,married,basic.4y,no,yes,no,cellular,jul,wed,1,999,0,nonexistent,1.2,93.86,-43.08,4.85,5225.6
CUST_000878,31,admin.,single,university.degree,no,yes,no,telephone,sep,tue,1,999,0,nonexistent,-1.06,94.18,-36.53,0.7,4970.34
CUST_000879,49,management,married,university.degree,no,yes,no,cellular,aug,tue,1,999,0,nonexistent,1.41,93.35,-36.56,5.01,5222.64
CUST_000880,33,services,married,professional.course,no,yes,no,cellular,nov,wed,1,999,0,nonexistent,-0.21,93.46,-42.52,4.04,5202.71
CUST_000881,36,admin.,single,high.school,no,yes,yes,cellular,aug,mon,1,999,0,nonexistent,-2.97,92.21,-31.63,0.98,5082.87
CUST_000882,46,admin.,single,university.degree,no,no,no,cellular,aug,thu,3,999,0,nonexistent,1.46,93.51,-35.89,5.16,5224.28
CUST_000883,30,blue-collar,married,high.school,no,no,yes,cellular,jul,mon,4,999,0,nonexistent,1.47,94.08,-42.5,4.88,5229.82
CUST_000884,35,admin.,single,high.school,no,yes,no,cellular,jul,fri,1,2,2,failure,-2.91,92.25,-34.69,1.04,5076.13
CUST_000885,59,blue-collar,married,basic.9y,unknown,yes,no,cellular,aug,thu,2,999,1,nonexistent,1.39,93.49,-35.16,4.81,5225.99
CUST_000886,31,technician,married,professional.course,no,yes,yes,telephone,nov,wed,4,999,1,failure,-0.22,93.35,-42.02,4.28,5192.78
CUST_000887,54,blue-collar,married,basic.6y,no,yes,no,cellular,may,tue,2,999,1,failure,-1.85,92.98,-46.6,1.19,5101.5
CUST_000888,42,blue-collar,divorced,basic.9y,no,no,no,telephone,jul,mon,9,999,0,nonexistent,1.44,93.99,-42.51,5.07,5228.98
CUST_000889,45,blue-collar,married,basic.4y,no,yes,no,telephone,may,fri,3,999,0,nonexistent,0.9,93.94,-36.47,4.8,5193.38
CUST_000890,32,technician,single,university.degree,no,no,no,telephone,nov,mon,4,999,3,failure,-0.04,93.22,-41.67,4.28,5189.37
CUST_000891,40,services,married,basic.9y,unknown,yes,no,cellular,jul,thu,4,999,0,nonexistent,1.45,93.93,-42.66,4.96,5235.09
CUST_000892,26,admin.,single,high.school,no,no,no,cellular,apr,mon,3,999,0,nonexistent,-1.67,93.1,-47.91,1.34,5104.67
CUST_000893,34,management,married,university.degree,no,yes,no,cellular,apr,thu,3,999,0,nonexistent,-1.75,92.93,-49.0,1.38,5095.3
CUST_000894,53,management,married,university.degree,no,yes,no,cellular,jun,tue,4,999,1,nonexistent,-2.89,92.95,-40.1,1.23,5077.91
CUST_000895,31,technician,divorced,basic.9y,no,no,no,telephone,may,tue,2,999,0,nonexistent,1.18,94.07,-37.38,4.77,5187.6
CUST_000896,37,admin.,single,university.degree,no,no,no,cellular,nov,thu,2,999,0,nonexistent,-0.06,93.18,-42.31,4.22,5198.11
CUST_000897,35,services,married,high.school,unknown,yes,no,cellular,may,wed,1,999,0,nonexistent,-1.66,92.98,-45.91,1.34,5102.09
CUST_000898,50,housemaid,married,basic.9y,unknown,unknown,unknown,telephone,may,wed,6,999,1,nonexistent,0.99,94.11,-36.97,4.87,5185.33
CUST_000899,43,blue-collar,married,basic.4y,no,yes,no,telephone,may,mon,6,999,1,nonexistent,1.14,94.0,-37.09,4.84,5197.33
CUST_000900,29,admin.,single,university.degree,no,yes,no,cellular,apr,thu,2,3,0,success,-1.89,93.01,-46.86,1.35,5096.18
CUST_000901,34,entrepreneur,married,university.degree,no,yes,yes,cellular,nov,wed,2,999,0,nonexistent,-0.22,93.11,-42.84,4.05,5193.03
CUST_000902,34,blue-collar,married,basic.4y,no,no,no,cellular,nov,thu,1,999,0,failure,-0.33,93.19,-41.45,4.07,5196.53
CUST_000903,35,blue-collar,divorced,high.school,no,no,no,cellular,jul,fri,1,999,0,nonexistent,1.34,93.92,-41.58,4.86,5223.81
CUST_000904,52,unemployed,divorced,high.school,unknown,yes,no,cellular,nov,thu,2,999,1,nonexistent,-0.19,93.23,-42.33,3.96,5198.0
CUST_000905,33,services,married,high.school,no,yes,no,cellular,apr,wed,3,999,1,nonexistent,-1.97,93.12,-47.58,1.33,5097.63
CUST_000906,36,admin.,married,university.degree,no,no,no,cellular,aug,wed,6,12,2,success,-1.72,93.94,-38.88,1.06,4987.99
CUST_000907,52,blue-collar,married,basic.9y,unknown,no,yes,telephone,jun,fri,2,999,0,nonexistent,1.34,94.6,-40.8,5.11,5223.73
CUST_000908,58,admin.,divorced,basic.9y,no,no,no,telephone,may,tue,1,999,0,nonexistent,1.11,93.88,-36.6,4.84,5193.61
CUST_000909,34,retired,single,basic.6y,unknown,yes,no,telephone,jun,fri,3,999,0,nonexistent,1.41,94.62,-42.25,4.99,5237.2
CUST_000910,38,blue-collar,married,basic.9y,unknown,no,no,cellular,may,fri,2,999,1,nonexistent,-1.84,93.01,-45.43,1.12,5099.78
CUST_000911,47,services,married,high.school,unknown,no,no,cellular,may,wed,1,999,2,nonexistent,-1.81,92.94,-46.01,1.48,5107.01
CUST_000912,31,technician,married,university.degree,no,no,no,cellular,aug,mon,1,999,4,failure,-2.79,92.22,-31.68,0.95,5075.65
CUST_000913,33,technician,divorced,professional.course,no,yes,no,cellular,jul,mon,6,999,1,nonexistent,1.41,93.99,-42.71,5.0,5226.46
CUST_000914,29,admin.,single,high.school,no,yes,no,cellular,may,thu,4,10,0,success,-1.78,93.7,-40.43,0.74,5006.98
CUST_000915,39,admin.,married,university.degree,no,no,no,cellular,may,tue,4,999,1,nonexistent,-1.75,92.92,-45.89,1.19,5103.46
CUST_000916,25,admin.,single,high.school,no,unknown,unknown,cellular,nov,mon,1,999,0,nonexistent,-3.32,92.76,-31.15,0.49,5020.62
CUST_000917,33,technician,married,university.degree,no,no,no,cellular,jun,tue,2,999,0,nonexistent,-2.71,92.9,-41.06,1.2,5072.18
CUST_000918,28,blue-collar,married,basic.6y,no,yes,yes,telephone,may,wed,2,999,1,nonexistent,1.16,93.93,-36.66,4.84,5184.43
CUST_000919,44,self-employed,married,high.school,no,no,yes,cellular,may,mon,5,999,1,failure,-1.76,93.06,-46.37,1.49,5095.3
CUST_000920,38,admin.,married,university.degree,no,no,no,telephone,jun,tue,2,999,0,nonexistent,1.54,94.32,-41.53,4.89,5226.83
CUST_000921,46,admin.,married,high.school,unknown,no,yes,telephone,jul,mon,2,999,0,nonexistent,1.36,93.89,-42.85,5.0,5229.45
CUST_000922,40,housemaid,married,basic.6y,no,yes,no,telephone,jul,tue,4,999,0,nonexistent,1.44,94.06,-43.29,4.86,5224.34
CUST_000923,49,admin.,married,high.school,no,no,no,telephone,may,wed,10,999,0,nonexistent,1.08,94.0,-37.12,4.9,5188.68
CUST_000924,32,services,married,basic.9y,no,no,no,cellular,may,mon,1,999,1,failure,-1.76,92.97,-45.54,1.3,5098.66
CUST_000925,41,blue-collar,married,basic.9y,unknown,yes,no,telephone,jun,thu,1,999,0,nonexistent,1.47,94.45,-42.32,5.01,5229.92
CUST_000926,61,retired,married,high.school,no,no,no,telephone,jul,mon,7,999,0,nonexistent,1.37,94.08,-42.5,4.96,5229.21
CUST_000927,47,blue-collar,divorced,basic.4y,unknown,yes,no,telephone,jun,thu,4,999,0,nonexistent,1.44,94.3,-41.83,5.0,5222.76
CUST_000928,27,technician,single,university.degree,no,yes,no,cellular,may,thu,7,999,0,nonexistent,-1.83,92.79,-45.97,1.11,5099.35
CUST_000929,32,admin.,married,university.degree,no,yes,no,cellular,mar,thu,2,999,0,nonexistent,-1.93,92.94,-50.12,1.79,5101.18
CUST_000930,37,blue-collar,married,professional.course,no,no,no,cellular,apr,thu,1,999,0,nonexistent,-1.76,93.24,-46.53,1.45,5098.94
CUST_000931,31,admin.,single,high.school,no,no,no,telephone,aug,thu,1,27,0,success,-1.62,94.09,-38.0,0.89,4991.47
CUST_000932,26,admin.,married,high.school,no,yes,yes,telephone,may,fri,3,999,0,nonexistent,1.08,94.12,-36.85,4.76,5194.21
CUST_000933,80,retired,married,basic.4y,no,no,yes,cellular,nov,tue,1,999,0,nonexistent,-3.23,92.59,-30.77,0.71,5015.23
CUST_000934,30,management,married,university.degree,no,no,no,cellular,may,fri,2,999,1,failure,-1.76,92.82,-45.39,1.18,5098.29
CUST_000935,36,unemployed,married,basic.4y,no,yes,no,telephone,may,wed,1,999,0,nonexistent,1.18,93.79,-36.62,5.05,5197.63
CUST_000936,40,blue-collar,single,basic.4y,no,unknown,unknown,cellular,may,wed,3,999,0,nonexistent,-1.7,92.71,-45.18,1.38,5092.38
CUST_000937,47,blue-collar,married,basic.4y,no,no,no,cellular,may,wed,1,24,0,success,-1.74,92.9,-45.96,1.26,5100.78
CUST_000938,46,blue-collar,married,basic.9y,unknown,yes,no,telephone,may,fri,4,999,0,nonexistent,1.13,93.94,-36.76,5.0,5190.9
CUST_000939,41,self-employed,married,university.degree,no,yes,no,telephone,may,fri,6,999,1,nonexistent,1.03,94.0,-35.77,4.93,5192.36
CUST_000940,46,admin.,married,high.school,no,yes,yes,cellular,aug,thu,5,999,0,nonexistent,1.5,93.36,-35.9,4.98,5230.09
CUST_000941,39,admin.,married,university.degree,unknown,yes,no,telephone,may,mon,4,999,0,nonexistent,1.18,94.15,-35.31,4.86,5190.37
CUST_000942,36,technician,married,professional.course,no,no,no,cellular,may,wed,2,999,0,nonexistent,-1.56,92.95,-46.31,1.33,5100.82
CUST_000943,42,services,married,basic.6y,unknown,yes,no,telephone,may,mon,1,999,0,nonexistent,1.2,93.93,-35.86,4.88,5196.69
CUST_000944,51,blue-collar,married,unknown,no,no,no,cellular,jul,thu,1,999,1,nonexistent,1.43,93.91,-42.33,5.13,5226.04
CUST_000945,31,services,married,basic.9y,no,yes,no,cellular,jul,wed,1,999,0,nonexistent,1.31,93.95,-42.53,4.98,5228.77
CUST_000946,33,admin.,single,high.school,no,yes,no,cellular,may,wed,2,16,2,success,-1.94,92.86,-45.48,1.35,5102.12
CUST_000947,30,technician,single,professional.course,no,no,no,telephone,may,fri,1,999,0,nonexistent,1.05,94.16,-36.38,4.82,5185.26
CUST_000948,36,housemaid,married,basic.4y,no,no,no,cellular,jul,tue,4,999,0,nonexistent,1.47,93.71,-43.13,4.74,5226.04
CUST_000949,68,retired,married,basic.4y,no,yes,no,cellular,oct,tue,4,999,0,nonexistent,-3.4,92.54,-26.67,0.82,5015.68
CUST_000950,50,blue-collar,married,basic.4y,unknown,no,no,cellular,may,thu,1,999,0,nonexistent,-1.88,92.68,-46.1,1.2,5096.42
CUST_000951,30,services,divorced,high.school,no,yes,no,cellular,may,thu,1,999,0,nonexistent,-1.73,92.82,-45.96,1.34,5097.81
CUST_000952,27,admin.,married,high.school,unknown,no,no,telephone,may,tue,1,999,1,nonexistent,0.98,93.98,-35.69,4.87,5195.6
CUST_000953,37,technician,married,professional.course,no,no,no,cellular,aug,tue,1,999,0,nonexistent,1.51,93.37,-35.98,4.96,5228.98
CUST_000954,37,technician,married,professional.course,no,yes,no,cellular,nov,tue,3,999,2,nonexistent,-0.25,93.14,-41.34,4.17,5197.84
CUST_000955,45,blue-collar,married,basic.6y,unknown,no,no,cellular,aug,thu,2,999,2,nonexistent,1.47,93.42,-35.24,4.97,5230.49
CUST_000956,29,technician,single,professional.course,no,no,no,cellular,jul,thu,1,999,0,nonexistent,1.53,93.99,-42.22,4.96,5233.02
CUST_000957,36,entrepreneur,divorced,high.school,no,no,no,cellular,nov,wed,1,999,1,failure,-3.27,92.75,-29.89,0.84,5013.36
CUST_000958,53,blue-collar,married,high.school,no,yes,no,cellular,jul,mon,3,999,1,nonexistent,1.33,94.13,-43.3,5.06,5237.74
CUST_000959,43,blue-collar,divorced,basic.9y,unknown,no,no,telephone,jun,thu,1,999,0,nonexistent,1.17,94.6,-42.34,4.96,5229.73
CUST_000960,46,admin.,married,high.school,no,yes,no,cellular,may,thu,1,999,0,nonexistent,-1.94,93.05,-46.03,1.12,5095.28
CUST_000961,44,technician,married,high.school,no,yes,yes,cellular,sep,thu,1,0,3,success,-3.47,92.49,-29.64,0.8,5015.64
CUST_000962,59,retired,married,basic.4y,no,no,no,cellular,may,tue,1,999,0,nonexistent,-1.75,92.87,-46.15,1.25,5104.0
CUST_000963,46,blue-collar,single,high.school,no,no,no,telephone,jun,fri,2,999,1,nonexistent,1.28,94.26,-42.7,5.01,5224.54
CUST_000964,36,blue-collar,single,unknown,no,no,no,telephone,may,fri,5,999,0,nonexistent,1.16,93.87,-36.09,4.92,5193.86
CUST_000965,56,blue-collar,married,basic.4y,unknown,no,no,telephone,jul,thu,7,999,0,nonexistent,1.43,93.88,-41.62,4.9,5220.12
CUST_000966,51,blue-collar,married,basic.9y,unknown,no,no,cellular,nov,thu,3,999,0,nonexistent,-0.05,93.27,-41.63,4.1,5191.37
CUST_000967,44,management,married,unknown,unknown,no,yes,telephone,jun,mon,1,999,0,nonexistent,1.37,94.44,-42.0,4.87,5231.09
CUST_000968,31,admin.,married,high.school,no,no,no,cellular,jul,fri,8,999,0,nonexistent,-1.8,94.22,-42.3,0.86,5001.07
CUST_000969,32,admin.,married,university.degree,no,yes,yes,cellular,aug,wed,2,999,1,nonexistent,1.39,93.48,-36.89,4.86,5230.42
CUST_000970,54,retired,single,basic.4y,unknown,no,no,telephone,jun,wed,1,999,1,nonexistent,1.23,94.51,-42.69,4.9,5220.86
CUST_000971,55,retired,married,basic.9y,unknown,yes,yes,telephone,may,mon,2,999,0,nonexistent,0.98,93.94,-36.06,4.7,5193.48
CUST_000972,37,technician,married,basic.9y,no,no,no,telephone,may,fri,3,999,0,nonexistent,1.09,93.81,-36.35,4.77,5189.1
CUST_000973,57,admin.,divorced,university.degree,unknown,yes,no,telephone,jul,tue,3,999,0,nonexistent,1.28,93.92,-42.0,4.97,5230.22
CUST_000974,23,services,married,high.school,no,yes,no,cellular,may,mon,1,999,0,nonexistent,-1.72,92.98,-45.2,1.24,5099.12
CUST_000975,51,management,married,university.degree,no,no,no,cellular,jul,wed,1,999,2,nonexistent,1.47,93.85,-43.2,4.93,5226.12
CUST_000976,27,technician,married,professional.course,no,yes,no,cellular,jul,wed,1,999,0,nonexistent,1.29,93.9,-41.92,5.0,5225.96
CUST_000977,32,self-employed,divorced,professional.course,no,yes,no,telephone,jun,mon,1,999,0,nonexistent,1.26,94.58,-41.23,5.02,5224.02
CUST_000978,40,blue-collar,married,basic.9y,no,no,no,telephone,may,thu,22,999,1,nonexistent,1.1,94.05,-36.51,4.88,5186.01
CUST_000979,33,technician,married,professional.course,unknown,yes,no,telephone,may,wed,1,999,0,nonexistent,1.03,94.11,-36.53,4.82,5190.2
CUST_000980,20,student,single,high.school,unknown,no,no,cellular,may,fri,3,999,1,nonexistent,-1.73,92.72,-45.89,1.18,5097.25
CUST_000981,43,admin.,married,university.degree,no,no,no,telephone,jun,mon,3,999,0,nonexistent,1.65,94.68,-41.37,4.93,5228.78
CUST_000982,58,retired,divorced,basic.4y,no,no,no,cellular,may,fri,1,999,2,nonexistent,-1.76,93.01,-45.97,1.38,5101.2
CUST_000983,32,technician,married,professional.course,no,no,yes,cellular,jul,wed,2,999,0,nonexistent,1.29,94.0,-41.28,5.03,5224.76
CUST_000984,46,technician,married,professional.course,unknown,yes,yes,cellular,aug,tue,2,999,0,nonexistent,1.43,93.46,-36.88,4.84,5234.24
CUST_000985,28,blue-collar,married,basic.9y,no,no,no,cellular,may,fri,5,999,0,nonexistent,-1.77,92.86,-46.4,1.37,5101.28
CUST_000986,54,entrepreneur,married,professional.course,no,yes,no,cellular,may,tue,1,999,0,nonexistent,-1.63,92.86,-46.18,1.23,5100.2
CUST_000987,45,technician,divorced,university.degree,unknown,no,no,cellular,jul,mon,2,999,0,nonexistent,1.54,93.97,-42.4,5.28,5233.86
CUST_000988,61,retired,married,high.school,no,no,no,telephone,jul,mon,8,999,0,nonexistent,1.33,93.93,-42.48,4.78,5221.82
CUST_000989,34,admin.,single,university.degree,no,yes,no,telephone,aug,tue,2,999,0,nonexistent,-2.99,92.11,-31.26,0.77,5070.04
CUST_000990,55,admin.,married,basic.9y,no,yes,yes,cellular,may,mon,2,999,3,nonexistent,-1.75,92.94,-47.5,1.34,5107.37
CUST_000991,47,management,married,university.degree,unknown,yes,no,telephone,may,tue,1,999,1,nonexistent,1.1,93.95,-35.3,4.9,5190.93
CUST_000992,29,technician,married,university.degree,no,no,no,cellular,aug,wed,1,999,1,nonexistent,1.45,93.49,-36.43,4.99,5221.89
CUST_000993,50,admin.,married,high.school,unknown,yes,no,telephone,may,wed,2,999,0,nonexistent,1.17,93.86,-37.25,4.92,5190.1
CUST_000994,36,entrepreneur,divorced,high.school,no,yes,yes,cellular,nov,wed,1,999,2,failure,-3.47,92.87,-30.5,0.68,5011.18
CUST_000995,20,student,single,unknown,no,yes,no,cellular,apr,fri,1,999,0,nonexistent,-1.82,93.02,-45.96,1.14,5099.26
CUST_000996,73,retired,married,university.degree,no,no,no,cellular,nov,fri,2,999,0,nonexistent,-3.36,92.55,-29.84,0.72,5028.86
CUST_000997,30,admin.,married,university.degree,no,yes,no,cellular,may,tue,1,999,1,nonexistent,-1.76,93.01,-46.82,1.1,5098.28
CUST_000998,36,admin.,divorced,high.school,unknown,no,no,cellular,jul,tue,3,999,1,nonexistent,1.33,93.98,-42.77,4.96,5224.07
CUST_000999,45,housemaid,married,high.school,no,yes,no,cellular,aug,fri,2,999,0,nonexistent,-2.71,92.34,-31.24,0.71,5083.58
CUST_001000,42,management,married,university.degree,no,yes,no,cellular,sep,wed,1,19,2,success,-1.02,94.26,-37.26,0.89,4959.76
CUST_001001,27,entrepreneur,single,high.school,no,yes,no,cellular,apr,fri,1,999,2,failure,-1.78,93.12,-46.84,1.54,5092.82
CUST_001002,35,blue-collar,married,basic.9y,unknown,yes,no,telephone,jun,mon,1,999,0,nonexistent,1.39,94.37,-41.86,4.87,5224.26
CUST_001003,53,blue-collar,married,university.degree,no,no,yes,telephone,may,thu,3,999,0,nonexistent,0.94,93.94,-36.12,4.84,5189.89
CUST_001004,54,housemaid,married,basic.4y,unknown,yes,no,cellular,jul,wed,3,999,0,nonexistent,1.31,94.1,-41.32,4.96,5230.12
CUST_001005,41,technician,divorced,professional.course,no,no,no,cellular,apr,thu,2,999,0,failure,-1.92,93.1,-46.71,1.27,5105.11
CUST_001006,32,technician,single,university.degree,no,no,no,telephone,may,wed,1,999,0,nonexistent,1.02,93.9,-36.82,5.02,5189.14
CUST_001007,32,technician,married,university.degree,no,yes,no,cellular,nov,mon,3,999,1,nonexistent,0.11,93.39,-42.6,4.2,5200.5
CUST_001008,31,blue-collar,single,basic.9y,unknown,no,no,telephone,may,wed,1,999,0,nonexistent,1.22,93.87,-37.16,4.7,5191.35
CUST_001009,50,unemployed,married,professional.course,unknown,no,no,cellular,aug,fri,2,999,0,nonexistent,1.43,93.37,-36.62,4.84,5226.6
CUST_001010,50,admin.,divorced,university.degree,unknown,yes,yes,cellular,aug,fri,4,999,0,nonexistent,1.33,93.56,-35.42,4.92,5228.51
CUST_001011,26,self-employed,single,university.degree,no,no,no,cellular,may,fri,3,999,0,nonexistent,-1.92,92.87,-46.83,1.25,5103.27
CUST_001012,41,admin.,divorced,professional.course,no,no,no,telephone,may,mon,1,999,0,nonexistent,1.3,94.1,-36.61,4.98,5191.99
CUST_001013,56,blue-collar,married,basic.4y,unknown,no,no,telephone,may,fri,2,999,1,nonexistent,1.03,94.08,-36.49,4.71,5189.42
CUST_001014,45,technician,married,university.degree,no,no,no,telephone,may,tue,2,999,1,nonexistent,1.0,94.03,-35.67,4.81,5193.4
CUST_001015,41,admin.,divorced,university.degree,no,no,no,telephone,jun,wed,2,999,0,nonexistent,1.46,94.64,-41.26,5.03,5234.85
CUST_001016,42,unemployed,married,basic.4y,no,no,no,telephone,may,thu,1,999,1,nonexistent,1.05,94.08,-36.16,4.8,5190.26
CUST_001017,32,housemaid,single,basic.4y,no,yes,yes,telephone,jun,mon,3,999,1,nonexistent,1.49,94.62,-42.03,5.03,5230.15
CUST_001018,53,retired,married,high.school,unknown,yes,no,telephone,may,thu,6,999,0,nonexistent,0.94,93.82,-36.12,4.98,5192.99
CUST_001019,35,technician,married,professional.course,no,no,yes,telephone,may,fri,1,999,1,nonexistent,1.27,94.01,-36.89,4.74,5194.47
CUST_001020,27,admin.,single,high.school,no,yes,yes,cellular,may,thu,6,999,0,failure,-1.95,92.83,-46.04,1.3,5098.86
CUST_001021,37,admin.,married,university.degree,no,yes,no,cellular,nov,fri,4,999,1,nonexistent,0.01,93.28,-41.53,3.94,5201.59
CUST_001022,56,management,married,university.degree,no,no,no,cellular,nov,mon,1,999,0,nonexistent,-0.04,93.13,-41.96,4.11,5196.47
CUST_001023,25,self-employed,single,university.degree,no,no,no,cellular,aug,wed,2,999,2,failure,-2.93,92.32,-30.62,0.87,5085.33
CUST_001024,36,entrepreneur,single,university.degree,no,no,no,cellular,jul,mon,3,999,0,nonexistent,1.3,93.78,-42.62,5.07,5231.13
CUST_001025,52,blue-collar,married,basic.9y,no,yes,no,telephone,may,fri,1,999,2,nonexistent,1.03,93.92,-36.57,5.03,5195.36
CUST_001026,41,services,married,basic.9y,no,no,no,cellular,nov,wed,6,999,0,nonexistent,-0.15,93.05,-42.41,4.1,5195.8
CUST_001027,39,admin.,single,university.degree,no,yes,no,telephone,jun,wed,2,999,0,nonexistent,1.45,94.42,-42.19,4.93,5228.38
CUST_001028,41,blue-collar,married,basic.9y,no,unknown,unknown,cellular,may,thu,2,999,0,nonexistent,-1.93,92.95,-46.68,1.42,5099.29
CUST_001029,56,entrepreneur,divorced,university.degree,no,no,no,cellular,apr,wed,4,999,0,nonexistent,-1.75,92.96,-45.84,1.55,5099.47
CUST_001030,54,blue-collar,married,unknown,no,no,no,cellular,aug,mon,1,999,2,nonexistent,1.31,93.42,-36.01,5.07,5223.23
CUST_001031,32,management,single,university.degree,no,yes,no,telephone,jun,thu,4,999,1,nonexistent,1.57,94.47,-41.93,4.97,5223.36
CUST_001032,30,admin.,single,university.degree,no,no,no,cellular,aug,fri,1,999,1,nonexistent,1.37,93.45,-36.2,4.89,5223.26
CUST_001033,54,management,divorced,university.degree,no,yes,no,telephone,may,tue,3,999,1,nonexistent,1.12,94.01,-36.72,4.8,5193.6
CUST_001034,39,technician,single,university.degree,no,no,no,cellular,nov,wed,3,999,0,nonexistent,-0.14,93.26,-42.3,4.22,5197.97
CUST_001035,28,technician,married,professional.course,no,yes,no,telephone,may,tue,1,999,0,nonexistent,1.06,94.01,-35.74,4.79,5195.19
CUST_001036,31,technician,married,professional.course,no,no,yes,telephone,jun,tue,1,999,0,nonexistent,1.36,94.34,-42.05,4.92,5236.39
CUST_001037,35,admin.,single,high.school,no,no,no,cellular,jul,mon,1,999,0,nonexistent,1.49,93.87,-41.89,4.9,5215.61
CUST_001038,49,admin.,married,basic.9y,unknown,no,yes,cellular,aug,thu,2,999,1,nonexistent,1.37,93.53,-35.96,5.03,5224.82
CUST_001039,40,technician,divorced,high.school,no,no,no,cellular,mar,mon,2,0,3,success,-1.68,93.52,-34.81,0.48,5009.64
CUST_001040,53,services,married,high.school,no,yes,no,telephone,jun,tue,5,999,1,nonexistent,1.57,94.61,-41.23,4.95,5222.02
CUST_001041,59,blue-collar,married,unknown,unknown,yes,no,cellular,may,mon,6,999,1,nonexistent,-1.88,92.97,-45.53,1.39,5102.08
CUST_001042,42,management,married,basic.9y,no,no,no,cellular,jul,thu,1,999,0,nonexistent,1.58,93.94,-43.03,4.81,5226.85
CUST_001043,23,blue-collar,single,high.school,unknown,yes,no,cellular,jul,mon,5,999,1,nonexistent,1.47,93.89,-42.3,4.83,5231.19
CUST_001044,44,blue-collar,married,basic.4y,unknown,no,no,telephone,may,tue,8,999,0,nonexistent,0.95,94.09,-35.81,4.81,5192.98
CUST_001045,25,admin.,single,high.school,unknown,no,no,cellular,jul,thu,3,999,0,nonexistent,1.4,93.94,-43.02,4.82,5233.42
CUST_001046,60,retired,divorced,professional.course,no,no,no,telephone,jun,tue,1,999,0,failure,-1.6,94.09,-39.52,0.67,4994.03
CUST_001047,31,technician,single,professional.course,no,no,no,telephone,jun,mon,1,999,0,nonexistent,1.53,94.24,-41.99,5.02,5223.76
CUST_001048,30,blue-collar,married,basic.9y,no,yes,no,cellular,jul,tue,5,999,0,nonexistent,1.35,93.81,-41.83,5.01,5227.01
CUST_001049,42,admin.,married,high.school,no,yes,no,cellular,dec,tue,4,0,0,success,-2.91,92.64,-33.34,0.82,5022.05
CUST_001050,36,technician,married,professional.course,no,yes,no,telephone,may,mon,1,999,0,nonexistent,1.05,93.95,-35.81,4.86,5190.84
CUST_001051,53,services,divorced,high.school,no,no,no,cellular,apr,thu,3,999,0,nonexistent,-1.77,92.95,-46.55,1.37,5097.43
CUST_001052,49,blue-collar,married,basic.4y,no,yes,no,telephone,may,wed,2,999,1,nonexistent,1.15,94.03,-35.78,5.03,5194.89
CUST_001053,59,blue-collar,married,basic.4y,no,yes,no,telephone,may,thu,2,999,1,nonexistent,1.12,93.94,-35.66,4.96,5189.17
CUST_001054,49,management,married,university.degree,no,yes,yes,cellular,nov,mon,3,999,1,nonexistent,-0.09,93.2,-41.07,4.06,5199.15
CUST_001055,59,entrepreneur,married,university.degree,unknown,no,no,cellular,jul,mon,5,999,0,nonexistent,1.42,93.93,-42.15,4.78,5223.1
CUST_001056,40,admin.,divorced,university.degree,no,no,no,cellular,aug,wed,2,999,0,nonexistent,1.3,93.6,-36.96,4.88,5228.43
CUST_001057,28,technician,single,professional.course,no,yes,yes,cellular,jun,fri,2,1,0,success,-2.92,92.87,-40.87,1.24,5075.65
CUST_001058,40,services,married,basic.4y,unknown,no,no,cellular,may,fri,1,999,0,nonexistent,-1.75,92.97,-46.09,1.33,5103.13
CUST_001059,55,blue-collar,divorced,basic.4y,no,no,no,cellular,jul,mon,2,999,1,nonexistent,1.43,93.92,-42.53,4.82,5228.75
CUST_001060,32,admin.,married,university.degree,no,yes,no,cellular,aug,fri,4,999,0,nonexistent,1.37,93.35,-35.76,4.87,5222.84
CUST_001061,47,services,married,basic.9y,no,yes,no,cellular,aug,thu,3,999,0,nonexistent,1.45,93.44,-36.32,4.96,5220.18
CUST_001062,24,blue-collar,single,basic.9y,no,no,no,telephone,may,fri,5,999,0,failure,-1.82,92.72,-46.21,1.36,5094.5
CUST_001063,46,admin.,married,basic.9y,unknown,no,yes,telephone,jun,fri,6,999,2,nonexistent,1.27,94.54,-41.91,4.94,5225.18
CUST_001064,34,admin.,divorced,university.degree,no,no,no,telephone,may,fri,1,999,0,nonexistent,0.97,94.02,-35.8,4.78,5191.17
CUST_001065,41,blue-collar,married,basic.4y,unknown,no,no,telephone,jun,wed,4,999,0,nonexistent,1.49,94.48,-40.83,4.73,5226.3
CUST_001066,55,blue-collar,married,basic.9y,no,yes,no,cellular,nov,mon,2,999,0,nonexistent,-0.29,93.22,-40.86,4.37,5201.28
CUST_001067,52,blue-collar,married,basic.4y,no,yes,no,telephone,may,thu,2,999,0,nonexistent,1.17,94.03,-37.24,4.86,5187.2
CUST_001068,48,admin.,married,professional.course,no,yes,no,telephone,may,tue,1,999,1,nonexistent,1.11,93.98,-34.65,4.9,5188.58
CUST_001069,37,technician,single,professional.course,no,yes,no,cellular,sep,thu,4,13,1,success,-1.17,94.16,-37.39,0.84,4965.52
CUST_001070,30,admin.,married,high.school,no,no,no,cellular,aug,thu,1,999,0,nonexistent,1.52,93.6,-36.78,4.98,5225.72
CUST_001071,41,management,married,university.degree,no,no,no,cellular,aug,mon,1,999,0,failure,-2.73,92.22,-31.07,0.88,5079.6
CUST_001072,31,admin.,married,high.school,no,yes,no,cellular,may,thu,1,999,1,nonexistent,-1.94,92.89,-45.79,1.25,5091.9
CUST_001073,29,services,divorced,professional.course,no,no,no,cellular,nov,tue,1,999,2,failure,-0.21,93.26,-41.99,4.04,5193.44
CUST_001074,55,admin.,divorced,university.degree,no,no,no,cellular,dec,wed,6,16,1,success,-2.89,92.72,-33.07,0.91,5024.0
CUST_001075,38,self-employed,married,professional.course,no,yes,no,telephone,jul,wed,8,999,0,nonexistent,1.34,93.8,-41.63,4.71,5223.27
CUST_001076,41,admin.,married,professional.course,no,yes,no,cellular,nov,tue,3,999,0,nonexistent,-0.15,93.01,-41.97,4.16,5196.81
CUST_001077,43,services,divorced,high.school,no,no,no,cellular,jul,mon,3,999,1,nonexistent,1.36,94.03,-41.72,5.05,5230.08
CUST_001078,43,unemployed,married,university.degree,unknown,yes,no,telephone,may,tue,2,999,0,nonexistent,1.03,94.03,-36.97,4.9,5190.58
CUST_001079,35,admin.,single,high.school,no,no,no,telephone,jun,wed,2,999,0,nonexistent,1.36,94.57,-42.8,4.64,5228.45
CUST_001080,47,management,married,university.degree,no,no,no,cellular,aug,wed,1,999,0,nonexistent,1.45,93.31,-35.81,4.95,5229.49
CUST_001081,36,management,married,high.school,unknown,yes,no,cellular,nov,thu,2,999,1,nonexistent,-0.21,92.97,-42.75,4.17,5191.27
CUST_001082,27,entrepreneur,married,university.degree,no,no,no,telephone,may,fri,4,999,2,nonexistent,1.09,93.92,-37.17,4.86,5195.02
CUST_001083,37,unemployed,married,high.school,no,no,yes,telephone,may,thu,1,999,0,nonexistent,1.08,94.01,-36.18,4.93,5192.01
CUST_001084,57,housemaid,divorced,basic.4y,no,no,no,cellular,aug,wed,3,999,0,nonexistent,-2.79,92.3,-32.23,0.72,5079.43
CUST_001085,53,technician,married,basic.9y,no,no,no,telephone,may,thu,1,999,0,nonexistent,1.02,94.16,-36.34,4.7,5191.4
CUST_001086,32,services,single,high.school,no,no,no,cellular,may,fri,1,999,1,nonexistent,-1.77,92.94,-46.17,1.29,5100.73
CUST_001087,34,admin.,single,university.degree,no,no,no,cellular,apr,tue,2,999,1,nonexistent,-1.85,93.02,-47.87,1.22,5097.28
CUST_001088,34,blue-collar,single,basic.4y,no,no,no,cellular,jul,wed,3,999,0,nonexistent,1.49,93.97,-43.49,4.94,5232.04
CUST_001089,39,admin.,married,high.school,no,no,no,telephone,jun,wed,2,999,0,nonexistent,1.23,94.66,-41.8,4.83,5226.08
CUST_001090,35,blue-collar,single,basic.9y,no,no,no,telephone,jun,tue,1,999,0,nonexistent,1.37,94.49,-42.65,4.92,5225.09
CUST_001091,42,blue-collar,married,basic.6y,unknown,no,no,cellular,jul,thu,1,999,0,nonexistent,1.38,93.99,-41.98,4.79,5228.61
CUST_001092,30,services,married,basic.6y,no,no,no,cellular,nov,thu,4,999,0,nonexistent,-0.12,93.07,-42.54,4.05,5200.35
CUST_001093,38,management,married,university.degree,no,no,yes,cellular,aug,mon,1,999,1,failure,-2.88,92.28,-31.12,0.86,5074.43
CUST_001094,31,entrepreneur,married,basic.4y,no,yes,no,cellular,nov,wed,1,999,1,nonexistent,-0.01,93.04,-41.71,4.17,5199.4
CUST_001095,46,admin.,married,basic.6y,no,yes,yes,telephone,may,tue,1,999,1,nonexistent,1.22,93.8,-36.2,4.87,5192.53
CUST_001096,47,blue-collar,married,basic.4y,no,no,yes,cellular,aug,wed,7,999,1,nonexistent,1.28,93.33,-36.49,4.86,5226.46
CUST_001097,46,technician,divorced,high.school,no,no,no,cellular,jul,thu,3,999,0,nonexistent,1.31,93.78,-42.31,4.92,5232.14
CUST_001098,24,student,single,university.degree,no,no,no,cellular,apr,thu,2,999,0,nonexistent,-2.02,93.12,-47.58,1.35,5106.0
CUST_001099,57,blue-collar,divorced,basic.4y,no,yes,no,telephone,may,mon,1,999,0,nonexistent,1.07,93.9,-35.81,4.73,5189.89
CUST_001100,26,student,single,high.school,no,no,no,telephone,may,wed,4,999,0,nonexistent,-1.8,92.89,-46.01,1.27,5093.91
CUST_001101,50,blue-collar,married,basic.9y,no,yes,no,cellular,aug,wed,1,11,6,success,-1.76,93.87,-38.6,0.96,4999.19
CUST_001102,44,technician,married,professional.course,no,no,no,cellular,aug,tue,6,999,0,nonexistent,1.51,93.39,-35.9,5.2,5224.51
CUST_001103,55,management,married,university.degree,no,no,no,cellular,may,mon,1,999,0,failure,-1.78,92.98,-45.08,1.25,5102.21
CUST_001104,44,blue-collar,married,unknown,unknown,no,no,telephone,jun,thu,3,999,0,nonexistent,1.43,94.5,-40.23,4.82,5235.29
CUST_001105,34,technician,single,university.degree,no,yes,yes,cellular,jul,thu,1,999,1,nonexistent,1.36,93.8,-42.43,5.05,5228.42
CUST_001106,54,blue-collar,married,basic.4y,unknown,yes,no,cellular,aug,wed,1,999,0,nonexistent,1.35,93.43,-36.48,4.89,5217.32
CUST_001107,56,admin.,married,university.degree,unknown,yes,no,cellular,aug,wed,6,999,1,nonexistent,1.45,93.43,-35.66,4.89,5225.62
CUST_001108,33,blue-collar,married,basic.4y,no,yes,no,telephone,may,fri,4,999,0,nonexistent,-1.74,92.81,-46.72,1.23,5091.93
CUST_001109,33,admin.,divorced,high.school,no,yes,no,telephone,may,tue,1,999,0,nonexistent,1.15,94.05,-36.34,4.77,5195.96
CUST_001110,35,management,married,university.degree,no,yes,no,cellular,nov,fri,1,999,1,nonexistent,-0.07,93.21,-42.5,3.96,5195.15
CUST_001111,37,technician,married,high.school,no,yes,yes,cellular,may,fri,2,999,2,nonexistent,-1.66,92.92,-46.44,1.18,5099.09
CUST_001112,32,admin.,single,university.degree,no,yes,no,cellular,aug,mon,4,999,1,nonexistent,1.42,93.6,-35.94,5.03,5220.19
CUST_001113,48,blue-collar,divorced,basic.9y,no,no,no,cellular,may,wed,2,999,0,nonexistent,-1.87,93.05,-46.44,1.23,5102.48
CUST_001114,32,technician,married,unknown,no,yes,yes,cellular,jul,fri,3,999,1,nonexistent,1.43,94.02,-42.55,4.97,5234.57
CUST_001115,45,admin.,divorced,university.degree,unknown,yes,no,cellular,jul,thu,2,999,2,nonexistent,1.29,93.78,-43.01,4.87,5227.88
CUST_001116,39,unemployed,married,basic.4y,unknown,yes,no,cellular,jul,tue,21,999,0,nonexistent,1.36,93.85,-41.83,4.87,5226.97
CUST_001117,34,technician,married,basic.9y,no,yes,no,cellular,jul,mon,1,999,0,nonexistent,1.43,93.98,-42.9,5.02,5229.13
CUST_001118,24,admin.,single,university.degree,no,no,no,cellular,aug,thu,3,999,0,nonexistent,-1.66,94.09,-37.63,1.0,4995.92
CUST_001119,40,admin.,married,high.school,no,yes,yes,cellular,jul,mon,2,999,0,nonexistent,1.25,93.95,-43.07,4.9,5229.65
CUST_001120,48,blue-collar,married,basic.9y,no,yes,no,cellular,may,tue,1,999,0,nonexistent,-1.87,92.92,-45.15,1.39,5101.22
CUST_001121,37,student,divorced,university.degree,no,yes,yes,cellular,may,thu,3,999,2,nonexistent,-1.78,93.93,-40.04,0.91,5009.87
CUST_001122,33,technician,single,university.degree,no,no,no,cellular,may,tue,1,999,0,nonexistent,-1.87,92.96,-46.3,1.19,5106.24
CUST_001123,41,unemployed,divorced,high.school,no,no,no,telephone,jun,mon,5,999,0,nonexistent,1.46,94.48,-42.09,5.05,5228.36
CUST_001124,35,blue-collar,married,basic.9y,no,no,no,cellular,apr,tue,3,999,1,nonexistent,-1.86,93.02,-47.56,1.42,5093.56
CUST_001125,54,technician,married,university.degree,no,unknown,unknown,cellular,nov,mon,1,999,0,nonexistent,0.05,93.34,-40.76,4.41,5196.24
CUST_001126,33,services,married,basic.9y,no,no,no,cellular,nov,tue,3,0,2,success,-0.04,93.18,-41.79,4.08,5199.28
CUST_001127,31,admin.,divorced,high.school,no,no,yes,cellular,jul,fri,3,999,0,nonexistent,1.4,93.9,-43.11,4.96,5226.88
CUST_001128,56,admin.,married,high.school,no,no,no,cellular,sep,thu,2,999,1,nonexistent,-3.3,92.39,-28.96,0.71,5013.1
CUST_001129,29,admin.,single,university.degree,no,yes,no,telephone,jun,tue,3,999,2,nonexistent,1.45,94.39,-41.44,4.99,5229.33
CUST_001130,29,technician,married,professional.course,no,yes,no,cellular,jun,tue,1,0,1,success,-1.56,94.07,-39.46,0.74,4982.52
CUST_001131,32,unemployed,single,university.degree,no,yes,no,cellular,nov,thu,2,999,1,failure,-0.07,93.36,-42.31,4.03,5193.89
CUST_001132,28,self-employed,married,basic.9y,unknown,yes,no,telephone,may,fri,6,999,0,nonexistent,1.18,94.04,-36.29,4.77,5197.52
CUST_001133,42,admin.,married,high.school,no,yes,no,cellular,nov,fri,2,999,0,nonexistent,-0.04,93.28,-40.91,4.08,5191.14
CUST_001134,39,management,married,university.degree,unknown,no,no,cellular,apr,mon,8,999,1,nonexistent,-1.89,93.17,-47.97,1.42,5100.62
CUST_001135,43,self-employed,divorced,university.degree,no,no,no,telephone,aug,mon,1,999,0,nonexistent,-2.94,92.28,-31.62,0.83,5080.68
CUST_001136,36,admin.,single,high.school,no,yes,no,cellular,nov,mon,1,999,0,failure,-3.53,92.72,-31.75,0.62,5006.2
CUST_001137,27,blue-collar,single,basic.9y,no,yes,no,cellular,jul,thu,2,999,0,nonexistent,1.44,93.86,-42.55,4.99,5224.32
CUST_001138,31,student,single,unknown,unknown,no,no,telephone,may,tue,1,999,0,nonexistent,1.09,93.99,-36.65,4.83,5192.35
CUST_001139,54,blue-collar,married,basic.4y,no,no,no,cellular,apr,wed,1,999,0,nonexistent,-1.75,93.02,-46.81,1.49,5107.95
CUST_001140,49,admin.,single,university.degree,no,no,no,cellular,oct,mon,3,999,0,nonexistent,-1.04,94.57,-49.32,0.96,4957.54
CUST_001141,52,technician,married,high.school,no,no,no,telephone,jun,tue,2,999,0,nonexistent,1.23,94.61,-40.79,4.9,5229.8
CUST_001142,41,blue-collar,married,basic.4y,unknown,yes,no,cellular,may,thu,1,999,1,nonexistent,-1.9,93.03,-46.58,1.23,5096.71
CUST_001143,39,technician,married,basic.6y,no,yes,no,cellular,apr,tue,1,999,0,nonexistent,-1.85,93.08,-46.8,1.43,5100.9
CUST_001144,38,admin.,married,professional.course,no,yes,no,telephone,may,mon,1,999,0,nonexistent,1.03,93.83,-36.35,4.81,5187.42
CUST_001145,40,services,single,high.school,no,no,no,cellular,may,fri,1,999,0,failure,-1.73,92.81,-45.71,1.42,5094.89
CUST_001146,35,entrepreneur,single,university.degree,no,no,no,cellular,jul,mon,2,999,0,nonexistent,1.52,93.91,-42.91,5.0,5231.01
CUST_001147,30,technician,unknown,university.degree,no,no,no,cellular,mar,mon,2,0,2,success,-1.55,93.4,-35.18,0.79,5007.97
CUST_001148,40,admin.,divorced,professional.course,no,yes,yes,cellular,aug,fri,4,999,2,nonexistent,1.24,93.53,-35.3,4.97,5232.11
CUST_001149,54,retired,divorced,basic.4y,no,no,no,telephone,jun,mon,3,999,0,nonexistent,1.53,94.55,-41.06,4.77,5233.24
CUST_001150,33,blue-collar,married,basic.9y,no,yes,yes,cellular,nov,mon,2,999,0,nonexistent,-0.07,93.12,-41.11,4.09,5184.06
CUST_001151,31,services,single,basic.9y,no,yes,no,cellular,jul,wed,20,999,0,nonexistent,1.52,94.06,-43.33,4.86,5230.65
CUST_001152,44,blue-collar,married,basic.6y,no,no,no,cellular,jul,wed,1,999,1,nonexistent,1.32,93.83,-42.26,5.05,5232.95
CUST_001153,25,blue-collar,married,basic.6y,unknown,yes,no,cellular,jul,tue,1,999,0,nonexistent,1.41,93.98,-42.88,5.02,5234.22
CUST_001154,53,retired,divorced,professional.course,no,yes,no,telephone,may,tue,1,999,0,failure,-1.74,92.86,-46.56,1.11,5097.11
CUST_001155,35,admin.,married,high.school,no,yes,yes,telephone,may,fri,1,999,2,nonexistent,1.11,94.04,-36.22,4.97,5199.19
CUST_001156,31,technician,married,professional.course,no,no,no,telephone,may,tue,6,999,0,nonexistent,1.18,93.99,-36.81,4.71,5183.43
CUST_001157,35,technician,single,university.degree,no,yes,no,cellular,may,tue,4,999,1,nonexistent,-1.74,92.81,-46.09,1.18,5093.72
CUST_001158,43,admin.,married,professional.course,no,no,yes,telephone,may,tue,1,999,0,nonexistent,1.16,93.99,-35.45,5.19,5188.44
CUST_001159,28,admin.,single,university.degree,no,no,no,telephone,may,mon,3,999,0,nonexistent,1.15,94.1,-36.11,4.75,5191.93
CUST_001160,52,entrepreneur,married,basic.9y,no,no,no,cellular,nov,tue,2,999,1,failure,-0.02,93.27,-42.15,4.09,5199.89
CUST_001161,38,services,divorced,high.school,no,yes,no,cellular,nov,tue,1,999,2,nonexistent,-0.06,93.29,-41.92,4.09,5198.41
CUST_001162,40,admin.,married,professional.course,unknown,yes,no,telephone,may,fri,1,999,0,nonexistent,0.92,93.83,-36.12,4.7,5194.32
CUST_001163,46,blue-collar,married,basic.9y,no,yes,no,cellular,may,mon,2,999,0,nonexistent,-1.8,93.03,-46.13,1.22,5093.45
CUST_001164,42,admin.,single,high.school,no,yes,no,cellular,nov,mon,2,999,3,failure,-0.09,93.3,-40.93,4.21,5200.39
CUST_001165,43,services,married,high.school,no,yes,no,telephone,may,tue,3,999,0,nonexistent,1.14,94.03,-37.65,5.03,5185.99
CUST_001166,38,admin.,married,university.degree,no,no,yes,telephone,nov,mon,5,999,1,nonexistent,-3.55,92.56,-29.43,0.62,5020.5
CUST_001167,43,blue-collar,single,basic.6y,no,yes,no,cellular,jul,wed,3,999,0,nonexistent,1.33,93.81,-42.9,5.1,5234.6
CUST_001168,33,admin.,married,high.school,no,yes,no,telephone,may,fri,2,999,0,nonexistent,1.14,94.03,-36.8,4.82,5193.67
CUST_001169,24,admin.,single,high.school,no,yes,no,cellular,may,fri,2,999,1,failure,-1.82,92.88,-46.31,1.28,5097.57
CUST_001170,37,admin.,divorced,high.school,no,yes,yes,cellular,may,fri,2,999,0,nonexistent,-1.84,92.97,-46.38,1.27,5102.91
CUST_001171,30,blue-collar,married,basic.9y,no,no,no,telephone,jun,wed,1,999,0,nonexistent,1.27,94.47,-42.0,4.95,5227.58
CUST_001172,35,blue-collar,married,basic.4y,unknown,yes,no,cellular,may,wed,1,999,1,failure,-1.94,92.85,-46.27,1.35,5092.33
CUST_001173,31,self-employed,married,university.degree,no,yes,yes,cellular,nov,mon,1,999,1,failure,-0.08,93.25,-42.38,4.19,5199.71
CUST_001174,34,technician,married,professional.course,no,no,no,telephone,may,fri,1,999,0,nonexistent,1.19,93.86,-35.36,4.97,5193.19
CUST_001175,31,admin.,single,university.degree,no,no,no,cellular,aug,fri,1,999,0,nonexistent,1.39,93.34,-36.07,5.0,5234.42
CUST_001176,48,technician,married,professional.course,no,no,no,cellular,aug,tue,1,999,1,nonexistent,1.34,93.44,-36.49,5.04,5226.81
CUST_001177,30,unemployed,single,university.degree,no,yes,yes,cellular,jul,wed,3,999,0,nonexistent,1.43,93.92,-43.02,5.03,5230.33
CUST_001178,31,entrepreneur,married,university.degree,no,yes,no,cellular,aug,fri,1,999,1,nonexistent,1.32,93.46,-35.25,4.9,5230.12
CUST_001179,75,retired,divorced,basic.4y,no,no,no,cellular,apr,mon,5,999,0,nonexistent,-1.96,93.09,-47.36,1.32,5098.76
CUST_001180,25,admin.,single,high.school,unknown,yes,no,cellular,jul,thu,1,999,0,nonexistent,1.33,94.0,-43.12,5.07,5221.56
CUST_001181,36,services,married,high.school,unknown,yes,no,telephone,may,fri,1,999,1,nonexistent,0.96,93.98,-36.43,4.7,5187.66
CUST_001182,50,admin.,married,unknown,unknown,no,no,cellular,nov,tue,3,999,0,nonexistent,-0.0,93.32,-43.0,4.21,5194.51
CUST_001183,37,services,married,basic.4y,no,yes,no,telephone,jun,thu,2,999,2,nonexistent,1.35,94.37,-42.17,5.08,5234.99
CUST_001184,36,technician,divorced,basic.4y,no,yes,no,cellular,nov,tue,2,9,4,success,-1.1,94.81,-49.89,0.97,4963.84
CUST_001185,43,blue-collar,divorced,basic.9y,no,no,no,cellular,apr,mon,2,999,1,nonexistent,-1.77,93.05,-47.03,1.46,5099.53
CUST_001186,40,admin.,divorced,university.degree,no,no,no,cellular,apr,fri,2,999,3,failure,-1.85,92.99,-46.62,1.51,5099.73
CUST_001187,22,admin.,single,high.school,no,no,no,cellular,jul,wed,4,999,0,nonexistent,1.39,93.98,-42.73,4.82,5234.92
CUST_001188,49,admin.,single,university.degree,no,no,no,telephone,jun,wed,6,999,1,nonexistent,1.56,94.64,-42.28,4.76,5226.23
CUST_001189,31,admin.,married,university.degree,no,yes,no,cellular,may,mon,3,999,0,nonexistent,-1.93,92.98,-46.12,1.32,5097.03
CUST_001190,43,services,married,high.school,no,no,no,cellular,may,wed,1,999,1,nonexistent,-1.84,92.86,-47.32,1.3,5099.25
CUST_001191,38,technician,single,professional.course,no,no,no,cellular,apr,wed,2,0,1,success,-1.88,93.29,-47.65,1.59,5101.56
CUST_001192,56,services,married,basic.4y,unknown,yes,no,telephone,jun,mon,2,999,0,nonexistent,1.34,94.56,-41.0,4.95,5230.24
CUST_001193,50,services,divorced,high.school,unknown,yes,no,cellular,jul,tue,8,999,0,nonexistent,1.68,93.73,-43.52,4.97,5230.6
CUST_001194,33,blue-collar,married,basic.4y,no,yes,no,cellular,jul,thu,1,999,0,nonexistent,1.45,94.05,-43.2,4.85,5233.96
CUST_001195,37,technician,single,basic.9y,no,no,yes,telephone,may,fri,1,999,0,nonexistent,1.19,93.89,-36.55,4.72,5185.75
CUST_001196,37,technician,married,professional.course,no,yes,no,cellular,aug,mon,3,999,0,nonexistent,1.48,93.54,-36.29,4.98,5236.14
CUST_001197,34,blue-collar,married,basic.9y,no,yes,no,cellular,may,wed,2,999,0,failure,-1.77,92.84,-45.35,1.18,5101.38
CUST_001198,42,technician,married,high.school,no,no,no,cellular,aug,mon,1,999,0,nonexistent,1.33,93.58,-35.94,4.85,5222.97
CUST_001199,39,management,married,professional.course,no,yes,no,cellular,nov,wed,2,999,1,nonexistent,-0.22,93.16,-42.75,3.99,5194.18
CUST_001200,28,blue-collar,single,unknown,no,yes,no,telephone,may,wed,2,999,2,failure,-1.65,93.01,-44.78,1.24,5101.63
CUST_001201,36,blue-collar,married,basic.6y,unknown,no,no,telephone,may,wed,1,999,0,nonexistent,0.97,94.11,-37.17,4.9,5193.08
CUST_001202,50,admin.,married,university.degree,unknown,yes,no,telephone,may,tue,1,999,0,nonexistent,1.1,94.02,-37.03,4.86,5185.78
CUST_001203,41,admin.,divorced,university.degree,no,no,no,cellular,sep,wed,1,33,2,success,-1.1,94.16,-38.52,0.9,4964.19
CUST_001204,51,technician,married,professional.course,unknown,no,no,cellular,aug,thu,4,999,0,nonexistent,1.3,93.67,-36.41,5.0,5224.82
CUST_001205,50,admin.,married,university.degree,no,yes,no,cellular,nov,mon,3,999,2,failure,-3.4,92.55,-30.05,0.72,5013.55
CUST_001206,33,unemployed,married,university.degree,no,yes,no,telephone,sep,mon,3,999,0,nonexistent,-1.05,94.17,-36.99,0.81,4959.43
CUST_001207,32,entrepreneur,single,university.degree,no,yes,no,cellular,may,wed,3,999,2,failure,-1.76,92.89,-46.54,1.17,5100.96
CUST_001208,47,admin.,single,university.degree,no,yes,no,cellular,aug,tue,1,999,0,failure,-2.96,92.25,-31.99,1.03,5073.75
CUST_001209,38,admin.,married,university.degree,no,unknown,unknown,cellular,may,wed,1,999,0,nonexistent,-1.9,92.87,-46.02,1.35,5100.79
CUST_001210,35,blue-collar,married,basic.6y,no,yes,no,telephone,may,mon,1,999,0,nonexistent,1.11,94.06,-36.89,4.78,5189.0
CUST_001211,37,technician,married,professional.course,no,no,yes,cellular,mar,fri,2,999,1,nonexistent,-1.92,93.0,-49.18,1.9,5096.43
CUST_001212,51,services,divorced,professional.course,no,yes,no,telephone,jun,fri,2,999,0,nonexistent,1.45,94.51,-41.77,5.09,5231.43
CUST_001213,35,admin.,single,high.school,no,no,no,cellular,may,tue,3,999,1,failure,-1.84,92.92,-46.51,1.36,5094.46
CUST_001214,32,blue-collar,married,basic.6y,unknown,yes,yes,cellular,may,fri,4,999,3,failure,-1.51,92.84,-46.8,1.31,5107.84
CUST_001215,44,management,married,unknown,unknown,no,no,cellular,jul,mon,4,999,0,nonexistent,1.31,93.91,-43.38,4.98,5234.66
CUST_001216,54,technician,married,university.degree,no,yes,no,telephone,jul,fri,2,999,0,nonexistent,1.28,93.92,-42.12,5.0,5228.54
CUST_001217,42,admin.,married,university.degree,no,no,no,cellular,jul,mon,13,999,0,nonexistent,1.21,94.0,-42.39,4.99,5233.51
CUST_001218,52,admin.,married,university.degree,unknown,yes,no,cellular,jul,thu,12,999,1,nonexistent,1.38,93.86,-42.83,5.03,5227.03
CUST_001219,28,blue-collar,married,basic.9y,no,yes,no,telephone,may,mon,1,999,0,nonexistent,1.17,93.94,-37.17,4.7,5198.08
CUST_001220,46,management,married,university.degree,no,no,no,cellular,nov,mon,1,999,0,nonexistent,0.06,93.06,-42.42,4.43,5190.84
CUST_001221,38,technician,married,university.degree,unknown,no,no,cellular,jul,thu,1,999,0,nonexistent,1.36,93.94,-43.02,4.89,5228.48
CUST_001222,37,admin.,single,university.degree,no,yes,no,cellular,jul,fri,1,22,3,success,-1.78,94.06,-41.5,0.88,4988.75
CUST_001223,41,admin.,married,high.school,unknown,yes,no,telephone,jun,fri,2,999,0,nonexistent,1.45,94.65,-40.94,5.03,5224.61
CUST_001224,55,self-employed,married,basic.9y,no,yes,yes,cellular,may,tue,2,999,0,nonexistent,-1.95,92.83,-46.36,1.49,5101.72
CUST_001225,35,technician,single,professional.course,no,no,no,cellular,aug,mon,1,999,1,nonexistent,1.49,93.39,-35.87,5.07,5225.26
CUST_001226,39,admin.,single,university.degree,no,yes,no,telephone,sep,tue,1,999,0,nonexistent,-3.5,92.35,-30.07,0.99,5017.7
CUST_001227,46,services,married,basic.9y,no,yes,no,cellular,jul,thu,9,999,1,nonexistent,1.51,93.92,-42.6,4.96,5233.93
CUST_001228,59,retired,married,basic.4y,unknown,yes,no,telephone,may,thu,2,999,1,nonexistent,1.07,94.05,-36.49,4.85,5190.47
CUST_001229,42,admin.,married,university.degree,no,no,no,cellular,jun,mon,1,999,0,nonexistent,-2.76,92.96,-41.33,1.17,5075.04
CUST_001230,29,services,married,high.school,no,no,no,telephone,jun,mon,2,999,0,nonexistent,1.41,94.3,-41.3,4.86,5224.17
CUST_001231,31,admin.,single,university.degree,unknown,yes,no,cellular,aug,wed,3,999,0,nonexistent,1.41,93.37,-35.93,4.94,5232.89
CUST_001232,52,retired,divorced,basic.4y,no,yes,no,telephone,may,tue,2,999,0,nonexistent,1.21,94.01,-36.15,4.84,5197.2
CUST_001233,44,self-employed,married,university.degree,no,yes,no,telephone,may,wed,4,999,0,nonexistent,1.01,94.08,-36.36,4.91,5187.95
CUST_001234,31,blue-collar,married,basic.9y,no,yes,no,cellular,may,fri,12,999,0,nonexistent,-1.77,92.72,-45.7,1.08,5097.12
CUST_001235,37,admin.,single,basic.9y,no,no,no,telephone,jun,thu,1,999,0,nonexistent,1.38,94.54,-42.25,4.76,5219.81
CUST_001236,57,blue-collar,married,basic.4y,no,yes,yes,cellular,aug,thu,5,999,0,nonexistent,1.42,93.6,-36.44,4.99,5229.75
CUST_001237,31,blue-collar,married,professional.course,no,no,no,telephone,jun,tue,8,999,1,nonexistent,1.47,94.45,-41.78,4.88,5225.04
CUST_001238,32,admin.,single,university.degree,no,yes,no,cellular,may,mon,6,999,0,nonexistent,-1.77,93.02,-46.27,1.08,5101.79
CUST_001239,54,management,married,high.school,unknown,yes,no,telephone,may,wed,2,999,0,nonexistent,0.93,94.18,-36.46,4.86,5194.75
CUST_001240,50,admin.,divorced,university.degree,no,yes,no,cellular,mar,tue,1,999,0,nonexistent,-1.79,92.82,-49.89,1.55,5100.96
CUST_001241,32,technician,married,professional.course,no,no,no,cellular,nov,wed,3,999,0,nonexistent,-0.08,93.05,-42.49,4.07,5197.2
CUST_001242,42,admin.,single,university.degree,no,no,no,cellular,aug,tue,4,999,0,nonexistent,1.46,93.39,-36.21,5.01,5223.8
CUST_001243,28,admin.,single,university.degree,no,no,no,telephone,may,wed,1,999,0,nonexistent,1.05,93.93,-36.45,4.77,5192.58
CUST_001244,40,technician,married,high.school,no,yes,no,cellular,jul,thu,3,999,0,nonexistent,1.4,93.99,-42.26,4.92,5225.65
CUST_001245,34,technician,married,professional.course,no,no,no,cellular,aug,fri,1,999,0,nonexistent,1.39,93.32,-36.1,5.04,5223.49
CUST_001246,52,blue-collar,married,professional.course,no,no,yes,telephone,may,wed,4,999,0,nonexistent,1.33,94.07,-36.83,4.8,5192.96
CUST_001247,28,services,married,high.school,no,no,no,telephone,jun,mon,2,999,0,nonexistent,1.47,94.39,-42.81,4.93,5235.4
CUST_001248,32,blue-collar,single,basic.9y,no,yes,no,cellular,may,tue,2,999,1,failure,-1.71,92.98,-47.24,1.17,5099.01
CUST_001249,32,management,married,university.degree,no,yes,yes,cellular,nov,fri,3,999,0,nonexistent,-0.07,93.21,-42.6,4.18,5190.9
CUST_001250,46,entrepreneur,married,unknown,no,yes,no,cellular,apr,mon,3,999,1,nonexistent,-1.86,93.08,-46.92,1.46,5099.63
CUST_001251,36,admin.,single,university.degree,no,no,no,cellular,aug,tue,1,999,1,nonexistent,1.3,93.6,-35.9,4.99,5224.16
CUST_001252,28,entrepreneur,married,basic.9y,unknown,yes,no,telephone,may,thu,1,999,0,nonexistent,1.14,94.0,-35.16,4.78,5192.83
CUST_001253,50,admin.,single,high.school,no,no,no,telephone,jul,thu,3,999,1,nonexistent,1.42,93.85,-42.93,5.15,5228.43
CUST_001254,28,technician,single,professional.course,no,no,yes,telephone,jul,tue,1,999,0,nonexistent,-1.77,94.19,-40.48,1.08,4995.51
CUST_001255,28,admin.,divorced,basic.9y,no,yes,no,cellular,nov,wed,2,999,1,nonexistent,-0.04,93.43,-42.02,4.13,5187.5
CUST_001256,66,retired,married,unknown,no,no,no,cellular,aug,wed,3,999,0,failure,-3.08,92.16,-31.95,1.07,5071.27
CUST_001257,36,student,single,university.degree,unknown,no,no,telephone,jun,thu,1,999,0,nonexistent,1.22,94.32,-41.75,5.06,5225.76
CUST_001258,28,blue-collar,divorced,basic.4y,unknown,no,no,telephone,jun,thu,3,999,0,nonexistent,1.56,94.42,-40.3,4.9,5219.02
CUST_001259,39,entrepreneur,married,professional.course,no,yes,no,cellular,nov,wed,4,999,1,nonexistent,-0.05,93.31,-41.71,4.19,5197.95
CUST_001260,53,technician,married,high.school,no,yes,no,telephone,may,wed,1,999,0,nonexistent,1.19,93.87,-36.25,4.78,5195.55
CUST_001261,29,unemployed,single,university.degree,no,yes,no,telephone,jun,wed,3,999,1,nonexistent,1.25,94.48,-42.0,4.96,5225.73
CUST_001262,34,blue-collar,married,basic.9y,unknown,yes,no,telephone,may,fri,2,999,1,nonexistent,1.14,94.0,-36.8,4.81,5199.61
CUST_001263,37,blue-collar,single,basic.4y,no,no,no,cellular,may,wed,1,999,2,failure,-1.9,92.91,-45.18,1.39,5102.93
CUST_001264,32,services,married,high.school,unknown,no,no,telephone,jun,fri,2,999,1,nonexistent,1.47,94.6,-41.66,5.29,5233.15
CUST_001265,30,admin.,married,university.degree,no,yes,yes,cellular,nov,wed,1,999,1,nonexistent,-0.08,93.04,-42.06,4.21,5196.4
CUST_001266,19,student,single,basic.9y,no,no,no,cellular,apr,thu,3,999,0,nonexistent,-1.88,93.18,-48.37,1.4,5104.02
CUST_001267,55,technician,married,basic.4y,unknown,no,no,telephone,may,fri,1,999,0,nonexistent,1.24,93.99,-36.87,4.7,5192.25
CUST_001268,52,technician,married,professional.course,no,no,no,cellular,jul,fri,2,999,1,nonexistent,1.42,93.98,-43.88,4.87,5225.15
CUST_001269,35,admin.,married,high.school,no,yes,no,cellular,may,tue,4,999,1,nonexistent,-1.93,92.68,-46.3,1.26,5098.62
CUST_001270,28,blue-collar,single,basic.9y,no,no,no,cellular,may,thu,2,999,1,failure,-1.7,92.99,-46.48,1.25,5096.25
CUST_001271,32,admin.,married,university.degree,no,yes,no,cellular,nov,tue,1,999,0,nonexistent,-0.2,93.24,-40.96,3.99,5199.61
CUST_001272,37,admin.,married,university.degree,no,no,no,cellular,may,wed,5,999,1,nonexistent,-1.73,92.86,-46.51,1.13,5097.86
CUST_001273,31,unemployed,single,basic.4y,no,no,yes,cellular,nov,fri,4,999,1,nonexistent,-0.21,93.39,-41.67,3.97,5180.86
CUST_001274,59,admin.,married,high.school,no,no,no,cellular,may,wed,2,999,1,failure,-1.91,92.93,-46.14,1.34,5090.23
CUST_001275,38,services,married,high.school,unknown,no,no,telephone,may,mon,1,999,0,nonexistent,1.19,94.29,-36.94,4.88,5188.73
CUST_001276,50,management,married,basic.9y,unknown,no,yes,cellular,jul,thu,16,999,1,nonexistent,1.42,94.16,-42.97,4.92,5223.51
CUST_001277,31,technician,single,unknown,no,yes,no,cellular,jul,tue,3,999,0,nonexistent,1.53,93.92,-42.62,5.04,5231.42
CUST_001278,39,admin.,married,high.school,unknown,yes,no,cellular,mar,tue,2,999,3,failure,-1.82,92.81,-49.64,1.5,5097.94
CUST_001279,59,management,divorced,university.degree,no,no,no,cellular,nov,wed,1,9,0,success,-0.3,93.14,-41.95,4.09,5198.41
CUST_001280,35,admin.,divorced,university.degree,no,unknown,unknown,telephone,may,tue,1,999,2,nonexistent,1.12,93.9,-36.21,4.92,5187.05
CUST_001281,39,admin.,married,university.degree,no,no,no,telephone,may,mon,6,999,1,nonexistent,1.18,93.97,-36.18,4.84,5189.99
CUST_001282,30,admin.,divorced,high.school,no,yes,yes,cellular,may,mon,1,999,0,failure,-1.81,93.05,-45.82,1.21,5101.42
CUST_001283,31,technician,married,university.degree,no,yes,no,cellular,aug,wed,2,999,1,nonexistent,1.29,93.52,-35.9,5.01,5231.43
CUST_001284,33,admin.,married,university.degree,no,yes,no,cellular,sep,thu,1,999,0,nonexistent,-1.08,94.05,-37.59,0.77,4962.66
CUST_001285,36,technician,divorced,professional.course,no,no,no,cellular,jul,mon,3,999,0,nonexistent,1.25,94.15,-42.21,4.74,5223.4
CUST_001286,57,blue-collar,married,high.school,no,yes,no,telephone,aug,fri,1,999,1,nonexistent,-1.57,93.91,-37.04,1.07,4994.09
CUST_001287,40,blue-collar,married,basic.4y,no,no,yes,cellular,nov,mon,3,999,1,nonexistent,-0.24,93.22,-42.06,4.17,5196.44
CUST_001288,29,technician,single,basic.9y,no,no,yes,cellular,may,mon,1,999,0,nonexistent,-1.81,92.95,-46.27,1.22,5105.44
CUST_001289,26,blue-collar,single,basic.6y,no,no,no,telephone,jun,wed,1,999,0,nonexistent,1.57,94.36,-42.45,4.91,5228.35
CUST_001290,47,blue-collar,married,basic.4y,unknown,no,yes,telephone,may,fri,7,999,2,nonexistent,1.09,94.01,-35.5,4.75,5186.57
CUST_001291,29,services,single,high.school,no,no,no,telephone,may,thu,1,999,0,nonexistent,1.01,94.01,-35.5,4.84,5189.6
CUST_001292,29,admin.,single,university.degree,unknown,yes,no,cellular,aug,mon,2,999,0,nonexistent,1.44,93.41,-36.18,4.91,5225.47
CUST_001293,42,admin.,married,professional.course,no,yes,yes,cellular,apr,mon,3,999,2,failure,-1.8,93.0,-47.34,1.51,5095.3
CUST_001294,53,management,married,basic.4y,no,yes,no,cellular,may,tue,4,999,1,nonexistent,-1.58,92.79,-45.59,1.15,5096.34
CUST_001295,40,technician,single,professional.course,no,no,no,cellular,aug,wed,2,999,1,nonexistent,1.38,93.35,-35.33,4.84,5231.6
CUST_001296,27,self-employed,single,university.degree,no,yes,no,telephone,jun,fri,2,999,0,nonexistent,1.38,94.4,-41.5,5.04,5228.52
CUST_001297,26,unemployed,single,high.school,no,yes,no,telephone,jun,thu,3,999,0,nonexistent,-1.68,93.98,-39.99,0.92,4994.36
CUST_001298,53,services,married,basic.6y,no,yes,no,cellular,jul,thu,3,999,1,nonexistent,1.48,93.75,-42.58,4.82,5230.43
CUST_001299,43,technician,married,professional.course,no,yes,no,telephone,nov,tue,1,999,0,nonexistent,-0.13,93.26,-41.67,4.03,5193.8
CUST_001300,36,unemployed,married,university.degree,no,yes,no,telephone,may,fri,2,999,0,nonexistent,-1.88,92.89,-45.8,1.11,5098.13
CUST_001301,59,retired,married,unknown,no,yes,no,telephone,may,thu,1,999,1,nonexistent,1.2,93.7,-36.61,4.94,5191.99
CUST_001302,36,blue-collar,married,basic.9y,no,no,no,telephone,may,thu,4,999,2,nonexistent,1.13,94.08,-36.56,4.85,5191.9
CUST_001303,28,services,single,high.school,no,no,no,cellular,jul,thu,1,999,0,nonexistent,1.39,94.03,-42.63,5.06,5227.12
CUST_001304,37,technician,married,professional.course,unknown,yes,no,telephone,jun,fri,2,999,0,nonexistent,1.38,94.35,-41.43,5.02,5234.0
CUST_001305,45,technician,single,university.degree,no,no,no,telephone,may,tue,1,999,1,nonexistent,1.12,93.96,-36.43,4.91,5194.73
CUST_001306,26,technician,single,professional.course,no,yes,no,cellular,apr,fri,1,999,0,nonexistent,-1.61,93.12,-47.04,1.67,5097.65
CUST_001307,46,admin.,married,high.school,no,no,yes,telephone,may,tue,4,999,0,nonexistent,1.37,94.02,-36.31,5.03,5187.28
CUST_001308,53,retired,married,basic.9y,unknown,yes,no,cellular,jul,fri,3,999,0,nonexistent,1.36,93.78,-43.17,4.9,5232.64
CUST_001309,54,blue-collar,divorced,unknown,unknown,yes,no,telephone,may,fri,1,999,0,nonexistent,1.2,94.01,-35.99,4.93,5188.22
CUST_001310,42,blue-collar,married,basic.4y,unknown,no,yes,cellular,may,wed,1,999,2,failure,-1.9,92.94,-46.33,1.31,5091.08
CUST_001311,40,admin.,married,university.degree,no,yes,no,cellular,aug,thu,10,999,0,nonexistent,1.43,93.33,-36.7,5.11,5228.04
CUST_001312,33,technician,married,basic.9y,no,no,no,cellular,jul,wed,2,999,0,nonexistent,1.45,94.04,-42.8,5.07,5227.13
CUST_001313,44,housemaid,married,basic.4y,no,no,no,telephone,may,tue,5,999,1,nonexistent,1.04,94.13,-37.33,4.97,5186.36
CUST_001314,31,management,single,university.degree,no,no,yes,cellular,nov,wed,1,999,0,nonexistent,-0.26,93.39,-41.65,4.11,5191.72
CUST_001315,35,self-employed,married,basic.9y,no,no,no,cellular,aug,tue,1,999,0,nonexistent,1.31,93.47,-36.95,4.96,5227.98
CUST_001316,49,blue-collar,married,basic.4y,unknown,no,no,telephone,may,tue,2,999,1,nonexistent,0.83,94.15,-36.44,4.79,5187.14
CUST_001317,51,admin.,married,university.degree,no,no,no,cellular,may,thu,2,9,2,success,-1.7,94.01,-40.63,0.64,5007.59
CUST_001318,39,entrepreneur,married,university.degree,no,yes,no,telephone,may,fri,4,999,1,nonexistent,1.1,93.91,-36.18,4.66,5188.84
CUST_001319,27,admin.,married,professional.course,no,yes,no,cellular,may,thu,2,999,0,failure,-1.7,92.85,-45.06,1.16,5100.82
CUST_001320,26,management,single,university.degree,no,no,no,cellular,jul,wed,4,999,2,nonexistent,1.26,93.97,-43.05,5.02,5223.45
CUST_001321,51,management,married,university.degree,no,yes,no,cellular,jul,wed,1,999,0,nonexistent,1.27,93.81,-42.36,4.9,5230.07
CUST_001322,31,services,single,professional.course,no,yes,no,cellular,jul,mon,1,999,0,nonexistent,1.5,93.88,-43.84,5.05,5221.75
CUST_001323,39,housemaid,married,high.school,no,yes,yes,telephone,may,fri,7,999,0,nonexistent,1.02,93.89,-35.78,4.84,5199.36
CUST_001324,36,technician,single,university.degree,no,yes,no,cellular,aug,fri,14,999,0,nonexistent,1.44,93.51,-35.99,5.03,5226.54
CUST_001325,30,blue-collar,single,basic.9y,no,yes,no,cellular,nov,mon,1,999,0,nonexistent,-0.18,93.3,-43.33,4.12,5201.17
CUST_001326,45,blue-collar,divorced,basic.4y,no,yes,no,cellular,jul,wed,1,999,0,nonexistent,1.49,93.9,-42.67,4.93,5226.9
CUST_001327,34,technician,single,professional.course,no,yes,no,cellular,aug,wed,1,999,0,nonexistent,1.32,93.34,-35.53,5.0,5224.32
CUST_001328,37,unemployed,divorced,university.degree,no,yes,no,telephone,may,wed,2,999,0,nonexistent,1.24,93.87,-36.35,4.73,5188.99
CUST_001329,33,admin.,single,university.degree,no,yes,yes,cellular,aug,fri,5,999,0,nonexistent,1.4,93.38,-35.27,4.88,5230.92
CUST_001330,28,admin.,married,basic.9y,no,no,no,cellular,nov,thu,1,999,0,nonexistent,-0.1,93.24,-41.61,4.04,5194.52
CUST_001331,59,retired,single,high.school,no,no,yes,telephone,jun,tue,1,999,1,nonexistent,1.43,94.48,-40.89,5.04,5229.6
CUST_001332,58,blue-collar,married,basic.9y,no,no,no,cellular,aug,mon,3,999,0,nonexistent,1.2,93.45,-35.99,4.91,5225.54
CUST_001333,58,admin.,married,university.degree,no,yes,yes,telephone,may,thu,9,999,0,nonexistent,1.21,94.12,-37.02,4.91,5187.79
CUST_001334,29,student,single,high.school,no,no,no,cellular,aug,thu,1,999,0,failure,-1.63,94.07,-39.5,0.97,4993.04
CUST_001335,37,blue-collar,married,basic.6y,no,no,no,cellular,may,thu,1,999,1,nonexistent,-1.82,92.89,-45.96,1.42,5106.38
CUST_001336,23,admin.,single,high.school,no,yes,no,cellular,may,fri,5,999,1,failure,-1.9,92.87,-45.19,0.97,5093.6
CUST_001337,34,services,married,high.school,no,no,no,cellular,nov,wed,4,999,0,nonexistent,0.06,93.24,-41.53,4.13,5195.94
CUST_001338,30,admin.,single,university.degree,no,no,no,cellular,apr,wed,2,999,2,nonexistent,-1.86,93.06,-46.21,1.53,5097.71
CUST_001339,46,entrepreneur,married,basic.4y,no,yes,no,cellular,nov,mon,2,999,1,failure,0.11,93.33,-41.93,4.14,5194.58
CUST_001340,45,services,married,basic.6y,no,yes,yes,cellular,aug,mon,5,999,0,nonexistent,1.47,93.54,-36.6,4.92,5229.89
CUST_001341,36,blue-collar,married,basic.9y,no,yes,no,cellular,jul,wed,2,999,1,nonexistent,1.43,94.09,-43.81,5.01,5233.51
CUST_001342,26,services,single,high.school,no,yes,no,cellular,jul,wed,3,999,0,nonexistent,1.39,93.93,-41.72,5.05,5221.73
CUST_001343,42,blue-collar,married,basic.9y,no,yes,no,cellular,dec,tue,3,999,0,nonexistent,-3.14,92.75,-32.83,0.71,5027.46
CUST_001344,38,services,single,basic.9y,unknown,yes,no,telephone,may,wed,1,999,0,nonexistent,1.18,94.09,-36.09,4.97,5189.67
CUST_001345,27,blue-collar,married,basic.4y,unknown,yes,no,cellular,jul,thu,8,999,0,nonexistent,1.43,93.84,-42.6,4.83,5235.49
CUST_001346,30,technician,single,professional.course,no,yes,no,cellular,aug,fri,1,999,0,nonexistent,1.29,93.27,-35.79,4.97,5226.97
CUST_001347,36,services,single,high.school,no,no,no,cellular,may,wed,4,999,0,nonexistent,-1.8,92.91,-46.26,1.54,5107.45
CUST_001348,28,management,single,university.degree,no,yes,no,telephone,may,fri,2,999,0,nonexistent,1.19,93.97,-36.59,4.92,5185.43
CUST_001349,28,blue-collar,single,high.school,no,yes,no,telephone,apr,thu,1,999,0,nonexistent,-1.9,93.16,-47.28,1.57,5099.61
CUST_001350,30,admin.,married,high.school,no,no,no,cellular,may,thu,2,5,1,success,-1.7,92.95,-46.77,1.33,5104.49
CUST_001351,45,management,married,university.degree,no,yes,yes,cellular,aug,fri,1,999,1,nonexistent,1.49,93.43,-35.83,5.0,5228.24
CUST_001352,58,admin.,married,high.school,no,yes,no,cellular,jul,tue,7,999,3,nonexistent,1.4,93.82,-42.73,4.78,5228.81
CUST_001353,27,blue-collar,married,basic.9y,no,unknown,unknown,telephone,may,tue,1,999,0,nonexistent,1.07,93.91,-35.94,4.91,5197.05
CUST_001354,35,blue-collar,married,basic.9y,no,no,no,cellular,may,wed,1,999,1,nonexistent,-1.74,92.89,-46.38,1.46,5104.84
CUST_001355,46,services,married,high.school,no,no,no,cellular,aug,thu,3,999,1,nonexistent,1.41,93.29,-35.55,5.04,5221.05
CUST_001356,39,services,married,basic.6y,unknown,yes,no,telephone,jun,wed,2,999,0,nonexistent,1.35,94.62,-41.52,5.0,5226.31
CUST_001357,36,admin.,single,university.degree,unknown,yes,yes,cellular,aug,mon,3,999,2,nonexistent,1.35,93.39,-36.55,4.85,5221.31
CUST_001358,39,blue-collar,single,basic.9y,no,yes,no,cellular,may,mon,1,999,0,nonexistent,-1.79,92.77,-46.28,1.35,5102.62
CUST_001359,43,services,married,high.school,unknown,yes,yes,cellular,aug,fri,1,999,0,nonexistent,1.38,93.6,-36.0,5.02,5224.55
CUST_001360,31,services,single,high.school,no,yes,no,telephone,may,wed,6,999,0,nonexistent,-1.87,92.87,-45.7,1.26,5101.26
CUST_001361,37,technician,married,basic.6y,no,no,no,cellular,apr,mon,4,999,1,failure,-1.88,92.99,-47.3,1.46,5106.73
CUST_001362,32,blue-collar,married,basic.9y,no,no,no,telephone,may,thu,1,999,0,nonexistent,1.13,94.0,-36.36,4.82,5189.19
CUST_001363,36,technician,married,professional.course,no,no,no,telephone,jun,thu,1,999,0,nonexistent,1.42,94.49,-41.84,4.86,5226.6
CUST_001364,31,technician,married,university.degree,no,no,no,telephone,may,mon,4,999,0,nonexistent,1.11,93.97,-36.98,4.79,5191.44
CUST_001365,58,retired,married,university.degree,no,no,no,cellular,aug,wed,2,999,1,nonexistent,1.25,93.38,-35.59,4.86,5230.53
CUST_001366,44,admin.,married,high.school,no,yes,no,telephone,may,tue,1,999,0,nonexistent,1.02,94.07,-36.81,4.87,5200.47
CUST_001367,31,blue-collar,married,basic.9y,no,no,no,cellular,jul,tue,2,999,0,nonexistent,1.3,93.87,-42.79,5.0,5231.52
CUST_001368,49,technician,married,university.degree,no,yes,no,cellular,nov,tue,2,999,1,failure,-0.08,93.32,-41.49,4.21,5196.06
CUST_001369,32,admin.,married,university.degree,no,yes,no,cellular,oct,fri,2,999,0,nonexistent,-3.39,92.39,-26.09,0.74,5018.34
CUST_001370,33,admin.,married,basic.9y,no,yes,no,cellular,apr,mon,3,999,1,nonexistent,-1.73,92.93,-45.42,1.57,5101.03
CUST_001371,34,self-employed,married,university.degree,no,no,no,telephone,jun,mon,3,999,2,nonexistent,1.23,94.54,-41.95,5.05,5226.33
CUST_001372,52,technician,single,basic.9y,no,yes,no,telephone,nov,fri,4,999,0,nonexistent,0.03,93.21,-42.11,3.97,5193.88
CUST_001373,35,admin.,married,university.degree,unknown,yes,yes,cellular,aug,wed,1,999,0,nonexistent,1.5,93.6,-35.45,4.89,5220.21
CUST_001374,50,self-employed,divorced,university.degree,unknown,yes,no,cellular,jul,wed,10,999,0,nonexistent,1.29,94.1,-41.49,5.07,5219.45
CUST_001375,46,admin.,single,university.degree,no,no,no,cellular,aug,wed,2,999,0,nonexistent,1.43,93.56,-35.83,5.08,5231.7
CUST_001376,29,services,married,high.school,no,yes,no,telephone,may,tue,1,999,0,nonexistent,1.02,93.93,-37.38,4.8,5189.1
CUST_001377,26,blue-collar,married,basic.9y,no,no,no,cellular,may,mon,2,999,0,nonexistent,-1.79,92.8,-45.69,1.39,5101.34
CUST_001378,40,technician,single,professional.course,unknown,no,no,telephone,jun,thu,1,999,2,nonexistent,1.48,94.5,-42.04,5.06,5233.18
CUST_001379,31,admin.,single,university.degree,no,no,no,cellular,aug,wed,5,999,0,nonexistent,1.52,93.6,-35.01,5.03,5227.53
CUST_001380,58,admin.,single,university.degree,no,no,no,cellular,jul,wed,3,999,0,nonexistent,1.54,93.83,-43.17,4.96,5234.38
CUST_001381,38,admin.,single,university.degree,no,yes,yes,telephone,may,mon,4,999,0,nonexistent,-1.63,92.91,-46.2,1.15,5101.27
CUST_001382,40,technician,married,university.degree,no,no,no,cellular,jul,wed,3,999,2,failure,-3.11,92.5,-33.82,1.02,5078.05
CUST_001383,50,blue-collar,married,basic.4y,no,no,no,cellular,aug,mon,1,21,1,success,-2.83,92.25,-31.73,0.79,5077.11
CUST_001384,58,technician,married,university.degree,no,no,no,cellular,aug,thu,4,999,0,nonexistent,1.41,93.39,-36.47,5.06,5229.2
CUST_001385,39,technician,single,professional.course,unknown,no,no,telephone,may,wed,5,999,0,nonexistent,1.22,94.0,-37.02,4.85,5185.66
CUST_001386,23,entrepreneur,married,university.degree,unknown,no,no,telephone,may,fri,3,999,0,nonexistent,0.98,93.95,-36.12,4.79,5190.98
CUST_001387,46,technician,married,professional.course,no,no,no,cellular,may,tue,1,999,0,nonexistent,-1.96,92.88,-46.12,1.41,5092.11
CUST_001388,27,admin.,single,high.school,no,yes,no,cellular,may,thu,1,999,2,failure,-1.87,94.07,-39.63,0.88,5007.32
CUST_001389,47,admin.,married,university.degree,no,no,no,telephone,jun,fri,2,999,0,nonexistent,1.27,94.57,-41.66,5.0,5230.87
CUST_001390,48,blue-collar,married,basic.6y,unknown,no,no,cellular,jul,mon,4,999,0,nonexistent,1.33,93.94,-42.99,5.07,5227.86
CUST_001391,53,blue-collar,married,basic.9y,unknown,no,no,cellular,may,thu,1,999,0,nonexistent,-1.8,93.11,-46.3,1.3,5102.47
CUST_001392,32,admin.,single,university.degree,no,yes,yes,cellular,sep,tue,1,999,0,nonexistent,-1.21,94.05,-37.6,0.92,4963.53
CUST_001393,37,blue-collar,married,basic.9y,unknown,no,no,cellular,jul,thu,1,999,0,nonexistent,1.42,93.87,-43.56,5.14,5231.64
CUST_001394,36,admin.,married,university.degree,no,yes,yes,telephone,may,thu,3,999,0,nonexistent,1.19,93.94,-36.58,4.91,5181.73
CUST_001395,38,management,single,university.degree,no,no,no,cellular,nov,thu,4,999,1,nonexistent,-0.09,93.2,-42.39,4.05,5200.6
CUST_001396,50,self-employed,married,university.degree,no,yes,no,cellular,aug,tue,1,999,1,nonexistent,1.59,93.38,-36.47,5.03,5225.62
CUST_001397,24,technician,divorced,professional.course,no,yes,no,cellular,apr,fri,1,999,2,failure,-1.65,93.08,-47.54,1.33,5097.47
CUST_001398,46,blue-collar,married,basic.4y,unknown,yes,yes,cellular,jul,thu,2,999,0,nonexistent,1.34,93.74,-43.41,5.0,5230.47
CUST_001399,39,services,single,high.school,unknown,yes,no,cellular,jul,tue,4,999,0,nonexistent,1.45,93.78,-43.8,4.86,5226.23
CUST_001400,48,unknown,married,basic.6y,no,no,no,cellular,jul,wed,1,999,0,nonexistent,1.43,93.95,-43.24,4.85,5226.82
CUST_001401,55,technician,single,university.degree,unknown,yes,yes,cellular,nov,thu,3,999,1,nonexistent,-0.09,93.11,-41.38,4.04,5196.94
CUST_001402,60,management,married,unknown,unknown,no,no,telephone,jun,mon,1,999,0,nonexistent,1.58,94.52,-42.42,4.93,5231.2
CUST_001403,56,unknown,married,basic.4y,no,yes,no,cellular,aug,mon,2,999,0,nonexistent,1.65,93.44,-35.29,4.89,5228.8
CUST_001404,36,technician,single,professional.course,no,yes,yes,cellular,aug,wed,4,999,0,nonexistent,1.3,93.4,-35.17,4.93,5226.92
CUST_001405,59,retired,married,basic.4y,no,no,yes,telephone,jul,thu,4,999,0,nonexistent,1.25,93.94,-42.7,5.13,5226.68
CUST_001406,48,services,married,high.school,no,yes,no,cellular,nov,tue,1,999,1,nonexistent,-0.11,93.13,-41.12,4.11,5194.19
CUST_001407,38,blue-collar,single,basic.4y,no,no,no,telephone,jun,tue,1,999,0,nonexistent,1.39,94.28,-41.74,4.91,5226.53
CUST_001408,30,admin.,single,university.degree,no,no,no,cellular,apr,thu,3,999,0,nonexistent,-1.93,93.06,-47.71,1.52,5096.82
CUST_001409,45,unemployed,married,high.school,no,yes,no,telephone,aug,thu,1,999,0,nonexistent,-2.75,92.4,-30.98,0.56,5078.92
CUST_001410,51,retired,married,university.degree,no,no,no,cellular,aug,wed,1,999,0,nonexistent,1.34,93.53,-35.85,5.06,5223.45
CUST_001411,54,blue-collar,married,basic.4y,no,yes,no,cellular,aug,tue,1,999,0,nonexistent,1.59,93.35,-36.44,4.95,5225.7
CUST_001412,45,blue-collar,single,basic.4y,unknown,yes,no,cellular,jul,tue,7,999,1,nonexistent,1.5,93.98,-43.08,5.03,5234.02
CUST_001413,44,services,married,high.school,no,unknown,unknown,telephone,may,tue,2,999,1,nonexistent,1.21,94.04,-35.63,5.04,5191.56
CUST_001414,56,technician,married,university.degree,no,no,no,cellular,aug,mon,1,999,0,nonexistent,1.59,93.32,-36.4,4.99,5226.8
CUST_001415,43,entrepreneur,divorced,professional.course,no,no,yes,cellular,jul,fri,1,999,1,nonexistent,1.29,93.8,-42.12,4.85,5230.05
CUST_001416,56,management,married,basic.6y,no,yes,no,cellular,jun,tue,1,0,1,success,-1.74,94.0,-40.81,0.62,4989.04
CUST_001417,45,services,married,high.school,no,no,yes,cellular,may,fri,1,999,0,nonexistent,-1.71,92.8,-46.71,1.27,5100.98
CUST_001418,55,technician,married,university.degree,unknown,no,no,telephone,jun,fri,1,999,0,nonexistent,1.34,94.66,-41.09,5.03,5230.41
CUST_001419,31,technician,single,university.degree,no,yes,yes,telephone,nov,fri,2,999,0,nonexistent,-0.07,93.22,-42.54,3.97,5201.58
CUST_001420,70,retired,married,basic.4y,no,yes,no,cellular,mar,mon,5,999,1,failure,-1.85,92.74,-49.67,1.44,5091.3
CUST_001421,34,blue-collar,married,basic.9y,no,yes,yes,telephone,may,wed,1,999,0,nonexistent,0.91,94.0,-36.33,4.74,5195.13
CUST_001422,52,self-employed,married,basic.9y,unknown,yes,no,telephone,may,tue,5,999,0,nonexistent,1.19,94.2,-36.04,4.69,5191.42
CUST_001423,46,technician,married,university.degree,no,yes,no,cellular,aug,thu,9,999,0,nonexistent,1.47,93.66,-36.17,4.95,5228.97
CUST_001424,44,blue-collar,married,basic.9y,no,no,yes,cellular,apr,fri,3,999,2,failure,-1.77,93.01,-47.94,1.33,5098.95
CUST_001425,31,admin.,divorced,university.degree,no,yes,no,cellular,aug,tue,1,999,0,nonexistent,1.49,93.27,-36.13,4.74,5224.77
CUST_001426,47,admin.,divorced,high.school,no,no,no,telephone,jun,thu,1,999,0,nonexistent,1.15,94.56,-42.89,4.83,5228.66
CUST_001427,33,blue-collar,single,basic.9y,no,yes,no,telephone,may,tue,1,999,0,nonexistent,0.97,94.04,-35.83,5.05,5187.8
CUST_001428,31,services,single,university.degree,no,yes,no,telephone,nov,wed,1,999,0,nonexistent,-0.03,93.12,-41.67,4.14,5196.42
CUST_001429,26,unemployed,married,basic.6y,unknown,yes,no,cellular,jul,wed,2,999,1,nonexistent,1.56,93.88,-41.18,4.88,5220.06
CUST_001430,34,blue-collar,married,professional.course,no,yes,no,cellular,may,mon,1,999,0,nonexistent,-1.83,92.9,-47.23,1.22,5089.98
CUST_001431,44,blue-collar,married,basic.6y,no,yes,no,cellular,jul,tue,1,999,0,nonexistent,1.33,93.96,-42.62,4.76,5225.97
CUST_001432,52,management,married,university.degree,no,yes,no,cellular,nov,tue,2,999,0,nonexistent,0.01,93.29,-42.35,4.22,5196.55
CUST_001433,28,admin.,single,university.degree,no,no,no,cellular,aug,fri,1,999,0,nonexistent,1.28,93.45,-35.82,4.87,5228.04
CUST_001434,54,technician,married,university.degree,unknown,yes,no,cellular,aug,wed,3,999,1,nonexistent,1.35,93.47,-35.39,4.96,5230.92
CUST_001435,36,management,married,university.degree,no,yes,no,cellular,may,thu,2,999,0,nonexistent,-1.75,92.97,-47.03,1.19,5098.97
CUST_001436,34,blue-collar,married,basic.6y,no,no,no,cellular,jul,fri,2,999,0,nonexistent,1.57,94.13,-42.01,5.06,5226.99
CUST_001437,50,unknown,married,high.school,unknown,yes,no,cellular,aug,tue,1,999,0,nonexistent,1.36,93.45,-35.97,4.84,5227.1
CUST_001438,22,student,single,unknown,no,yes,no,cellular,apr,mon,2,999,1,nonexistent,-1.83,93.15,-47.48,1.36,5100.23
CUST_001439,31,blue-collar,married,basic.6y,no,yes,no,cellular,jul,fri,1,999,1,nonexistent,1.45,93.96,-42.92,4.95,5233.08
CUST_001440,35,technician,single,professional.course,no,no,no,telephone,jun,thu,9,999,0,nonexistent,1.36,94.54,-41.13,4.68,5229.66
CUST_001441,32,blue-collar,single,high.school,no,no,no,telephone,may,wed,3,999,1,nonexistent,1.01,93.88,-37.31,4.68,5183.43
CUST_001442,58,admin.,married,university.degree,unknown,no,no,cellular,nov,fri,3,999,0,failure,-0.28,93.06,-41.9,3.93,5191.96
CUST_001443,27,admin.,single,university.degree,no,yes,yes,cellular,jul,mon,2,999,0,nonexistent,1.35,93.86,-42.74,5.32,5231.35
CUST_001444,60,retired,married,basic.4y,no,yes,yes,cellular,aug,thu,1,999,0,nonexistent,1.27,93.42,-37.07,4.96,5236.54
CUST_001445,29,admin.,married,university.degree,no,no,no,cellular,aug,mon,1,999,2,nonexistent,1.22,93.41,-35.68,5.03,5231.04
CUST_001446,53,self-employed,married,basic.4y,no,no,no,cellular,aug,tue,12,999,0,nonexistent,1.42,93.34,-35.92,5.08,5235.23
CUST_001447,40,services,married,high.school,no,no,no,cellular,apr,fri,5,999,0,failure,-1.93,93.26,-47.41,1.38,5100.78
CUST_001448,33,technician,divorced,professional.course,no,yes,no,cellular,apr,wed,2,999,1,nonexistent,-1.56,93.14,-46.45,1.49,5095.91
CUST_001449,33,unemployed,married,basic.9y,no,yes,no,cellular,may,thu,4,999,0,nonexistent,-1.81,92.84,-46.65,1.25,5098.7
CUST_001450,29,admin.,single,university.degree,no,yes,no,cellular,jun,thu,2,7,2,success,-2.93,93.03,-41.44,1.23,5075.92
CUST_001451,36,technician,married,university.degree,unknown,no,no,telephone,may,wed,1,999,1,nonexistent,1.12,94.09,-35.87,4.85,5187.72
CUST_001452,41,admin.,married,university.degree,unknown,no,no,cellular,nov,mon,1,999,0,nonexistent,-0.15,93.36,-40.65,4.06,5200.44
CUST_001453,51,blue-collar,married,basic.9y,no,yes,no,telephone,may,wed,1,999,0,nonexistent,1.08,94.13,-36.03,4.82,5196.03
CUST_001454,46,management,married,basic.4y,unknown,no,yes,telephone,may,fri,4,999,0,nonexistent,1.09,94.03,-36.31,4.76,5187.51
CUST_001455,39,admin.,married,high.school,no,yes,no,telephone,may,fri,3,999,0,nonexistent,1.0,93.97,-35.66,4.78,5186.44
CUST_001456,41,blue-collar,divorced,basic.6y,no,yes,no,telephone,may,fri,1,999,1,nonexistent,1.02,93.92,-37.12,4.83,5190.22
CUST_001457,33,technician,married,professional.course,no,yes,no,cellular,aug,mon,1,999,1,nonexistent,1.51,93.31,-36.21,4.91,5230.08
CUST_001458,29,technician,single,professional.course,no,no,no,telephone,may,thu,7,999,1,nonexistent,-1.72,92.96,-47.16,1.39,5093.99
CUST_001459,33,technician,married,professional.course,no,yes,yes,cellular,may,wed,1,999,0,nonexistent,-1.78,92.91,-46.44,1.37,5097.15
CUST_001460,33,admin.,married,high.school,no,yes,no,cellular,aug,wed,4,999,1,nonexistent,-2.93,92.14,-31.35,0.79,5072.92
CUST_001461,41,self-employed,single,university.degree,no,yes,no,cellular,apr,mon,3,999,0,nonexistent,-1.94,93.08,-47.57,1.45,5101.32
CUST_001462,28,services,single,high.school,no,yes,no,telephone,may,thu,2,999,0,nonexistent,-1.9,93.76,-39.3,0.76,5003.05
CUST_001463,37,technician,married,professional.course,no,yes,no,cellular,aug,wed,1,999,0,nonexistent,1.33,93.44,-36.11,5.13,5230.08
CUST_001464,49,blue-collar,married,basic.4y,unknown,no,no,telephone,jun,tue,5,999,0,nonexistent,1.47,94.38,-41.27,4.86,5226.43
CUST_001465,31,admin.,married,university.degree,no,yes,no,cellular,apr,thu,1,999,2,failure,-1.85,93.01,-46.97,1.45,5097.71
CUST_001466,52,management,divorced,university.degree,unknown,no,no,telephone,jun,tue,1,999,0,nonexistent,1.52,94.44,-41.99,4.98,5227.11
CUST_001467,28,admin.,married,high.school,no,yes,no,telephone,may,wed,2,999,1,nonexistent,1.27,93.93,-36.28,4.73,5189.94
CUST_001468,26,admin.,single,unknown,no,yes,no,cellular,nov,mon,1,999,1,failure,-3.44,92.65,-32.06,0.62,5022.79
CUST_001469,45,self-employed,married,basic.4y,unknown,no,no,telephone,may,thu,25,999,1,nonexistent,1.02,93.99,-37.03,5.01,5190.47
CUST_001470,36,blue-collar,married,basic.6y,no,yes,no,cellular,nov,thu,1,999,0,nonexistent,-0.26,93.22,-42.06,4.16,5201.37
CUST_001471,32,technician,single,professional.course,no,yes,no,cellular,aug,tue,2,999,0,nonexistent,1.18,93.43,-36.73,4.97,5226.94
CUST_001472,49,housemaid,married,basic.4y,unknown,unknown,unknown,cellular,jul,fri,9,999,0,nonexistent,1.53,93.92,-43.75,4.83,5226.65
CUST_001473,38,technician,married,professional.course,unknown,yes,no,cellular,aug,wed,1,999,1,nonexistent,1.41,93.46,-35.5,4.99,5227.44
CUST_001474,47,technician,divorced,professional.course,no,yes,no,cellular,jul,wed,2,999,0,nonexistent,1.37,93.89,-42.56,5.19,5229.57
CUST_001475,34,admin.,married,university.degree,unknown,no,no,cellular,aug,fri,2,999,1,nonexistent,1.35,93.45,-35.76,4.98,5226.73
CUST_001476,54,admin.,divorced,unknown,unknown,no,no,telephone,jun,wed,1,999,0,nonexistent,1.36,94.58,-41.76,4.83,5224.21
CUST_001477,34,technician,married,unknown,no,no,no,cellular,nov,tue,1,18,3,success,-1.07,94.81,-50.04,1.07,4968.23
CUST_001478,53,technician,married,professional.course,unknown,yes,yes,telephone,may,mon,2,999,0,nonexistent,1.04,94.22,-37.6,4.99,5195.42
CUST_001479,47,blue-collar,married,basic.6y,unknown,no,no,telephone,may,fri,3,999,0,nonexistent,1.1,93.84,-36.18,4.92,5189.92
CUST_001480,30,blue-collar,married,basic.9y,no,yes,no,cellular,jul,mon,4,999,0,nonexistent,1.34,93.94,-43.42,5.05,5227.04
CUST_001481,30,student,single,professional.course,no,no,yes,cellular,apr,fri,2,999,0,failure,-1.92,93.19,-46.6,1.5,5098.35
CUST_001482,39,blue-collar,married,basic.4y,unknown,yes,yes,cellular,jul,tue,6,999,0,nonexistent,1.48,94.03,-42.97,5.01,5225.61
CUST_001483,42,blue-collar,married,basic.4y,no,yes,no,telephone,jul,thu,2,999,0,nonexistent,1.41,93.96,-43.59,4.96,5222.98
CUST_001484,52,technician,married,university.degree,no,yes,no,cellular,sep,thu,5,12,3,failure,-0.97,94.16,-37.72,0.9,4972.69
CUST_001485,39,services,married,high.school,no,yes,no,telephone,may,fri,3,999,1,nonexistent,1.19,94.06,-37.1,4.9,5198.33
CUST_001486,58,retired,married,professional.course,no,yes,no,cellular,nov,thu,6,999,1,nonexistent,-0.92,94.71,-50.83,1.01,4960.76
CUST_001487,30,blue-collar,single,high.school,unknown,yes,no,telephone,may,wed,2,999,0,nonexistent,1.05,94.18,-37.15,4.94,5182.82
CUST_001488,49,blue-collar,married,basic.4y,unknown,yes,no,cellular,jul,wed,1,999,0,nonexistent,1.4,94.0,-43.21,5.04,5225.46
CUST_001489,44,entrepreneur,single,university.degree,no,no,no,telephone,jun,thu,2,999,0,nonexistent,1.3,94.52,-42.55,4.8,5226.84
CUST_001490,58,technician,married,professional.course,no,yes,no,telephone,aug,mon,5,999,0,nonexistent,1.43,93.54,-36.34,5.03,5231.94
CUST_001491,58,management,married,university.degree,unknown,yes,no,cellular,jul,mon,1,999,1,nonexistent,1.4,93.64,-43.82,4.97,5223.52
CUST_001492,35,admin.,single,university.degree,no,no,yes,cellular,aug,wed,3,999,0,nonexistent,1.39,93.41,-37.43,5.01,5231.17
CUST_001493,34,technician,divorced,professional.course,no,no,no,telephone,aug,fri,1,999,1,nonexistent,1.37,93.41,-35.13,5.13,5229.71
CUST_001494,59,retired,single,unknown,unknown,yes,no,cellular,jul,tue,19,999,1,nonexistent,1.21,93.95,-41.75,4.93,5229.73
CUST_001495,25,self-employed,married,university.degree,no,yes,yes,cellular,jul,tue,3,999,2,nonexistent,1.38,94.06,-42.89,4.91,5227.9
CUST_001496,35,blue-collar,married,university.degree,unknown,yes,yes,telephone,may,fri,1,999,0,nonexistent,1.03,93.97,-35.74,4.91,5190.8
CUST_001497,45,admin.,married,university.degree,unknown,yes,no,cellular,jul,mon,10,999,0,nonexistent,1.29,94.09,-43.32,4.99,5228.01
CUST_001498,33,admin.,married,university.degree,no,yes,no,cellular,may,fri,2,999,0,nonexistent,-1.73,92.9,-46.91,1.28,5099.04
CUST_001499,38,admin.,divorced,professional.course,no,no,no,telephone,may,mon,1,999,1,nonexistent,1.0,93.86,-35.98,4.88,5190.82
CUST_001500,43,retired,married,basic.4y,unknown,no,no,telephone,may,mon,3,999,0,nonexistent,1.2,93.97,-37.13,4.87,5185.85
CUST_001501,37,technician,married,professional.course,no,yes,yes,cellular,apr,thu,1,999,1,nonexistent,-1.91,93.24,-47.36,1.42,5099.25
CUST_001502,58,blue-collar,married,basic.4y,unknown,no,no,telephone,may,mon,1,999,1,nonexistent,1.06,93.85,-36.04,4.9,5194.29
CUST_001503,34,blue-collar,single,basic.9y,no,no,yes,cellular,jul,tue,3,999,0,nonexistent,1.37,93.98,-43.56,4.96,5220.06
CUST_001504,51,blue-collar,married,basic.4y,no,yes,no,cellular,jul,tue,3,999,0,nonexistent,1.44,93.95,-41.98,5.07,5225.82
CUST_001505,36,admin.,married,university.degree,no,yes,no,cellular,aug,tue,1,999,0,nonexistent,1.29,93.61,-36.12,5.04,5234.96
CUST_001506,44,entrepreneur,divorced,university.degree,no,yes,no,cellular,apr,thu,1,999,1,failure,-1.7,93.1,-46.61,1.34,5106.99
CUST_001507,27,entrepreneur,single,university.degree,no,no,no,telephone,jun,tue,3,999,0,nonexistent,1.32,94.5,-41.72,4.98,5233.34
CUST_001508,59,retired,married,basic.4y,no,no,no,cellular,oct,mon,1,999,0,nonexistent,-3.46,92.3,-26.98,0.77,5017.4
CUST_001509,38,blue-collar,married,basic.6y,no,no,no,telephone,may,wed,1,999,2,nonexistent,1.18,93.98,-36.48,4.72,5191.68
CUST_001510,44,blue-collar,married,basic.9y,no,no,no,telephone,may,wed,4,999,1,nonexistent,1.18,93.86,-36.38,4.93,5186.21
CUST_001511,25,housemaid,married,basic.9y,no,yes,no,cellular,may,wed,3,999,0,nonexistent,-1.67,92.82,-46.33,1.18,5090.61
CUST_001512,37,services,married,high.school,no,no,no,cellular,apr,fri,1,8,1,success,-1.87,93.03,-47.28,1.31,5093.6
CUST_001513,55,admin.,single,high.school,no,no,no,cellular,jun,wed,2,999,0,nonexistent,-2.77,92.97,-40.95,1.08,5076.3
CUST_001514,25,blue-collar,married,high.school,unknown,no,no,cellular,jul,tue,5,999,2,nonexistent,1.44,93.97,-42.92,5.04,5232.17
CUST_001515,59,blue-collar,married,unknown,no,yes,no,telephone,jun,fri,4,999,0,nonexistent,1.42,94.6,-41.49,4.97,5227.6
CUST_001516,40,admin.,married,basic.9y,no,yes,no,cellular,jul,thu,4,999,0,nonexistent,1.29,93.89,-41.55,5.1,5222.28
CUST_001517,32,admin.,single,high.school,no,no,no,cellular,nov,wed,2,999,0,nonexistent,-3.44,92.72,-30.27,0.69,5015.74
CUST_001518,51,admin.,married,unknown,no,no,no,telephone,sep,tue,14,20,2,failure,-3.4,92.37,-29.21,0.87,5008.25
CUST_001519,38,admin.,single,university.degree,no,yes,yes,cellular,may,mon,7,999,1,nonexistent,-1.69,92.65,-46.04,1.31,5099.17
CUST_001520,28,student,single,university.degree,no,unknown,unknown,cellular,may,fri,3,999,0,nonexistent,-1.88,93.87,-39.9,0.69,5001.83
CUST_001521,59,management,married,university.degree,no,yes,no,cellular,aug,thu,11,999,0,nonexistent,1.39,93.28,-36.5,5.05,5230.22
CUST_001522,33,blue-collar,married,basic.9y,unknown,yes,yes,cellular,may,mon,2,999,0,nonexistent,-1.84,92.76,-45.67,1.36,5105.54
CUST_001523,36,blue-collar,married,basic.9y,unknown,yes,no,telephone,jun,fri,3,999,0,nonexistent,1.47,94.5,-41.95,4.9,5227.0
CUST_001524,55,management,married,university.degree,no,yes,no,cellular,may,mon,1,999,0,nonexistent,-1.72,92.82,-46.01,1.25,5109.84
CUST_001525,35,management,married,university.degree,no,yes,no,telephone,jun,fri,4,999,1,nonexistent,1.51,94.35,-42.02,5.11,5217.16
CUST_001526,28,services,married,high.school,no,yes,yes,telephone,jul,wed,8,999,0,nonexistent,1.42,93.87,-42.78,4.92,5233.94
CUST_001527,38,blue-collar,married,basic.9y,unknown,no,no,telephone,jul,mon,2,999,1,nonexistent,1.23,93.98,-42.38,4.91,5228.92
CUST_001528,27,technician,married,university.degree,no,yes,no,cellular,jul,wed,2,999,0,nonexistent,1.37,93.97,-42.91,4.99,5235.13
CUST_001529,34,blue-collar,married,basic.9y,no,no,yes,cellular,jul,fri,4,999,0,nonexistent,1.47,93.97,-42.87,4.91,5221.21
CUST_001530,28,student,single,high.school,no,yes,yes,cellular,jul,mon,2,999,2,failure,-1.71,94.13,-39.34,0.76,4989.21
CUST_001531,48,technician,married,unknown,no,no,no,telephone,jun,thu,1,999,0,nonexistent,1.52,94.41,-41.76,5.12,5221.45
CUST_001532,57,blue-collar,married,basic.9y,no,no,no,cellular,apr,tue,1,999,0,nonexistent,-1.61,93.19,-47.26,1.68,5102.41
CUST_001533,30,services,married,basic.6y,no,yes,no,telephone,may,wed,2,999,0,nonexistent,1.08,93.96,-35.22,4.77,5189.74
CUST_001534,21,student,single,high.school,unknown,yes,yes,telephone,may,thu,2,0,2,success,-1.9,93.78,-39.93,0.81,5012.82
CUST_001535,29,blue-collar,married,high.school,unknown,no,no,telephone,may,tue,2,999,0,nonexistent,1.13,93.95,-36.8,4.82,5186.83
CUST_001536,53,management,married,university.degree,no,yes,yes,cellular,nov,mon,1,999,0,nonexistent,-0.0,93.12,-42.63,4.05,5196.4
CUST_001537,46,admin.,divorced,university.degree,no,yes,no,cellular,may,tue,1,999,0,nonexistent,-1.68,92.83,-46.31,1.26,5094.43
CUST_001538,37,self-employed,married,basic.9y,unknown,yes,no,telephone,jun,tue,5,999,2,nonexistent,1.49,94.52,-41.62,4.83,5235.46
CUST_001539,25,blue-collar,married,basic.9y,no,yes,no,telephone,may,fri,1,999,0,nonexistent,1.11,93.85,-35.82,4.82,5190.52
CUST_001540,24,admin.,single,university.degree,no,no,no,cellular,apr,wed,2,999,1,nonexistent,-1.65,93.18,-46.98,1.37,5093.14
CUST_001541,51,technician,married,professional.course,no,yes,no,telephone,jun,thu,1,999,2,nonexistent,1.44,94.46,-41.94,4.96,5231.88
CUST_001542,40,blue-collar,married,basic.6y,unknown,yes,no,telephone,may,tue,1,999,1,nonexistent,1.17,93.96,-37.59,4.79,5190.08
CUST_001543,40,blue-collar,married,basic.6y,no,no,no,telephone,may,wed,3,999,2,nonexistent,0.96,93.93,-36.99,5.0,5186.47
CUST_001544,38,blue-collar,married,basic.9y,unknown,yes,no,telephone,jun,wed,1,999,0,nonexistent,1.43,94.55,-42.05,4.78,5226.29
CUST_001545,19,self-employed,single,professional.course,no,yes,no,cellular,oct,wed,1,999,0,nonexistent,-1.19,94.64,-49.86,1.13,4964.26
CUST_001546,43,unemployed,married,university.degree,unknown,yes,no,telephone,may,thu,1,999,0,nonexistent,1.06,94.0,-35.79,4.86,5195.78
CUST_001547,29,blue-collar,married,basic.6y,no,no,no,cellular,jul,wed,1,999,0,nonexistent,1.4,93.87,-42.69,5.15,5222.12
CUST_001548,34,admin.,single,high.school,no,no,no,cellular,mar,tue,1,15,3,success,-1.71,93.48,-34.01,0.47,5005.3
CUST_001549,60,retired,divorced,basic.4y,unknown,yes,no,telephone,jun,thu,2,999,3,nonexistent,1.52,94.57,-40.95,5.09,5226.64
CUST_001550,52,admin.,divorced,university.degree,unknown,unknown,unknown,cellular,jul,mon,3,999,1,nonexistent,1.46,94.04,-42.77,4.95,5229.96
CUST_001551,41,blue-collar,married,basic.9y,unknown,no,no,telephone,jun,thu,6,999,0,nonexistent,1.52,94.44,-41.91,4.91,5226.71
CUST_001552,34,admin.,single,high.school,no,yes,yes,cellular,may,thu,1,999,0,nonexistent,-1.75,93.03,-46.08,1.36,5092.02
CUST_001553,31,management,married,university.degree,no,no,no,telephone,may,tue,1,999,0,nonexistent,1.2,94.0,-36.92,4.82,5191.02
CUST_001554,23,blue-collar,single,basic.9y,no,yes,no,cellular,may,wed,1,999,2,nonexistent,-1.59,92.79,-46.13,1.31,5093.79
CUST_001555,34,admin.,married,university.degree,no,yes,no,cellular,aug,mon,4,999,0,nonexistent,1.43,93.44,-37.59,5.08,5225.39
CUST_001556,40,technician,married,basic.9y,unknown,yes,no,telephone,may,thu,2,999,1,nonexistent,1.2,93.93,-36.74,4.99,5196.83
CUST_001557,56,admin.,married,university.degree,no,yes,no,cellular,aug,tue,2,999,1,failure,-2.79,92.13,-31.15,0.81,5074.94
CUST_001558,28,blue-collar,single,basic.9y,no,yes,no,telephone,may,mon,1,999,0,nonexistent,1.23,94.15,-35.8,5.03,5190.2
CUST_001559,25,services,married,high.school,no,yes,no,telephone,jul,tue,7,999,0,nonexistent,1.4,93.94,-43.0,4.84,5225.14
CUST_001560,33,admin.,single,university.degree,no,yes,no,telephone,may,tue,2,999,0,nonexistent,1.12,93.86,-35.86,4.85,5189.54
CUST_001561,27,entrepreneur,single,university.degree,no,no,no,telephone,jun,tue,1,999,0,nonexistent,1.26,94.3,-41.8,4.92,5221.44
CUST_001562,29,technician,single,basic.9y,no,no,no,cellular,jun,mon,1,15,2,success,-2.88,92.91,-40.76,1.35,5081.45
CUST_001563,43,technician,married,professional.course,no,yes,no,telephone,may,thu,2,999,0,nonexistent,1.14,94.2,-35.85,4.83,5189.74
CUST_001564,27,blue-collar,married,basic.9y,no,yes,yes,cellular,nov,wed,1,999,1,failure,-0.02,93.09,-41.2,3.98,5196.07
CUST_001565,44,admin.,married,university.degree,unknown,yes,yes,cellular,aug,thu,2,999,1,nonexistent,1.31,93.41,-36.4,5.02,5224.63
CUST_001566,40,blue-collar,married,basic.9y,no,no,no,cellular,may,wed,1,999,0,nonexistent,-1.62,92.76,-46.42,1.2,5103.66
CUST_001567,26,admin.,single,university.degree,no,yes,no,cellular,jul,wed,1,999,0,nonexistent,1.47,93.86,-42.1,4.93,5224.62
CUST_001568,49,admin.,married,high.school,no,no,yes,cellular,jul,fri,1,999,0,nonexistent,1.39,93.85,-42.24,5.03,5221.66
CUST_001569,31,admin.,married,university.degree,no,yes,yes,cellular,mar,mon,2,999,1,nonexistent,-1.77,92.75,-50.7,1.41,5103.3
CUST_001570,56,blue-collar,married,basic.4y,no,no,no,cellular,may,mon,4,999,0,nonexistent,-1.67,92.99,-47.09,1.16,5099.58
CUST_001571,31,technician,single,university.degree,no,yes,no,telephone,may,mon,8,999,0,nonexistent,1.04,93.77,-36.26,4.76,5195.21
CUST_001572,36,housemaid,married,basic.6y,no,no,no,cellular,aug,mon,3,999,1,nonexistent,1.31,93.52,-35.77,5.06,5233.14
CUST_001573,31,entrepreneur,married,unknown,no,no,no,cellular,aug,mon,3,999,3,failure,-2.91,92.41,-31.59,0.99,5075.76
CUST_001574,39,technician,married,professional.course,no,yes,no,cellular,aug,tue,2,999,1,nonexistent,1.43,93.47,-35.93,4.82,5221.03
CUST_001575,26,self-employed,married,university.degree,no,yes,no,telephone,jun,thu,1,999,0,nonexistent,1.36,94.28,-41.86,4.88,5233.06
CUST_001576,32,technician,single,university.degree,no,no,yes,telephone,nov,thu,8,999,0,nonexistent,-0.2,93.05,-42.14,4.23,5195.68
CUST_001577,35,self-employed,single,university.degree,no,yes,no,telephone,may,thu,1,999,0,nonexistent,1.13,93.87,-35.3,5.1,5189.75
CUST_001578,33,technician,single,university.degree,no,yes,no,cellular,sep,fri,4,6,4,success,-1.11,94.2,-37.07,0.8,4956.71
CUST_001579,52,technician,married,high.school,no,yes,no,telephone,may,wed,1,999,0,nonexistent,1.0,93.88,-36.53,4.92,5190.53
CUST_001580,31,services,divorced,professional.course,no,no,no,cellular,nov,tue,2,999,0,failure,-0.06,93.2,-40.31,4.19,5198.74
CUST_001581,29,admin.,single,university.degree,no,yes,no,telephone,may,fri,3,999,0,nonexistent,1.33,94.01,-36.05,5.01,5187.53
CUST_001582,28,technician,single,professional.course,no,no,no,cellular,jul,thu,3,999,0,nonexistent,1.31,93.85,-41.95,4.98,5226.54
CUST_001583,29,admin.,single,university.degree,no,yes,no,telephone,jul,thu,1,999,0,nonexistent,1.42,93.86,-42.34,5.0,5230.51
CUST_001584,39,blue-collar,married,basic.6y,no,no,no,cellular,may,wed,2,999,1,nonexistent,-1.97,92.74,-46.03,1.17,5098.27
CUST_001585,52,blue-collar,married,basic.9y,no,no,no,cellular,may,thu,2,4,2,success,-1.8,92.88,-45.52,1.13,5102.28
CUST_001586,32,blue-collar,married,professional.course,no,yes,no,cellular,apr,thu,3,999,0,nonexistent,-1.82,93.11,-46.14,1.38,5102.08
CUST_001587,35,admin.,single,university.degree,no,yes,no,cellular,nov,wed,1,999,0,nonexistent,-0.18,93.38,-41.45,4.26,5200.49
CUST_001588,28,blue-collar,married,basic.9y,unknown,no,no,cellular,may,thu,5,999,0,nonexistent,-1.71,92.88,-47.24,1.32,5093.16
CUST_001589,46,housemaid,single,basic.9y,no,no,no,cellular,nov,thu,1,999,0,nonexistent,-0.08,93.18,-41.99,3.99,5194.76
CUST_001590,44,blue-collar,single,basic.9y,no,yes,no,cellular,apr,mon,2,999,0,nonexistent,-1.75,92.91,-46.93,1.57,5101.24
CUST_001591,54,admin.,divorced,unknown,unknown,no,no,telephone,jul,thu,2,999,0,nonexistent,1.46,93.8,-43.15,5.03,5223.81
CUST_001592,45,blue-collar,married,basic.9y,unknown,no,no,cellular,apr,thu,2,999,1,nonexistent,-1.86,93.13,-46.98,1.42,5097.58
CUST_001593,38,technician,married,professional.course,unknown,yes,yes,cellular,aug,wed,3,999,0,nonexistent,1.35,93.21,-36.49,5.08,5226.54
CUST_001594,46,management,married,university.degree,unknown,yes,no,telephone,may,tue,2,999,0,nonexistent,1.08,93.91,-36.14,4.78,5195.67
CUST_001595,30,technician,married,professional.course,no,yes,no,cellular,mar,tue,1,999,0,nonexistent,-1.79,93.38,-35.25,0.6,5009.55
CUST_001596,46,services,married,high.school,no,yes,no,cellular,apr,wed,3,999,0,nonexistent,-1.69,93.15,-47.31,1.46,5094.47
CUST_001597,29,admin.,married,university.degree,no,yes,no,telephone,may,fri,2,999,0,nonexistent,0.96,94.03,-36.95,5.19,5190.59
CUST_001598,41,services,divorced,high.school,unknown,yes,no,cellular,jul,tue,2,999,1,nonexistent,1.45,93.98,-43.21,4.83,5228.53
CUST_001599,42,technician,married,professional.course,no,yes,yes,cellular,may,wed,2,999,1,nonexistent,-1.79,93.12,-46.33,1.2,5099.22
CUST_001600,36,technician,married,professional.course,no,no,no,telephone,may,fri,7,999,0,nonexistent,1.15,93.89,-35.7,4.83,5185.73
CUST_001601,49,technician,married,professional.course,no,yes,no,telephone,jun,thu,4,999,0,nonexistent,1.41,94.43,-41.39,4.92,5222.91
CUST_001602,36,admin.,single,basic.6y,no,yes,no,telephone,may,thu,1,999,1,nonexistent,1.15,93.82,-36.77,5.0,5191.18
CUST_001603,30,admin.,divorced,high.school,no,no,no,cellular,may,tue,2,999,1,nonexistent,-1.78,92.89,-45.46,1.35,5102.46
CUST_001604,46,admin.,married,high.school,unknown,no,yes,telephone,may,thu,1,999,0,nonexistent,1.13,93.89,-35.9,4.92,5195.75
CUST_001605,65,blue-collar,married,unknown,no,yes,no,cellular,may,wed,2,13,3,success,-1.87,93.61,-39.68,0.76,4999.9
CUST_001606,44,admin.,single,basic.9y,unknown,yes,no,telephone,jun,fri,2,999,0,nonexistent,1.27,94.54,-41.94,4.91,5228.77
CUST_001607,32,technician,single,university.degree,unknown,yes,no,cellular,may,tue,5,999,1,failure,-1.91,92.8,-46.44,1.42,5103.43
CUST_001608,35,technician,married,university.degree,no,yes,no,cellular,aug,tue,4,999,0,failure,-3.05,92.12,-31.87,0.75,5081.3
CUST_001609,48,admin.,married,high.school,no,no,no,cellular,aug,tue,13,999,0,nonexistent,1.29,93.44,-35.41,4.98,5226.04
CUST_001610,36,unemployed,divorced,high.school,no,no,yes,cellular,nov,mon,2,999,0,nonexistent,-0.2,93.17,-42.45,4.11,5196.42
CUST_001611,42,services,married,high.school,no,no,no,telephone,may,fri,2,999,0,nonexistent,1.11,94.11,-37.34,4.77,5191.42
CUST_001612,33,technician,single,university.degree,no,no,no,cellular,apr,thu,1,999,0,nonexistent,-1.84,93.07,-47.32,1.49,5098.98
CUST_001613,35,technician,divorced,unknown,no,yes,no,cellular,jul,thu,6,999,0,nonexistent,1.4,93.96,-42.27,4.95,5218.59
CUST_001614,41,management,married,university.degree,no,no,no,telephone,jun,tue,6,999,0,nonexistent,1.34,94.47,-42.18,4.9,5228.82
CUST_001615,52,unemployed,married,basic.4y,no,no,no,cellular,aug,tue,3,999,0,nonexistent,1.47,93.33,-36.44,4.86,5229.24
CUST_001616,63,blue-collar,married,basic.4y,no,yes,yes,cellular,nov,mon,1,999,1,failure,-3.47,92.64,-30.12,0.7,5017.7
CUST_001617,29,admin.,single,university.degree,no,yes,no,cellular,may,mon,2,999,1,nonexistent,-1.78,92.89,-46.21,1.37,5099.94
CUST_001618,30,blue-collar,married,basic.9y,no,yes,no,cellular,jul,mon,2,999,1,nonexistent,1.38,93.72,-43.9,4.97,5226.76
CUST_001619,46,admin.,married,university.degree,no,no,no,cellular,aug,mon,1,999,0,nonexistent,1.32,93.51,-36.86,4.89,5229.21
CUST_001620,32,blue-collar,married,basic.9y,no,yes,no,telephone,jun,mon,1,999,1,nonexistent,1.51,94.36,-42.26,5.04,5232.01
CUST_001621,36,unemployed,married,university.degree,no,yes,no,cellular,nov,wed,2,999,0,nonexistent,0.07,93.23,-42.45,4.12,5190.1
CUST_001622,24,student,single,high.school,no,no,no,cellular,jul,tue,1,999,0,nonexistent,1.4,94.2,-42.96,5.14,5223.65
CUST_001623,29,blue-collar,married,high.school,no,yes,no,cellular,aug,fri,1,999,1,nonexistent,-2.81,92.23,-30.56,0.9,5072.7
CUST_001624,57,retired,married,high.school,no,no,yes,cellular,may,mon,4,999,0,nonexistent,-1.87,92.98,-45.73,1.17,5109.14
CUST_001625,35,admin.,married,high.school,no,yes,no,telephone,may,thu,3,999,0,nonexistent,1.11,94.12,-36.89,5.14,5197.83
CUST_001626,46,blue-collar,married,unknown,no,yes,no,cellular,apr,fri,2,999,1,failure,-1.8,93.09,-47.36,1.56,5097.56
CUST_001627,39,admin.,divorced,university.degree,no,no,no,cellular,apr,wed,2,999,2,nonexistent,-1.92,92.92,-47.13,1.41,5091.06
CUST_001628,29,unemployed,single,high.school,no,no,no,cellular,jun,tue,1,999,1,nonexistent,-2.98,92.94,-41.2,1.28,5074.44
CUST_001629,53,housemaid,divorced,basic.4y,no,yes,no,telephone,jun,wed,6,999,1,nonexistent,1.43,94.5,-41.99,4.91,5226.49
CUST_001630,34,blue-collar,married,high.school,no,yes,no,telephone,jun,tue,3,999,2,nonexistent,1.38,94.47,-42.19,4.65,5223.7
CUST_001631,30,technician,divorced,high.school,no,no,no,cellular,may,mon,1,999,0,nonexistent,-1.78,93.05,-46.07,1.21,5100.47
CUST_001632,45,management,married,university.degree,no,no,no,cellular,jul,mon,3,999,0,nonexistent,1.33,93.76,-42.52,4.94,5227.58
CUST_001633,34,blue-collar,married,basic.9y,no,yes,no,cellular,jul,mon,2,999,1,nonexistent,1.37,94.04,-42.11,4.98,5231.09
CUST_001634,29,admin.,single,university.degree,no,yes,no,cellular,aug,wed,1,999,0,nonexistent,1.4,93.41,-36.12,4.83,5228.5
CUST_001635,47,technician,married,professional.course,unknown,no,no,cellular,aug,mon,4,999,0,nonexistent,1.42,93.45,-36.64,4.87,5231.05
CUST_001636,46,admin.,married,professional.course,no,yes,no,telephone,may,thu,1,999,2,nonexistent,0.98,94.14,-35.78,4.55,5190.41
CUST_001637,24,admin.,single,university.degree,no,yes,no,telephone,apr,mon,1,999,0,nonexistent,-1.89,93.03,-48.2,1.49,5102.31
CUST_001638,31,technician,married,professional.course,no,no,no,cellular,aug,thu,1,999,0,nonexistent,1.29,93.37,-35.25,4.99,5226.48
CUST_001639,33,blue-collar,married,basic.9y,no,yes,yes,cellular,jul,thu,1,999,0,nonexistent,1.29,93.89,-42.73,5.0,5224.81
CUST_001640,33,admin.,married,professional.course,no,no,no,cellular,jul,mon,1,999,3,nonexistent,1.25,94.05,-42.77,4.88,5227.68
CUST_001641,35,technician,single,professional.course,no,yes,no,cellular,aug,tue,10,999,1,nonexistent,1.37,93.5,-35.86,5.02,5220.78
CUST_001642,31,technician,single,professional.course,no,yes,no,cellular,aug,mon,1,999,0,nonexistent,1.27,93.56,-35.65,5.01,5225.45
CUST_001643,36,blue-collar,married,basic.9y,no,no,no,telephone,jul,thu,6,999,0,nonexistent,1.48,93.99,-42.46,4.97,5230.47
CUST_001644,32,blue-collar,married,basic.9y,no,yes,no,cellular,may,tue,1,999,0,nonexistent,-1.89,92.9,-45.92,1.37,5099.39
CUST_001645,45,unknown,married,high.school,unknown,yes,no,cellular,aug,tue,2,999,0,nonexistent,1.49,93.47,-35.8,4.98,5224.34
CUST_001646,59,admin.,divorced,university.degree,no,yes,no,cellular,mar,tue,2,999,0,nonexistent,-1.96,93.34,-34.85,0.52,5012.55
CUST_001647,33,technician,married,professional.course,no,no,no,cellular,jul,wed,2,999,0,nonexistent,1.38,93.89,-42.71,4.94,5228.04
CUST_001648,44,technician,single,professional.course,no,yes,no,cellular,aug,fri,4,999,0,nonexistent,1.39,93.32,-36.25,4.74,5230.12
CUST_001649,38,admin.,married,university.degree,unknown,yes,yes,cellular,aug,thu,3,999,0,nonexistent,1.4,93.49,-35.27,4.85,5228.02
CUST_001650,31,admin.,married,university.degree,no,yes,no,telephone,nov,tue,3,999,0,nonexistent,-0.09,93.18,-42.37,4.18,5196.55
CUST_001651,37,technician,married,professional.course,no,no,no,cellular,aug,mon,5,999,0,nonexistent,1.51,93.57,-36.18,4.94,5226.5
CUST_001652,33,technician,married,university.degree,no,no,yes,telephone,may,wed,4,999,0,nonexistent,1.03,94.15,-36.92,4.97,5189.27
CUST_001653,31,services,married,high.school,no,no,no,telephone,may,fri,1,999,1,nonexistent,1.07,93.91,-37.21,4.75,5189.55
CUST_001654,57,blue-collar,divorced,basic.4y,no,no,no,telephone,jun,mon,5,999,0,nonexistent,1.38,94.42,-41.79,4.69,5229.11
CUST_001655,58,admin.,married,unknown,unknown,yes,no,telephone,jun,fri,7,999,1,nonexistent,1.54,94.48,-41.64,4.96,5222.49
CUST_001656,27,admin.,married,unknown,no,no,no,cellular,nov,thu,1,999,0,failure,-3.47,92.38,-29.56,0.83,5020.0
CUST_001657,77,retired,married,professional.course,no,yes,no,cellular,nov,wed,1,999,0,nonexistent,-3.39,92.71,-29.68,0.81,5017.91
CUST_001658,49,entrepreneur,married,basic.9y,unknown,yes,no,telephone,may,tue,1,999,0,nonexistent,1.18,94.04,-37.13,4.93,5192.28
CUST_001659,61,management,married,unknown,unknown,no,no,telephone,jun,mon,3,999,1,nonexistent,1.39,94.5,-40.93,5.23,5221.74
CUST_001660,44,management,single,university.degree,no,unknown,unknown,cellular,may,thu,2,999,0,failure,-1.77,92.88,-46.48,1.36,5106.22
CUST_001661,51,unemployed,unknown,university.degree,no,no,no,cellular,mar,fri,2,999,0,nonexistent,-1.85,92.8,-50.32,1.77,5100.33
CUST_001662,47,technician,divorced,high.school,no,yes,no,cellular,jul,thu,3,999,0,nonexistent,1.33,93.91,-43.47,4.89,5231.75
CUST_001663,33,self-employed,single,basic.4y,no,yes,no,telephone,may,fri,3,999,0,nonexistent,0.92,94.08,-36.51,4.92,5190.14
CUST_001664,39,technician,married,university.degree,unknown,no,no,telephone,may,wed,2,999,0,nonexistent,1.17,93.97,-37.01,4.94,5191.71
CUST_001665,58,retired,married,university.degree,unknown,no,no,cellular,aug,thu,1,999,1,nonexistent,1.45,93.54,-35.93,5.02,5225.91
CUST_001666,36,technician,married,university.degree,unknown,no,no,telephone,may,wed,1,999,0,nonexistent,1.14,94.01,-36.56,4.71,5192.03
CUST_001667,34,services,single,high.school,no,yes,no,cellular,may,thu,1,999,0,failure,-1.88,92.84,-45.87,1.37,5103.39
CUST_001668,45,admin.,married,professional.course,no,no,no,telephone,may,mon,4,999,0,nonexistent,1.17,94.05,-36.6,4.85,5195.16
CUST_001669,37,management,married,university.degree,no,no,yes,cellular,jul,fri,6,999,0,nonexistent,1.44,93.91,-42.99,5.1,5226.21
CUST_001670,27,self-employed,single,university.degree,no,no,yes,telephone,jun,fri,3,999,0,nonexistent,1.39,94.45,-42.2,4.99,5225.61
CUST_001671,47,admin.,married,high.school,no,unknown,unknown,cellular,aug,thu,2,999,0,nonexistent,1.44,93.7,-36.04,4.91,5223.82
CUST_001672,35,blue-collar,married,basic.9y,no,no,no,telephone,may,fri,2,999,2,failure,-1.93,92.99,-46.59,1.37,5099.43
CUST_001673,51,blue-collar,married,basic.9y,unknown,yes,no,telephone,jun,fri,3,999,0,nonexistent,1.36,94.23,-41.24,4.99,5231.14
CUST_001674,52,technician,married,professional.course,no,no,no,telephone,may,mon,11,999,0,nonexistent,1.21,94.09,-37.64,4.71,5187.77
CUST_001675,30,admin.,married,high.school,no,yes,no,cellular,may,thu,1,999,0,nonexistent,-1.74,92.77,-46.66,1.28,5100.16
CUST_001676,26,blue-collar,single,high.school,no,no,no,cellular,may,tue,3,999,0,nonexistent,-1.93,92.94,-45.33,1.29,5100.59
CUST_001677,50,housemaid,divorced,professional.course,no,yes,no,cellular,nov,tue,1,999,1,nonexistent,0.04,93.27,-41.57,4.23,5189.48
CUST_001678,30,admin.,married,university.degree,no,no,no,cellular,aug,thu,7,999,1,nonexistent,1.15,93.27,-36.48,4.99,5224.44
CUST_001679,50,blue-collar,married,basic.9y,no,no,no,cellular,may,thu,2,999,1,failure,-1.79,93.09,-46.57,1.32,5101.86
CUST_001680,28,blue-collar,single,basic.9y,no,yes,no,cellular,nov,wed,1,999,0,nonexistent,-0.06,93.26,-41.32,4.03,5195.77
CUST_001681,48,services,married,high.school,unknown,no,no,cellular,aug,thu,2,999,1,nonexistent,1.35,93.4,-35.5,5.02,5226.09
CUST_001682,52,entrepreneur,single,unknown,no,yes,no,telephone,may,mon,2,999,0,nonexistent,1.17,94.24,-34.99,4.75,5192.99
CUST_001683,30,admin.,single,university.degree,no,yes,no,cellular,mar,mon,2,999,1,nonexistent,-1.81,92.79,-50.21,1.75,5099.3
CUST_001684,47,technician,married,university.degree,no,yes,no,telephone,may,fri,4,999,1,nonexistent,0.97,94.17,-37.26,4.69,5192.14
CUST_001685,42,management,married,high.school,unknown,no,yes,cellular,jul,mon,2,999,0,nonexistent,1.41,93.92,-41.9,5.01,5222.72
CUST_001686,37,blue-collar,married,professional.course,no,yes,no,cellular,apr,mon,4,999,0,nonexistent,-1.6,93.1,-47.11,1.5,5104.38
CUST_001687,27,blue-collar,married,basic.4y,no,yes,no,cellular,may,thu,3,999,1,nonexistent,-1.73,92.9,-46.56,1.23,5099.7
CUST_001688,33,admin.,married,university.degree,no,yes,no,cellular,aug,wed,3,999,0,nonexistent,1.61,93.55,-35.37,4.96,5224.73
CUST_001689,54,housemaid,married,basic.4y,unknown,no,no,cellular,jul,tue,21,999,1,nonexistent,1.45,93.87,-42.17,5.06,5229.49
CUST_001690,46,technician,divorced,high.school,no,yes,no,cellular,jul,thu,4,999,2,nonexistent,1.3,93.85,-42.55,5.04,5228.01
CUST_001691,32,admin.,divorced,high.school,no,yes,no,cellular,may,tue,1,999,0,nonexistent,-1.78,92.91,-47.69,1.24,5096.43
CUST_001692,45,admin.,divorced,university.degree,unknown,no,no,telephone,jun,mon,2,999,0,nonexistent,1.42,94.45,-43.0,4.95,5224.14
CUST_001693,55,blue-collar,divorced,basic.9y,no,yes,no,telephone,may,mon,7,999,0,nonexistent,-1.71,92.92,-45.85,1.29,5100.67
CUST_001694,29,admin.,single,basic.9y,no,yes,no,telephone,may,wed,2,999,1,failure,-1.87,92.94,-46.32,1.42,5100.25
CUST_001695,42,unemployed,married,high.school,no,yes,no,telephone,may,wed,2,999,1,nonexistent,1.16,93.91,-36.31,4.92,5187.54
CUST_001696,38,student,divorced,unknown,no,no,no,cellular,may,tue,1,999,0,nonexistent,-1.73,92.7,-45.49,1.28,5096.05
CUST_001697,29,unemployed,single,university.degree,no,no,yes,cellular,aug,thu,2,999,0,nonexistent,-2.77,92.15,-30.91,0.89,5083.01
CUST_001698,30,technician,divorced,high.school,no,no,no,cellular,aug,thu,5,999,1,nonexistent,1.31,93.6,-35.78,5.07,5231.0
CUST_001699,45,admin.,married,high.school,no,no,no,telephone,may,wed,2,999,0,nonexistent,1.2,94.07,-37.0,4.84,5190.48
CUST_001700,58,entrepreneur,married,university.degree,unknown,yes,yes,telephone,jun,thu,2,999,0,nonexistent,1.56,94.53,-42.96,4.99,5230.02
CUST_001701,55,unknown,divorced,basic.4y,no,no,no,cellular,jul,tue,12,999,0,nonexistent,1.48,93.88,-42.78,4.82,5227.53
CUST_001702,57,management,married,basic.9y,unknown,yes,no,telephone,jun,mon,3,999,0,nonexistent,1.29,94.48,-41.5,4.75,5229.7
CUST_001703,30,admin.,single,university.degree,no,yes,no,cellular,aug,mon,7,999,0,nonexistent,1.09,93.4,-35.92,4.83,5218.72
CUST_001704,54,admin.,married,high.school,unknown,no,no,cellular,jul,thu,1,999,0,nonexistent,1.25,94.01,-42.67,4.89,5234.12
CUST_001705,47,blue-collar,married,basic.6y,unknown,unknown,unknown,telephone,jun,wed,7,999,0,nonexistent,1.49,94.68,-42.09,5.02,5230.97
CUST_001706,39,admin.,married,university.degree,no,yes,no,cellular,jul,tue,2,999,0,nonexistent,1.42,94.01,-42.49,4.99,5236.39
CUST_001707,33,technician,married,professional.course,no,yes,no,telephone,may,wed,1,999,2,nonexistent,1.03,94.13,-35.41,4.74,5185.22
CUST_001708,32,technician,single,university.degree,no,yes,no,cellular,may,tue,2,999,0,failure,-1.83,92.95,-45.74,1.2,5099.49
CUST_001709,24,admin.,single,university.degree,no,yes,yes,cellular,may,tue,7,999,1,nonexistent,-1.74,92.96,-44.82,1.32,5102.64
CUST_001710,32,technician,married,university.degree,no,yes,no,cellular,jul,thu,5,999,0,nonexistent,1.32,93.9,-41.95,5.06,5229.5
CUST_001711,26,student,single,high.school,no,yes,no,cellular,may,mon,1,999,1,nonexistent,-1.68,92.87,-45.91,1.44,5100.37
CUST_001712,38,blue-collar,married,basic.4y,no,no,no,cellular,may,thu,4,999,2,failure,-1.72,92.88,-46.75,1.45,5094.82
CUST_001713,32,technician,single,unknown,no,no,no,cellular,aug,mon,2,999,1,nonexistent,-1.71,93.98,-38.79,1.0,4986.06
CUST_001714,40,technician,single,university.degree,no,yes,yes,cellular,jul,thu,2,999,0,nonexistent,1.41,93.88,-43.08,4.96,5227.8
CUST_001715,33,blue-collar,married,basic.4y,unknown,no,no,telephone,may,wed,3,999,1,nonexistent,1.15,94.03,-36.36,4.7,5187.04
CUST_001716,46,blue-collar,married,basic.9y,unknown,no,no,telephone,may,fri,8,999,1,nonexistent,1.11,93.84,-35.97,4.9,5197.9
CUST_001717,42,technician,single,professional.course,no,yes,no,telephone,may,fri,1,999,1,nonexistent,1.12,94.2,-36.15,4.85,5193.18
CUST_001718,77,retired,married,professional.course,no,yes,no,cellular,nov,wed,3,999,1,nonexistent,-3.36,92.57,-30.33,0.7,5015.16
CUST_001719,33,services,single,high.school,no,yes,no,cellular,jul,thu,3,999,1,nonexistent,1.47,94.14,-43.46,4.96,5223.36
CUST_001720,44,admin.,single,high.school,no,no,no,cellular,apr,tue,1,999,0,nonexistent,-1.82,93.12,-47.69,1.41,5102.09
CUST_001721,45,admin.,divorced,high.school,no,no,yes,cellular,jul,wed,3,999,3,nonexistent,1.34,94.01,-43.26,4.99,5228.35
CUST_001722,55,retired,married,high.school,unknown,no,no,cellular,aug,mon,1,999,0,nonexistent,1.36,93.5,-35.32,5.04,5228.37
CUST_001723,37,admin.,married,high.school,no,no,no,cellular,jul,thu,3,0,4,success,-1.67,94.41,-40.01,0.71,4990.51
CUST_001724,27,admin.,married,university.degree,no,no,no,telephone,may,mon,5,999,0,nonexistent,1.21,93.95,-36.25,4.97,5187.62
CUST_001725,33,blue-collar,single,high.school,no,yes,no,cellular,jun,tue,1,999,1,nonexistent,-2.65,93.06,-40.15,1.08,5079.69
CUST_001726,38,technician,married,university.degree,no,yes,yes,cellular,aug,thu,1,999,0,nonexistent,1.43,93.36,-35.57,4.88,5229.16
CUST_001727,27,services,single,high.school,unknown,yes,yes,telephone,jun,fri,26,999,0,nonexistent,1.6,94.58,-42.24,5.03,5227.3
CUST_001728,60,admin.,married,university.degree,unknown,no,no,telephone,may,tue,1,999,0,nonexistent,1.25,94.01,-35.89,4.8,5191.63
CUST_001729,36,blue-collar,married,basic.4y,no,no,no,telephone,jun,tue,1,999,2,nonexistent,1.62,94.52,-42.51,4.78,5229.95
CUST_001730,37,blue-collar,married,basic.9y,no,no,yes,telephone,may,fri,3,999,0,nonexistent,0.96,94.0,-36.52,4.83,5194.71
CUST_001731,47,admin.,married,high.school,unknown,yes,yes,telephone,may,mon,3,999,0,nonexistent,1.12,94.02,-37.83,4.94,5187.76
CUST_001732,33,technician,married,professional.course,no,yes,yes,cellular,aug,thu,2,999,0,nonexistent,1.44,93.49,-36.04,4.94,5225.35
CUST_001733,31,admin.,single,university.degree,no,yes,no,telephone,may,tue,4,999,2,nonexistent,1.26,93.95,-35.85,4.96,5198.76
CUST_001734,56,services,married,high.school,no,no,no,telephone,may,tue,2,999,1,nonexistent,0.82,94.11,-36.67,4.86,5190.48
CUST_001735,48,blue-collar,married,basic.6y,unknown,yes,no,telephone,jun,fri,4,999,1,nonexistent,1.4,94.45,-41.26,4.77,5225.3
CUST_001736,57,entrepreneur,married,university.degree,no,no,no,cellular,apr,thu,1,999,0,nonexistent,-1.71,92.9,-47.26,1.39,5098.8
CUST_001737,46,admin.,married,university.degree,no,yes,yes,cellular,jul,wed,2,999,1,nonexistent,1.61,93.77,-42.44,4.76,5233.17
CUST_001738,52,admin.,divorced,high.school,no,yes,no,telephone,may,fri,2,999,0,nonexistent,1.13,94.24,-36.03,4.81,5185.27
CUST_001739,36,technician,single,university.degree,no,yes,yes,cellular,aug,thu,2,999,0,nonexistent,1.42,93.45,-35.31,5.04,5226.47
CUST_001740,28,services,married,university.degree,no,yes,no,cellular,may,tue,1,999,0,nonexistent,-1.99,92.79,-45.77,1.33,5099.71
CUST_001741,35,management,married,university.degree,no,yes,yes,cellular,jul,fri,1,999,0,nonexistent,1.36,93.74,-43.14,5.07,5230.0
CUST_001742,23,technician,single,professional.course,no,yes,no,telephone,jul,tue,1,999,0,nonexistent,-1.84,94.27,-40.74,0.96,4987.5
CUST_001743,33,services,single,high.school,no,no,no,telephone,jun,fri,2,999,0,nonexistent,1.33,94.53,-41.47,4.98,5234.05
CUST_001744,29,technician,single,university.degree,no,no,no,cellular,jul,tue,3,6,3,success,-1.66,94.11,-40.18,0.89,4993.49
CUST_001745,33,services,married,high.school,no,yes,no,cellular,nov,wed,3,999,0,nonexistent,-0.11,93.26,-42.56,4.2,5191.95
CUST_001746,57,admin.,married,basic.6y,no,yes,no,cellular,may,fri,1,999,0,nonexistent,-1.87,92.99,-46.67,1.22,5101.69
CUST_001747,30,blue-collar,married,basic.9y,no,no,no,cellular,jul,mon,5,999,0,nonexistent,1.32,93.97,-41.6,4.82,5225.97
CUST_001748,40,services,married,high.school,no,no,no,cellular,apr,fri,7,999,0,failure,-1.77,92.98,-47.71,1.37,5100.75
CUST_001749,35,management,single,university.degree,no,yes,yes,cellular,may,wed,3,999,1,failure,-1.75,92.87,-47.6,1.29,5105.05
CUST_001750,31,technician,single,high.school,no,yes,no,cellular,aug,thu,1,999,2,nonexistent,1.31,93.36,-35.68,4.98,5230.62
CUST_001751,29,blue-collar,single,basic.6y,no,no,no,cellular,jul,thu,1,999,0,nonexistent,1.26,93.95,-41.67,4.94,5221.83
CUST_001752,26,blue-collar,single,basic.9y,no,yes,no,cellular,may,thu,1,999,0,failure,-1.7,92.82,-46.63,1.26,5097.0
CUST_001753,52,admin.,single,university.degree,unknown,unknown,unknown,cellular,aug,wed,5,999,1,nonexistent,1.4,93.29,-36.27,4.99,5228.52
CUST_001754,40,management,single,basic.9y,no,no,no,cellular,may,tue,1,999,2,failure,-1.86,92.77,-46.79,1.11,5096.13
CUST_001755,44,unemployed,married,basic.9y,no,yes,no,cellular,may,wed,3,999,0,nonexistent,-1.72,92.89,-45.64,1.2,5093.87
CUST_001756,44,technician,single,professional.course,no,yes,no,telephone,may,tue,4,999,0,nonexistent,1.09,93.94,-36.72,4.94,5191.6
CUST_001757,34,student,single,unknown,no,yes,no,cellular,nov,thu,1,999,2,failure,-1.04,94.82,-52.07,1.09,4959.54
CUST_001758,49,admin.,divorced,university.degree,no,no,no,cellular,aug,thu,1,999,0,nonexistent,-1.7,94.09,-39.05,0.96,4987.79
CUST_001759,30,management,single,university.degree,no,yes,no,telephone,may,tue,3,999,0,nonexistent,0.99,93.95,-36.39,4.87,5186.85
CUST_001760,40,blue-collar,married,basic.4y,unknown,no,no,telephone,may,tue,4,999,0,nonexistent,0.97,94.07,-36.38,4.95,5196.34
CUST_001761,36,admin.,married,high.school,no,no,yes,cellular,nov,tue,1,999,1,failure,-0.05,93.2,-42.19,4.16,5203.43
CUST_001762,55,admin.,divorced,high.school,no,no,no,cellular,jul,wed,1,999,1,nonexistent,1.66,93.93,-42.21,4.94,5225.63
CUST_001763,35,blue-collar,married,basic.9y,no,no,no,cellular,may,fri,2,31,1,success,-1.67,92.86,-46.4,1.42,5105.21
CUST_001764,29,technician,single,professional.course,no,yes,no,cellular,aug,thu,2,999,1,nonexistent,-3.08,92.27,-31.08,1.16,5071.26
CUST_001765,52,blue-collar,married,basic.4y,no,yes,no,telephone,may,thu,2,999,0,nonexistent,1.18,93.8,-35.92,4.78,5191.38
CUST_001766,42,blue-collar,married,basic.4y,unknown,yes,yes,telephone,may,thu,2,999,0,nonexistent,1.3,94.09,-36.74,4.74,5199.41
CUST_001767,39,admin.,married,university.degree,unknown,yes,no,telephone,jun,mon,3,999,0,nonexistent,1.42,94.5,-42.02,4.8,5231.76
CUST_001768,38,housemaid,single,university.degree,no,no,no,cellular,may,fri,1,999,0,nonexistent,-1.67,92.93,-46.23,1.38,5101.0
CUST_001769,32,services,married,high.school,no,yes,no,cellular,jul,fri,2,999,2,nonexistent,1.42,93.88,-42.21,4.91,5229.02
CUST_001770,55,admin.,divorced,professional.course,unknown,no,no,cellular,jul,mon,4,999,0,nonexistent,1.36,93.96,-43.91,4.92,5220.21
CUST_001771,77,retired,married,unknown,no,yes,no,cellular,nov,fri,3,999,0,nonexistent,-3.22,92.42,-30.14,0.65,5014.29
CUST_001772,36,entrepreneur,married,university.degree,no,yes,no,cellular,may,mon,4,999,0,nonexistent,-1.74,92.74,-46.1,1.48,5102.49
CUST_001773,35,admin.,married,university.degree,unknown,yes,no,cellular,aug,wed,12,999,0,nonexistent,1.39,93.33,-34.49,4.84,5223.66
CUST_001774,30,blue-collar,single,high.school,no,yes,no,cellular,jul,wed,1,999,0,nonexistent,1.38,94.15,-42.98,5.06,5227.7
CUST_001775,53,admin.,married,university.degree,unknown,yes,no,cellular,nov,fri,1,999,0,nonexistent,-0.29,93.37,-43.27,4.13,5191.51
CUST_001776,29,blue-collar,single,professional.course,no,yes,no,cellular,nov,tue,4,999,0,nonexistent,-1.19,94.66,-50.84,1.06,4962.78
CUST_001777,34,blue-collar,married,basic.6y,unknown,no,no,telephone,may,tue,1,999,0,nonexistent,1.05,93.84,-37.63,4.88,5199.27
CUST_001778,37,admin.,single,high.school,no,yes,no,cellular,jul,mon,2,999,0,nonexistent,1.29,93.98,-43.2,5.06,5226.48
CUST_001779,29,services,single,high.school,no,yes,no,cellular,may,thu,1,999,0,nonexistent,-1.79,92.67,-45.8,1.36,5098.61
CUST_001780,45,admin.,married,high.school,no,no,no,telephone,jul,thu,10,999,1,nonexistent,1.53,93.79,-42.96,4.92,5226.69
CUST_001781,38,admin.,single,university.degree,no,yes,no,telephone,jun,wed,1,999,0,nonexistent,1.5,94.44,-41.48,4.97,5224.93
CUST_001782,65,retired,married,basic.4y,unknown,yes,no,cellular,aug,tue,4,999,0,nonexistent,-3.0,92.18,-32.08,0.84,5072.58
CUST_001783,26,technician,single,professional.course,no,yes,no,telephone,apr,fri,2,999,0,nonexistent,-1.7,93.02,-46.95,1.27,5094.85
CUST_001784,38,admin.,married,university.degree,no,yes,no,cellular,nov,mon,1,15,1,success,-3.48,92.75,-30.47,0.71,5015.06
CUST_001785,30,technician,married,professional.course,no,no,no,cellular,jul,wed,2,999,0,nonexistent,1.28,93.95,-43.24,4.92,5224.15
CUST_001786,29,technician,single,university.degree,unknown,yes,no,cellular,may,thu,1,999,0,nonexistent,-1.79,92.85,-46.3,1.28,5104.16
CUST_001787,47,admin.,single,university.degree,no,no,no,cellular,apr,wed,1,999,0,nonexistent,-1.9,93.14,-47.14,1.45,5098.32
CUST_001788,32,admin.,single,high.school,no,yes,no,cellular,jul,fri,2,999,1,nonexistent,1.39,93.74,-41.8,4.96,5232.82
CUST_001789,36,blue-collar,married,basic.6y,no,no,no,cellular,apr,fri,3,999,0,failure,-1.89,93.02,-47.18,1.32,5095.78
CUST_001790,35,blue-collar,married,high.school,unknown,yes,no,cellular,apr,mon,6,999,0,nonexistent,-1.73,93.17,-47.71,1.36,5098.51
CUST_001791,70,retired,single,unknown,no,yes,no,cellular,apr,fri,3,999,0,nonexistent,-1.96,93.22,-47.01,1.42,5097.06
CUST_001792,51,housemaid,married,basic.4y,no,yes,no,cellular,jul,mon,3,999,0,nonexistent,1.29,93.96,-42.84,5.01,5224.0
CUST_001793,25,self-employed,single,university.degree,no,yes,no,cellular,jun,fri,1,999,0,nonexistent,-2.89,93.06,-39.36,1.26,5085.49
CUST_001794,37,blue-collar,single,high.school,no,yes,no,cellular,mar,wed,1,15,3,failure,-1.78,93.48,-34.52,0.59,5006.72
CUST_001795,38,blue-collar,married,basic.9y,no,yes,no,telephone,may,tue,1,999,0,nonexistent,0.98,94.15,-36.55,4.79,5184.29
CUST_001796,40,admin.,married,unknown,no,no,no,telephone,may,thu,3,999,0,nonexistent,0.99,94.0,-36.87,4.82,5184.58
CUST_001797,32,admin.,single,university.degree,no,no,no,cellular,jun,fri,2,999,0,nonexistent,-2.93,93.07,-41.68,1.24,5074.61
CUST_001798,25,unemployed,single,university.degree,no,yes,no,cellular,apr,tue,3,999,2,nonexistent,-1.85,92.97,-46.36,1.48,5102.31
CUST_001799,38,services,married,high.school,no,yes,no,telephone,may,tue,2,999,1,nonexistent,1.08,93.88,-35.72,4.83,5184.82
CUST_001800,45,management,single,university.degree,no,no,yes,cellular,nov,thu,8,999,0,nonexistent,-0.21,93.14,-42.82,4.23,5201.72
CUST_001801,30,management,single,university.degree,no,no,no,cellular,jul,wed,1,999,0,nonexistent,1.39,93.79,-43.59,4.83,5219.38
CUST_001802,33,services,single,high.school,no,no,no,telephone,jun,fri,3,999,0,nonexistent,1.37,94.43,-41.72,4.91,5227.39
CUST_001803,28,self-employed,married,university.degree,no,no,no,cellular,jul,wed,5,999,1,nonexistent,1.45,93.8,-43.09,4.89,5229.24
CUST_001804,39,services,married,high.school,no,yes,yes,telephone,may,wed,2,999,0,nonexistent,1.18,93.83,-35.38,4.88,5200.56
CUST_001805,37,blue-collar,married,basic.4y,no,no,no,telephone,may,wed,12,999,0,nonexistent,1.14,94.03,-35.81,4.86,5184.35
CUST_001806,42,admin.,divorced,university.degree,no,no,no,cellular,aug,tue,2,999,1,nonexistent,1.5,93.33,-36.55,5.07,5227.31
CUST_001807,23,technician,single,university.degree,no,yes,no,cellular,apr,thu,1,999,0,nonexistent,-1.95,93.22,-47.0,1.2,5099.71
CUST_001808,31,services,married,high.school,no,no,no,cellular,jul,tue,3,999,0,nonexistent,1.28,93.86,-43.22,5.11,5229.25
CUST_001809,30,admin.,married,university.degree,no,yes,no,cellular,aug,mon,1,999,0,nonexistent,1.4,93.53,-34.62,5.06,5226.08
CUST_001810,33,technician,single,university.degree,no,no,no,cellular,mar,mon,2,999,1,nonexistent,-1.77,92.96,-50.75,1.64,5097.76
CUST_001811,44,management,married,basic.6y,no,yes,no,cellular,mar,thu,2,999,0,nonexistent,-1.77,92.88,-49.62,1.92,5101.01
CUST_001812,24,admin.,single,high.school,no,yes,no,cellular,jul,wed,13,999,0,nonexistent,1.23,93.84,-42.41,4.9,5229.68
CUST_001813,28,services,married,basic.9y,no,yes,yes,cellular,may,mon,1,999,2,failure,-1.94,92.88,-46.47,1.28,5097.06
CUST_001814,27,blue-collar,single,basic.6y,no,yes,no,telephone,may,wed,12,999,0,nonexistent,1.14,93.92,-36.28,4.85,5189.35
CUST_001815,59,management,married,basic.9y,unknown,yes,no,cellular,jul,fri,2,999,0,nonexistent,1.42,93.82,-42.12,4.96,5222.37
CUST_001816,26,blue-collar,single,basic.9y,no,no,no,telephone,jun,wed,2,999,1,nonexistent,1.21,94.32,-42.12,4.78,5227.79
CUST_001817,59,retired,divorced,professional.course,no,no,no,telephone,may,mon,1,999,0,nonexistent,1.18,93.99,-36.03,5.03,5189.3
CUST_001818,34,self-employed,married,basic.9y,unknown,no,no,cellular,jul,thu,1,999,0,nonexistent,1.33,93.82,-42.66,4.95,5227.55
CUST_001819,35,entrepreneur,married,basic.9y,no,yes,no,telephone,may,wed,2,999,0,nonexistent,1.15,93.87,-36.98,4.75,5194.79
CUST_001820,35,admin.,married,university.degree,unknown,no,no,telephone,aug,mon,1,999,1,nonexistent,1.37,93.5,-36.53,5.06,5227.94
CUST_001821,43,blue-collar,married,basic.4y,unknown,no,no,cellular,may,fri,1,999,0,nonexistent,-1.84,92.81,-46.26,1.12,5101.54
CUST_001822,27,services,single,high.school,no,yes,no,cellular,jul,tue,5,999,0,nonexistent,1.34,93.78,-41.68,4.97,5227.29
CUST_001823,51,services,single,basic.4y,no,yes,no,telephone,jun,tue,1,999,0,nonexistent,1.35,94.54,-41.51,4.89,5226.54
CUST_001824,37,management,divorced,university.degree,no,no,no,cellular,apr,mon,3,999,0,failure,-1.95,93.15,-47.68,1.35,5099.0
CUST_001825,29,admin.,single,unknown,no,yes,no,telephone,may,wed,1,999,0,nonexistent,1.07,94.01,-36.82,5.01,5185.37
CUST_001826,38,blue-collar,married,basic.4y,unknown,yes,no,telephone,may,fri,4,999,0,nonexistent,1.19,93.93,-36.96,4.93,5196.72
CUST_001827,34,services,married,high.school,no,yes,no,cellular,oct,fri,1,5,1,success,-3.44,92.23,-27.45,0.9,5014.87
CUST_001828,34,admin.,single,university.degree,no,yes,yes,cellular,may,wed,7,999,1,failure,-1.69,92.94,-47.93,1.33,5095.96
CUST_001829,31,technician,single,professional.course,no,yes,no,cellular,aug,wed,3,999,0,nonexistent,1.32,93.44,-35.88,4.71,5224.61
CUST_001830,34,blue-collar,married,basic.9y,unknown,yes,no,cellular,may,fri,1,999,0,nonexistent,-1.86,92.95,-46.9,1.4,5102.39
CUST_001831,46,management,married,university.degree,no,yes,no,telephone,jun,thu,3,999,1,nonexistent,1.27,94.45,-41.93,4.98,5232.11
CUST_001832,33,services,married,high.school,unknown,yes,no,telephone,jul,tue,6,999,0,nonexistent,1.29,93.88,-42.35,4.87,5222.95
CUST_001833,39,services,divorced,high.school,no,no,no,telephone,jun,thu,2,999,0,nonexistent,1.49,94.51,-41.27,4.91,5217.98
CUST_001834,51,blue-collar,married,basic.4y,unknown,no,no,telephone,jun,thu,2,999,0,nonexistent,1.31,94.45,-41.75,4.99,5225.5
CUST_001835,26,technician,single,university.degree,no,no,no,cellular,jul,tue,5,999,0,nonexistent,1.33,93.77,-43.42,4.98,5233.35
CUST_001836,40,services,married,high.school,no,yes,no,cellular,may,fri,4,999,0,failure,-1.89,92.98,-45.88,1.51,5098.82
CUST_001837,24,admin.,single,high.school,no,yes,yes,telephone,jul,thu,1,999,1,nonexistent,1.56,93.98,-42.97,4.87,5221.97
CUST_001838,42,management,married,high.school,no,no,no,cellular,may,mon,1,999,2,failure,-1.7,93.0,-46.46,1.14,5103.68
CUST_001839,38,housemaid,married,basic.9y,no,yes,yes,telephone,jun,fri,1,999,0,nonexistent,1.41,94.42,-41.1,4.96,5227.22
CUST_001840,33,blue-collar,divorced,basic.9y,no,no,yes,cellular,apr,mon,2,999,0,nonexistent,-1.81,92.89,-47.76,1.41,5096.23
CUST_001841,24,blue-collar,single,basic.9y,no,no,no,cellular,jul,thu,4,999,2,failure,-1.56,94.22,-40.0,0.84,4987.81
CUST_001842,24,admin.,single,high.school,no,yes,no,cellular,jul,mon,4,999,0,nonexistent,1.17,94.02,-42.48,4.9,5226.94
CUST_001843,29,technician,married,high.school,no,no,no,cellular,jul,mon,1,999,0,nonexistent,1.29,93.98,-42.88,4.91,5226.99
CUST_001844,54,management,divorced,university.degree,unknown,yes,no,cellular,oct,thu,1,999,0,nonexistent,-3.4,92.5,-27.15,0.89,5017.82
CUST_001845,34,admin.,divorced,high.school,no,yes,yes,cellular,aug,fri,4,999,0,nonexistent,1.46,93.45,-37.29,5.12,5233.15
CUST_001846,27,student,single,high.school,no,yes,no,telephone,jun,thu,4,999,0,nonexistent,1.36,94.36,-41.83,4.99,5231.2
CUST_001847,41,admin.,single,high.school,no,no,no,telephone,may,wed,2,999,0,nonexistent,0.89,94.02,-35.98,4.73,5187.58
CUST_001848,27,admin.,single,high.school,no,no,yes,telephone,jul,fri,1,999,1,nonexistent,1.18,93.93,-42.74,4.96,5222.13
CUST_001849,35,services,married,high.school,no,yes,no,telephone,may,fri,1,999,0,nonexistent,1.07,94.07,-36.68,4.81,5193.36
CUST_001850,35,technician,single,professional.course,no,yes,no,cellular,aug,tue,9,999,0,nonexistent,1.54,93.34,-36.45,5.12,5229.19
CUST_001851,45,management,married,basic.6y,no,yes,yes,cellular,apr,wed,1,999,0,nonexistent,-1.78,93.0,-46.71,1.5,5104.07
CUST_001852,23,entrepreneur,married,professional.course,no,no,no,cellular,jul,tue,1,999,0,nonexistent,1.45,94.01,-42.37,4.78,5232.12
CUST_001853,57,services,married,high.school,unknown,yes,no,cellular,apr,mon,2,999,2,nonexistent,-1.88,93.18,-47.34,1.59,5098.59
CUST_001854,52,admin.,married,university.degree,unknown,no,yes,telephone,may,thu,3,999,0,nonexistent,1.2,94.19,-36.39,4.79,5195.11
CUST_001855,25,admin.,married,unknown,no,no,no,telephone,may,tue,3,999,0,nonexistent,1.06,94.06,-35.8,4.69,5191.72
CUST_001856,43,self-employed,married,high.school,unknown,yes,no,cellular,apr,wed,1,999,1,nonexistent,-1.67,93.11,-48.08,1.51,5100.87
CUST_001857,57,management,divorced,university.degree,no,no,no,telephone,may,fri,1,999,2,nonexistent,1.09,94.03,-35.29,4.9,5197.81
CUST_001858,52,admin.,married,university.degree,no,yes,no,cellular,jul,wed,3,999,1,nonexistent,1.46,94.04,-41.78,4.98,5227.73
CUST_001859,58,retired,married,basic.4y,no,yes,no,cellular,aug,mon,2,999,1,nonexistent,1.44,93.47,-36.42,5.02,5233.04
CUST_001860,32,admin.,single,high.school,no,yes,no,telephone,jun,wed,2,999,1,nonexistent,1.45,94.39,-41.87,4.91,5232.67
CUST_001861,36,services,married,high.school,no,yes,no,telephone,may,thu,2,999,0,nonexistent,1.13,94.06,-37.04,4.94,5190.28
CUST_001862,36,housemaid,married,basic.6y,unknown,no,no,cellular,may,wed,3,999,1,failure,-1.66,93.04,-46.5,1.38,5096.61
CUST_001863,34,technician,single,professional.course,no,no,no,cellular,aug,mon,1,999,0,nonexistent,1.36,93.34,-35.59,5.03,5232.12
CUST_001864,27,blue-collar,single,basic.4y,no,yes,no,cellular,apr,thu,1,999,0,nonexistent,-1.89,93.08,-46.42,1.47,5094.83
CUST_001865,38,admin.,married,university.degree,no,no,no,cellular,apr,mon,2,999,0,nonexistent,-2.01,93.12,-47.06,1.47,5102.99
CUST_001866,31,admin.,single,high.school,no,yes,no,cellular,aug,thu,2,999,0,nonexistent,1.43,93.58,-35.72,4.82,5216.53
CUST_001867,33,admin.,married,university.degree,no,no,no,cellular,sep,wed,1,999,0,nonexistent,-1.01,94.16,-38.46,0.7,4961.99
CUST_001868,51,services,married,unknown,unknown,no,no,telephone,may,tue,1,999,0,nonexistent,1.17,94.01,-36.04,4.84,5195.22
CUST_001869,30,admin.,single,high.school,no,no,no,telephone,may,tue,2,999,0,nonexistent,1.07,93.97,-36.81,4.64,5197.15
CUST_001870,28,admin.,single,basic.9y,no,no,yes,cellular,may,tue,1,0,1,success,-1.69,92.93,-46.46,1.37,5103.58
CUST_001871,34,management,married,university.degree,no,no,no,cellular,may,thu,9,999,0,nonexistent,-1.71,92.96,-46.77,1.37,5097.42
CUST_001872,59,retired,divorced,basic.9y,unknown,yes,no,telephone,may,fri,1,999,0,nonexistent,1.01,93.96,-37.32,4.73,5183.98
CUST_001873,32,blue-collar,single,basic.4y,no,yes,no,cellular,jul,tue,13,999,0,nonexistent,1.39,93.77,-42.47,5.0,5232.17
CUST_001874,46,admin.,married,basic.4y,no,no,no,telephone,may,thu,1,999,1,nonexistent,1.15,94.02,-35.7,5.02,5189.28
CUST_001875,30,management,married,university.degree,no,no,no,cellular,aug,mon,11,999,1,nonexistent,1.37,93.45,-35.25,5.04,5225.24
CUST_001876,57,unemployed,divorced,basic.4y,no,no,yes,cellular,oct,fri,2,10,3,success,-1.21,94.55,-48.78,0.93,4961.11
CUST_001877,36,admin.,single,university.degree,no,yes,no,cellular,nov,wed,1,999,0,nonexistent,-0.08,93.24,-40.99,4.14,5204.51
CUST_001878,38,services,married,high.school,no,unknown,unknown,telephone,jun,fri,5,999,1,nonexistent,1.45,94.6,-41.91,4.9,5230.41
CUST_001879,37,blue-collar,married,high.school,unknown,yes,no,telephone,may,wed,1,999,0,nonexistent,1.18,93.88,-36.85,4.94,5187.1
CUST_001880,47,admin.,married,university.degree,unknown,no,yes,cellular,jul,fri,1,999,0,nonexistent,1.43,93.89,-42.26,4.95,5229.15
CUST_001881,32,unemployed,married,university.degree,no,no,no,cellular,aug,tue,1,999,0,nonexistent,1.25,93.5,-36.86,4.82,5227.35
CUST_001882,31,self-employed,married,basic.9y,no,no,no,cellular,may,wed,2,999,2,failure,-1.63,92.87,-46.19,1.22,5098.97
CUST_001883,31,technician,single,professional.course,no,no,no,cellular,jun,tue,2,999,3,failure,-2.76,92.94,-40.29,1.08,5077.16
CUST_001884,35,blue-collar,married,basic.4y,unknown,yes,yes,cellular,may,thu,2,999,0,nonexistent,-1.87,93.02,-45.28,1.36,5095.71
CUST_001885,49,blue-collar,married,basic.4y,no,no,no,telephone,jun,thu,2,999,1,nonexistent,1.54,94.46,-42.37,4.81,5225.61
CUST_001886,32,blue-collar,single,high.school,no,yes,yes,cellular,jul,wed,1,999,1,nonexistent,1.39,93.89,-43.57,5.09,5232.72
CUST_001887,29,services,married,high.school,no,no,no,telephone,jun,mon,2,999,3,nonexistent,1.34,94.46,-41.9,4.59,5226.39
CUST_001888,33,admin.,married,university.degree,no,yes,no,cellular,mar,wed,2,13,0,success,-1.77,93.4,-34.96,0.3,5007.71
CUST_001889,33,blue-collar,single,high.school,no,no,yes,telephone,may,tue,1,999,0,nonexistent,1.03,93.88,-35.61,4.85,5197.03
CUST_001890,44,admin.,married,basic.9y,no,no,no,telephone,may,fri,1,999,0,nonexistent,1.23,93.82,-37.8,4.95,5192.11
CUST_001891,45,admin.,divorced,university.degree,no,no,yes,cellular,aug,thu,4,999,0,nonexistent,1.35,93.41,-35.22,4.93,5228.85
CUST_001892,69,retired,married,unknown,no,no,no,cellular,apr,thu,1,999,2,nonexistent,-1.76,93.18,-46.34,1.31,5103.63
CUST_001893,41,admin.,single,high.school,no,no,no,cellular,jul,mon,1,999,0,nonexistent,1.47,93.89,-41.5,4.83,5226.93
CUST_001894,27,services,single,high.school,no,no,no,cellular,jul,fri,8,999,0,nonexistent,1.44,94.05,-42.21,5.05,5229.44
CUST_001895,43,blue-collar,married,basic.4y,unknown,yes,no,telephone,may,tue,4,999,0,nonexistent,1.23,93.96,-36.67,4.87,5192.85
CUST_001896,37,admin.,married,university.degree,no,no,no,telephone,jun,fri,3,999,0,nonexistent,1.39,94.48,-42.56,4.97,5230.77
CUST_001897,43,services,married,university.degree,no,no,no,cellular,dec,wed,1,5,1,success,-3.08,92.54,-33.59,0.53,5024.33
CUST_001898,34,admin.,single,university.degree,no,no,no,cellular,jul,fri,1,999,1,nonexistent,-2.91,92.43,-34.08,1.01,5075.85
CUST_001899,37,unemployed,single,high.school,no,yes,no,cellular,sep,thu,2,4,2,success,-1.21,94.22,-37.98,0.95,4964.9
CUST_001900,29,services,single,high.school,unknown,no,no,telephone,jun,mon,1,999,0,nonexistent,1.21,94.36,-41.29,5.0,5230.17
CUST_001901,36,blue-collar,married,basic.9y,no,no,no,telephone,jun,mon,27,999,1,nonexistent,1.41,94.48,-42.41,5.06,5229.31
CUST_001902,28,admin.,married,university.degree,no,no,no,cellular,apr,wed,2,999,0,nonexistent,-1.79,92.9,-46.86,1.46,5100.51
CUST_001903,44,services,married,basic.6y,no,unknown,unknown,cellular,may,tue,1,999,0,nonexistent,-1.63,93.01,-45.81,1.37,5101.33
CUST_001904,53,services,married,basic.4y,no,yes,no,cellular,aug,tue,4,999,2,nonexistent,1.25,93.24,-36.48,4.97,5225.74
CUST_001905,42,admin.,married,basic.9y,unknown,yes,no,cellular,may,fri,2,999,1,failure,-1.81,92.61,-45.06,1.22,5098.86
CUST_001906,49,admin.,married,university.degree,unknown,no,no,cellular,aug,thu,3,999,1,nonexistent,1.23,93.38,-35.07,4.96,5221.82
CUST_001907,40,services,married,basic.4y,unknown,no,no,cellular,may,fri,1,999,0,failure,-1.88,92.84,-46.89,1.34,5099.73
CUST_001908,37,entrepreneur,married,university.degree,no,yes,yes,telephone,jun,wed,1,999,1,nonexistent,1.48,94.59,-42.34,4.68,5227.87
CUST_001909,25,management,single,university.degree,no,no,no,cellular,sep,fri,2,999,2,nonexistent,-3.33,92.43,-29.67,0.61,5018.43
CUST_001910,33,admin.,single,university.degree,no,no,no,cellular,mar,tue,1,0,2,success,-1.65,93.33,-34.5,0.73,5014.85
CUST_001911,54,admin.,married,university.degree,no,no,no,telephone,jun,tue,1,999,0,nonexistent,1.19,94.79,-42.55,4.86,5233.08
CUST_001912,36,blue-collar,married,basic.6y,no,yes,no,telephone,may,thu,1,999,0,nonexistent,0.96,93.96,-37.49,4.79,5192.47
CUST_001913,36,technician,married,university.degree,no,yes,no,cellular,may,mon,2,14,0,success,-1.85,93.0,-46.02,1.32,5101.17
CUST_001914,52,admin.,married,university.degree,no,yes,no,cellular,may,tue,3,999,0,nonexistent,-1.77,93.89,-40.06,0.72,5008.04
CUST_001915,31,technician,married,professional.course,no,yes,no,cellular,aug,mon,4,999,0,nonexistent,1.42,93.47,-35.5,4.84,5228.57
CUST_001916,56,unemployed,married,basic.9y,unknown,yes,no,telephone,may,mon,4,999,0,nonexistent,1.01,93.96,-36.93,4.85,5192.62
CUST_001917,39,admin.,married,basic.6y,no,no,no,cellular,jul,thu,3,999,0,nonexistent,1.22,93.82,-42.15,4.8,5230.67
CUST_001918,41,blue-collar,single,unknown,unknown,no,no,cellular,jul,fri,5,999,0,nonexistent,1.34,93.93,-43.9,5.06,5228.94
CUST_001919,37,housemaid,married,basic.4y,no,yes,no,cellular,aug,wed,7,999,1,nonexistent,1.35,93.16,-36.66,4.95,5227.38
CUST_001920,33,blue-collar,married,high.school,no,yes,no,cellular,aug,wed,1,999,2,failure,-2.86,92.17,-31.66,0.82,5073.77
CUST_001921,40,technician,divorced,professional.course,unknown,yes,no,cellular,aug,tue,8,999,0,nonexistent,1.38,93.29,-36.2,4.96,5235.82
CUST_001922,42,technician,single,high.school,unknown,no,no,cellular,aug,mon,4,999,0,nonexistent,1.28,93.47,-35.25,4.86,5227.38
CUST_001923,36,entrepreneur,married,basic.9y,no,yes,no,telephone,jun,mon,1,999,1,nonexistent,1.33,94.5,-41.24,4.88,5221.01
CUST_001924,34,admin.,single,university.degree,no,no,no,cellular,may,tue,2,999,0,nonexistent,-1.72,92.9,-46.26,1.2,5099.53
CUST_001925,40,admin.,single,high.school,unknown,no,yes,telephone,nov,mon,1,999,1,nonexistent,-0.08,93.24,-42.1,4.09,5199.89
CUST_001926,28,admin.,married,university.degree,no,no,no,cellular,aug,thu,2,0,1,success,-1.67,94.02,-38.17,0.83,4996.47
CUST_001927,29,blue-collar,married,basic.4y,no,no,yes,cellular,nov,wed,1,999,0,nonexistent,-0.24,93.27,-42.51,4.16,5190.29
CUST_001928,30,admin.,single,university.degree,no,no,yes,cellular,jul,mon,2,999,1,nonexistent,-2.98,92.38,-33.96,1.01,5075.29
CUST_001929,33,technician,single,university.degree,no,no,no,cellular,apr,thu,3,999,2,nonexistent,-1.71,93.22,-47.57,1.41,5098.25
CUST_001930,27,blue-collar,married,basic.6y,no,yes,no,cellular,may,mon,1,999,1,nonexistent,-1.53,92.89,-46.23,1.33,5094.45
CUST_001931,39,technician,married,professional.course,no,no,no,cellular,mar,thu,1,999,0,nonexistent,-1.77,92.88,-49.46,1.65,5091.45
CUST_001932,45,admin.,married,high.school,no,no,no,cellular,aug,fri,1,999,0,nonexistent,-2.85,92.24,-31.79,0.93,5076.42
CUST_001933,42,admin.,single,high.school,no,yes,no,cellular,aug,fri,2,999,0,nonexistent,-2.92,92.15,-32.23,0.69,5074.9
CUST_001934,44,admin.,married,university.degree,no,no,no,telephone,may,thu,1,999,0,nonexistent,0.95,93.81,-37.18,4.88,5190.96
CUST_001935,49,entrepreneur,married,university.degree,unknown,yes,no,cellular,nov,mon,2,999,0,nonexistent,-0.22,93.01,-42.39,4.04,5188.18
CUST_001936,42,admin.,single,high.school,no,no,yes,telephone,may,mon,1,999,2,nonexistent,1.09,94.11,-35.65,5.09,5190.83
CUST_001937,34,blue-collar,married,basic.6y,no,no,no,cellular,jul,tue,1,999,0,nonexistent,1.46,93.85,-41.85,4.9,5227.8
CUST_001938,63,technician,married,professional.course,no,yes,no,cellular,oct,tue,1,999,0,nonexistent,-3.42,92.44,-26.5,0.74,5021.99
CUST_001939,35,management,single,university.degree,no,no,no,cellular,nov,wed,2,999,0,nonexistent,-0.08,93.21,-42.43,4.15,5196.37
CUST_001940,25,technician,single,professional.course,no,yes,no,telephone,mar,thu,3,999,1,nonexistent,-1.6,93.35,-35.13,0.69,5015.44
CUST_001941,42,blue-collar,married,high.school,unknown,no,no,telephone,jun,wed,3,999,0,nonexistent,1.39,94.48,-41.79,4.96,5237.99
CUST_001942,34,unknown,single,basic.4y,unknown,yes,yes,telephone,may,mon,8,999,0,nonexistent,1.06,93.88,-36.06,4.75,5182.98
CUST_001943,28,blue-collar,married,basic.9y,no,no,yes,cellular,may,fri,4,999,1,nonexistent,-1.67,92.89,-47.25,1.37,5101.37
CUST_001944,45,blue-collar,married,basic.6y,no,yes,yes,cellular,aug,tue,12,999,0,nonexistent,1.58,93.53,-36.19,4.92,5233.85
CUST_001945,50,admin.,married,high.school,no,no,yes,cellular,oct,thu,1,999,0,failure,-1.06,94.64,-50.46,1.21,4962.86
CUST_001946,40,blue-collar,married,basic.6y,no,yes,yes,cellular,may,thu,2,999,1,failure,-1.79,92.91,-46.09,1.34,5105.29
CUST_001947,49,blue-collar,married,professional.course,no,yes,no,cellular,aug,tue,2,999,0,nonexistent,1.43,93.54,-36.36,4.93,5235.74
CUST_001948,36,services,married,basic.6y,unknown,yes,no,cellular,may,mon,4,999,1,failure,-1.87,92.88,-46.28,1.51,5093.65
CUST_001949,35,admin.,divorced,high.school,no,yes,yes,telephone,may,mon,1,999,1,failure,-1.89,93.03,-46.85,1.19,5101.68
CUST_001950,55,blue-collar,single,basic.4y,unknown,unknown,unknown,telephone,may,fri,2,999,0,nonexistent,0.92,94.08,-36.38,4.78,5190.25
CUST_001951,31,admin.,single,university.degree,no,no,no,cellular,aug,thu,4,999,0,nonexistent,1.43,93.58,-36.07,5.05,5226.32
CUST_001952,23,services,single,high.school,no,no,yes,cellular,jul,wed,2,999,0,nonexistent,1.29,93.86,-42.88,5.07,5231.32
CUST_001953,39,blue-collar,married,basic.4y,no,no,no,cellular,nov,tue,7,999,0,nonexistent,-0.19,93.13,-41.36,4.18,5202.45
CUST_001954,47,admin.,divorced,university.degree,no,yes,no,telephone,may,wed,3,999,0,nonexistent,1.14,93.86,-36.58,4.82,5193.82
CUST_001955,61,admin.,married,high.school,no,yes,no,cellular,oct,mon,3,999,2,nonexistent,-0.84,94.7,-49.71,1.07,4962.28
CUST_001956,37,self-employed,married,high.school,no,no,yes,telephone,may,wed,2,999,1,nonexistent,1.23,94.06,-35.67,4.84,5195.82
CUST_001957,38,services,married,high.school,no,yes,no,cellular,mar,thu,1,999,0,nonexistent,-1.85,93.31,-34.97,0.71,5017.01
CUST_001958,37,blue-collar,married,basic.9y,no,yes,no,cellular,apr,mon,3,999,0,nonexistent,-1.79,93.11,-46.61,1.44,5096.99
CUST_001959,31,technician,married,university.degree,no,yes,no,cellular,dec,thu,2,0,1,success,-3.02,92.66,-33.52,0.5,5024.46
CUST_001960,39,management,married,high.school,no,no,no,telephone,may,wed,3,999,0,nonexistent,1.15,94.01,-35.9,4.89,5196.92
CUST_001961,30,blue-collar,single,university.degree,no,no,no,cellular,aug,wed,2,999,1,nonexistent,-2.83,92.3,-31.82,0.89,5078.07
CUST_001962,28,admin.,single,high.school,no,yes,no,telephone,may,mon,7,999,0,nonexistent,1.06,94.1,-36.97,4.93,5188.46
CUST_001963,36,blue-collar,married,basic.9y,no,yes,no,telephone,may,thu,1,999,0,nonexistent,1.28,94.1,-34.63,4.69,5187.12
CUST_001964,25,admin.,single,university.degree,no,no,no,cellular,jun,tue,1,999,0,nonexistent,-2.9,93.11,-42.04,1.27,5072.87
CUST_001965,36,management,married,university.degree,no,no,no,cellular,apr,wed,1,999,1,nonexistent,-1.82,92.92,-47.11,1.3,5101.91
CUST_001966,39,services,divorced,high.school,no,yes,no,cellular,nov,wed,3,999,0,failure,-0.23,93.24,-42.48,3.99,5198.57
CUST_001967,34,admin.,married,university.degree,no,no,no,cellular,may,fri,1,999,0,nonexistent,-1.77,92.97,-46.77,1.29,5105.2
CUST_001968,30,admin.,single,university.degree,no,yes,no,cellular,nov,wed,1,0,5,success,-1.2,94.77,-50.94,1.0,4965.79
CUST_001969,30,services,single,high.school,no,no,no,cellular,jul,mon,3,999,0,nonexistent,1.4,93.88,-42.72,5.05,5223.08
CUST_001970,28,technician,single,professional.course,no,no,no,telephone,may,fri,1,999,0,nonexistent,1.05,94.21,-35.66,4.75,5190.02
CUST_001971,42,blue-collar,married,basic.4y,no,yes,no,cellular,apr,mon,1,999,0,nonexistent,-1.79,93.16,-47.27,1.37,5097.08
CUST_001972,48,admin.,single,university.degree,no,unknown,unknown,cellular,aug,wed,5,999,0,nonexistent,1.43,93.4,-35.24,4.94,5225.01
CUST_001973,47,admin.,married,university.degree,no,yes,no,cellular,aug,wed,10,999,0,nonexistent,1.57,93.36,-35.4,4.94,5233.27
CUST_001974,49,technician,married,professional.course,unknown,no,no,telephone,may,wed,2,999,0,nonexistent,1.31,94.12,-36.45,4.79,5197.26
CUST_001975,34,technician,single,university.degree,no,yes,yes,cellular,aug,wed,3,999,0,nonexistent,1.41,93.51,-35.43,4.76,5216.68
CUST_001976,46,services,married,unknown,unknown,unknown,unknown,cellular,aug,mon,2,999,3,nonexistent,1.41,93.35,-36.14,4.94,5231.05
CUST_001977,59,retired,married,basic.4y,no,yes,no,cellular,aug,fri,4,999,0,nonexistent,1.3,93.53,-35.66,5.12,5231.52
CUST_001978,52,admin.,married,university.degree,no,no,no,cellular,aug,tue,1,999,0,nonexistent,1.37,93.27,-36.58,5.03,5231.05
CUST_001979,31,admin.,single,university.degree,no,yes,no,cellular,aug,wed,2,999,1,nonexistent,1.4,93.59,-36.24,4.94,5222.68
CUST_001980,47,entrepreneur,married,basic.4y,no,no,yes,telephone,jun,mon,2,999,0,nonexistent,1.52,94.49,-41.28,4.64,5227.28
CUST_001981,34,blue-collar,married,professional.course,no,no,no,cellular,apr,fri,1,999,0,nonexistent,-1.82,93.09,-47.3,1.39,5100.13
CUST_001982,32,blue-collar,single,high.school,no,no,no,telephone,may,tue,2,999,0,nonexistent,1.1,94.07,-36.04,4.79,5183.59
CUST_001983,69,retired,divorced,basic.4y,no,no,no,cellular,apr,mon,1,999,0,nonexistent,-1.78,93.08,-47.85,1.41,5103.33
CUST_001984,31,services,single,high.school,no,no,no,cellular,may,mon,1,999,1,failure,-1.83,92.76,-45.76,1.35,5097.45
CUST_001985,24,student,single,high.school,no,no,yes,cellular,apr,thu,1,999,0,nonexistent,-1.7,92.99,-46.43,1.21,5096.33
CUST_001986,39,blue-collar,divorced,unknown,no,no,no,cellular,may,thu,2,999,0,nonexistent,-1.82,92.87,-46.84,1.35,5100.72
CUST_001987,53,technician,married,high.school,no,yes,no,telephone,may,wed,1,999,0,nonexistent,1.08,94.08,-36.44,4.87,5187.24
CUST_001988,38,admin.,married,university.degree,no,no,no,cellular,oct,wed,1,999,3,failure,-3.49,92.41,-27.05,0.81,5009.9
CUST_001989,51,admin.,married,high.school,no,no,no,telephone,nov,mon,4,999,0,nonexistent,-3.65,92.59,-31.15,0.81,5017.25
CUST_001990,36,blue-collar,single,high.school,no,no,no,telephone,may,thu,3,999,0,nonexistent,1.07,94.19,-35.55,5.2,5192.82
CUST_001991,34,management,married,university.degree,no,no,no,telephone,may,thu,2,999,0,nonexistent,1.11,93.95,-37.22,5.01,5190.82
CUST_001992,49,technician,married,basic.6y,no,yes,no,telephone,jun,fri,2,999,0,nonexistent,1.63,94.73,-41.3,4.92,5230.58
CUST_001993,33,admin.,married,high.school,no,yes,no,cellular,aug,tue,4,999,0,nonexistent,1.45,93.24,-36.69,4.93,5226.24
CUST_001994,35,blue-collar,single,basic.9y,no,yes,yes,cellular,nov,fri,1,999,1,nonexistent,-0.06,93.14,-40.78,4.05,5199.09
CUST_001995,34,blue-collar,single,university.degree,no,yes,yes,telephone,may,wed,1,999,0,nonexistent,1.13,94.08,-36.19,4.83,5191.85
CUST_001996,36,management,married,university.degree,no,yes,yes,telephone,may,wed,1,999,0,nonexistent,1.01,93.9,-35.9,5.0,5192.95
CUST_001997,61,retired,married,university.degree,unknown,no,no,telephone,may,mon,5,999,1,nonexistent,1.06,93.75,-36.33,4.83,5189.47
CUST_001998,35,services,divorced,professional.course,unknown,no,no,telephone,may,tue,3,999,0,nonexistent,1.17,94.02,-35.91,4.72,5188.84
CUST_001999,30,blue-collar,married,basic.9y,no,yes,no,telephone,apr,thu,3,999,0,nonexistent,-1.95,93.08,-46.91,1.39,5099.69
CUST_002000,49,management,married,university.degree,no,yes,no,telephone,may,wed,1,999,0,nonexistent,1.11,93.89,-36.1,4.94,5189.68
